strategy,rule,family,kind,thresholds,train_days,train_skipped,train_skipped_pct,train_profitable_days_removed,train_losing_days_avoided,train_days_changed_not_skipped,train_base_net,train_net,train_avg_day,train_median_day,train_win_pct,train_worst_day,train_max_dd,train_t,train_base_worst,train_base_max_dd,train_base_t,train_profit_retained_pct,train_worst_day_reduction_pct,train_max_dd_reduction_pct,train_skipped_mean,train_traded_mean,train_score,valid_days,valid_skipped,valid_skipped_pct,valid_profitable_days_removed,valid_losing_days_avoided,valid_days_changed_not_skipped,valid_base_net,valid_net,valid_avg_day,valid_median_day,valid_win_pct,valid_worst_day,valid_max_dd,valid_t,valid_base_worst,valid_base_max_dd,valid_base_t,valid_profit_retained_pct,valid_worst_day_reduction_pct,valid_max_dd_reduction_pct,valid_skipped_mean,valid_traded_mean,valid_score,train_perm_p,valid_perm_p,eligible,promising_in_train,passes_validation
S1,gap_abs_pct >= p70,gap_abs_pct,single,gap_abs_pct>=0.3173,287,86,30.0,57,29,0,403715.03,221436.25,771.55,0.0,43.2,-89614.31,125901.74,1.12,-89614.31,116075.59,1.77,54.8,0.0,-8.5,2119.52,1101.67,-53.7,192,78,40.6,52,26,0,255406.41,189656.0,987.79,0.0,42.2,-42668.98,118984.5,1.77,-42668.98,90059.46,1.67,74.3,0.0,-32.1,842.95,1663.65,-57.8,0.635,0.707,False,False,False
S1,gap_abs_pct >= p75,gap_abs_pct,single,gap_abs_pct>=0.335,287,72,25.1,46,26,0,403715.03,292953.89,1020.75,0.0,47.0,-89614.31,129266.1,1.46,-89614.31,116075.59,1.77,72.6,0.0,-11.4,1538.35,1362.58,-38.8,192,75,39.1,51,24,0,255406.41,190626.12,992.84,0.0,42.7,-42668.98,117491.48,1.78,-42668.98,90059.46,1.67,74.6,0.0,-30.5,863.74,1629.28,-55.9,0.55,0.707,False,False,False
S1,gap_abs_pct >= p80,gap_abs_pct,single,gap_abs_pct>=0.3798,287,58,20.2,41,17,0,403715.03,271268.31,945.19,0.0,48.8,-89614.31,129266.1,1.34,-89614.31,116075.59,1.77,67.2,0.0,-11.4,2283.56,1184.58,-44.2,192,68,35.4,46,22,0,255406.41,217138.74,1130.93,0.0,45.3,-42668.98,106601.81,1.97,-42668.98,90059.46,1.67,85.0,0.0,-18.4,562.76,1751.12,-33.4,0.64,0.586,True,False,False
S1,gap_abs_pct >= p85,gap_abs_pct,single,gap_abs_pct>=0.4291,287,43,15.0,29,14,0,403715.03,382515.38,1332.81,824.83,53.0,-89614.31,125189.37,1.83,-89614.31,116075.59,1.77,94.7,0.0,-7.9,493.02,1567.69,-13.2,192,64,33.3,44,20,0,255406.41,171954.5,895.6,0.0,46.4,-42668.98,106601.81,1.43,-42668.98,90059.46,1.67,67.3,0.0,-18.4,1303.94,1343.39,-51.1,0.3765,0.702,True,False,False
S1,gap_abs_pct >= p90,gap_abs_pct,single,gap_abs_pct>=0.6,287,29,10.1,19,10,0,403715.03,395835.93,1379.22,1848.96,56.4,-89614.31,125189.37,1.86,-89614.31,116075.59,1.77,98.0,0.0,-7.9,271.69,1534.25,-9.9,192,44,22.9,29,15,0,255406.41,224002.15,1166.68,1352.95,54.2,-42668.98,94981.3,1.83,-42668.98,90059.46,1.67,87.7,0.0,-5.5,713.73,1513.53,-17.8,0.383,0.503,True,False,False
S1,gap_abs_pct >= p95,gap_abs_pct,single,gap_abs_pct>=0.8798,287,15,5.2,9,6,0,403715.03,423399.67,1475.26,2612.46,59.9,-89614.31,125189.37,1.96,-89614.31,116075.59,1.77,104.9,0.0,-7.9,-1312.31,1556.62,-3.0,192,18,9.4,11,7,0,255406.41,200595.95,1044.77,2253.79,63.5,-42668.98,109931.68,1.47,-42668.98,90059.46,1.67,78.5,0.0,-22.1,3045.03,1152.85,-43.6,0.3525,0.8955,True,False,False
S1,move_abs_pct >= p70,move_abs_pct,single,move_abs_pct>=0.254,287,86,30.0,50,36,0,403715.03,427758.63,1490.45,0.0,45.6,-46559.09,99327.44,2.83,-89614.31,116075.59,1.77,106.0,48.0,14.4,-279.58,2128.15,20.4,192,64,33.3,44,20,0,255406.41,92967.48,484.21,0.0,46.4,-42668.98,128365.15,0.83,-42668.98,90059.46,1.67,36.4,0.0,-42.5,2538.11,726.31,-106.1,0.101,0.939,False,False,False
S1,move_abs_pct >= p75,move_abs_pct,single,move_abs_pct>=0.2754,287,72,25.1,39,33,0,403715.03,516740.69,1800.49,0.0,49.5,-46559.09,93429.71,3.33,-89614.31,116075.59,1.77,128.0,48.0,19.5,-1569.8,2403.45,47.5,192,56,29.2,37,19,0,255406.41,150033.87,781.43,133.88,50.0,-42668.98,128365.15,1.3,-42668.98,90059.46,1.67,58.7,0.0,-42.5,1881.65,1103.19,-83.8,0.025,0.893,False,False,False
S1,move_abs_pct >= p80,move_abs_pct,single,move_abs_pct>=0.3114,287,58,20.2,32,26,0,403715.03,539305.67,1879.11,601.01,51.9,-46559.09,93429.71,3.42,-89614.31,116075.59,1.77,133.6,48.0,19.5,-2337.77,2355.05,53.1,192,44,22.9,27,17,0,255406.41,192779.65,1004.06,1563.51,55.2,-42668.98,129451.46,1.65,-42668.98,90059.46,1.67,75.5,0.0,-43.7,1423.34,1302.57,-68.2,0.0185,0.878,True,True,False
S1,move_abs_pct >= p85,move_abs_pct,single,move_abs_pct>=0.3809,287,43,15.0,25,18,0,403715.03,484665.86,1688.73,1251.41,54.4,-65066.23,93429.71,2.69,-89614.31,116075.59,1.77,120.1,27.4,19.5,-1882.58,1986.34,39.6,192,27,14.1,17,10,0,255406.41,209831.9,1092.87,1986.97,60.4,-42668.98,113202.61,1.64,-42668.98,90059.46,1.67,82.2,0.0,-25.7,1687.94,1271.71,-43.5,0.0405,0.827,True,True,False
S1,move_abs_pct >= p90,move_abs_pct,single,move_abs_pct>=0.438,287,29,10.1,17,12,0,403715.03,391377.76,1363.69,1848.96,57.1,-89614.31,109407.89,1.88,-89614.31,116075.59,1.77,96.9,0.0,5.7,425.42,1516.97,2.6,192,22,11.5,13,9,0,255406.41,231747.89,1207.02,2190.2,62.5,-42668.98,113202.61,1.8,-42668.98,90059.46,1.67,90.7,0.0,-25.7,1075.39,1363.22,-35.0,0.243,0.799,True,False,False
S1,move_abs_pct >= p95,move_abs_pct,single,move_abs_pct>=0.5572,287,15,5.2,11,4,0,403715.03,351195.47,1223.68,2347.61,59.2,-89614.31,109913.67,1.63,-89614.31,116075.59,1.77,87.0,0.0,5.3,3501.3,1291.16,-7.7,192,8,4.2,6,2,0,255406.41,178770.76,931.1,2444.92,66.1,-42668.98,116321.19,1.26,-42668.98,90059.46,1.67,70.0,0.0,-29.2,9579.46,971.58,-59.2,0.4435,0.993,True,False,False
S1,range_pct >= p70,range_pct,single,range_pct>=0.4208,287,86,30.0,54,32,0,403715.03,333422.01,1161.75,0.0,44.3,-46559.09,93429.71,2.23,-89614.31,116075.59,1.77,82.6,48.0,19.5,817.36,1658.82,2.1,192,71,37.0,48,23,0,255406.41,125517.5,653.74,0.0,44.3,-42668.98,134526.14,1.12,-42668.98,90059.46,1.67,49.1,0.0,-49.4,1829.42,1037.33,-100.3,0.206,0.905,False,False,False
S1,range_pct >= p75,range_pct,single,range_pct>=0.459,287,72,25.1,43,29,0,403715.03,421881.55,1469.97,0.0,48.1,-46559.09,93429.71,2.74,-89614.31,116075.59,1.77,104.5,48.0,19.5,-252.31,1962.24,24.0,192,65,33.9,43,22,0,255406.41,141576.74,737.38,0.0,46.9,-42668.98,132957.22,1.26,-42668.98,90059.46,1.67,55.4,0.0,-47.6,1751.23,1114.78,-92.2,0.0995,0.902,False,False,False
S1,range_pct >= p80,range_pct,single,range_pct>=0.4896,287,58,20.2,37,21,0,403715.03,339009.61,1181.22,101.97,50.2,-89614.31,98722.53,1.83,-89614.31,116075.59,1.77,84.0,0.0,14.9,1115.61,1480.39,-1.1,192,55,28.6,37,18,0,255406.41,153915.25,801.64,133.88,50.0,-42668.98,143867.1,1.32,-42668.98,90059.46,1.67,60.3,0.0,-59.7,1845.29,1123.47,-99.4,0.2485,0.935,True,False,False
S1,range_pct >= p85,range_pct,single,range_pct>=0.5338,287,43,15.0,25,18,0,403715.03,377061.89,1313.8,991.19,54.4,-89614.31,137401.62,1.87,-89614.31,116075.59,1.77,93.4,0.0,-18.4,619.84,1545.34,-25.0,192,45,23.4,28,17,0,255406.41,169731.54,884.02,1446.25,54.7,-42668.98,138980.7,1.39,-42668.98,90059.46,1.67,66.5,0.0,-54.3,1903.89,1154.64,-87.8,0.499,0.9395,True,False,False
S1,range_pct >= p90,range_pct,single,range_pct>=0.6069,287,29,10.1,20,9,0,403715.03,322080.12,1122.23,1615.91,56.1,-89614.31,139293.86,1.54,-89614.31,116075.59,1.77,79.8,0.0,-20.0,2815.0,1248.37,-40.2,192,28,14.6,14,14,0,255406.41,240316.5,1251.65,2190.2,62.0,-42668.98,109562.15,1.75,-42668.98,90059.46,1.67,94.1,0.0,-21.7,538.93,1465.34,-27.6,0.794,0.682,True,False,False
S1,range_pct >= p95,range_pct,single,range_pct>=0.7161,287,15,5.2,12,3,0,403715.03,350044.5,1219.67,2319.33,58.9,-89614.31,111409.11,1.6,-89614.31,116075.59,1.77,86.7,0.0,4.0,3578.04,1286.93,-9.3,192,16,8.3,10,6,0,255406.41,203184.66,1058.25,2302.01,64.1,-42668.98,113572.14,1.43,-42668.98,90059.46,1.67,79.6,0.0,-26.1,3263.86,1154.46,-46.5,0.483,0.933,True,False,False
S1,range_over_premium >= p70,range_over_premium,single,range_over_premium>=0.5472,287,86,30.0,54,32,0,403715.03,323494.44,1127.16,0.0,44.3,-46559.09,140958.86,2.08,-89614.31,116075.59,1.77,80.1,48.0,-21.4,932.8,1609.43,-41.3,192,59,30.7,37,22,0,255406.41,103151.53,537.25,133.88,50.0,-42668.98,115115.41,1.06,-42668.98,90059.46,1.67,40.4,0.0,-27.8,2580.59,775.58,-87.4,0.538,0.901,False,False,False
S1,range_over_premium >= p75,range_over_premium,single,range_over_premium>=0.5877,287,72,25.1,44,28,0,403715.03,386515.56,1346.74,0.0,47.7,-46559.09,134104.6,2.43,-89614.31,116075.59,1.77,95.7,48.0,-15.5,238.88,1797.75,-19.8,192,53,27.6,32,21,0,255406.41,122832.65,639.75,576.26,52.6,-42668.98,112885.68,1.25,-42668.98,90059.46,1.67,48.1,0.0,-25.3,2501.39,883.69,-77.2,0.3875,0.876,False,False,False
S1,range_over_premium >= p80,range_over_premium,single,range_over_premium>=0.6315,287,58,20.2,34,24,0,403715.03,445785.23,1553.26,385.73,51.2,-46559.09,119760.65,2.69,-89614.31,116075.59,1.77,110.4,48.0,-3.2,-725.35,1946.66,7.2,192,45,23.4,27,18,0,255406.41,142054.77,739.87,1366.43,55.2,-42668.98,112885.68,1.4,-42668.98,90059.46,1.67,55.6,0.0,-25.3,2518.93,966.36,-69.7,0.1825,0.882,True,False,False
S1,range_over_premium >= p85,range_over_premium,single,range_over_premium>=0.7059,287,43,15.0,28,15,0,403715.03,404380.34,1408.99,824.83,53.3,-46559.09,116229.05,2.36,-89614.31,116075.59,1.77,100.2,48.0,-0.1,-15.47,1657.3,0.1,192,31,16.1,19,12,0,255406.41,154884.8,806.69,1809.85,59.4,-42668.98,121510.35,1.3,-42668.98,90059.46,1.67,60.6,0.0,-34.9,3242.63,962.02,-74.3,0.2535,0.942,True,False,False
S1,range_over_premium >= p90,range_over_premium,single,range_over_premium>=0.8664,287,29,10.1,19,10,0,403715.03,426340.87,1485.51,1615.91,56.4,-48218.38,121230.24,2.34,-89614.31,116075.59,1.77,105.6,46.2,-4.4,-780.2,1652.48,1.2,192,18,9.4,12,6,0,255406.41,180302.66,939.08,2190.2,63.0,-42668.98,124030.03,1.43,-42668.98,90059.46,1.67,70.6,0.0,-37.7,4172.43,1036.22,-67.1,0.254,0.9725,True,False,False
S1,range_over_premium >= p95,range_over_premium,single,range_over_premium>=1.027,287,15,5.2,9,6,0,403715.03,430207.93,1498.98,2497.88,59.9,-65066.23,104102.61,2.1,-89614.31,116075.59,1.77,106.6,27.4,10.3,-1766.19,1581.65,16.9,192,9,4.7,8,1,0,255406.41,150859.62,785.73,2302.01,65.1,-42668.98,130757.9,1.12,-42668.98,90059.46,1.67,59.1,0.0,-45.2,11616.31,824.37,-86.1,0.13,0.9995,True,False,False
S1,move_over_premium >= p70,move_over_premium,single,move_over_premium>=0.2838,287,86,30.0,52,34,0,403715.03,394553.8,1374.75,0.0,44.9,-46559.09,93429.71,2.47,-89614.31,116075.59,1.77,97.7,48.0,19.5,106.53,1962.95,17.2,192,57,29.7,40,17,0,255406.41,86674.38,451.43,0.0,48.4,-42668.98,129193.0,0.77,-42668.98,90059.46,1.67,33.9,0.0,-43.5,2960.21,642.03,-109.6,0.1135,0.9475,False,False,False
S1,move_over_premium >= p75,move_over_premium,single,move_over_premium>=0.3309,287,72,25.1,44,28,0,403715.03,446740.14,1556.59,0.0,47.7,-46559.09,93429.71,2.74,-89614.31,116075.59,1.77,110.7,48.0,19.5,-597.57,2077.86,30.2,192,43,22.4,29,14,0,255406.41,129304.23,673.46,1342.46,54.2,-42668.98,128733.83,1.12,-42668.98,90059.46,1.67,50.6,0.0,-42.9,2932.61,867.81,-92.3,0.0745,0.9505,False,False,False
S1,move_over_premium >= p80,move_over_premium,single,move_over_premium>=0.3921,287,58,20.2,34,24,0,403715.03,494824.37,1724.13,468.86,51.2,-46559.09,96106.43,2.98,-89614.31,116075.59,1.77,122.6,48.0,17.2,-1570.85,2160.81,39.8,192,35,18.2,23,12,0,255406.41,141421.12,736.57,1769.03,57.3,-42668.98,128733.83,1.22,-42668.98,90059.46,1.67,55.4,0.0,-42.9,3256.72,900.77,-87.5,0.044,0.962,True,True,False
S1,move_over_premium >= p85,move_over_premium,single,move_over_premium>=0.4602,287,43,15.0,23,20,0,403715.03,586677.74,2044.17,1583.4,55.1,-46559.09,93429.71,3.41,-89614.31,116075.59,1.77,145.3,48.0,19.5,-4254.95,2404.42,64.8,192,27,14.1,19,8,0,255406.41,124406.59,647.95,1818.91,59.4,-42668.98,125982.88,1.04,-42668.98,90059.46,1.67,48.7,0.0,-39.9,4851.85,753.98,-91.2,0.0045,0.987,True,True,False
S1,move_over_premium >= p90,move_over_premium,single,move_over_premium>=0.6137,287,29,10.1,14,15,0,403715.03,588553.53,2050.71,2319.33,58.2,-46559.09,93429.71,3.32,-89614.31,116075.59,1.77,145.8,48.0,19.5,-6373.74,2281.22,65.3,192,18,9.4,11,7,0,255406.41,169272.35,881.63,2190.2,63.5,-42668.98,125982.88,1.39,-42668.98,90059.46,1.67,66.3,0.0,-39.9,4785.23,972.83,-73.6,0.0045,0.983,True,True,False
S1,move_over_premium >= p95,move_over_premium,single,move_over_premium>=0.726,287,15,5.2,7,8,0,403715.03,496888.96,1731.32,2793.41,60.6,-65066.23,98482.76,2.5,-89614.31,116075.59,1.77,123.1,27.4,15.2,-6211.6,1826.8,38.3,192,10,5.2,6,4,0,255406.41,214451.5,1116.93,2444.92,66.1,-42668.98,115938.03,1.65,-42668.98,90059.46,1.67,84.0,0.0,-28.7,4095.49,1178.3,-44.7,0.0265,0.956,True,True,False
S1,ce_pe_imb_abs >= p70,ce_pe_imb_abs,single,ce_pe_imb_abs>=0.131,287,86,30.0,51,35,0,403715.03,279316.52,973.23,0.0,45.3,-89614.31,148702.36,1.45,-89614.31,116075.59,1.77,69.2,0.0,-28.1,1446.49,1389.63,-58.9,192,57,29.7,39,18,0,255406.41,185902.83,968.24,0.0,49.0,-42668.98,62574.3,1.37,-42668.98,90059.46,1.67,72.8,0.0,30.5,1219.36,1377.06,3.3,0.6725,0.3205,False,False,False
S1,ce_pe_imb_abs >= p75,ce_pe_imb_abs,single,ce_pe_imb_abs>=0.1484,287,72,25.1,40,32,0,403715.03,346344.78,1206.78,0.0,49.1,-89614.31,132664.51,1.72,-89614.31,116075.59,1.77,85.8,0.0,-14.3,796.81,1610.91,-28.5,192,45,23.4,31,14,0,255406.41,151503.46,789.08,1122.69,53.1,-42668.98,62574.3,1.05,-42668.98,90059.46,1.67,59.3,0.0,30.5,2308.95,1030.64,-10.2,0.469,0.428,False,False,False
S1,ce_pe_imb_abs >= p80,ce_pe_imb_abs,single,ce_pe_imb_abs>=0.1726,287,58,20.2,34,24,0,403715.03,298294.24,1039.35,385.73,51.2,-89614.31,142931.35,1.42,-89614.31,116075.59,1.77,73.9,0.0,-23.1,1817.6,1302.59,-49.2,192,34,17.7,23,11,0,255406.41,162573.37,846.74,1743.88,57.3,-42668.98,85586.93,1.11,-42668.98,90059.46,1.67,63.7,0.0,5.0,2730.38,1028.95,-31.3,0.679,0.6835,True,False,False
S1,ce_pe_imb_abs >= p85,ce_pe_imb_abs,single,ce_pe_imb_abs>=0.1984,287,43,15.0,25,18,0,403715.03,289118.26,1007.38,991.19,54.4,-89614.31,130836.79,1.3,-89614.31,116075.59,1.77,71.6,0.0,-12.7,2665.04,1184.91,-41.1,192,25,13.0,18,7,0,255406.41,173451.72,903.39,1822.36,59.9,-42668.98,90059.46,1.17,-42668.98,90059.46,1.67,67.9,0.0,0.0,3278.19,1038.63,-32.1,0.682,0.743,True,False,False
S1,ce_pe_imb_abs >= p90,ce_pe_imb_abs,single,ce_pe_imb_abs>=0.2282,287,29,10.1,17,12,0,403715.03,329160.34,1146.9,1935.33,57.1,-89614.31,105630.18,1.47,-89614.31,116075.59,1.77,81.5,0.0,9.0,2570.85,1275.82,-9.5,192,15,7.8,11,4,0,255406.41,208831.89,1087.67,2200.09,63.5,-42668.98,90059.46,1.39,-42668.98,90059.46,1.67,81.8,0.0,0.0,3104.97,1179.84,-18.2,0.3745,0.6975,True,False,False
S1,ce_pe_imb_abs >= p95,ce_pe_imb_abs,single,ce_pe_imb_abs>=0.2836,287,15,5.2,9,6,0,403715.03,357894.35,1247.02,2497.88,59.9,-89614.31,105630.18,1.59,-89614.31,116075.59,1.77,88.7,0.0,9.0,3054.71,1315.79,-2.3,192,6,3.1,5,1,0,255406.41,225003.3,1171.89,2712.99,66.7,-42668.98,90059.46,1.48,-42668.98,90059.46,1.67,88.1,0.0,0.0,5067.19,1209.7,-11.9,0.339,0.769,True,False,False
S1,prev_range_pct >= p70,prev_range_pct,single,prev_range_pct>=1.063,287,86,30.0,57,29,0,403715.03,132857.37,462.92,0.0,43.2,-89614.31,182205.57,0.68,-89614.31,116075.59,1.77,32.9,0.0,-57.0,3149.51,660.98,-124.1,192,66,34.4,47,19,0,255406.41,37237.27,193.94,0.0,44.8,-42668.98,186997.33,0.29,-42668.98,90059.46,1.67,14.6,0.0,-107.6,3305.59,295.53,-193.0,0.9645,0.996,False,False,False
S1,prev_range_pct >= p75,prev_range_pct,single,prev_range_pct>=1.137,287,72,25.1,51,21,0,403715.03,67729.36,235.99,0.0,45.3,-89614.31,190993.51,0.33,-89614.31,116075.59,1.77,16.8,0.0,-64.5,4666.47,315.02,-147.7,192,58,30.2,40,18,0,255406.41,63786.66,332.22,0.0,48.4,-42668.98,176494.46,0.49,-42668.98,90059.46,1.67,25.0,0.0,-96.0,3303.79,476.02,-171.0,0.997,0.9965,False,False,False
S1,prev_range_pct >= p80,prev_range_pct,single,prev_range_pct>=1.214,287,58,20.2,43,15,0,403715.03,82362.49,286.98,0.0,48.1,-89614.31,177002.71,0.39,-89614.31,116075.59,1.77,20.4,0.0,-52.5,5540.56,359.66,-132.1,192,49,25.5,33,16,0,255406.41,79088.32,411.92,532.23,52.1,-42668.98,163838.67,0.6,-42668.98,90059.46,1.67,31.0,0.0,-81.9,3598.33,553.07,-150.9,0.9965,0.9935,True,False,False
S1,prev_range_pct >= p85,prev_range_pct,single,prev_range_pct>=1.363,287,43,15.0,34,9,0,403715.03,128491.77,447.71,338.62,51.2,-89614.31,155519.76,0.6,-89614.31,116075.59,1.77,31.8,0.0,-34.0,6400.54,526.61,-102.2,192,35,18.2,24,11,0,255406.41,129471.27,674.33,1666.11,56.8,-42668.98,128143.49,0.92,-42668.98,90059.46,1.67,50.7,0.0,-42.3,3598.15,824.66,-91.6,0.991,0.969,True,False,False
S1,prev_range_pct >= p90,prev_range_pct,single,prev_range_pct>=1.495,287,29,10.1,23,6,0,403715.03,172839.07,602.23,1145.69,55.1,-89614.31,158024.21,0.79,-89614.31,116075.59,1.77,42.8,0.0,-36.1,7961.24,669.92,-93.3,192,27,14.1,18,9,0,255406.41,135257.32,704.47,1822.36,59.9,-42668.98,142653.47,0.96,-42668.98,90059.46,1.67,53.0,0.0,-58.4,4449.97,819.74,-105.4,0.997,0.9945,True,False,False
S1,prev_range_pct >= p95,prev_range_pct,single,prev_range_pct>=1.879,287,15,5.2,11,4,0,403715.03,284181.32,990.18,2319.33,59.2,-89614.31,145450.03,1.28,-89614.31,116075.59,1.77,70.4,0.0,-25.3,7968.91,1044.78,-54.9,192,14,7.3,9,5,0,255406.41,224596.83,1169.78,2253.79,64.6,-42668.98,87058.26,1.48,-42668.98,90059.46,1.67,87.9,0.0,3.3,2200.68,1261.78,-8.8,0.984,0.542,True,False,False
S1,premium_pct >= p70,premium_pct,single,premium_pct>=1.104,287,86,30.0,56,30,0,403715.03,227825.17,793.82,0.0,43.6,-89614.31,124225.17,1.18,-89614.31,116075.59,1.77,56.4,0.0,-7.0,2045.23,1133.46,-50.6,192,71,37.0,50,21,0,255406.41,232065.27,1208.67,0.0,43.2,-42668.98,90059.46,1.72,-42668.98,90059.46,1.67,90.9,0.0,0.0,328.75,1917.89,-9.1,0.6115,0.392,False,False,False
S1,premium_pct >= p75,premium_pct,single,premium_pct>=1.18,287,72,25.1,49,23,0,403715.03,187617.86,653.72,0.0,46.0,-89614.31,158789.22,0.93,-89614.31,116075.59,1.77,46.5,0.0,-36.8,3001.35,872.64,-90.3,192,60,31.2,41,19,0,255406.41,248977.11,1296.76,0.0,47.9,-42668.98,90059.46,1.83,-42668.98,90059.46,1.67,97.5,0.0,0.0,107.16,1886.19,-2.5,0.8975,0.3595,False,False,False
S1,premium_pct >= p80,premium_pct,single,premium_pct>=1.277,287,58,20.2,42,16,0,403715.03,216429.23,754.11,0.0,48.4,-89614.31,156964.99,1.05,-89614.31,116075.59,1.77,53.6,0.0,-35.2,3229.07,945.11,-81.6,192,53,27.6,38,15,0,255406.41,201114.58,1047.47,0.0,49.5,-42668.98,90059.46,1.41,-42668.98,90059.46,1.67,78.7,0.0,0.0,1024.37,1446.87,-21.3,0.901,0.5195,True,False,False
S1,premium_pct >= p85,premium_pct,single,premium_pct>=1.368,287,43,15.0,32,11,0,403715.03,217370.84,757.39,414.42,51.9,-89614.31,156964.99,1.03,-89614.31,116075.59,1.77,53.8,0.0,-35.2,4333.59,890.86,-81.4,192,46,24.0,32,14,0,255406.41,238981.65,1244.7,1011.15,52.6,-42668.98,90059.46,1.66,-42668.98,90059.46,1.67,93.6,0.0,0.0,357.06,1636.86,-6.4,0.9595,0.398,True,False,False
S1,premium_pct >= p90,premium_pct,single,premium_pct>=1.494,287,29,10.1,23,6,0,403715.03,257027.56,895.57,1251.41,55.1,-89614.31,147790.33,1.18,-89614.31,116075.59,1.77,63.7,0.0,-27.3,5058.19,996.23,-63.6,192,37,19.3,24,13,0,255406.41,272360.35,1418.54,1793.93,56.8,-42668.98,90059.46,1.89,-42668.98,90059.46,1.67,106.6,0.0,0.0,-458.21,1757.16,6.6,0.9505,0.296,True,False,False
S1,premium_pct >= p95,premium_pct,single,premium_pct>=1.6,287,15,5.2,11,4,0,403715.03,289073.28,1007.22,2347.61,59.2,-89614.31,130614.67,1.3,-89614.31,116075.59,1.77,71.6,0.0,-12.5,7642.78,1062.77,-40.9,192,28,14.6,19,9,0,255406.41,270506.43,1408.89,2168.39,59.4,-42668.98,90059.46,1.86,-42668.98,90059.46,1.67,105.9,0.0,0.0,-539.29,1649.43,5.9,0.9465,0.305,True,False,False
S1,premium_pctile >= p70,premium_pctile,single,premium_pctile>=0.5596,287,68,23.7,46,22,0,403715.03,210412.66,733.15,0.0,47.0,-89614.31,126049.4,1.02,-89614.31,116075.59,1.77,52.1,0.0,-8.6,2842.68,960.79,-56.5,192,93,48.4,66,27,0,255406.41,128720.14,670.42,0.0,34.9,-42668.98,112926.09,1.01,-42668.98,90059.46,1.67,50.4,0.0,-25.4,1362.22,1300.2,-75.0,0.7065,0.774,True,False,False
S1,premium_pctile >= p75,premium_pctile,single,premium_pctile>=0.5905,287,57,19.9,39,18,0,403715.03,231320.02,805.99,0.0,49.5,-89614.31,110570.84,1.11,-89614.31,116075.59,1.77,57.3,0.0,4.7,3024.47,1005.74,-38.0,192,90,46.9,64,26,0,255406.41,132943.58,692.41,0.0,35.9,-42668.98,111822.35,1.05,-42668.98,90059.46,1.67,52.1,0.0,-24.2,1360.7,1303.37,-72.1,0.586,0.77,True,False,False
S1,premium_pctile >= p80,premium_pctile,single,premium_pctile>=0.6388,287,46,16.0,32,14,0,403715.03,225117.7,784.38,414.42,51.9,-89614.31,156964.99,1.04,-89614.31,116075.59,1.77,55.8,0.0,-35.2,3882.55,934.1,-79.4,192,83,43.2,60,23,0,255406.41,150994.15,786.43,0.0,38.0,-42668.98,111822.35,1.18,-42668.98,90059.46,1.67,59.1,0.0,-24.2,1257.98,1385.27,-65.1,0.949,0.7405,True,False,False
S1,premium_pctile >= p85,premium_pctile,single,premium_pctile>=0.7256,287,34,11.8,25,9,0,403715.03,225365.42,785.25,1035.97,54.4,-89614.31,156964.99,1.03,-89614.31,116075.59,1.77,55.8,0.0,-35.2,5245.58,890.77,-79.4,192,60,31.2,42,18,0,255406.41,220747.56,1149.73,0.0,47.4,-42668.98,90059.46,1.6,-42668.98,90059.46,1.67,86.4,0.0,0.0,577.65,1672.33,-13.6,0.9735,0.45,True,False,False
S1,premium_pctile >= p90,premium_pctile,single,premium_pctile>=0.8312,287,23,8.0,17,6,0,403715.03,300164.33,1045.87,2127.07,57.1,-89614.31,141130.46,1.35,-89614.31,116075.59,1.77,74.4,0.0,-21.6,4502.2,1136.99,-47.2,192,43,22.4,29,14,0,255406.41,250406.6,1304.2,1446.25,54.2,-42668.98,90059.46,1.74,-42668.98,90059.46,1.67,98.0,0.0,0.0,116.27,1680.58,-2.0,0.9125,0.364,True,False,False
S1,premium_pctile >= p95,premium_pctile,single,premium_pctile>=0.9173,287,12,4.2,7,5,0,403715.03,347342.0,1210.25,2793.41,60.6,-89614.31,130614.67,1.56,-89614.31,116075.59,1.77,86.0,0.0,-12.5,4697.75,1263.06,-26.5,192,28,14.6,19,9,0,255406.41,265629.88,1383.49,2190.2,59.4,-42668.98,90059.46,1.83,-42668.98,90059.46,1.67,104.0,0.0,0.0,-365.12,1619.69,4.0,0.8735,0.3175,True,False,False
S1,premium_pct <= p30,premium_pct_low,single,premium_pct<=0.6953,287,86,30.0,53,33,0,403715.03,378680.17,1319.44,0.0,44.6,-48218.38,93721.34,2.32,-89614.31,116075.59,1.77,93.8,46.2,19.3,291.1,1883.98,13.1,192,52,27.1,33,19,0,255406.41,203754.12,1061.22,532.23,52.1,-42668.98,62574.3,1.8,-42668.98,90059.46,1.67,79.8,0.0,30.5,993.31,1455.39,10.3,0.1355,0.278,False,False,False
S1,premium_pct <= p25,premium_pct_low,single,premium_pct<=0.6347,287,72,25.1,43,29,0,403715.03,445032.22,1550.63,0.0,48.1,-48218.38,93721.34,2.69,-89614.31,116075.59,1.77,110.2,46.2,19.3,-573.85,2069.92,29.5,192,44,22.9,28,16,0,255406.41,174919.66,911.04,1366.43,54.7,-42668.98,85586.93,1.46,-42668.98,90059.46,1.67,68.5,0.0,5.0,1829.24,1181.89,-26.5,0.0775,0.5915,False,False,False
S1,premium_pct <= p20,premium_pct_low,single,premium_pct<=0.556,287,58,20.2,34,24,0,403715.03,428437.17,1492.81,385.73,51.2,-48218.38,93429.71,2.4,-89614.31,116075.59,1.77,106.1,46.2,19.5,-426.24,1870.9,25.6,192,36,18.8,23,13,0,255406.41,210744.07,1097.63,1743.88,57.3,-42668.98,85586.93,1.71,-42668.98,90059.46,1.67,82.5,0.0,5.0,1240.62,1350.92,-12.5,0.085,0.4715,True,True,False
S1,premium_pct <= p15,premium_pct_low,single,premium_pct<=0.4979,287,43,15.0,26,17,0,403715.03,376276.79,1311.07,991.19,54.0,-65066.23,93429.71,1.93,-89614.31,116075.59,1.77,93.2,27.4,19.5,638.1,1542.12,12.7,192,26,13.5,16,10,0,255406.41,225737.41,1175.72,1822.36,60.9,-42668.98,85586.93,1.73,-42668.98,90059.46,1.67,88.4,0.0,5.0,1141.12,1359.86,-6.6,0.165,0.4305,True,False,False
S1,premium_pct <= p10,premium_pct_low,single,premium_pct<=0.4091,287,29,10.1,17,12,0,403715.03,421537.93,1468.77,1935.33,57.1,-65066.23,93429.71,2.11,-89614.31,116075.59,1.77,104.4,27.4,19.5,-614.58,1633.87,23.9,192,14,7.3,10,4,0,255406.41,201197.85,1047.91,2200.09,64.1,-42668.98,85586.93,1.4,-42668.98,90059.46,1.67,78.8,0.0,5.0,3872.04,1130.33,-16.2,0.0955,0.6725,True,True,False
S1,premium_pct <= p5,premium_pct_low,single,premium_pct<=0.36,287,15,5.2,9,6,0,403715.03,372028.57,1296.27,2612.46,59.9,-89614.31,122655.29,1.65,-89614.31,116075.59,1.77,92.2,0.0,-5.7,2112.43,1367.75,-13.5,192,6,3.1,3,3,0,255406.41,277935.93,1447.58,2767.92,67.7,-42668.98,90059.46,1.9,-42668.98,90059.46,1.67,108.8,0.0,0.0,-3754.92,1494.28,8.8,0.5715,0.1775,True,False,False
S1,premium_pctile <= p30,premium_pctile_low,single,premium_pctile<=0.2073,287,68,23.7,44,24,0,403715.03,350755.99,1222.15,0.0,47.7,-48218.38,95218.36,1.96,-89614.31,116075.59,1.77,86.9,46.2,18.0,778.81,1601.63,4.9,192,38,19.8,25,13,0,255406.41,169263.23,881.58,1563.51,56.2,-42668.98,85586.93,1.41,-42668.98,90059.46,1.67,66.3,0.0,5.0,2266.93,1099.11,-28.7,0.194,0.638,True,False,False
S1,premium_pctile <= p25,premium_pctile_low,single,premium_pctile<=0.1793,287,57,19.9,35,22,0,403715.03,408987.82,1425.04,338.62,50.9,-48218.38,95218.36,2.24,-89614.31,116075.59,1.77,101.3,46.2,18.0,-92.51,1778.21,19.3,192,35,18.2,23,12,0,255406.41,183170.31,954.01,1743.88,57.3,-42668.98,85586.93,1.45,-42668.98,90059.46,1.67,71.7,0.0,5.0,2063.89,1166.69,-23.3,0.114,0.594,True,False,False
S1,premium_pctile <= p20,premium_pctile_low,single,premium_pctile<=0.1354,287,46,16.0,27,19,0,403715.03,440577.82,1535.11,824.83,53.7,-48218.38,95218.36,2.39,-89614.31,116075.59,1.77,109.1,46.2,18.0,-801.37,1828.12,27.1,192,20,10.4,14,6,0,255406.41,164452.27,856.52,1986.97,62.0,-42668.98,85586.93,1.16,-42668.98,90059.46,1.67,64.4,0.0,5.0,4547.71,956.12,-30.6,0.086,0.791,True,True,False
S1,premium_pctile <= p15,premium_pctile_low,single,premium_pctile<=0.1022,287,34,11.8,21,13,0,403715.03,390027.49,1358.98,1583.4,55.7,-65066.23,95218.36,1.97,-89614.31,116075.59,1.77,96.6,27.4,18.0,402.57,1541.61,14.6,192,15,7.8,11,4,0,255406.41,188825.09,983.46,2190.2,63.5,-42668.98,85586.93,1.32,-42668.98,90059.46,1.67,73.9,0.0,5.0,4438.75,1066.81,-21.1,0.1565,0.7435,True,False,False
S1,premium_pctile <= p10,premium_pctile_low,single,premium_pctile<=0.06818,287,23,8.0,12,11,0,403715.03,470242.91,1638.48,2319.33,58.9,-65066.23,95218.36,2.34,-89614.31,116075.59,1.77,116.5,27.4,18.0,-2892.52,1781.22,34.5,192,13,6.8,10,3,0,255406.41,196725.32,1024.61,2200.09,64.1,-42668.98,90059.46,1.37,-42668.98,90059.46,1.67,77.0,0.0,0.0,4513.93,1099.02,-23.0,0.0485,0.793,True,True,False
S1,premium_pctile <= p5,premium_pctile_low,single,premium_pctile<=0.03339,287,12,4.2,7,5,0,403715.03,402185.49,1401.34,2901.36,60.6,-89614.31,122655.29,1.78,-89614.31,116075.59,1.77,99.6,0.0,-5.7,127.46,1462.49,-6.1,192,2,1.0,1,1,0,255406.41,251825.42,1311.59,2913.31,68.8,-42668.98,90059.46,1.65,-42668.98,90059.46,1.67,98.6,0.0,0.0,1790.49,1325.4,-1.4,0.442,0.45,True,False,False
S1,gap_pct >= p70,gap_pct_up,single,gap_pct>=0.1894,287,86,30.0,55,31,0,403715.03,311172.28,1084.22,0.0,43.9,-89614.31,112460.95,1.58,-89614.31,116075.59,1.77,77.1,0.0,3.1,1076.08,1548.12,-19.8,192,59,30.7,46,13,0,255406.41,80364.35,418.56,0.0,45.3,-38406.97,120166.95,0.66,-42668.98,90059.46,1.67,31.5,10.0,-33.4,2966.81,604.24,-101.9,0.3735,0.9345,False,False,False
S1,gap_pct <= p30,gap_pct_down,single,gap_pct<=-0.09192,287,86,30.0,57,29,0,403715.03,212928.98,741.91,0.0,43.2,-65066.23,121536.93,1.15,-89614.31,116075.59,1.77,52.7,27.4,-4.7,2218.44,1059.35,-52.0,192,80,41.7,50,30,0,255406.41,258198.69,1344.78,0.0,43.2,-42668.98,50368.1,2.2,-42668.98,90059.46,1.67,101.1,0.0,44.1,-34.9,2305.35,45.2,0.6215,0.067,False,False,True
S1,gap_pct >= p75,gap_pct_up,single,gap_pct>=0.2326,287,72,25.1,45,27,0,403715.03,357200.91,1244.6,0.0,47.4,-89614.31,112460.95,1.75,-89614.31,116075.59,1.77,88.5,0.0,3.1,646.03,1661.4,-8.4,192,49,25.5,40,9,0,255406.41,116409.3,606.3,0.0,48.4,-38406.97,109096.83,0.94,-42668.98,90059.46,1.67,45.6,10.0,-21.1,2836.68,814.05,-75.5,0.298,0.885,False,False,False
S1,gap_pct <= p25,gap_pct_down,single,gap_pct<=-0.1288,287,72,25.1,49,23,0,403715.03,275078.83,958.46,0.0,46.0,-65066.23,121536.93,1.47,-89614.31,116075.59,1.77,68.1,27.4,-4.7,1786.61,1279.44,-36.6,192,73,38.0,44,29,0,255406.41,273491.58,1424.44,0.0,46.4,-42668.98,50368.1,2.33,-42668.98,90059.46,1.67,107.1,0.0,44.1,-247.74,2298.25,51.2,0.535,0.0515,False,False,True
S1,gap_pct >= p80,gap_pct_up,single,gap_pct>=0.2743,287,58,20.2,38,20,0,403715.03,324501.34,1130.67,0.0,49.8,-89614.31,93429.71,1.56,-89614.31,116075.59,1.77,80.4,0.0,19.5,1365.75,1417.04,-0.1,192,45,23.4,37,8,0,255406.41,94239.34,490.83,229.59,50.0,-42668.98,151765.81,0.72,-42668.98,90059.46,1.67,36.9,0.0,-68.5,3581.49,641.08,-131.6,0.239,0.989,True,False,False
S1,gap_pct <= p20,gap_pct_down,single,gap_pct<=-0.1646,287,58,20.2,41,17,0,403715.03,236854.15,825.28,0.0,48.8,-89614.31,159925.31,1.13,-89614.31,116075.59,1.77,58.7,0.0,-37.8,2876.91,1034.3,-79.1,192,63,32.8,38,25,0,255406.41,263515.1,1372.47,0.0,49.5,-42668.98,73380.73,2.12,-42668.98,90059.46,1.67,103.2,0.0,18.5,-128.71,2042.75,21.7,0.8925,0.1955,True,False,False
S1,gap_pct >= p85,gap_pct_up,single,gap_pct>=0.3221,287,43,15.0,27,16,0,403715.03,366819.46,1278.12,743.9,53.7,-89614.31,117817.45,1.72,-89614.31,116075.59,1.77,90.9,0.0,-1.5,858.04,1503.36,-10.6,192,36,18.8,28,8,0,255406.41,137553.42,716.42,1443.86,54.7,-42668.98,142611.89,1.04,-42668.98,90059.46,1.67,53.9,0.0,-58.4,3273.69,881.75,-104.5,0.3495,0.982,True,False,False
S1,gap_pct <= p15,gap_pct_down,single,gap_pct<=-0.271,287,43,15.0,30,13,0,403715.03,283832.71,988.96,991.19,52.6,-89614.31,142451.83,1.32,-89614.31,116075.59,1.77,70.3,0.0,-22.7,2787.96,1163.25,-52.4,192,45,23.4,27,18,0,255406.41,269327.32,1402.75,1443.86,55.2,-42668.98,80882.89,2.07,-42668.98,90059.46,1.67,105.5,0.0,10.2,-309.35,1832.16,15.7,0.8015,0.231,True,False,False
S1,gap_pct >= p90,gap_pct_up,single,gap_pct>=0.399,287,29,10.1,17,12,0,403715.03,419575.7,1461.94,2127.07,57.1,-89614.31,108061.74,1.93,-89614.31,116075.59,1.77,103.9,0.0,6.9,-546.92,1626.26,10.8,192,29,15.1,24,5,0,255406.41,159493.34,830.69,1743.88,56.8,-42668.98,140810.88,1.18,-42668.98,90059.46,1.67,62.4,0.0,-56.4,3307.35,978.49,-94.0,0.1835,0.985,True,False,False
S1,gap_pct <= p10,gap_pct_down,single,gap_pct<=-0.3442,287,29,10.1,20,9,0,403715.03,312713.3,1089.59,1935.33,56.1,-89614.31,142451.83,1.45,-89614.31,116075.59,1.77,77.5,0.0,-22.7,3137.99,1212.07,-45.2,192,40,20.8,23,17,0,255406.41,309002.01,1609.39,1769.03,57.3,-42668.98,82799.93,2.35,-42668.98,90059.46,1.67,121.0,0.0,8.1,-1339.89,2032.91,29.1,0.844,0.148,True,False,False
S1,gap_pct >= p95,gap_pct_up,single,gap_pct>=0.6362,287,15,5.2,8,7,0,403715.03,426973.39,1487.71,2665.1,60.3,-89614.31,108061.74,1.94,-89614.31,116075.59,1.77,105.8,0.0,6.9,-1550.56,1569.76,12.7,192,18,9.4,15,3,0,255406.41,179389.74,934.32,2073.99,61.5,-42668.98,128047.43,1.32,-42668.98,90059.46,1.67,70.2,0.0,-42.2,4223.15,1030.98,-72.0,0.157,0.9815,True,False,False
S1,gap_pct <= p5,gap_pct_down,single,gap_pct<=-0.4505,287,15,5.2,12,3,0,403715.03,375777.61,1309.33,2497.88,58.9,-89614.31,130614.67,1.7,-89614.31,116075.59,1.77,93.1,0.0,-12.5,1862.49,1381.54,-19.4,192,32,16.7,19,13,0,255406.41,271517.09,1414.15,1986.97,59.4,-42668.98,82799.93,1.93,-42668.98,90059.46,1.67,106.3,0.0,8.1,-503.46,1696.98,14.4,0.7065,0.24,True,False,False
S1,move_pct >= p70,move_pct_up,single,move_pct>=0.1091,287,86,30.0,53,33,0,403715.03,338775.63,1180.4,0.0,44.6,-89614.31,107280.66,1.68,-89614.31,116075.59,1.77,83.9,0.0,7.6,755.11,1685.45,-8.5,192,58,30.2,44,14,0,255406.41,89257.74,464.88,0.0,46.4,-42668.98,96899.43,0.63,-42668.98,90059.46,1.67,34.9,0.0,-7.6,2864.63,666.1,-72.7,0.282,0.8475,False,False,False
S1,move_pct <= p30,move_pct_down,single,move_pct<=-0.1462,287,86,30.0,55,31,0,403715.03,269257.93,938.18,0.0,43.9,-48218.38,97794.63,1.58,-89614.31,116075.59,1.77,66.7,46.2,15.7,1563.45,1339.59,-17.6,192,58,30.2,39,19,0,255406.41,164252.66,855.48,0.0,49.0,-38406.97,71096.92,1.56,-42668.98,90059.46,1.67,64.3,10.0,21.1,1571.62,1225.77,-14.6,0.353,0.454,False,False,False
S1,move_pct >= p75,move_pct_up,single,move_pct>=0.1248,287,72,25.1,45,27,0,403715.03,362253.44,1262.21,0.0,47.4,-89614.31,111908.09,1.78,-89614.31,116075.59,1.77,89.7,0.0,3.6,575.86,1684.9,-6.7,192,54,28.1,40,14,0,255406.41,104601.98,544.8,0.0,48.4,-42668.98,86974.57,0.74,-42668.98,90059.46,1.67,41.0,0.0,3.4,2792.67,757.99,-55.6,0.2845,0.7765,False,False,False
S1,move_pct <= p25,move_pct_down,single,move_pct<=-0.1707,287,72,25.1,45,27,0,403715.03,305907.33,1065.88,0.0,47.4,-48218.38,97794.63,1.78,-89614.31,116075.59,1.77,75.8,46.2,15.7,1358.44,1422.82,-8.5,192,51,26.6,33,18,0,255406.41,219523.61,1143.35,1122.69,52.1,-38406.97,62011.27,1.98,-42668.98,90059.46,1.67,86.0,10.0,31.1,703.58,1556.91,17.1,0.2995,0.219,False,False,False
S1,move_pct >= p80,move_pct_up,single,move_pct>=0.1761,287,58,20.2,35,23,0,403715.03,406850.85,1417.6,385.73,50.9,-89614.31,111908.09,1.97,-89614.31,116075.59,1.77,100.8,0.0,3.6,-54.07,1776.64,4.4,192,43,22.4,32,11,0,255406.41,131642.42,685.64,576.26,52.6,-42668.98,92693.1,0.92,-42668.98,90059.46,1.67,51.5,0.0,-2.9,2878.23,883.51,-51.4,0.1985,0.798,True,False,False
S1,move_pct <= p20,move_pct_down,single,move_pct<=-0.2251,287,58,20.2,36,22,0,403715.03,326501.41,1137.64,233.46,50.5,-48218.38,99327.44,1.86,-89614.31,116075.59,1.77,80.9,46.2,14.4,1331.27,1425.77,-4.7,192,38,19.8,25,13,0,255406.41,199370.64,1038.39,1769.03,56.2,-42668.98,106202.74,1.66,-42668.98,90059.46,1.67,78.1,0.0,-17.9,1474.63,1294.61,-39.8,0.278,0.7415,True,False,False
S1,move_pct >= p85,move_pct_up,single,move_pct>=0.2219,287,43,15.0,26,17,0,403715.03,422668.2,1472.71,1145.69,54.0,-89614.31,115231.06,2.03,-89614.31,116075.59,1.77,104.7,0.0,0.7,-440.77,1732.25,5.4,192,35,18.2,26,9,0,255406.41,126052.63,656.52,1446.25,55.7,-42668.98,111513.71,0.86,-42668.98,90059.46,1.67,49.4,0.0,-23.8,3695.82,802.88,-74.4,0.2125,0.9275,True,False,False
S1,move_pct <= p15,move_pct_down,single,move_pct<=-0.2754,287,43,15.0,25,18,0,403715.03,417202.09,1453.67,1035.97,54.4,-48218.38,93429.71,2.32,-89614.31,116075.59,1.77,103.3,46.2,19.5,-313.65,1709.84,22.8,192,31,16.1,19,12,0,255406.41,246957.2,1286.24,1986.97,59.4,-42668.98,106202.74,2.02,-42668.98,90059.46,1.67,96.7,0.0,-17.9,272.56,1533.9,-21.2,0.107,0.5955,True,False,False
S1,move_pct >= p90,move_pct_up,single,move_pct>=0.2782,287,29,10.1,14,15,0,403715.03,503253.63,1753.5,2347.61,58.2,-89614.31,115231.06,2.4,-89614.31,116075.59,1.77,124.7,0.0,0.7,-3432.37,1950.6,25.4,192,23,12.0,16,7,0,255406.41,162196.86,844.78,1909.08,60.9,-42668.98,112266.47,1.1,-42668.98,90059.46,1.67,63.5,0.0,-24.7,4052.59,959.74,-61.2,0.089,0.9435,True,True,False
S1,move_pct <= p10,move_pct_down,single,move_pct<=-0.3267,287,29,10.1,16,13,0,403715.03,457596.13,1594.41,2127.07,57.5,-48218.38,93429.71,2.49,-89614.31,116075.59,1.77,113.3,46.2,19.5,-1857.97,1773.63,32.8,192,25,13.0,14,11,0,255406.41,276645.84,1440.86,2200.09,62.0,-42668.98,96794.21,2.24,-42668.98,90059.46,1.67,108.3,0.0,-7.5,-849.58,1656.56,0.8,0.054,0.3545,True,True,False
S1,move_pct >= p95,move_pct_up,single,move_pct>=0.4542,287,15,5.2,7,8,0,403715.03,483886.92,1686.02,2793.41,60.6,-89614.31,101924.65,2.25,-89614.31,116075.59,1.77,119.9,0.0,12.2,-5344.79,1779.0,32.1,192,6,3.1,4,2,0,255406.41,227259.33,1183.64,2700.8,67.2,-42668.98,101986.1,1.52,-42668.98,90059.46,1.67,89.0,0.0,-13.2,4691.18,1221.82,-24.2,0.0515,0.9345,True,True,False
S1,move_pct <= p5,move_pct_down,single,move_pct<=-0.4178,287,15,5.2,10,5,0,403715.03,313247.86,1091.46,2347.61,59.6,-89614.31,124064.61,1.42,-89614.31,116075.59,1.77,77.6,0.0,-6.9,6031.14,1151.65,-29.3,192,17,8.9,9,8,0,255406.41,255003.32,1328.14,2302.01,64.6,-42668.98,96642.83,1.92,-42668.98,90059.46,1.67,99.8,0.0,-7.3,23.71,1457.16,-7.5,0.8585,0.4895,True,False,False
S1,ce_pe_imb >= p70,ce_pe_imb_up,single,ce_pe_imb>=0.1083,287,86,30.0,50,36,0,403715.03,299106.83,1042.18,0.0,45.6,-89614.31,123030.47,1.42,-89614.31,116075.59,1.77,74.1,0.0,-6.0,1216.37,1488.09,-31.9,192,58,30.2,39,19,0,255406.41,195717.47,1019.36,0.0,49.0,-42668.98,68110.56,1.46,-42668.98,90059.46,1.67,76.6,0.0,24.4,1029.12,1460.58,1.0,0.4765,0.3405,False,False,False
S1,ce_pe_imb <= p30,ce_pe_imb_down,single,ce_pe_imb<=0.01113,287,86,30.0,54,32,0,403715.03,374424.51,1304.62,0.0,44.3,-41213.81,69476.33,2.53,-89614.31,116075.59,1.77,92.7,54.0,40.1,340.59,1862.81,32.8,192,70,36.5,44,26,0,255406.41,177012.44,921.94,0.0,46.4,-42668.98,89848.44,1.6,-42668.98,90059.46,1.67,69.3,0.0,0.2,1119.91,1450.92,-30.5,0.0595,0.563,False,False,False
S1,ce_pe_imb >= p75,ce_pe_imb_up,single,ce_pe_imb>=0.1212,287,72,25.1,43,29,0,403715.03,275761.95,960.84,0.0,48.1,-89614.31,125098.1,1.29,-89614.31,116075.59,1.77,68.3,0.0,-7.8,1777.13,1282.61,-39.5,192,53,27.6,36,17,0,255406.41,200116.24,1042.27,489.49,50.5,-42668.98,68110.56,1.47,-42668.98,90059.46,1.67,78.4,0.0,24.4,1043.21,1439.69,2.8,0.554,0.33,False,False,False
S1,ce_pe_imb <= p25,ce_pe_imb_down,single,ce_pe_imb<=-0.008238,287,72,25.1,45,27,0,403715.03,423581.13,1475.89,0.0,47.4,-41213.81,60804.6,2.75,-89614.31,116075.59,1.77,104.9,54.0,47.6,-275.92,1970.14,52.5,192,62,32.3,38,24,0,255406.41,178019.13,927.18,0.0,49.5,-42668.98,119266.45,1.57,-42668.98,90059.46,1.67,69.7,0.0,-32.4,1248.18,1369.38,-62.7,0.0175,0.792,False,False,False
S1,ce_pe_imb >= p80,ce_pe_imb_up,single,ce_pe_imb>=0.1473,287,58,20.2,34,24,0,403715.03,301739.17,1051.36,385.73,51.2,-89614.31,125098.1,1.39,-89614.31,116075.59,1.77,74.7,0.0,-7.8,1758.2,1317.64,-33.1,192,39,20.3,28,11,0,255406.41,156075.96,812.9,1433.36,54.7,-42668.98,67046.83,1.08,-42668.98,90059.46,1.67,61.1,0.0,25.6,2546.93,1020.1,-13.3,0.5305,0.488,True,False,False
S1,ce_pe_imb <= p20,ce_pe_imb_down,single,ce_pe_imb<=-0.02894,287,58,20.2,36,22,0,403715.03,407173.73,1418.72,233.46,50.5,-48218.38,65805.79,2.48,-89614.31,116075.59,1.77,100.9,46.2,43.3,-59.63,1778.05,44.2,192,48,25.0,28,20,0,255406.41,179169.95,933.18,1342.46,54.7,-42668.98,123715.51,1.52,-42668.98,90059.46,1.67,70.2,0.0,-37.4,1588.26,1244.24,-67.2,0.035,0.8585,True,True,False
S1,ce_pe_imb >= p85,ce_pe_imb_up,single,ce_pe_imb>=0.1804,287,43,15.0,26,17,0,403715.03,285215.08,993.78,1145.69,54.0,-89614.31,135364.94,1.27,-89614.31,116075.59,1.77,70.6,0.0,-16.6,2755.81,1168.91,-46.0,192,26,13.5,20,6,0,255406.41,154225.19,803.26,1809.85,58.9,-42668.98,90059.46,1.04,-42668.98,90059.46,1.67,60.4,0.0,0.0,3891.59,929.07,-39.6,0.737,0.8075,True,False,False
S1,ce_pe_imb <= p15,ce_pe_imb_down,single,ce_pe_imb<=-0.05894,287,43,15.0,25,18,0,403715.03,406921.64,1417.85,1035.97,54.4,-65066.23,98482.76,2.26,-89614.31,116075.59,1.77,100.8,27.4,15.2,-74.57,1667.71,16.0,192,32,16.7,17,15,0,255406.41,263624.4,1373.04,1900.26,60.4,-42668.98,107795.1,2.1,-42668.98,90059.46,1.67,103.2,0.0,-19.7,-256.81,1647.65,-16.5,0.1425,0.539,True,False,False
S1,ce_pe_imb >= p90,ce_pe_imb_up,single,ce_pe_imb>=0.2156,287,29,10.1,19,10,0,403715.03,302094.9,1052.6,1647.54,56.4,-89614.31,135364.94,1.34,-89614.31,116075.59,1.77,74.8,0.0,-16.6,3504.14,1170.91,-41.8,192,20,10.4,16,4,0,255406.41,156360.97,814.38,1901.59,60.9,-42668.98,90059.46,1.05,-42668.98,90059.46,1.67,61.2,0.0,0.0,4952.27,909.08,-38.8,0.81,0.859,True,False,False
S1,ce_pe_imb <= p10,ce_pe_imb_down,single,ce_pe_imb<=-0.1051,287,29,10.1,18,11,0,403715.03,354327.82,1234.59,1848.96,56.8,-89614.31,135973.82,1.73,-89614.31,116075.59,1.77,87.8,0.0,-17.1,1703.01,1373.36,-29.3,192,16,8.3,8,8,0,255406.41,318184.32,1657.21,2302.01,65.1,-42668.98,85586.93,2.28,-42668.98,90059.46,1.67,124.6,0.0,5.0,-3923.62,1807.87,29.6,0.6625,0.11,True,False,False
S1,ce_pe_imb >= p95,ce_pe_imb_up,single,ce_pe_imb>=0.2657,287,15,5.2,11,4,0,403715.03,350758.4,1222.15,2319.33,59.2,-89614.31,121995.49,1.55,-89614.31,116075.59,1.77,86.9,0.0,-5.1,3530.44,1289.55,-18.2,192,7,3.6,6,1,0,255406.41,220551.15,1148.7,2596.32,66.1,-42668.98,90059.46,1.45,-42668.98,90059.46,1.67,86.4,0.0,0.0,4979.32,1192.17,-13.6,0.6825,0.779,True,False,False
S1,ce_pe_imb <= p5,ce_pe_imb_down,single,ce_pe_imb<=-0.1492,287,15,5.2,7,8,0,403715.03,445067.83,1550.76,2793.41,60.6,-89614.31,123642.0,2.08,-89614.31,116075.59,1.77,110.2,0.0,-6.5,-2756.85,1636.28,3.7,192,7,3.6,3,4,0,255406.41,258570.86,1346.72,2767.92,67.7,-42668.98,85586.93,1.7,-42668.98,90059.46,1.67,101.2,0.0,5.0,-452.06,1397.68,6.2,0.251,0.2245,True,False,False
S1,expiry day,is_expiry,single,is_expiry>=1,287,61,21.3,38,23,0,403715.03,327203.6,1140.08,0.0,49.8,-48218.38,55959.84,2.19,-89614.31,116075.59,1.77,81.0,46.2,51.8,1254.29,1447.8,32.8,192,41,21.4,25,16,0,255406.41,91799.96,478.12,1513.17,56.2,-42668.98,129209.37,0.89,-42668.98,90059.46,1.67,35.9,0.0,-43.5,3990.4,607.95,-107.6,0.0575,0.9785,True,False,False
S1,day is Mon,dow,single,dow==Mon,287,59,20.6,38,21,0,403715.03,401023.51,1397.29,0.0,49.8,-89614.31,93269.97,1.9,-89614.31,116075.59,1.77,99.3,0.0,19.6,45.62,1758.88,18.9,192,38,19.8,27,11,0,255406.41,210496.42,1096.34,1443.86,55.2,-42668.98,102223.66,1.49,-42668.98,90059.46,1.67,82.4,0.0,-13.5,1181.84,1366.86,-31.1,0.117,0.661,True,False,False
S1,day is Tue,dow,single,dow==Tue,287,59,20.6,38,21,0,403715.03,286142.23,997.01,0.0,49.8,-89614.31,143436.04,1.34,-89614.31,116075.59,1.77,70.9,0.0,-23.6,1992.76,1255.01,-52.7,192,38,19.8,24,14,0,255406.41,99364.56,517.52,1563.51,56.8,-42668.98,116419.72,0.91,-42668.98,90059.46,1.67,38.9,0.0,-29.3,4106.36,645.22,-90.4,0.7095,0.959,True,False,False
S1,day is Wed,dow,single,dow==Wed,287,55,19.2,37,18,0,403715.03,187075.04,651.83,101.97,50.2,-89614.31,173511.62,0.86,-89614.31,116075.59,1.77,46.3,0.0,-49.5,3938.91,806.36,-103.2,192,41,21.4,30,11,0,255406.41,223854.36,1165.91,1326.21,53.6,-42668.98,89126.28,1.56,-42668.98,90059.46,1.67,87.6,0.0,1.0,769.56,1482.48,-11.4,0.9765,0.457,True,False,False
S1,day is Thu,dow,single,dow==Thu,287,58,20.2,35,23,0,403715.03,414845.61,1445.46,331.66,50.9,-48218.38,55959.84,2.64,-89614.31,116075.59,1.77,102.8,46.2,51.8,-191.91,1811.55,54.6,192,37,19.3,28,9,0,255406.41,247794.64,1290.6,1366.43,54.7,-42666.2,54288.95,1.74,-42668.98,90059.46,1.67,97.0,0.0,39.7,205.72,1598.68,36.7,0.0155,0.1085,True,True,False
S1,day is Fri,dow,single,dow==Fri,287,56,19.5,33,23,0,403715.03,325773.73,1135.1,385.73,51.6,-89614.31,131646.0,1.51,-89614.31,116075.59,1.77,80.7,0.0,-13.4,1391.81,1410.28,-32.7,192,38,19.8,24,14,0,255406.41,240115.66,1250.6,1769.03,56.8,-42668.98,71087.32,1.64,-42668.98,90059.46,1.67,94.0,0.0,21.1,402.39,1559.19,15.1,0.531,0.23,True,False,False
S1,expiry & move_abs >= p75,combo,combo,is_expiry>=1; move_abs_pct>=0.2754,287,16,5.6,8,8,0,403715.03,500928.67,1745.4,2612.46,60.3,-48218.38,104102.61,2.74,-89614.31,116075.59,1.77,124.1,46.2,10.3,-6075.85,1848.45,34.4,192,18,9.4,11,7,0,255406.41,177936.7,926.75,2221.89,63.5,-42668.98,125982.88,1.42,-42668.98,90059.46,1.67,69.7,0.0,-39.9,4303.87,1022.62,-70.2,0.043,0.9785,True,True,False
S1,expiry & gap_abs >= p75,combo,combo,is_expiry>=1; gap_abs_pct>=0.335,287,13,4.5,9,4,0,403715.03,339723.45,1183.71,2497.88,59.9,-89614.31,132020.78,1.55,-89614.31,116075.59,1.77,84.1,0.0,-13.7,4922.43,1239.87,-29.6,192,14,7.3,7,7,0,255406.41,210894.56,1098.41,2302.01,65.6,-42668.98,136021.57,1.65,-42668.98,90059.46,1.67,82.6,0.0,-51.0,3179.42,1184.8,-68.4,0.8865,0.986,True,False,False
S1,gap_abs >= p75 & premium_pct >= p75,combo,combo,gap_abs_pct>=0.335; premium_pct>=1.18,287,18,6.3,13,5,0,403715.03,328875.5,1145.91,2297.37,58.5,-89614.31,139704.62,1.47,-89614.31,116075.59,1.77,81.5,0.0,-20.4,4157.75,1222.59,-38.9,192,33,17.2,22,11,0,255406.41,303828.62,1582.44,1898.14,57.8,-42668.98,90059.46,2.15,-42668.98,90059.46,1.67,119.0,0.0,0.0,-1467.34,1910.87,19.0,0.906,0.2065,True,False,False
S1,range >= p75 & move_abs >= p75,combo,combo,range_pct>=0.459; move_abs_pct>=0.2754,287,56,19.5,30,26,0,403715.03,540813.55,1884.37,691.4,52.6,-46559.09,93429.71,3.4,-89614.31,116075.59,1.77,134.0,48.0,19.5,-2448.19,2341.18,53.5,192,39,20.3,26,13,0,255406.41,190867.89,994.1,1743.88,55.7,-42668.98,134039.86,1.55,-42668.98,90059.46,1.67,74.7,0.0,-48.8,1654.83,1247.5,-74.1,0.018,0.92,True,True,False
S1,premium extreme(>=p75) & ce_pe_imb_abs >= p75,combo,combo,premium_pct>=1.18; ce_pe_imb_abs>=0.1484,287,6,2.1,3,3,0,403715.03,392111.52,1366.24,3128.5,62.0,-89614.31,116075.59,1.73,-89614.31,116075.59,1.77,97.1,0.0,0.0,1933.92,1395.41,-2.9,192,5,2.6,4,1,0,255406.41,241795.02,1259.35,2700.8,67.2,-42668.98,90059.46,1.59,-42668.98,90059.46,1.67,94.7,0.0,0.0,2722.28,1293.02,-5.3,0.449,0.577,False,False,False
S1,gap_abs >= p75 & move_abs >= p75,combo,combo,gap_abs_pct>=0.335; move_abs_pct>=0.2754,287,23,8.0,12,11,0,403715.03,406863.88,1417.64,2297.37,58.9,-89614.31,98431.53,1.95,-89614.31,116075.59,1.77,100.8,0.0,15.2,-136.91,1541.15,16.0,192,23,12.0,14,9,0,255406.41,239798.39,1248.95,2168.39,62.0,-42668.98,131256.59,1.87,-42668.98,90059.46,1.67,93.9,0.0,-45.7,678.61,1418.93,-51.8,0.1445,0.9085,True,False,False
S1,expiry & move_abs >= p85,combo,combo,is_expiry>=1; move_abs_pct>=0.3809,287,9,3.1,5,4,0,403715.03,456187.35,1589.5,2901.36,61.3,-65066.23,104102.61,2.28,-89614.31,116075.59,1.77,113.0,27.4,10.3,-5830.26,1640.96,23.3,192,9,4.7,6,3,0,255406.41,167885.36,874.4,2444.92,66.1,-42668.98,126366.04,1.25,-42668.98,90059.46,1.67,65.7,0.0,-40.3,9724.56,917.41,-74.6,0.0695,0.9975,False,False,False
S1,expiry & gap_abs >= p85,combo,combo,is_expiry>=1; gap_abs_pct>=0.4291,287,8,2.8,5,3,0,403715.03,402499.88,1402.44,2901.36,61.3,-89614.31,116075.59,1.81,-89614.31,116075.59,1.77,99.7,0.0,0.0,151.89,1442.65,-0.3,192,12,6.2,6,6,0,255406.41,205624.84,1070.96,2444.92,66.1,-42668.98,134065.06,1.55,-42668.98,90059.46,1.67,80.5,0.0,-48.9,4148.46,1142.36,-68.4,0.3315,0.991,False,False,False
S1,gap_abs >= p85 & premium_pct >= p85,combo,combo,gap_abs_pct>=0.4291; premium_pct>=1.368,287,9,3.1,6,3,0,403715.03,376178.75,1310.73,2793.41,61.0,-89614.31,139704.62,1.66,-89614.31,116075.59,1.77,93.2,0.0,-20.4,3059.59,1353.16,-27.2,192,26,13.5,18,8,0,255406.41,259856.75,1353.42,2190.2,59.9,-42668.98,90059.46,1.75,-42668.98,90059.46,1.67,101.7,0.0,0.0,-171.17,1565.4,1.7,0.94,0.3405,False,False,False
S1,range >= p85 & move_abs >= p85,combo,combo,range_pct>=0.5338; move_abs_pct>=0.3809,287,33,11.5,17,16,0,403715.03,443233.45,1544.37,1848.96,57.1,-89614.31,132198.76,2.18,-89614.31,116075.59,1.77,109.8,0.0,-13.9,-1197.53,1745.01,-4.1,192,24,12.5,14,10,0,255406.41,231771.07,1207.14,2168.39,62.0,-42668.98,113202.61,1.8,-42668.98,90059.46,1.67,90.7,0.0,-25.7,984.81,1379.59,-35.0,0.299,0.7875,True,False,False
S1,premium extreme(>=p85) & ce_pe_imb_abs >= p85,combo,combo,premium_pct>=1.368; ce_pe_imb_abs>=0.1984,287,0,0.0,0,0,0,403715.03,403715.03,1406.67,3213.17,63.1,-89614.31,116075.59,1.77,-89614.31,116075.59,1.77,100.0,0.0,0.0,,1406.67,0.0,192,0,0.0,0,0,0,255406.41,255406.41,1330.24,2948.97,69.3,-42668.98,90059.46,1.67,-42668.98,90059.46,1.67,100.0,0.0,0.0,,1330.24,0.0,,,False,False,False
S1,gap_abs >= p85 & move_abs >= p85,combo,combo,gap_abs_pct>=0.4291; move_abs_pct>=0.3809,287,9,3.1,3,6,0,403715.03,506558.52,1765.01,3128.5,62.0,-89614.31,95218.36,2.35,-89614.31,116075.59,1.77,125.5,0.0,18.0,-11427.05,1822.15,43.5,192,14,7.3,8,6,0,255406.41,256837.77,1337.7,2444.92,65.1,-42668.98,113202.61,1.91,-42668.98,90059.46,1.67,100.6,0.0,-25.7,-102.24,1442.91,-25.1,0.0085,0.803,False,False,False
S2,gap_abs_pct >= p70,gap_abs_pct,single,gap_abs_pct>=0.3173,286,85,29.7,44,41,0,85298.98,51177.8,178.94,0.0,39.5,-16220.26,59556.24,0.71,-16220.26,50764.46,0.98,60.0,0.0,-17.3,401.43,254.62,-57.3,192,78,40.6,42,36,0,35906.26,35560.58,185.21,0.0,38.0,-12470.69,70734.12,0.75,-14979.81,97185.83,0.51,99.0,16.8,27.2,4.43,311.93,26.2,0.7205,0.398,False,False,False
S2,gap_abs_pct >= p75,gap_abs_pct,single,gap_abs_pct>=0.335,286,72,25.2,35,37,0,85298.98,61628.46,215.48,0.0,42.7,-16220.26,59556.24,0.84,-16220.26,50764.46,0.98,72.2,0.0,-17.3,328.76,287.98,-45.1,192,75,39.1,40,35,0,35906.26,37499.98,195.31,0.0,39.1,-12470.69,68794.72,0.79,-14979.81,97185.83,0.51,104.4,16.8,29.2,-21.25,320.51,33.6,0.682,0.3735,False,False,False
S2,gap_abs_pct >= p80,gap_abs_pct,single,gap_abs_pct>=0.3798,286,58,20.3,30,28,0,85298.98,48383.16,169.17,0.0,44.4,-16220.26,59556.24,0.65,-16220.26,50764.46,0.98,56.7,0.0,-17.3,636.48,212.21,-60.6,192,68,35.4,35,33,0,35906.26,51991.19,270.79,0.0,41.7,-12470.69,69010.98,1.03,-14979.81,97185.83,0.51,144.8,16.8,29.0,-236.54,419.28,73.8,0.803,0.2525,True,False,False
S2,gap_abs_pct >= p85,gap_abs_pct,single,gap_abs_pct>=0.4291,286,43,15.0,22,21,0,85298.98,88813.06,310.54,0.0,47.2,-16220.26,61416.01,1.11,-16220.26,50764.46,0.98,104.1,0.0,-21.0,-81.72,365.49,-16.9,192,64,33.3,33,31,0,35906.26,39595.74,206.23,0.0,42.7,-12470.69,73191.44,0.76,-14979.81,97185.83,0.51,110.3,16.8,24.7,-57.65,309.34,35.0,0.563,0.3665,True,False,False
S2,gap_abs_pct >= p90,gap_abs_pct,single,gap_abs_pct>=0.6,286,29,10.1,15,14,0,85298.98,83480.95,291.89,0.0,49.7,-16220.26,61416.01,1.02,-16220.26,50764.46,0.98,97.9,0.0,-21.0,62.69,324.83,-23.1,192,44,22.9,23,21,0,35906.26,26803.44,139.6,0.0,47.9,-12470.69,90157.41,0.49,-14979.81,97185.83,0.51,74.6,16.8,7.2,206.88,181.1,-18.2,0.658,0.5615,True,False,False
S2,gap_abs_pct >= p95,gap_abs_pct,single,gap_abs_pct>=0.8798,286,15,5.2,8,7,0,85298.98,86586.57,302.75,247.99,52.1,-16220.26,61416.01,1.04,-16220.26,50764.46,0.98,101.5,0.0,-21.0,-85.84,319.51,-19.5,192,18,9.4,9,9,0,35906.26,21724.19,113.15,235.13,55.2,-12470.69,98890.82,0.38,-14979.81,97185.83,0.51,60.5,16.8,-1.8,787.89,124.85,-41.3,0.707,0.732,True,False,False
S2,move_abs_pct >= p70,move_abs_pct,single,move_abs_pct>=0.254,286,86,30.1,45,41,0,85298.98,75756.94,264.88,0.0,39.2,-16220.26,35909.86,1.21,-16220.26,50764.46,0.98,88.8,0.0,29.3,110.95,378.78,18.1,192,64,33.3,36,28,0,35906.26,-13537.71,-70.51,0.0,41.1,-14979.81,69895.99,-0.29,-14979.81,97185.83,0.51,-37.7,0.0,28.1,772.56,-105.76,-109.6,0.257,0.822,False,False,False
S2,move_abs_pct >= p75,move_abs_pct,single,move_abs_pct>=0.2754,286,72,25.2,36,36,0,85298.98,88842.54,310.64,0.0,42.3,-16220.26,39804.47,1.36,-16220.26,50764.46,0.98,104.2,0.0,21.6,-49.22,415.15,25.8,192,56,29.2,29,27,0,35906.26,11303.84,58.87,0.0,44.8,-14979.81,65952.08,0.23,-14979.81,97185.83,0.51,31.5,0.0,32.1,439.33,83.12,-36.4,0.212,0.63,False,False,False
S2,move_abs_pct >= p80,move_abs_pct,single,move_abs_pct>=0.3114,286,58,20.3,29,29,0,85298.98,91620.17,320.35,0.0,44.8,-16220.26,40208.63,1.38,-16220.26,50764.46,0.98,107.4,0.0,20.8,-108.99,401.84,28.2,192,44,22.9,25,19,0,35906.26,9552.31,49.75,0.0,46.9,-14979.81,76283.67,0.19,-14979.81,97185.83,0.51,26.6,0.0,21.5,598.95,64.54,-51.9,0.2095,0.6915,True,False,False
S2,move_abs_pct >= p85,move_abs_pct,single,move_abs_pct>=0.3809,286,43,15.0,22,21,0,85298.98,76664.84,268.06,0.0,47.2,-16220.26,44676.87,1.02,-16220.26,50764.46,0.98,89.9,0.0,12.0,200.79,315.49,1.9,192,27,14.1,16,11,0,35906.26,4559.77,23.75,117.06,51.6,-14979.81,90647.22,0.08,-14979.81,97185.83,0.51,12.7,0.0,6.7,1160.98,27.63,-80.6,0.4035,0.8475,True,False,False
S2,move_abs_pct >= p90,move_abs_pct,single,move_abs_pct>=0.438,286,29,10.1,17,12,0,85298.98,69000.4,241.26,0.0,49.0,-16220.26,48089.32,0.89,-16220.26,50764.46,0.98,80.9,0.0,5.3,562.02,268.48,-13.8,192,22,11.5,12,10,0,35906.26,5795.38,30.18,209.15,53.6,-14979.81,94952.41,0.1,-14979.81,97185.83,0.51,16.1,0.0,2.3,1368.68,34.09,-81.6,0.568,0.8695,True,False,False
S2,move_abs_pct >= p95,move_abs_pct,single,move_abs_pct>=0.5572,286,15,5.2,11,4,0,85298.98,47284.46,165.33,173.25,51.0,-16220.26,50764.46,0.58,-16220.26,50764.46,0.98,55.4,0.0,0.0,2534.3,174.48,-44.6,192,8,4.2,5,3,0,35906.26,-5256.66,-27.38,383.15,57.3,-14979.81,109478.32,-0.09,-14979.81,97185.83,0.51,-14.6,0.0,-12.6,5145.36,-28.57,-127.2,0.9265,0.9965,True,False,False
S2,range_pct >= p70,range_pct,single,range_pct>=0.4208,286,85,29.7,51,34,0,85298.98,31284.2,109.39,0.0,37.1,-16220.26,44992.64,0.5,-16220.26,50764.46,0.98,36.7,0.0,11.4,635.47,155.64,-51.9,192,71,37.0,39,32,0,35906.26,33257.03,173.21,0.0,39.6,-10777.16,55712.73,0.79,-14979.81,97185.83,0.51,92.6,28.1,42.7,37.31,274.85,35.3,0.6915,0.368,False,False,False
S2,range_pct >= p75,range_pct,single,range_pct>=0.459,286,72,25.2,41,31,0,85298.98,44326.64,154.99,0.0,40.6,-16220.26,43887.74,0.68,-16220.26,50764.46,0.98,52.0,0.0,13.5,569.06,207.13,-34.5,192,65,33.9,36,29,0,35906.26,32638.71,169.99,0.0,41.1,-10777.16,55813.13,0.77,-14979.81,97185.83,0.51,90.9,28.1,42.6,50.27,257.0,33.5,0.6095,0.3735,False,False,False
S2,range_pct >= p80,range_pct,single,range_pct>=0.4896,286,58,20.3,35,23,0,85298.98,35305.69,123.45,0.0,42.7,-16220.26,49346.09,0.5,-16220.26,50764.46,0.98,41.4,0.0,2.8,861.95,154.85,-55.8,192,55,28.6,30,25,0,35906.26,38590.9,200.99,0.0,44.3,-10777.16,61450.47,0.86,-14979.81,97185.83,0.51,107.5,28.1,36.8,-48.81,281.69,44.3,0.7795,0.3385,True,False,False
S2,range_pct >= p85,range_pct,single,range_pct>=0.5338,286,43,15.0,24,19,0,85298.98,64640.29,226.02,0.0,46.5,-16220.26,49177.4,0.86,-16220.26,50764.46,0.98,75.8,0.0,3.1,480.43,266.01,-21.1,192,45,23.4,23,22,0,35906.26,44422.89,231.37,0.0,47.9,-10868.12,56324.9,0.93,-14979.81,97185.83,0.51,123.7,27.4,42.0,-189.26,302.2,65.7,0.5985,0.2505,True,False,False
S2,range_pct >= p90,range_pct,single,range_pct>=0.6069,286,29,10.1,19,10,0,85298.98,42362.36,148.12,0.0,48.3,-16220.26,43198.79,0.55,-16220.26,50764.46,0.98,49.7,0.0,14.9,1480.57,164.83,-35.4,192,28,14.6,11,17,0,35906.26,75729.84,394.43,209.15,54.2,-10868.12,49895.66,1.37,-14979.81,97185.83,0.51,210.9,27.4,48.7,-1422.27,461.77,159.6,0.758,0.0235,True,False,True
S2,range_pct >= p95,range_pct,single,range_pct>=0.7161,286,15,5.2,12,3,0,85298.98,58776.66,205.51,77.63,50.7,-16220.26,56684.3,0.71,-16220.26,50764.46,0.98,68.9,0.0,-11.7,1768.15,216.89,-42.8,192,16,8.3,9,7,0,35906.26,29489.41,153.59,235.13,55.2,-14979.81,90509.92,0.49,-14979.81,97185.83,0.51,82.1,0.0,6.9,401.05,167.55,-11.0,0.9175,0.5885,True,False,False
S2,range_over_premium >= p70,range_over_premium,single,range_over_premium>=0.5472,286,86,30.1,44,42,0,85298.98,78502.68,274.48,0.0,39.5,-16220.26,59132.41,1.27,-16220.26,50764.46,0.98,92.0,0.0,-16.5,79.03,392.51,-24.5,192,59,30.7,30,29,0,35906.26,-1049.52,-5.47,0.0,44.3,-10777.16,48526.22,-0.03,-14979.81,97185.83,0.51,-2.9,28.1,50.1,626.37,-7.89,-52.8,0.5205,0.6845,False,False,False
S2,range_over_premium >= p75,range_over_premium,single,range_over_premium>=0.5877,286,72,25.2,35,37,0,85298.98,89352.91,312.42,0.0,42.7,-16220.26,56275.62,1.4,-16220.26,50764.46,0.98,104.8,0.0,-10.9,-56.3,417.54,-6.1,192,53,27.6,28,25,0,35906.26,-310.64,-1.62,0.0,45.3,-10777.16,52911.35,-0.01,-14979.81,97185.83,0.51,-0.9,28.1,45.6,683.34,-2.23,-55.3,0.4095,0.694,False,False,False
S2,range_over_premium >= p80,range_over_premium,single,range_over_premium>=0.6315,286,58,20.3,26,32,0,85298.98,106115.99,371.03,0.0,45.8,-16220.26,49929.21,1.58,-16220.26,50764.46,0.98,124.4,0.0,1.6,-358.91,465.42,26.0,192,45,23.4,24,21,0,35906.26,9341.39,48.65,0.0,47.4,-10777.16,54394.77,0.27,-14979.81,97185.83,0.51,26.0,28.1,44.0,590.33,63.55,-30.0,0.218,0.618,True,False,False
S2,range_over_premium >= p85,range_over_premium,single,range_over_premium>=0.7059,286,43,15.0,22,21,0,85298.98,76518.08,267.55,0.0,47.2,-16220.26,45755.07,1.07,-16220.26,50764.46,0.98,89.7,0.0,9.9,204.21,314.89,-0.4,192,31,16.1,16,15,0,35906.26,4030.38,20.99,60.16,51.6,-14979.81,70119.88,0.09,-14979.81,97185.83,0.51,11.2,0.0,27.8,1028.25,25.03,-61.0,0.4245,0.7695,True,False,False
S2,range_over_premium >= p90,range_over_premium,single,range_over_premium>=0.8664,286,29,10.1,16,13,0,85298.98,69466.68,242.89,0.0,49.3,-16220.26,57386.5,0.91,-16220.26,50764.46,0.98,81.4,0.0,-13.0,545.94,270.3,-31.6,192,18,9.4,10,8,0,35906.26,-10254.27,-53.41,209.15,54.7,-14979.81,94210.85,-0.19,-14979.81,97185.83,0.51,-28.6,0.0,3.1,2564.47,-58.93,-125.5,0.7325,0.9625,True,False,False
S2,range_over_premium >= p95,range_over_premium,single,range_over_premium>=1.027,286,15,5.2,7,8,0,85298.98,92731.81,324.24,267.43,52.4,-16220.26,52261.37,1.12,-16220.26,50764.46,0.98,108.7,0.0,-2.9,-495.52,342.18,5.8,192,9,4.7,7,2,0,35906.26,-41202.96,-214.6,272.54,56.2,-14979.81,130667.06,-0.7,-14979.81,97185.83,0.51,-114.8,0.0,-34.5,8567.69,-225.15,-249.3,0.368,1.0,True,False,False
S2,move_over_premium >= p70,move_over_premium,single,move_over_premium>=0.2838,286,86,30.1,43,43,0,85298.98,85554.26,299.14,0.0,39.9,-16220.26,35435.72,1.35,-16220.26,50764.46,0.98,100.3,0.0,30.2,-2.97,427.77,30.5,192,57,29.7,36,21,0,35906.26,-22781.34,-118.65,0.0,41.1,-14979.81,67583.83,-0.51,-14979.81,97185.83,0.51,-63.4,0.0,30.5,1029.61,-168.75,-132.9,0.191,0.887,False,False,False
S2,move_over_premium >= p75,move_over_premium,single,move_over_premium>=0.3309,286,72,25.2,36,36,0,85298.98,90478.6,316.36,0.0,42.3,-16220.26,35435.72,1.39,-16220.26,50764.46,0.98,106.1,0.0,30.2,-71.94,422.8,36.3,192,43,22.4,26,17,0,35906.26,-19298.72,-100.51,0.0,46.4,-14979.81,74787.69,-0.42,-14979.81,97185.83,0.51,-53.7,0.0,23.0,1283.84,-129.52,-130.7,0.162,0.907,False,False,False
S2,move_over_premium >= p80,move_over_premium,single,move_over_premium>=0.3921,286,58,20.3,26,32,0,85298.98,115197.94,402.79,0.0,45.8,-16220.26,42111.89,1.72,-16220.26,50764.46,0.98,135.1,0.0,17.0,-515.5,505.25,52.1,192,35,18.2,19,16,0,35906.26,-16996.12,-88.52,13.29,50.0,-14979.81,72694.66,-0.36,-14979.81,97185.83,0.51,-47.3,0.0,25.2,1511.5,-108.26,-122.1,0.0925,0.908,True,True,False
S2,move_over_premium >= p85,move_over_premium,single,move_over_premium>=0.4602,286,43,15.0,18,25,0,85298.98,142810.41,499.34,0.0,48.6,-16220.26,39133.03,1.97,-16220.26,50764.46,0.98,167.4,0.0,22.9,-1337.48,587.7,90.3,192,27,14.1,15,12,0,35906.26,-27088.66,-141.09,72.35,52.1,-14979.81,87972.13,-0.55,-14979.81,97185.83,0.51,-75.4,0.0,9.5,2333.15,-164.17,-165.9,0.009,0.9765,True,True,False
S2,move_over_premium >= p90,move_over_premium,single,move_over_premium>=0.6137,286,29,10.1,11,18,0,85298.98,134345.66,469.74,173.25,51.0,-16220.26,39133.03,1.78,-16220.26,50764.46,0.98,157.5,0.0,22.9,-1691.26,522.75,80.4,192,18,9.4,11,7,0,35906.26,-34627.83,-180.35,165.46,54.2,-14979.81,93227.32,-0.65,-14979.81,97185.83,0.51,-96.4,0.0,4.1,3918.56,-199.01,-192.3,0.0115,0.9985,True,True,False
S2,move_over_premium >= p95,move_over_premium,single,move_over_premium>=0.726,286,15,5.2,7,8,0,85298.98,96925.82,338.9,267.43,52.4,-16220.26,50764.46,1.22,-16220.26,50764.46,0.98,113.6,0.0,0.0,-775.12,357.66,13.6,192,10,5.2,6,4,0,35906.26,-22440.51,-116.88,326.09,56.8,-14979.81,113984.25,-0.38,-14979.81,97185.83,0.51,-62.5,0.0,-17.3,5834.68,-123.3,-179.8,0.276,0.998,True,False,False
S2,ce_pe_imb_abs >= p70,ce_pe_imb_abs,single,ce_pe_imb_abs>=0.131,286,85,29.7,42,43,0,85298.98,41220.55,144.13,0.0,40.2,-16220.26,43005.65,0.61,-16220.26,50764.46,0.98,48.3,0.0,15.3,518.57,205.08,-36.4,192,57,29.7,35,22,0,35906.26,35663.36,185.75,0.0,41.7,-12470.69,48344.88,0.57,-14979.81,97185.83,0.51,99.3,16.8,50.3,4.26,264.17,49.6,0.596,0.317,False,False,False
S2,ce_pe_imb_abs >= p75,ce_pe_imb_abs,single,ce_pe_imb_abs>=0.1484,286,72,25.2,35,37,0,85298.98,73325.26,256.38,0.0,42.7,-16220.26,43327.2,1.0,-16220.26,50764.46,0.98,86.0,0.0,14.7,166.3,342.64,0.7,192,45,23.4,28,17,0,35906.26,16894.92,87.99,0.0,45.3,-14979.81,68022.94,0.26,-14979.81,97185.83,0.51,47.1,0.0,30.0,422.47,114.93,-22.9,0.3665,0.59,False,False,False
S2,ce_pe_imb_abs >= p80,ce_pe_imb_abs,single,ce_pe_imb_abs>=0.1726,286,58,20.3,29,29,0,85298.98,54063.85,189.03,0.0,44.8,-16220.26,43327.2,0.7,-16220.26,50764.46,0.98,63.4,0.0,14.7,538.54,237.12,-21.9,192,34,17.7,22,12,0,35906.26,7500.39,39.06,0.0,48.4,-14979.81,80862.16,0.11,-14979.81,97185.83,0.51,20.9,0.0,16.8,835.47,47.47,-62.3,0.568,0.7525,True,False,False
S2,ce_pe_imb_abs >= p85,ce_pe_imb_abs,single,ce_pe_imb_abs>=0.1984,286,43,15.0,21,22,0,85298.98,69162.18,241.83,0.0,47.6,-16220.26,56684.3,0.84,-16220.26,50764.46,0.98,81.1,0.0,-11.7,375.27,284.62,-30.6,192,25,13.0,17,8,0,35906.26,8841.03,46.05,51.39,51.0,-14979.81,90360.11,0.13,-14979.81,97185.83,0.51,24.6,0.0,7.0,1082.61,52.94,-68.4,0.6705,0.809,True,False,False
S2,ce_pe_imb_abs >= p90,ce_pe_imb_abs,single,ce_pe_imb_abs>=0.2282,286,29,10.1,15,14,0,85298.98,64061.15,223.99,0.0,49.7,-16220.26,56684.3,0.76,-16220.26,50764.46,0.98,75.1,0.0,-11.7,732.34,249.27,-36.6,192,15,7.8,10,5,0,35906.26,18528.36,96.5,209.15,54.7,-14979.81,98806.05,0.27,-14979.81,97185.83,0.51,51.6,0.0,-1.7,1158.53,104.68,-50.1,0.7745,0.805,True,False,False
S2,ce_pe_imb_abs >= p95,ce_pe_imb_abs,single,ce_pe_imb_abs>=0.2836,286,15,5.2,8,7,0,85298.98,75552.48,264.17,247.99,52.1,-16220.26,56684.3,0.89,-16220.26,50764.46,0.98,88.6,0.0,-11.7,649.77,278.79,-23.1,192,6,3.1,5,1,0,35906.26,19128.53,99.63,383.15,57.3,-14979.81,97185.83,0.28,-14979.81,97185.83,0.51,53.3,0.0,0.0,2796.29,102.84,-46.7,0.752,0.89,True,False,False
S2,prev_range_pct >= p70,prev_range_pct,single,prev_range_pct>=1.063,286,85,29.7,48,37,0,85298.98,35890.58,125.49,0.0,38.1,-12249.36,45011.88,0.52,-16220.26,50764.46,0.98,42.1,24.5,11.3,581.28,178.56,-46.6,192,66,34.4,38,28,0,35906.26,19839.13,103.33,0.0,40.1,-10868.12,80766.91,0.42,-14979.81,97185.83,0.51,55.3,27.4,16.9,243.44,157.45,-27.8,0.6595,0.5825,False,False,False
S2,prev_range_pct >= p75,prev_range_pct,single,prev_range_pct>=1.137,286,71,24.8,44,27,0,85298.98,-6288.43,-21.99,0.0,39.5,-16220.26,69003.54,-0.09,-16220.26,50764.46,0.98,-7.4,0.0,-35.9,1289.96,-29.25,-143.3,192,58,30.2,32,26,0,35906.26,28195.71,146.85,0.0,43.2,-10868.12,74562.21,0.58,-14979.81,97185.83,0.51,78.5,27.4,23.3,132.94,210.42,1.8,0.981,0.4845,True,False,False
S2,prev_range_pct >= p80,prev_range_pct,single,prev_range_pct>=1.214,286,58,20.3,39,19,0,85298.98,-8066.03,-28.2,0.0,41.3,-16220.26,69407.7,-0.11,-16220.26,50764.46,0.98,-9.5,0.0,-36.7,1609.74,-35.38,-146.2,192,49,25.5,27,22,0,35906.26,34314.73,178.72,0.0,45.8,-10868.12,68680.48,0.68,-14979.81,97185.83,0.51,95.6,27.4,29.3,32.48,239.96,24.9,0.993,0.4045,True,False,False
S2,prev_range_pct >= p85,prev_range_pct,single,prev_range_pct>=1.363,286,43,15.0,31,12,0,85298.98,-7373.2,-25.78,0.0,44.1,-16220.26,66170.22,-0.1,-16220.26,50764.46,0.98,-8.6,0.0,-30.3,2155.17,-30.34,-138.9,192,35,18.2,20,15,0,35906.26,48836.64,254.36,0.0,49.5,-12470.69,64358.11,0.84,-14979.81,97185.83,0.51,136.0,16.8,33.8,-369.44,311.06,69.8,0.9975,0.2125,True,False,False
S2,prev_range_pct >= p90,prev_range_pct,single,prev_range_pct>=1.495,286,29,10.1,22,7,0,85298.98,2789.31,9.75,0.0,47.2,-16220.26,74188.0,0.04,-16220.26,50764.46,0.98,3.3,0.0,-46.1,2845.16,10.85,-142.8,192,27,14.1,16,11,0,35906.26,41424.36,215.75,86.58,51.6,-12470.69,72277.13,0.7,-14979.81,97185.83,0.51,115.4,16.8,25.6,-204.37,251.06,41.0,1.0,0.3165,True,False,False
S2,prev_range_pct >= p95,prev_range_pct,single,prev_range_pct>=1.879,286,15,5.2,11,4,0,85298.98,41882.75,146.44,224.01,51.0,-16220.26,66170.22,0.51,-16220.26,50764.46,0.98,49.1,0.0,-30.3,2894.42,154.55,-81.2,192,14,7.3,8,6,0,35906.26,56705.51,295.34,272.54,55.7,-14979.81,70582.17,0.83,-14979.81,97185.83,0.51,157.9,0.0,27.4,-1485.66,318.57,85.3,0.995,0.0785,True,False,True
S2,premium_pct >= p70,premium_pct,single,premium_pct>=1.104,286,85,29.7,51,34,0,85298.98,37420.29,130.84,0.0,37.1,-16220.26,45487.82,0.49,-16220.26,50764.46,0.98,43.9,0.0,10.4,563.28,186.17,-45.7,192,71,37.0,41,30,0,35906.26,56474.37,294.14,0.0,38.5,-14979.81,65470.9,0.85,-14979.81,97185.83,0.51,157.3,0.0,32.6,-289.69,466.73,89.9,0.654,0.2095,False,False,False
S2,premium_pct >= p75,premium_pct,single,premium_pct>=1.18,286,71,24.8,45,26,0,85298.98,26782.64,93.65,0.0,39.2,-16220.26,45239.18,0.35,-16220.26,50764.46,0.98,31.4,0.0,10.9,824.17,124.57,-57.7,192,60,31.2,32,28,0,35906.26,59277.88,308.74,0.0,43.2,-14979.81,69992.63,0.89,-14979.81,97185.83,0.51,165.1,0.0,28.0,-389.53,449.07,93.1,0.7625,0.192,True,False,False
S2,premium_pct >= p80,premium_pct,single,premium_pct>=1.277,286,58,20.3,39,19,0,85298.98,30569.6,106.89,0.0,41.3,-16220.26,50847.56,0.39,-16220.26,50764.46,0.98,35.8,0.0,-0.2,943.61,134.08,-64.4,192,53,27.6,29,24,0,35906.26,47699.08,248.43,0.0,44.8,-14979.81,71759.71,0.71,-14979.81,97185.83,0.51,132.8,0.0,26.2,-222.51,343.16,59.0,0.8255,0.2805,True,False,False
S2,premium_pct >= p85,premium_pct,single,premium_pct>=1.368,286,43,15.0,30,13,0,85298.98,28484.36,99.6,0.0,44.4,-16220.26,61517.97,0.36,-16220.26,50764.46,0.98,33.4,0.0,-21.2,1321.27,117.22,-87.8,192,46,24.0,22,24,0,35906.26,57255.49,298.21,0.0,48.4,-14979.81,67909.24,0.85,-14979.81,97185.83,0.51,159.5,0.0,30.1,-464.11,392.16,89.6,0.9395,0.171,True,False,False
S2,premium_pct >= p90,premium_pct,single,premium_pct>=1.494,286,29,10.1,21,8,0,85298.98,37960.24,132.73,0.0,47.6,-16220.26,60337.1,0.46,-16220.26,50764.46,0.98,44.5,0.0,-18.9,1632.37,147.71,-74.4,192,37,19.3,16,21,0,35906.26,65836.43,342.9,117.06,51.6,-14979.81,63801.1,0.97,-14979.81,97185.83,0.51,183.4,0.0,34.4,-808.92,424.75,117.8,0.9505,0.0995,True,False,True
S2,premium_pct >= p95,premium_pct,single,premium_pct>=1.6,286,15,5.2,10,5,0,85298.98,50955.67,178.17,224.01,51.4,-16220.26,60695.01,0.61,-16220.26,50764.46,0.98,59.7,0.0,-19.6,2289.55,188.03,-59.9,192,28,14.6,13,15,0,35906.26,58627.07,305.35,209.15,53.1,-14979.81,69809.55,0.86,-14979.81,97185.83,0.51,163.3,0.0,28.2,-811.46,357.48,91.5,0.971,0.1235,True,False,False
S2,premium_pctile >= p70,premium_pctile,single,premium_pctile>=0.5596,286,67,23.4,41,26,0,85298.98,32999.86,115.38,0.0,40.6,-16220.26,50903.34,0.42,-16220.26,50764.46,0.98,38.7,0.0,-0.3,780.58,150.68,-61.6,192,93,48.4,56,37,0,35906.26,42093.61,219.24,0.0,30.7,-12470.69,56694.87,0.72,-14979.81,97185.83,0.51,117.2,16.8,41.7,-66.53,425.19,58.9,0.7935,0.2875,True,False,False
S2,premium_pctile >= p75,premium_pctile,single,premium_pctile>=0.5905,286,56,19.6,35,21,0,85298.98,37060.99,129.58,0.0,42.7,-16220.26,57017.58,0.46,-16220.26,50764.46,0.98,43.4,0.0,-12.3,861.39,161.13,-68.9,192,90,46.9,54,36,0,35906.26,33348.18,173.69,0.0,31.8,-12470.69,66551.01,0.56,-14979.81,97185.83,0.51,92.9,16.8,31.5,28.42,326.94,24.4,0.8495,0.397,True,False,False
S2,premium_pctile >= p80,premium_pctile,single,premium_pctile>=0.6388,286,46,16.1,29,17,0,85298.98,34736.85,121.46,0.0,44.8,-16220.26,54612.43,0.43,-16220.26,50764.46,0.98,40.7,0.0,-7.6,1099.18,144.74,-66.9,192,83,43.2,50,33,0,35906.26,26436.39,137.69,0.0,33.9,-14979.81,77760.37,0.43,-14979.81,97185.83,0.51,73.6,0.0,20.0,114.09,242.54,-6.4,0.8735,0.509,True,False,False
S2,premium_pctile >= p85,premium_pctile,single,premium_pctile>=0.7256,286,34,11.9,23,11,0,85298.98,30987.18,108.35,0.0,46.9,-16220.26,57766.78,0.38,-16220.26,50764.46,0.98,36.3,0.0,-13.8,1597.41,122.97,-77.5,192,60,31.2,33,27,0,35906.26,51744.29,269.5,0.0,42.7,-14979.81,71665.1,0.77,-14979.81,97185.83,0.51,144.1,0.0,26.3,-263.97,392.0,70.4,0.944,0.2625,True,False,False
S2,premium_pctile >= p90,premium_pctile,single,premium_pctile>=0.8312,286,23,8.0,15,8,0,85298.98,55285.49,193.31,0.0,49.7,-16220.26,50764.46,0.66,-16220.26,50764.46,0.98,64.8,0.0,0.0,1304.93,210.21,-35.2,192,43,22.4,20,23,0,35906.26,61799.02,321.87,0.0,49.5,-14979.81,63621.61,0.91,-14979.81,97185.83,0.51,172.1,0.0,34.5,-602.16,414.76,106.6,0.795,0.131,True,False,False
S2,premium_pctile >= p95,premium_pctile,single,premium_pctile>=0.9173,286,12,4.2,6,6,0,85298.98,72958.16,255.1,287.01,52.8,-16220.26,50764.46,0.86,-16220.26,50764.46,0.98,85.5,0.0,0.0,1028.4,266.27,-14.5,192,28,14.6,13,15,0,35906.26,58906.84,306.81,209.15,53.1,-14979.81,72595.18,0.87,-14979.81,97185.83,0.51,164.1,0.0,25.3,-821.45,359.19,89.4,0.684,0.1295,True,False,False
S2,premium_pct <= p30,premium_pct_low,single,premium_pct<=0.6953,286,86,30.1,42,44,0,85298.98,108171.18,378.22,0.0,40.2,-16220.26,43079.86,1.58,-16220.26,50764.46,0.98,126.8,0.0,15.1,-265.96,540.86,41.9,192,52,27.1,27,25,0,35906.26,8846.87,46.08,0.0,45.8,-14979.81,45966.29,0.17,-14979.81,97185.83,0.51,24.6,0.0,52.7,520.37,63.19,-22.7,0.146,0.5865,False,False,False
S2,premium_pct <= p25,premium_pct_low,single,premium_pct<=0.6347,286,72,25.2,34,38,0,85298.98,127691.42,446.47,0.0,43.0,-16220.26,36692.49,1.83,-16220.26,50764.46,0.98,149.7,0.0,27.7,-588.78,596.69,77.4,192,44,22.9,22,22,0,35906.26,-7280.53,-37.92,0.0,48.4,-14979.81,60889.4,-0.13,-14979.81,97185.83,0.51,-20.3,0.0,37.3,981.52,-49.19,-83.0,0.038,0.804,False,False,False
S2,premium_pct <= p20,premium_pct_low,single,premium_pct<=0.556,286,58,20.3,27,31,0,85298.98,129983.98,454.49,0.0,45.5,-16220.26,39133.03,1.8,-16220.26,50764.46,0.98,152.4,0.0,22.9,-770.43,570.11,75.3,192,36,18.8,18,18,0,35906.26,13664.25,71.17,37.47,50.5,-14979.81,60889.4,0.24,-14979.81,97185.83,0.51,38.1,0.0,37.3,617.83,87.59,-24.6,0.0345,0.607,True,True,False
S2,premium_pct <= p15,premium_pct_low,single,premium_pct<=0.4979,286,43,15.0,20,23,0,85298.98,98774.59,345.37,0.0,47.9,-16220.26,41718.09,1.29,-16220.26,50764.46,0.98,115.8,0.0,17.8,-313.39,406.48,33.6,192,26,13.5,14,12,0,35906.26,12662.86,65.95,93.06,52.6,-14979.81,73224.22,0.2,-14979.81,97185.83,0.51,35.3,0.0,24.7,893.98,76.28,-40.0,0.172,0.692,True,False,False
S2,premium_pct <= p10,premium_pct_low,single,premium_pct<=0.4091,286,29,10.1,13,16,0,85298.98,104350.49,364.86,28.75,50.3,-16220.26,39133.03,1.31,-16220.26,50764.46,0.98,122.3,0.0,22.9,-656.95,406.03,45.2,192,14,7.3,10,4,0,35906.26,6231.83,32.46,209.15,54.7,-14979.81,90473.51,0.1,-14979.81,97185.83,0.51,17.4,0.0,6.9,2119.6,35.01,-75.7,0.091,0.9005,True,True,False
S2,premium_pct <= p5,premium_pct_low,single,premium_pct<=0.36,286,15,5.2,6,9,0,85298.98,90871.49,317.73,287.01,52.8,-16220.26,39133.03,1.08,-16220.26,50764.46,0.98,106.5,0.0,22.9,-371.5,335.32,29.4,192,6,3.1,3,3,0,35906.26,42427.0,220.97,522.34,58.3,-14979.81,97185.83,0.62,-14979.81,97185.83,0.51,118.2,0.0,0.0,-1086.79,228.1,18.2,0.134,0.3215,True,False,False
S2,premium_pctile <= p30,premium_pctile_low,single,premium_pctile<=0.2073,286,68,23.8,33,35,0,85298.98,88484.96,309.39,0.0,43.4,-16220.26,50764.46,1.2,-16220.26,50764.46,0.98,103.7,0.0,0.0,-46.85,405.89,3.7,192,38,19.8,20,18,0,35906.26,-12654.8,-65.91,0.0,49.5,-14979.81,60889.4,-0.23,-14979.81,97185.83,0.51,-35.2,0.0,37.3,1277.92,-82.17,-97.9,0.3545,0.855,True,False,False
S2,premium_pctile <= p25,premium_pctile_low,single,premium_pctile<=0.1793,286,57,19.9,27,30,0,85298.98,111487.56,389.82,0.0,45.5,-16220.26,50764.46,1.47,-16220.26,50764.46,0.98,130.7,0.0,0.0,-459.45,486.85,30.7,192,35,18.2,18,17,0,35906.26,2796.13,14.56,37.47,50.5,-14979.81,66613.32,0.05,-14979.81,97185.83,0.51,7.8,0.0,31.5,946.0,17.81,-60.7,0.194,0.743,True,False,False
S2,premium_pctile <= p20,premium_pctile_low,single,premium_pctile<=0.1354,286,46,16.1,20,26,0,85298.98,124369.95,434.86,0.0,47.9,-16220.26,50764.46,1.63,-16220.26,50764.46,0.98,145.8,0.0,0.0,-849.37,518.21,45.8,192,20,10.4,13,7,0,35906.26,-1339.59,-6.98,117.06,53.1,-14979.81,78812.43,-0.02,-14979.81,97185.83,0.51,-3.7,0.0,18.9,1862.29,-7.79,-84.8,0.1115,0.8795,True,False,False
S2,premium_pctile <= p15,premium_pctile_low,single,premium_pctile<=0.1022,286,34,11.9,16,18,0,85298.98,98165.85,343.24,0.0,49.3,-16220.26,50764.46,1.23,-16220.26,50764.46,0.98,115.1,0.0,0.0,-378.44,389.55,15.1,192,15,7.8,11,4,0,35906.26,674.24,3.51,165.46,54.2,-14979.81,90473.51,0.01,-14979.81,97185.83,0.51,1.9,0.0,6.9,2348.8,3.81,-91.2,0.309,0.932,True,False,False
S2,premium_pctile <= p10,premium_pctile_low,single,premium_pctile<=0.06818,286,23,8.0,8,15,0,85298.98,110652.26,386.9,247.99,52.1,-16220.26,50764.46,1.37,-16220.26,50764.46,0.98,129.7,0.0,0.0,-1102.32,420.73,29.7,192,13,6.8,10,3,0,35906.26,-480.49,-2.5,209.15,54.7,-14979.81,97185.83,-0.01,-14979.81,97185.83,0.51,-1.3,0.0,0.0,2798.98,-2.68,-101.3,0.168,0.9605,True,False,False
S2,premium_pctile <= p5,premium_pctile_low,single,premium_pctile<=0.03339,286,12,4.2,3,9,0,85298.98,106591.24,372.7,368.02,53.8,-16220.26,50764.46,1.25,-16220.26,50764.46,0.98,125.0,0.0,0.0,-1774.36,389.02,25.0,192,2,1.0,1,1,0,35906.26,39625.11,206.38,582.38,59.4,-14979.81,97185.83,0.57,-14979.81,97185.83,0.51,110.4,0.0,0.0,-1859.42,208.55,10.4,0.1575,0.298,True,False,False
S2,gap_pct >= p70,gap_pct_up,single,gap_pct>=0.1894,286,85,29.7,44,41,0,85298.98,84925.55,296.94,0.0,39.5,-16220.26,41646.72,1.13,-16220.26,50764.46,0.98,99.6,0.0,18.0,4.39,422.52,17.6,192,59,30.7,40,19,0,35906.26,-41958.38,-218.53,0.0,39.1,-14979.81,113870.9,-0.73,-14979.81,97185.83,0.51,-116.9,0.0,-17.2,1319.74,-315.48,-234.1,0.2515,0.9845,False,False,False
S2,gap_pct <= p30,gap_pct_down,single,gap_pct<=-0.09192,286,86,30.1,48,38,0,85298.98,23005.45,80.44,0.0,38.1,-16220.26,44904.74,0.33,-16220.26,50764.46,0.98,27.0,0.0,11.5,724.34,115.03,-61.5,192,80,41.7,41,39,0,35906.26,87588.82,456.19,0.0,38.5,-12470.69,22968.15,1.73,-14979.81,97185.83,0.51,243.9,16.8,76.4,-646.03,782.04,220.3,0.7475,0.021,False,False,True
S2,gap_pct >= p75,gap_pct_up,single,gap_pct>=0.2326,286,71,24.8,35,36,0,85298.98,104269.78,364.58,0.0,42.7,-16220.26,43198.79,1.35,-16220.26,50764.46,0.98,122.2,0.0,14.9,-267.19,484.98,37.1,192,49,25.5,33,16,0,35906.26,-24179.62,-125.94,0.0,42.7,-14979.81,107236.75,-0.41,-14979.81,97185.83,0.51,-67.3,0.0,-10.3,1226.24,-169.09,-177.6,0.155,0.9595,True,False,False
S2,gap_pct <= p25,gap_pct_down,single,gap_pct<=-0.1288,286,72,25.2,41,31,0,85298.98,34290.15,119.9,0.0,40.6,-16220.26,39840.89,0.47,-16220.26,50764.46,0.98,40.2,0.0,21.5,708.46,160.23,-38.3,192,73,38.0,37,36,0,35906.26,87736.99,456.96,0.0,40.6,-12470.69,22968.15,1.73,-14979.81,97185.83,0.51,244.4,16.8,76.4,-710.01,737.29,220.8,0.633,0.0185,False,False,True
S2,gap_pct >= p80,gap_pct_up,single,gap_pct>=0.2743,286,57,19.9,28,29,0,85298.98,94646.19,330.93,0.0,45.1,-16220.26,43198.79,1.21,-16220.26,50764.46,0.98,111.0,0.0,14.9,-163.99,413.3,25.9,192,45,23.4,30,15,0,35906.26,-28417.41,-148.01,0.0,44.3,-14979.81,116523.17,-0.47,-14979.81,97185.83,0.51,-79.1,0.0,-19.9,1429.41,-193.32,-199.0,0.219,0.9795,True,False,False
S2,gap_pct <= p20,gap_pct_down,single,gap_pct<=-0.1646,286,58,20.3,33,25,0,85298.98,32246.76,112.75,0.0,43.4,-16220.26,43811.07,0.43,-16220.26,50764.46,0.98,37.8,0.0,13.7,914.69,141.43,-48.5,192,63,32.8,31,32,0,35906.26,90664.21,472.21,0.0,43.8,-12470.69,32739.99,1.68,-14979.81,97185.83,0.51,252.5,16.8,66.3,-869.17,702.82,218.8,0.7415,0.0205,True,False,True
S2,gap_pct >= p85,gap_pct_up,single,gap_pct>=0.3221,286,42,14.7,20,22,0,85298.98,97272.98,340.12,0.0,47.9,-16220.26,58078.35,1.21,-16220.26,50764.46,0.98,114.0,0.0,-14.4,-285.1,398.66,-0.4,192,36,18.8,22,14,0,35906.26,-15314.45,-79.76,0.0,48.4,-14979.81,114965.64,-0.25,-14979.81,97185.83,0.51,-42.7,0.0,-18.3,1422.8,-98.17,-161.0,0.431,0.9565,True,False,False
S2,gap_pct <= p15,gap_pct_down,single,gap_pct<=-0.271,286,43,15.0,23,20,0,85298.98,50640.1,177.06,0.0,46.9,-16220.26,52242.35,0.64,-16220.26,50764.46,0.98,59.4,0.0,-2.9,806.02,208.4,-43.5,192,45,23.4,23,22,0,35906.26,65381.2,340.53,0.0,47.9,-12470.69,60045.82,1.13,-14979.81,97185.83,0.51,182.1,16.8,38.2,-655.0,444.77,120.3,0.753,0.104,True,False,False
S2,gap_pct >= p90,gap_pct_up,single,gap_pct>=0.399,286,29,10.1,13,16,0,85298.98,103197.73,360.83,28.75,50.3,-16220.26,56290.88,1.24,-16220.26,50764.46,0.98,121.0,0.0,-10.9,-617.2,401.55,10.1,192,29,15.1,18,11,0,35906.26,-3045.72,-15.86,37.47,50.5,-14979.81,116065.08,-0.05,-14979.81,97185.83,0.51,-8.5,0.0,-19.4,1343.17,-18.69,-127.9,0.325,0.9355,True,False,False
S2,gap_pct <= p10,gap_pct_down,single,gap_pct<=-0.3442,286,29,10.1,15,14,0,85298.98,53779.47,188.04,0.0,49.7,-16220.26,52242.35,0.67,-16220.26,50764.46,0.98,63.0,0.0,-2.9,1086.88,209.26,-39.9,192,40,20.8,18,22,0,35906.26,89603.87,466.69,37.47,50.5,-12470.69,49538.83,1.51,-14979.81,97185.83,0.51,249.5,16.8,49.0,-1342.44,589.5,198.5,0.795,0.0155,True,False,True
S2,gap_pct >= p95,gap_pct_up,single,gap_pct>=0.6362,286,15,5.2,6,9,0,85298.98,94048.83,328.84,287.01,52.8,-16220.26,56290.88,1.11,-16220.26,50764.46,0.98,110.3,0.0,-10.9,-583.32,347.04,-0.6,192,18,9.4,13,5,0,35906.26,-11650.56,-60.68,135.94,53.1,-14979.81,127535.39,-0.18,-14979.81,97185.83,0.51,-32.4,0.0,-31.2,2642.05,-66.96,-163.6,0.4615,0.9895,True,False,False
S2,gap_pct <= p5,gap_pct_down,single,gap_pct<=-0.4505,286,15,5.2,8,7,0,85298.98,76745.64,268.34,247.99,52.1,-16220.26,55889.59,0.91,-16220.26,50764.46,0.98,90.0,0.0,-10.1,570.22,283.19,-20.1,192,32,16.7,14,18,0,35906.26,78232.21,407.46,117.06,52.6,-12470.69,52943.49,1.28,-14979.81,97185.83,0.51,217.9,16.8,45.5,-1322.69,488.95,163.4,0.714,0.0275,True,False,True
S2,move_pct >= p70,move_pct_up,single,move_pct>=0.1091,286,86,30.1,44,42,0,85298.98,105612.89,369.28,0.0,39.5,-16220.26,55424.66,1.39,-16220.26,50764.46,0.98,123.8,0.0,-9.2,-236.21,528.06,14.6,192,58,30.2,34,24,0,35906.26,42537.43,221.55,0.0,42.2,-12470.69,57934.32,0.7,-14979.81,97185.83,0.51,118.5,16.8,40.4,-114.33,317.44,58.9,0.2705,0.2885,False,False,False
S2,move_pct <= p30,move_pct_down,single,move_pct<=-0.1462,286,86,30.1,49,37,0,85298.98,30996.05,108.38,0.0,37.8,-16220.26,37545.47,0.46,-16220.26,50764.46,0.98,36.3,0.0,26.0,631.43,154.98,-37.7,192,58,30.2,34,24,0,35906.26,-6518.75,-33.95,0.0,42.2,-14979.81,59067.15,-0.14,-14979.81,97185.83,0.51,-18.2,0.0,39.2,731.47,-48.65,-79.0,0.609,0.7605,False,False,False
S2,move_pct >= p75,move_pct_up,single,move_pct>=0.1248,286,72,25.2,38,34,0,85298.98,101689.28,355.56,0.0,41.6,-16220.26,47168.79,1.32,-16220.26,50764.46,0.98,119.2,0.0,7.1,-227.64,475.18,26.3,192,54,28.1,32,22,0,35906.26,44392.25,231.21,0.0,43.2,-12470.69,56114.37,0.73,-14979.81,97185.83,0.51,123.6,16.8,42.3,-157.15,321.68,65.9,0.211,0.2705,False,False,False
S2,move_pct <= p25,move_pct_down,single,move_pct<=-0.1707,286,72,25.2,42,30,0,85298.98,35841.42,125.32,0.0,40.2,-16220.26,37633.47,0.53,-16220.26,50764.46,0.98,42.0,0.0,25.9,686.91,167.48,-32.1,192,51,26.6,29,22,0,35906.26,17786.45,92.64,0.0,44.8,-14979.81,49899.52,0.36,-14979.81,97185.83,0.51,49.5,0.0,48.7,355.29,126.15,-1.8,0.596,0.504,False,False,False
S2,move_pct >= p80,move_pct_up,single,move_pct>=0.1761,286,58,20.3,31,27,0,85298.98,111228.88,388.91,0.0,44.1,-16220.26,42334.66,1.42,-16220.26,50764.46,0.98,130.4,0.0,16.6,-447.07,487.85,47.0,192,43,22.4,25,18,0,35906.26,38003.73,197.94,0.0,46.9,-14979.81,75660.73,0.59,-14979.81,97185.83,0.51,105.8,0.0,22.1,-48.78,255.06,27.9,0.1165,0.3885,True,False,False
S2,move_pct <= p20,move_pct_down,single,move_pct<=-0.2251,286,58,20.3,33,25,0,85298.98,42595.51,148.94,0.0,43.4,-16220.26,42685.53,0.62,-16220.26,50764.46,0.98,49.9,0.0,15.9,736.27,186.82,-34.2,192,38,19.8,22,16,0,35906.26,4015.98,20.92,0.0,48.4,-14979.81,65297.34,0.08,-14979.81,97185.83,0.51,11.2,0.0,32.8,839.22,26.08,-56.0,0.6505,0.724,True,False,False
S2,move_pct >= p85,move_pct_up,single,move_pct>=0.2219,286,43,15.0,23,20,0,85298.98,100183.12,350.29,0.0,46.9,-16220.26,53966.09,1.25,-16220.26,50764.46,0.98,117.4,0.0,-6.3,-346.14,412.28,11.1,192,35,18.2,21,14,0,35906.26,27569.74,143.59,0.0,49.0,-14979.81,88350.01,0.42,-14979.81,97185.83,0.51,76.8,0.0,9.1,238.19,175.6,-14.1,0.3185,0.567,True,False,False
S2,move_pct <= p15,move_pct_down,single,move_pct<=-0.2754,286,43,15.0,24,19,0,85298.98,49649.42,173.6,0.0,46.5,-16220.26,41208.22,0.69,-16220.26,50764.46,0.98,58.2,0.0,18.8,829.06,204.32,-23.0,192,31,16.1,16,15,0,35906.26,25095.32,130.7,93.06,51.6,-14979.81,55187.41,0.47,-14979.81,97185.83,0.51,69.9,0.0,43.2,348.74,155.87,13.1,0.609,0.4465,True,False,False
S2,move_pct >= p90,move_pct_up,single,move_pct>=0.2782,286,29,10.1,12,17,0,85298.98,124492.1,435.29,77.63,50.7,-16220.26,50330.87,1.54,-16220.26,50764.46,0.98,145.9,0.0,0.9,-1351.49,484.41,46.8,192,23,12.0,13,10,0,35906.26,15204.66,79.19,135.94,53.1,-14979.81,108694.6,0.23,-14979.81,97185.83,0.51,42.3,0.0,-11.8,900.07,89.97,-69.5,0.082,0.8255,True,True,False
S2,move_pct <= p10,move_pct_down,single,move_pct<=-0.3267,286,29,10.1,15,14,0,85298.98,60710.68,212.28,0.0,49.7,-16220.26,49586.23,0.82,-16220.26,50764.46,0.98,71.2,0.0,2.3,847.87,236.23,-26.5,192,25,13.0,13,12,0,35906.26,33744.44,175.75,165.46,53.1,-14979.81,54344.09,0.62,-14979.81,97185.83,0.51,94.0,0.0,44.1,86.47,202.06,38.1,0.693,0.321,True,False,False
S2,move_pct >= p95,move_pct_up,single,move_pct>=0.4542,286,15,5.2,7,8,0,85298.98,105816.98,369.99,267.43,52.4,-16220.26,50764.46,1.26,-16220.26,50764.46,0.98,124.1,0.0,0.0,-1367.87,390.47,24.1,192,6,3.1,4,2,0,35906.26,16996.25,88.52,522.34,57.8,-14979.81,116047.5,0.25,-14979.81,97185.83,0.51,47.3,0.0,-19.4,3151.67,91.38,-72.1,0.1735,0.9555,True,False,False
S2,move_pct <= p5,move_pct_down,single,move_pct<=-0.4178,286,15,5.2,10,5,0,85298.98,43464.95,151.98,224.01,51.4,-16220.26,49586.23,0.54,-16220.26,50764.46,0.98,51.0,0.0,2.3,2788.94,160.39,-46.7,192,17,8.9,8,9,0,35906.26,28896.36,150.5,272.54,55.7,-14979.81,69108.14,0.5,-14979.81,97185.83,0.51,80.5,0.0,28.9,412.35,165.12,9.4,0.9375,0.467,True,False,False
S2,ce_pe_imb >= p70,ce_pe_imb_up,single,ce_pe_imb>=0.1083,286,85,29.7,40,45,0,85298.98,76217.98,266.5,0.0,40.9,-16220.26,45957.83,0.98,-16220.26,50764.46,0.98,89.4,0.0,9.5,106.84,379.19,-1.1,192,58,30.2,35,23,0,35906.26,23262.87,121.16,0.0,41.7,-14979.81,71918.35,0.37,-14979.81,97185.83,0.51,64.8,0.0,26.0,217.99,173.6,-9.2,0.378,0.5235,False,False,False
S2,ce_pe_imb <= p30,ce_pe_imb_down,single,ce_pe_imb<=0.01113,286,86,30.1,51,35,0,85298.98,52532.4,183.68,0.0,37.1,-16220.26,38799.31,0.82,-16220.26,50764.46,0.98,61.6,0.0,23.6,381.01,262.66,-14.8,192,70,36.5,40,30,0,35906.26,36204.2,188.56,0.0,39.1,-12470.69,66510.12,0.8,-14979.81,97185.83,0.51,100.8,16.8,31.6,-4.26,296.76,32.4,0.464,0.3785,False,False,False
S2,ce_pe_imb >= p75,ce_pe_imb_up,single,ce_pe_imb>=0.1212,286,71,24.8,35,36,0,85298.98,63979.84,223.71,0.0,42.7,-16220.26,47557.75,0.81,-16220.26,50764.46,0.98,75.0,0.0,6.3,300.27,297.58,-18.7,192,53,27.6,33,20,0,35906.26,18565.28,96.69,0.0,42.7,-14979.81,83448.21,0.29,-14979.81,97185.83,0.51,51.7,0.0,14.1,327.19,133.56,-34.2,0.504,0.6215,True,False,False
S2,ce_pe_imb <= p25,ce_pe_imb_down,single,ce_pe_imb<=-0.008238,286,72,25.2,43,29,0,85298.98,69766.88,243.94,0.0,39.9,-16220.26,38530.84,1.04,-16220.26,50764.46,0.98,81.8,0.0,24.1,215.72,326.01,5.9,192,62,32.3,36,26,0,35906.26,30591.25,159.33,0.0,41.1,-12470.69,74004.48,0.67,-14979.81,97185.83,0.51,85.2,16.8,23.9,85.73,235.32,9.1,0.3345,0.464,False,False,False
S2,ce_pe_imb >= p80,ce_pe_imb_up,single,ce_pe_imb>=0.1473,286,58,20.3,30,28,0,85298.98,65115.94,227.68,0.0,44.4,-16220.26,47557.75,0.81,-16220.26,50764.46,0.98,76.3,0.0,6.3,347.98,285.6,-17.4,192,39,20.3,26,13,0,35906.26,-4027.32,-20.98,0.0,46.4,-14979.81,83765.44,-0.06,-14979.81,97185.83,0.51,-11.2,0.0,13.8,1023.94,-26.32,-97.4,0.532,0.854,True,False,False
S2,ce_pe_imb <= p20,ce_pe_imb_down,single,ce_pe_imb<=-0.02894,286,58,20.3,35,23,0,85298.98,51000.24,178.32,0.0,42.7,-16220.26,48295.96,0.73,-16220.26,50764.46,0.98,59.8,0.0,4.9,591.36,223.69,-35.3,192,48,25.0,26,22,0,35906.26,21359.1,111.25,0.0,46.4,-12470.69,86084.28,0.45,-14979.81,97185.83,0.51,59.5,16.8,11.4,303.07,148.33,-29.1,0.6555,0.608,True,False,False
S2,ce_pe_imb >= p85,ce_pe_imb_up,single,ce_pe_imb>=0.1804,286,43,15.0,22,21,0,85298.98,58158.27,203.35,0.0,47.2,-16220.26,50764.46,0.7,-16220.26,50764.46,0.98,68.2,0.0,0.0,631.18,239.33,-31.8,192,26,13.5,19,7,0,35906.26,-8680.93,-45.21,13.29,50.0,-14979.81,98806.05,-0.13,-14979.81,97185.83,0.51,-24.2,0.0,-1.7,1714.89,-52.29,-125.9,0.678,0.9375,True,False,False
S2,ce_pe_imb <= p15,ce_pe_imb_down,single,ce_pe_imb<=-0.05894,286,43,15.0,24,19,0,85298.98,50695.65,177.26,0.0,46.5,-16220.26,48295.96,0.7,-16220.26,50764.46,0.98,59.4,0.0,4.9,804.73,208.62,-35.7,192,32,16.7,15,17,0,35906.26,57853.51,301.32,72.35,52.1,-12470.69,81765.59,1.06,-14979.81,97185.83,0.51,161.1,16.8,15.9,-685.85,361.58,77.0,0.7065,0.19,True,False,False
S2,ce_pe_imb >= p90,ce_pe_imb_up,single,ce_pe_imb>=0.2156,286,29,10.1,17,12,0,85298.98,55847.39,195.27,0.0,49.0,-16220.26,50764.46,0.66,-16220.26,50764.46,0.98,65.5,0.0,0.0,1015.57,217.31,-34.5,192,20,10.4,15,5,0,35906.26,-7297.78,-38.01,72.35,52.1,-14979.81,98806.05,-0.11,-14979.81,97185.83,0.51,-20.3,0.0,-1.7,2160.2,-42.43,-122.0,0.751,0.953,True,False,False
S2,ce_pe_imb <= p10,ce_pe_imb_down,single,ce_pe_imb<=-0.1051,286,29,10.1,17,12,0,85298.98,45091.16,157.66,0.0,49.0,-16220.26,52405.17,0.6,-16220.26,50764.46,0.98,52.9,0.0,-3.2,1386.48,175.45,-50.3,192,16,8.3,7,9,0,35906.26,80710.37,420.37,272.54,56.2,-12470.69,59792.41,1.23,-14979.81,97185.83,0.51,224.8,16.8,38.5,-2800.26,458.58,163.3,0.858,0.003,True,False,True
S2,ce_pe_imb >= p95,ce_pe_imb_up,single,ce_pe_imb>=0.2657,286,15,5.2,10,5,0,85298.98,69028.99,241.36,224.01,51.4,-16220.26,50764.46,0.8,-16220.26,50764.46,0.98,80.9,0.0,0.0,1084.67,254.72,-19.1,192,7,3.6,6,1,0,35906.26,18022.66,93.87,326.09,56.8,-14979.81,97185.83,0.26,-14979.81,97185.83,0.51,50.2,0.0,0.0,2554.8,97.42,-49.8,0.7045,0.883,True,False,False
S2,ce_pe_imb <= p5,ce_pe_imb_down,single,ce_pe_imb<=-0.1492,286,15,5.2,6,9,0,85298.98,92988.45,325.13,287.01,52.8,-16220.26,46533.91,1.16,-16220.26,50764.46,0.98,109.0,0.0,8.3,-512.63,343.13,17.3,192,7,3.6,2,5,0,35906.26,58595.58,305.19,550.79,58.9,-14979.81,76219.37,0.85,-14979.81,97185.83,0.51,163.2,0.0,21.6,-3241.33,316.73,84.8,0.2345,0.018,True,False,True
S2,expiry day,is_expiry,single,is_expiry>=1,286,61,21.3,31,30,0,85298.98,65148.99,227.79,0.0,44.1,-11766.07,31496.8,1.17,-16220.26,50764.46,0.98,76.4,27.5,38.0,330.33,289.55,14.4,192,41,21.4,22,19,0,35906.26,-18937.82,-98.63,0.0,48.4,-10777.16,63487.0,-0.55,-14979.81,97185.83,0.51,-52.7,28.1,34.7,1337.66,-125.42,-118.0,0.2835,0.892,True,False,False
S2,day is Mon,dow,single,dow==Mon,286,59,20.6,35,24,0,85298.98,89403.74,312.6,0.0,42.7,-16220.26,47085.22,1.09,-16220.26,50764.46,0.98,104.8,0.0,7.2,-69.57,393.85,12.0,192,38,19.8,22,16,0,35906.26,49303.43,256.79,0.0,48.4,-12470.69,77247.0,0.79,-14979.81,97185.83,0.51,137.3,16.8,20.5,-352.56,320.15,57.8,0.3095,0.2685,True,False,False
S2,day is Tue,dow,single,dow==Tue,286,58,20.3,31,27,0,85298.98,79013.37,276.27,0.0,44.1,-16220.26,46506.42,0.99,-16220.26,50764.46,0.98,92.6,0.0,8.4,108.37,346.55,1.0,192,38,19.8,21,17,0,35906.26,-23488.74,-122.34,0.0,49.0,-14979.81,68036.15,-0.55,-14979.81,97185.83,0.51,-65.4,0.0,30.0,1563.03,-152.52,-135.4,0.3925,0.927,True,False,False
S2,day is Wed,dow,single,dow==Wed,286,55,19.2,31,24,0,85298.98,8676.5,30.34,0.0,44.1,-16220.26,62615.52,0.11,-16220.26,50764.46,0.98,10.2,0.0,-23.3,1393.14,37.56,-113.1,192,41,21.4,27,14,0,35906.26,36265.47,188.88,0.0,45.8,-14979.81,84621.11,0.52,-14979.81,97185.83,0.51,101.0,0.0,12.9,-8.76,240.17,13.9,0.97,0.447,True,False,False
S2,day is Thu,dow,single,dow==Thu,286,58,20.3,28,30,0,85298.98,97648.47,341.43,0.0,45.1,-11766.07,27800.03,1.53,-16220.26,50764.46,0.98,114.5,27.5,45.2,-212.92,428.28,59.7,192,37,19.3,22,15,0,35906.26,53434.99,278.31,0.0,48.4,-14979.81,69616.79,0.78,-14979.81,97185.83,0.51,148.8,0.0,28.4,-473.75,344.74,77.2,0.07,0.197,True,True,False
S2,day is Fri,dow,single,dow==Fri,286,56,19.6,32,24,0,85298.98,66453.84,232.36,0.0,43.7,-16220.26,55389.63,0.8,-16220.26,50764.46,0.98,77.9,0.0,-9.1,336.52,288.93,-31.2,192,38,19.8,23,15,0,35906.26,28109.89,146.41,0.0,47.9,-14979.81,103088.76,0.41,-14979.81,97185.83,0.51,78.3,0.0,-6.1,205.17,182.53,-27.8,0.638,0.6165,True,False,False
S2,expiry & move_abs >= p75,combo,combo,is_expiry>=1; move_abs_pct>=0.2754,286,16,5.6,8,8,0,85298.98,76505.6,267.5,247.99,52.1,-16220.26,52261.37,1.03,-16220.26,50764.46,0.98,89.7,0.0,-2.9,549.59,283.35,-13.2,192,18,9.4,8,10,0,35906.26,-252.93,-1.32,235.13,55.7,-14979.81,80856.39,-0.0,-14979.81,97185.83,0.51,-0.7,0.0,16.8,2008.84,-1.45,-83.9,0.6185,0.892,True,False,False
S2,expiry & gap_abs >= p75,combo,combo,is_expiry>=1; gap_abs_pct>=0.335,286,13,4.5,7,6,0,85298.98,68191.87,238.43,267.43,52.4,-16220.26,55889.59,0.84,-16220.26,50764.46,0.98,79.9,0.0,-10.1,1315.93,249.79,-30.2,192,14,7.3,6,8,0,35906.26,20892.91,108.82,326.09,56.8,-12470.69,90087.88,0.39,-14979.81,97185.83,0.51,58.2,16.8,7.3,1072.38,117.38,-34.5,0.849,0.733,True,False,False
S2,gap_abs >= p75 & premium_pct >= p75,combo,combo,gap_abs_pct>=0.335; premium_pct>=1.18,286,18,6.3,11,7,0,85298.98,66843.56,233.72,173.25,51.0,-16220.26,55886.72,0.8,-16220.26,50764.46,0.98,78.4,0.0,-10.1,1025.3,249.42,-31.7,192,33,17.2,14,19,0,35906.26,70780.07,368.65,135.94,52.6,-14979.81,70946.84,1.05,-14979.81,97185.83,0.51,197.1,0.0,27.0,-1056.78,445.16,124.1,0.798,0.076,True,False,True
S2,range >= p75 & move_abs >= p75,combo,combo,range_pct>=0.459; move_abs_pct>=0.2754,286,56,19.6,28,28,0,85298.98,83891.85,293.33,0.0,45.1,-16220.26,37887.66,1.25,-16220.26,50764.46,0.98,98.4,0.0,25.4,25.13,364.75,23.8,192,39,20.3,21,18,0,35906.26,20393.36,106.22,0.0,49.0,-14979.81,73603.06,0.39,-14979.81,97185.83,0.51,56.8,0.0,24.3,397.77,133.29,-18.9,0.239,0.5815,True,False,False
S2,premium extreme(>=p75) & ce_pe_imb_abs >= p75,combo,combo,premium_pct>=1.18; ce_pe_imb_abs>=0.1484,286,6,2.1,3,3,0,85298.98,81824.18,286.1,368.02,53.8,-16220.26,50764.46,0.95,-16220.26,50764.46,0.98,95.9,0.0,0.0,579.13,292.23,-4.1,192,5,2.6,4,1,0,35906.26,32398.01,168.74,469.87,57.8,-14979.81,94400.2,0.46,-14979.81,97185.83,0.51,90.2,0.0,2.9,701.65,173.25,-6.9,0.5365,0.5885,False,False,False
S2,gap_abs >= p75 & move_abs >= p75,combo,combo,gap_abs_pct>=0.335; move_abs_pct>=0.2754,286,23,8.0,11,12,0,85298.98,67413.03,235.71,173.25,51.0,-16220.26,50360.3,0.87,-16220.26,50764.46,0.98,79.0,0.0,0.8,777.65,256.32,-20.2,192,23,12.0,10,13,0,35906.26,20707.57,107.85,232.7,54.7,-14979.81,90751.33,0.36,-14979.81,97185.83,0.51,57.7,0.0,6.6,660.81,122.53,-35.7,0.657,0.6815,True,False,False
S2,expiry & move_abs >= p85,combo,combo,is_expiry>=1; move_abs_pct>=0.3809,286,9,3.1,5,4,0,85298.98,71819.59,251.12,320.46,53.1,-16220.26,52261.37,0.89,-16220.26,50764.46,0.98,84.2,0.0,-2.9,1497.71,259.28,-18.7,192,9,4.7,6,3,0,35906.26,-18938.22,-98.64,326.09,56.8,-14979.81,111149.91,-0.33,-14979.81,97185.83,0.51,-52.7,0.0,-14.4,6093.83,-103.49,-167.1,0.7775,0.999,False,False,False
S2,expiry & gap_abs >= p85,combo,combo,is_expiry>=1; gap_abs_pct>=0.4291,286,8,2.8,3,5,0,85298.98,92750.36,324.3,368.02,53.8,-16220.26,55889.59,1.09,-16220.26,50764.46,0.98,108.7,0.0,-10.1,-931.42,333.63,-1.4,192,12,6.2,5,7,0,35906.26,24881.61,129.59,383.15,57.3,-12470.69,93210.45,0.44,-14979.81,97185.83,0.51,69.3,16.8,4.1,918.72,138.23,-26.6,0.4745,0.695,False,False,False
S2,gap_abs >= p85 & premium_pct >= p85,combo,combo,gap_abs_pct>=0.4291; premium_pct>=1.368,286,9,3.1,6,3,0,85298.98,81739.22,285.8,287.01,52.8,-16220.26,56290.88,0.96,-16220.26,50764.46,0.98,95.8,0.0,-10.9,395.53,295.09,-15.1,192,26,13.5,10,16,0,35906.26,58983.34,307.2,235.13,54.7,-14979.81,72711.33,0.86,-14979.81,97185.83,0.51,164.3,0.0,25.2,-887.58,355.32,89.5,0.721,0.1225,False,False,False
S2,range >= p85 & move_abs >= p85,combo,combo,range_pct>=0.5338; move_abs_pct>=0.3809,286,33,11.5,17,16,0,85298.98,86517.57,302.51,0.0,49.0,-16220.26,43198.79,1.13,-16220.26,50764.46,0.98,101.4,0.0,14.9,-36.93,341.97,16.3,192,24,12.5,13,11,0,35906.26,15588.66,81.19,165.46,53.1,-14979.81,90647.22,0.28,-14979.81,97185.83,0.51,43.4,0.0,6.7,846.57,92.79,-49.9,0.296,0.7425,True,False,False
S2,premium extreme(>=p85) & ce_pe_imb_abs >= p85,combo,combo,premium_pct>=1.368; ce_pe_imb_abs>=0.1984,286,0,0.0,0,0,0,85298.98,85298.98,298.25,453.93,54.9,-16220.26,50764.46,0.98,-16220.26,50764.46,0.98,100.0,0.0,0.0,,298.25,0.0,192,0,0.0,0,0,0,35906.26,35906.26,187.01,599.78,59.9,-14979.81,97185.83,0.51,-14979.81,97185.83,0.51,100.0,0.0,0.0,,187.01,0.0,,,False,False,False
S2,gap_abs >= p85 & move_abs >= p85,combo,combo,gap_abs_pct>=0.4291; move_abs_pct>=0.3809,286,9,3.1,3,6,0,85298.98,116115.76,406.0,368.02,53.8,-16220.26,50764.46,1.39,-16220.26,50764.46,0.98,136.1,0.0,0.0,-3424.09,419.19,36.1,192,14,7.3,6,8,0,35906.26,24907.94,129.73,383.15,56.8,-14979.81,97652.92,0.41,-14979.81,97185.83,0.51,69.4,0.0,-0.5,785.59,139.93,-31.1,0.06,0.71,False,False,False
S3,gap_abs_pct >= p70,gap_abs_pct,single,gap_abs_pct>=0.3173,286,85,29.7,53,32,0,208599.03,115500.16,403.85,0.0,40.6,-43619.99,120676.87,0.81,-43619.99,102617.03,1.23,55.4,0.0,-17.6,1095.28,574.63,-62.2,192,78,40.6,48,30,0,141077.06,125297.54,652.59,0.0,40.1,-27850.42,102007.71,1.56,-28693.34,101427.07,1.17,88.8,2.9,-0.6,202.3,1099.1,-11.8,0.7865,0.4885,False,False,False
S3,gap_abs_pct >= p75,gap_abs_pct,single,gap_abs_pct>=0.335,286,71,24.8,42,29,0,208599.03,162043.0,566.58,0.0,44.4,-43619.99,120676.87,1.12,-43619.99,102617.03,1.23,77.7,0.0,-17.6,655.72,753.69,-39.9,192,75,39.1,46,29,0,141077.06,127037.74,661.65,0.0,41.1,-27850.42,99342.48,1.58,-28693.34,101427.07,1.17,90.0,2.9,2.1,187.19,1085.79,-7.9,0.6875,0.4705,True,False,False
S3,gap_abs_pct >= p80,gap_abs_pct,single,gap_abs_pct>=0.3798,286,57,19.9,37,20,0,208599.03,135276.96,473.0,0.0,46.2,-43619.99,120676.87,0.92,-43619.99,102617.03,1.23,64.9,0.0,-17.6,1286.35,590.73,-52.7,192,68,35.4,41,27,0,141077.06,146073.83,760.8,0.0,43.8,-27850.42,96572.07,1.75,-28693.34,101427.07,1.17,103.5,2.9,4.8,-73.48,1178.01,8.3,0.802,0.376,True,False,False
S3,gap_abs_pct >= p85,gap_abs_pct,single,gap_abs_pct>=0.4291,286,42,14.7,27,15,0,208599.03,214921.53,751.47,0.0,49.7,-43619.99,123271.17,1.39,-43619.99,102617.03,1.23,103.0,0.0,-20.1,-150.54,880.83,-17.1,192,64,33.3,39,25,0,141077.06,113201.22,589.59,0.0,44.8,-27850.42,96572.07,1.24,-28693.34,101427.07,1.17,80.2,2.9,4.8,435.56,884.38,-15.0,0.5705,0.5305,True,False,False
S3,gap_abs_pct >= p90,gap_abs_pct,single,gap_abs_pct>=0.6,286,28,9.8,18,10,0,208599.03,210016.91,734.32,723.86,52.8,-43619.99,123271.17,1.33,-43619.99,102617.03,1.23,100.7,0.0,-20.1,-50.64,814.02,-19.4,192,44,22.9,25,19,0,141077.06,134580.68,700.94,388.64,52.1,-27850.42,92841.69,1.46,-28693.34,101427.07,1.17,95.4,2.9,8.5,147.64,909.33,3.9,0.6445,0.418,True,False,False
S3,gap_abs_pct >= p95,gap_abs_pct,single,gap_abs_pct>=0.8798,286,15,5.2,9,6,0,208599.03,231966.56,811.07,1268.7,55.9,-43619.99,123271.17,1.45,-43619.99,102617.03,1.23,111.2,0.0,-20.1,-1557.84,855.97,-8.9,192,18,9.4,9,9,0,141077.06,110330.82,574.64,1394.64,60.4,-28693.34,110306.08,1.07,-28693.34,101427.07,1.17,78.2,0.0,-8.8,1708.12,634.09,-30.6,0.571,0.759,True,False,False
S3,move_abs_pct >= p70,move_abs_pct,single,move_abs_pct>=0.254,286,86,30.1,47,39,0,208599.03,227358.58,794.96,0.0,42.7,-43619.99,84171.22,1.83,-43619.99,102617.03,1.23,109.0,0.0,18.0,-218.13,1136.79,27.0,192,64,33.3,41,23,0,141077.06,53577.97,279.05,0.0,43.8,-23458.02,91738.36,0.66,-28693.34,101427.07,1.17,38.0,18.2,9.6,1367.17,418.58,-52.4,0.1985,0.7335,False,False,False
S3,move_abs_pct >= p75,move_abs_pct,single,move_abs_pct>=0.2754,286,72,25.2,37,35,0,208599.03,286128.9,1000.45,0.0,46.2,-43619.99,83208.34,2.23,-43619.99,102617.03,1.23,137.2,0.0,18.9,-1076.8,1337.05,56.1,192,56,29.2,34,22,0,141077.06,98670.05,513.91,0.0,47.4,-23458.02,91738.36,1.18,-28693.34,101427.07,1.17,69.9,18.2,9.6,757.27,725.52,-20.5,0.0715,0.5725,False,False,False
S3,move_abs_pct >= p80,move_abs_pct,single,move_abs_pct>=0.3114,286,58,20.3,29,29,0,208599.03,296757.74,1037.61,0.0,49.0,-43619.99,83208.34,2.28,-43619.99,102617.03,1.23,142.3,0.0,18.9,-1519.98,1301.57,61.2,192,44,22.9,26,18,0,141077.06,123693.37,644.24,451.88,51.6,-23458.02,92456.5,1.44,-28693.34,101427.07,1.17,87.7,18.2,8.8,395.08,835.77,-3.5,0.053,0.4675,True,True,False
S3,move_abs_pct >= p85,move_abs_pct,single,move_abs_pct>=0.3809,286,43,15.0,22,21,0,208599.03,249815.8,873.48,272.81,51.4,-43619.99,86010.59,1.73,-43619.99,102617.03,1.23,119.8,0.0,16.2,-958.53,1028.05,36.0,192,27,14.1,16,11,0,141077.06,115008.62,599.0,1195.38,56.8,-27850.42,92739.59,1.18,-28693.34,101427.07,1.17,81.5,2.9,8.6,965.5,697.02,-9.9,0.1485,0.5575,True,False,False
S3,move_abs_pct >= p90,move_abs_pct,single,move_abs_pct>=0.438,286,29,10.1,17,12,0,208599.03,212911.73,744.45,723.86,53.1,-43619.99,101343.57,1.41,-43619.99,102617.03,1.23,102.1,0.0,1.2,-148.71,828.45,3.3,192,22,11.5,12,10,0,141077.06,128835.31,671.02,1276.24,58.9,-27850.42,89726.67,1.3,-28693.34,101427.07,1.17,91.3,2.9,11.5,556.44,757.85,2.8,0.3835,0.464,True,False,False
S3,move_abs_pct >= p95,move_abs_pct,single,move_abs_pct>=0.5572,286,15,5.2,11,4,0,208599.03,160530.25,561.29,1224.37,55.2,-43619.99,102617.03,1.01,-43619.99,102617.03,1.23,77.0,0.0,0.0,3204.59,592.36,-23.0,192,8,4.2,6,2,0,141077.06,84451.3,439.85,1504.11,62.0,-28693.34,109646.87,0.77,-28693.34,101427.07,1.17,59.9,0.0,-8.1,7078.22,458.97,-48.2,0.785,0.95,True,False,False
S3,range_pct >= p70,range_pct,single,range_pct>=0.4208,286,86,30.1,51,35,0,208599.03,144854.61,506.48,0.0,41.3,-43619.99,80324.97,1.17,-43619.99,102617.03,1.23,69.4,0.0,21.7,741.21,724.27,-8.9,192,71,37.0,44,27,0,141077.06,88481.4,460.84,0.0,42.2,-27850.42,101488.49,1.09,-28693.34,101427.07,1.17,62.7,2.9,-0.1,740.78,731.25,-37.4,0.4375,0.643,False,False,False
S3,range_pct >= p75,range_pct,single,range_pct>=0.459,286,72,25.2,40,32,0,208599.03,197768.26,691.5,0.0,45.1,-43619.99,80324.97,1.54,-43619.99,102617.03,1.23,94.8,0.0,21.7,150.43,924.15,16.5,192,65,33.9,39,26,0,141077.06,95661.09,498.23,0.0,44.8,-27850.42,100895.03,1.18,-28693.34,101427.07,1.17,67.8,2.9,0.5,698.71,753.24,-31.7,0.256,0.622,False,False,False
S3,range_pct >= p80,range_pct,single,range_pct>=0.4896,286,58,20.3,35,23,0,208599.03,165359.32,578.18,0.0,46.9,-43619.99,96391.36,1.2,-43619.99,102617.03,1.23,79.3,0.0,6.1,745.51,725.26,-14.6,192,55,28.6,32,23,0,141077.06,106206.44,553.16,0.0,48.4,-27850.42,109473.4,1.24,-28693.34,101427.07,1.17,75.3,2.9,-7.9,634.01,775.23,-32.6,0.524,0.651,True,False,False
S3,range_pct >= p85,range_pct,single,range_pct>=0.5338,286,43,15.0,24,19,0,208599.03,213438.67,746.29,136.27,50.7,-43619.99,100769.2,1.46,-43619.99,102617.03,1.23,102.3,0.0,1.8,-112.55,878.35,4.1,192,45,23.4,24,21,0,141077.06,112462.7,585.74,543.62,52.6,-27850.42,106099.28,1.23,-28693.34,101427.07,1.17,79.7,2.9,-4.6,635.87,765.05,-24.9,0.3765,0.6285,True,False,False
S3,range_pct >= p90,range_pct,single,range_pct>=0.6069,286,29,10.1,19,10,0,208599.03,153785.24,537.71,501.99,52.4,-43619.99,86010.59,1.01,-43619.99,102617.03,1.23,73.7,0.0,16.2,1890.13,598.39,-10.1,192,28,14.6,12,16,0,141077.06,164047.71,854.42,1276.24,58.9,-28693.34,83763.28,1.57,-28693.34,101427.07,1.17,116.3,0.0,17.4,-820.38,1000.29,33.7,0.5305,0.2265,True,False,False
S3,range_pct >= p95,range_pct,single,range_pct>=0.7161,286,15,5.2,12,3,0,208599.03,166710.62,582.9,1215.78,54.9,-43619.99,110306.3,1.03,-43619.99,102617.03,1.23,79.9,0.0,-7.5,2792.56,615.17,-27.6,192,16,8.3,9,7,0,141077.06,110603.33,576.06,1394.64,60.4,-28693.34,101702.84,1.02,-28693.34,101427.07,1.17,78.4,0.0,-0.3,1904.61,628.43,-21.9,0.844,0.705,True,False,False
S3,range_over_premium >= p70,range_over_premium,single,range_over_premium>=0.5472,286,86,30.1,49,37,0,208599.03,181634.52,635.09,0.0,42.0,-43619.99,132073.75,1.43,-43619.99,102617.03,1.23,87.1,0.0,-28.7,313.54,908.17,-41.6,192,59,30.7,35,24,0,141077.06,47204.01,245.85,0.0,46.9,-23458.02,93034.51,0.7,-28693.34,101427.07,1.17,33.5,18.2,8.3,1591.07,354.92,-58.2,0.663,0.7695,False,False,False
S3,range_over_premium >= p75,range_over_premium,single,range_over_premium>=0.5877,286,72,25.2,40,32,0,208599.03,214994.97,751.73,0.0,45.1,-43619.99,125879.77,1.64,-43619.99,102617.03,1.23,103.1,0.0,-22.7,-88.83,1004.65,-19.6,192,53,27.6,31,22,0,141077.06,58981.13,307.19,0.0,49.0,-23458.02,91381.33,0.86,-28693.34,101427.07,1.17,41.8,18.2,9.9,1548.98,424.32,-48.3,0.5315,0.7435,False,False,False
S3,range_over_premium >= p80,range_over_premium,single,range_over_premium>=0.6315,286,58,20.3,30,28,0,208599.03,251641.83,879.87,0.0,48.6,-43619.99,113974.23,1.86,-43619.99,102617.03,1.23,120.6,0.0,-11.1,-742.12,1103.69,9.5,192,45,23.4,26,19,0,141077.06,69649.96,362.76,388.64,51.6,-23458.02,91381.33,0.95,-28693.34,101427.07,1.17,49.4,18.2,9.9,1587.27,473.81,-40.7,0.3275,0.728,True,False,False
S3,range_over_premium >= p85,range_over_premium,single,range_over_premium>=0.7059,286,43,15.0,25,18,0,208599.03,193623.73,677.01,56.17,50.3,-43619.99,107822.14,1.36,-43619.99,102617.03,1.23,92.8,0.0,-5.1,348.26,796.81,-12.3,192,31,16.1,18,13,0,141077.06,88994.15,463.51,924.32,55.7,-23458.02,94196.35,1.03,-28693.34,101427.07,1.17,63.1,18.2,7.1,1680.09,552.76,-29.8,0.5205,0.7075,True,False,False
S3,range_over_premium >= p90,range_over_premium,single,range_over_premium>=0.8664,286,29,10.1,18,11,0,208599.03,204760.93,715.95,556.9,52.8,-43619.99,118194.83,1.37,-43619.99,102617.03,1.23,98.2,0.0,-15.2,132.35,796.74,-17.0,192,18,9.4,11,7,0,141077.06,89694.32,467.16,1298.59,59.4,-27850.42,102450.95,0.94,-28693.34,101427.07,1.17,63.6,2.9,-1.0,2854.6,515.48,-37.4,0.607,0.814,True,False,False
S3,range_over_premium >= p95,range_over_premium,single,range_over_premium>=1.027,286,15,5.2,9,6,0,208599.03,209661.47,733.08,1232.54,55.9,-43619.99,107814.06,1.29,-43619.99,102617.03,1.23,100.5,0.0,-5.1,-70.83,773.66,-4.6,192,9,4.7,8,1,0,141077.06,45187.85,235.35,1487.84,60.9,-27850.42,157390.88,0.43,-28693.34,101427.07,1.17,32.0,2.9,-55.2,10654.36,246.93,-123.2,0.499,1.0,True,False,False
S3,move_over_premium >= p70,move_over_premium,single,move_over_premium>=0.2838,286,86,30.1,48,38,0,208599.03,218683.94,764.63,0.0,42.3,-43619.99,80543.85,1.67,-43619.99,102617.03,1.23,104.8,0.0,21.5,-117.27,1093.42,26.3,192,57,29.7,38,19,0,141077.06,43002.0,223.97,0.0,45.3,-23458.02,98658.95,0.53,-28693.34,101427.07,1.17,30.5,18.2,2.7,1720.62,318.53,-66.8,0.2045,0.8135,False,False,False
S3,move_over_premium >= p75,move_over_premium,single,move_over_premium>=0.3309,286,72,25.2,40,32,0,208599.03,244427.32,854.64,0.0,45.1,-43619.99,80543.85,1.83,-43619.99,102617.03,1.23,117.2,0.0,21.5,-497.62,1142.18,38.7,192,43,22.4,28,15,0,141077.06,67662.46,352.41,148.45,50.5,-23458.02,108018.26,0.81,-28693.34,101427.07,1.17,48.0,18.2,-6.5,1707.32,454.11,-58.5,0.1315,0.827,False,False,False
S3,move_over_premium >= p80,move_over_premium,single,move_over_premium>=0.3921,286,58,20.3,30,28,0,208599.03,279821.8,978.4,0.0,48.6,-43619.99,96726.7,2.05,-43619.99,102617.03,1.23,134.1,0.0,5.7,-1227.98,1227.29,39.8,192,35,18.2,22,13,0,141077.06,76589.24,398.9,811.71,53.6,-23458.02,104955.52,0.91,-28693.34,101427.07,1.17,54.3,18.2,-3.5,1842.51,487.83,-49.2,0.129,0.7955,True,False,False
S3,move_over_premium >= p85,move_over_premium,single,move_over_premium>=0.4602,286,43,15.0,19,24,0,208599.03,344737.95,1205.38,501.99,52.4,-43619.99,92244.34,2.43,-43619.99,102617.03,1.23,165.3,0.0,10.1,-3166.02,1418.67,75.4,192,27,14.1,18,9,0,141077.06,51495.54,268.21,1024.2,55.7,-23458.02,118228.08,0.58,-28693.34,101427.07,1.17,36.5,18.2,-16.6,3317.83,312.09,-80.1,0.019,0.94,True,True,False
S3,move_over_premium >= p90,move_over_premium,single,move_over_premium>=0.6137,286,29,10.1,11,18,0,208599.03,327542.74,1145.25,1224.37,55.2,-43619.99,92244.34,2.22,-43619.99,102617.03,1.23,157.0,0.0,10.1,-4101.51,1274.49,67.1,192,18,9.4,11,7,0,141077.06,76182.97,396.79,1276.24,59.4,-23458.02,111751.67,0.83,-28693.34,101427.07,1.17,54.0,18.2,-10.2,3605.23,437.83,-56.2,0.0265,0.9045,True,True,False
S3,move_over_premium >= p95,move_over_premium,single,move_over_premium>=0.726,286,15,5.2,7,8,0,208599.03,269450.69,942.14,1489.28,56.6,-43619.99,102617.03,1.73,-43619.99,102617.03,1.23,129.2,0.0,0.0,-4056.78,994.28,29.2,192,10,5.2,6,4,0,141077.06,104532.14,544.44,1504.11,62.0,-26243.62,124814.23,1.05,-28693.34,101427.07,1.17,74.1,8.5,-23.1,3654.49,574.35,-49.0,0.127,0.935,True,False,False
S3,ce_pe_imb_abs >= p70,ce_pe_imb_abs,single,ce_pe_imb_abs>=0.131,286,86,30.1,49,37,0,208599.03,169896.22,594.04,0.0,42.0,-43619.99,79399.81,1.25,-43619.99,102617.03,1.23,81.4,0.0,22.6,450.03,849.48,4.0,192,57,29.7,37,20,0,141077.06,106238.23,553.32,0.0,45.8,-27850.42,49322.62,1.0,-28693.34,101427.07,1.17,75.3,2.9,51.4,611.21,786.95,26.7,0.3365,0.273,False,False,False
S3,ce_pe_imb_abs >= p75,ce_pe_imb_abs,single,ce_pe_imb_abs>=0.1484,286,72,25.2,39,33,0,208599.03,222985.54,779.67,0.0,45.5,-43619.99,86010.59,1.57,-43619.99,102617.03,1.23,106.9,0.0,16.2,-199.81,1041.99,23.1,192,45,23.4,29,16,0,141077.06,72759.39,378.96,63.05,50.0,-28693.34,66546.91,0.65,-28693.34,101427.07,1.17,51.6,0.0,34.4,1518.17,494.96,-14.0,0.211,0.5495,False,False,False
S3,ce_pe_imb_abs >= p80,ce_pe_imb_abs,single,ce_pe_imb_abs>=0.1726,286,58,20.3,33,25,0,208599.03,167086.92,584.22,0.0,47.6,-43619.99,86010.59,1.1,-43619.99,102617.03,1.23,80.1,0.0,16.2,715.73,732.84,-3.7,192,34,17.7,22,12,0,141077.06,75111.74,391.21,577.94,53.6,-28693.34,86689.46,0.66,-28693.34,101427.07,1.17,53.2,0.0,14.5,1940.16,475.39,-32.3,0.43,0.706,True,False,False
S3,ce_pe_imb_abs >= p85,ce_pe_imb_abs,single,ce_pe_imb_abs>=0.1984,286,43,15.0,25,18,0,208599.03,158425.06,553.93,92.68,50.3,-43619.99,113081.69,0.97,-43619.99,102617.03,1.23,75.9,0.0,-10.2,1166.84,651.95,-34.3,192,25,13.0,17,8,0,141077.06,79903.43,416.16,1024.2,56.2,-28693.34,101518.43,0.69,-28693.34,101427.07,1.17,56.6,0.0,-0.1,2446.95,478.46,-43.5,0.7095,0.7975,True,False,False
S3,ce_pe_imb_abs >= p90,ce_pe_imb_abs,single,ce_pe_imb_abs>=0.2282,286,29,10.1,17,12,0,208599.03,170157.06,594.95,875.4,53.1,-43619.99,113081.69,1.04,-43619.99,102617.03,1.23,81.6,0.0,-10.2,1325.59,662.09,-28.6,192,15,7.8,10,5,0,141077.06,109422.99,569.91,1298.59,59.9,-28693.34,106383.02,0.93,-28693.34,101427.07,1.17,77.6,0.0,-4.9,2110.27,618.21,-27.3,0.729,0.7575,True,False,False
S3,ce_pe_imb_abs >= p95,ce_pe_imb_abs,single,ce_pe_imb_abs>=0.2836,286,15,5.2,9,6,0,208599.03,182317.06,637.47,1261.43,55.9,-43619.99,113081.69,1.1,-43619.99,102617.03,1.23,87.4,0.0,-10.2,1752.13,672.76,-22.8,192,6,3.1,5,1,0,141077.06,116506.91,606.81,1607.26,62.5,-28693.34,101427.07,0.98,-28693.34,101427.07,1.17,82.6,0.0,0.0,4095.03,626.38,-17.4,0.7795,0.773,True,False,False
S3,prev_range_pct >= p70,prev_range_pct,single,prev_range_pct>=1.063,286,85,29.7,51,34,0,208599.03,65410.11,228.71,0.0,41.3,-32384.92,84054.34,0.48,-43619.99,102617.03,1.23,31.4,25.8,18.1,1684.58,325.42,-50.5,192,66,34.4,43,23,0,141077.06,29776.46,155.09,0.0,42.7,-28693.34,154159.95,0.31,-28693.34,101427.07,1.17,21.1,0.0,-52.0,1686.37,236.32,-130.9,0.723,0.961,False,False,False
S3,prev_range_pct >= p75,prev_range_pct,single,prev_range_pct>=1.137,286,71,24.8,47,24,0,208599.03,-11442.65,-40.01,0.0,42.7,-43619.99,149054.21,-0.08,-43619.99,102617.03,1.23,-5.5,0.0,-45.3,3099.18,-53.22,-150.8,192,58,30.2,36,22,0,141077.06,51419.73,267.81,0.0,46.4,-28693.34,142906.32,0.53,-28693.34,101427.07,1.17,36.4,0.0,-40.9,1545.82,383.73,-104.5,0.994,0.927,True,False,False
S3,prev_range_pct >= p80,prev_range_pct,single,prev_range_pct>=1.214,286,58,20.3,40,18,0,208599.03,5015.82,17.54,0.0,45.1,-43619.99,146157.33,0.03,-43619.99,102617.03,1.23,2.4,0.0,-42.4,3510.06,22.0,-140.0,192,49,25.5,31,18,0,141077.06,58901.63,306.78,0.0,49.0,-28693.34,136728.62,0.6,-28693.34,101427.07,1.17,41.8,0.0,-34.8,1677.05,411.9,-93.0,0.997,0.9205,True,False,False
S3,prev_range_pct >= p85,prev_range_pct,single,prev_range_pct>=1.363,286,43,15.0,31,12,0,208599.03,22397.61,78.31,0.0,48.3,-43619.99,143704.47,0.15,-43619.99,102617.03,1.23,10.7,0.0,-40.0,4330.27,92.17,-129.3,192,35,18.2,22,13,0,141077.06,88015.86,458.42,578.29,53.6,-28693.34,114688.54,0.83,-28693.34,101427.07,1.17,62.4,0.0,-13.1,1516.03,560.61,-50.7,0.9975,0.8005,True,False,False
S3,prev_range_pct >= p90,prev_range_pct,single,prev_range_pct>=1.495,286,29,10.1,22,7,0,208599.03,45857.46,160.34,272.81,51.4,-43619.99,160368.65,0.29,-43619.99,102617.03,1.23,22.0,0.0,-56.3,5611.78,178.43,-134.3,192,27,14.1,16,11,0,141077.06,82450.69,429.43,1024.2,56.8,-28693.34,123652.88,0.76,-28693.34,101427.07,1.17,58.4,0.0,-21.9,2171.35,499.7,-63.5,1.0,0.892,True,False,False
S3,prev_range_pct >= p95,prev_range_pct,single,prev_range_pct>=1.879,286,15,5.2,11,4,0,208599.03,123281.37,431.05,1215.78,55.2,-43619.99,138748.67,0.76,-43619.99,102617.03,1.23,59.1,0.0,-35.2,5687.84,454.91,-76.1,192,14,7.3,8,6,0,141077.06,137469.07,715.98,1394.64,60.9,-28693.34,85730.17,1.16,-28693.34,101427.07,1.17,97.4,0.0,15.5,257.71,772.3,12.9,0.9995,0.3585,True,False,False
S3,premium_pct >= p70,premium_pct,single,premium_pct>=1.104,286,86,30.1,53,33,0,208599.03,92223.71,322.46,0.0,40.6,-43619.99,73699.55,0.66,-43619.99,102617.03,1.23,44.2,0.0,28.2,1353.2,461.12,-27.6,192,71,37.0,45,26,0,141077.06,150723.28,785.02,0.0,41.7,-28693.34,65597.09,1.38,-28693.34,101427.07,1.17,106.8,0.0,35.3,-135.86,1245.65,42.1,0.5725,0.1835,False,False,False
S3,premium_pct >= p75,premium_pct,single,premium_pct>=1.18,286,72,25.2,47,25,0,208599.03,64805.78,226.59,0.0,42.7,-43619.99,71285.01,0.44,-43619.99,102617.03,1.23,31.1,0.0,30.5,1997.13,302.83,-38.4,192,60,31.2,36,24,0,141077.06,159319.52,829.79,0.0,46.4,-28693.34,65597.09,1.44,-28693.34,101427.07,1.17,112.9,0.0,35.3,-304.04,1206.97,48.2,0.677,0.167,False,False,False
S3,premium_pct >= p80,premium_pct,single,premium_pct>=1.277,286,58,20.3,40,18,0,208599.03,84107.81,294.08,0.0,45.1,-43619.99,88585.68,0.57,-43619.99,102617.03,1.23,40.3,0.0,13.7,2146.4,368.89,-46.0,192,53,27.6,33,20,0,141077.06,129893.23,676.53,0.0,47.9,-28693.34,69737.98,1.14,-28693.34,101427.07,1.17,92.1,0.0,31.2,211.02,934.48,23.3,0.7515,0.2915,True,False,False
S3,premium_pct >= p85,premium_pct,single,premium_pct>=1.368,286,43,15.0,30,13,0,208599.03,85478.98,298.88,0.0,48.6,-43619.99,112949.07,0.56,-43619.99,102617.03,1.23,41.0,0.0,-10.1,2863.26,351.77,-69.1,192,46,24.0,27,19,0,141077.06,157319.48,819.37,294.5,51.0,-28693.34,65597.09,1.38,-28693.34,101427.07,1.17,111.5,0.0,35.3,-353.1,1077.53,46.8,0.9145,0.158,True,False,False
S3,premium_pct >= p90,premium_pct,single,premium_pct>=1.494,286,29,10.1,21,8,0,208599.03,106887.16,373.73,420.62,51.7,-43619.99,116445.68,0.67,-43619.99,102617.03,1.23,51.2,0.0,-13.5,3507.31,415.9,-62.3,192,37,19.3,20,17,0,141077.06,179898.87,936.97,1064.79,54.7,-28693.34,65597.09,1.57,-28693.34,101427.07,1.17,127.5,0.0,35.3,-1049.24,1160.64,62.8,0.948,0.087,True,False,True
S3,premium_pct >= p95,premium_pct,single,premium_pct>=1.6,286,15,5.2,10,5,0,208599.03,129549.38,452.97,1224.37,55.6,-43619.99,125746.87,0.8,-43619.99,102617.03,1.23,62.1,0.0,-22.5,5269.98,478.04,-60.4,192,28,14.6,16,12,0,141077.06,171575.39,893.62,1234.4,56.8,-28693.34,65597.09,1.49,-28693.34,101427.07,1.17,121.6,0.0,35.3,-1089.23,1046.19,56.9,0.99,0.095,True,False,True
S3,premium_pctile >= p70,premium_pctile,single,premium_pctile>=0.5596,286,68,23.8,43,25,0,208599.03,75236.85,263.07,0.0,44.1,-43619.99,102617.03,0.5,-43619.99,102617.03,1.23,36.1,0.0,0.0,1961.21,345.12,-63.9,192,93,48.4,61,32,0,141077.06,84211.84,438.6,0.0,33.3,-28693.34,86944.31,0.83,-28693.34,101427.07,1.17,59.7,0.0,14.3,611.45,850.62,-26.0,0.836,0.5505,True,False,False
S3,premium_pctile >= p75,premium_pctile,single,premium_pctile>=0.5905,286,57,19.9,37,20,0,208599.03,86009.47,300.73,0.0,46.2,-43619.99,102617.03,0.56,-43619.99,102617.03,1.23,41.2,0.0,0.0,2150.69,375.59,-58.8,192,90,46.9,59,31,0,141077.06,85451.68,445.06,0.0,34.4,-28693.34,85449.18,0.84,-28693.34,101427.07,1.17,60.6,0.0,15.8,618.06,837.76,-23.6,0.8395,0.547,True,False,False
S3,premium_pctile >= p80,premium_pctile,single,premium_pctile>=0.6388,286,46,16.1,30,16,0,208599.03,86844.19,303.65,0.0,48.6,-43619.99,102617.03,0.55,-43619.99,102617.03,1.23,41.6,0.0,0.0,2646.84,361.85,-58.4,192,83,43.2,55,28,0,141077.06,94591.47,492.66,0.0,36.5,-28693.34,85449.18,0.92,-28693.34,101427.07,1.17,67.0,0.0,15.8,560.07,867.81,-17.2,0.87,0.506,True,False,False
S3,premium_pctile >= p85,premium_pctile,single,premium_pctile>=0.7256,286,34,11.9,23,11,0,208599.03,81520.13,285.04,178.2,51.0,-43619.99,102617.03,0.51,-43619.99,102617.03,1.23,39.1,0.0,0.0,3737.61,323.49,-60.9,192,60,31.2,37,23,0,141077.06,140701.7,732.82,0.0,45.8,-28693.34,69737.98,1.27,-28693.34,101427.07,1.17,99.7,0.0,31.2,6.26,1065.92,30.9,0.914,0.2545,True,False,False
S3,premium_pctile >= p90,premium_pctile,single,premium_pctile>=0.8312,286,23,8.0,15,8,0,208599.03,136318.67,476.64,938.99,53.8,-43619.99,102617.03,0.84,-43619.99,102617.03,1.23,65.3,0.0,0.0,3142.62,518.32,-34.7,192,43,22.4,24,19,0,141077.06,165047.87,859.62,578.29,52.6,-28693.34,65597.09,1.45,-28693.34,101427.07,1.17,117.0,0.0,35.3,-557.46,1107.7,52.3,0.824,0.1325,True,False,False
S3,premium_pctile >= p95,premium_pctile,single,premium_pctile>=0.9173,286,12,4.2,6,6,0,208599.03,175710.9,614.37,1489.28,57.0,-43619.99,102617.03,1.07,-43619.99,102617.03,1.23,84.2,0.0,0.0,2740.68,641.28,-15.8,192,28,14.6,16,12,0,141077.06,169115.37,880.81,1234.4,56.8,-28693.34,66086.13,1.47,-28693.34,101427.07,1.17,119.9,0.0,34.8,-1001.37,1031.19,54.7,0.725,0.1045,True,False,False
S3,premium_pct <= p30,premium_pct_low,single,premium_pct<=0.6953,286,86,30.1,48,38,0,208599.03,223277.66,780.69,0.0,42.3,-43619.99,91219.54,1.67,-43619.99,102617.03,1.23,107.0,0.0,11.1,-170.68,1116.39,18.1,192,52,27.1,32,20,0,141077.06,115616.04,602.17,0.0,48.4,-23458.02,43094.96,1.35,-28693.34,101427.07,1.17,82.0,18.2,57.5,489.63,825.83,39.5,0.2525,0.2015,False,False,False
S3,premium_pct <= p25,premium_pct_low,single,premium_pct<=0.6347,286,72,25.2,39,33,0,208599.03,269399.7,941.96,0.0,45.5,-43619.99,86018.67,1.99,-43619.99,102617.03,1.23,129.1,0.0,16.2,-844.45,1258.88,45.3,192,44,22.9,27,17,0,141077.06,85826.89,447.02,458.01,51.0,-23458.02,74146.77,0.93,-28693.34,101427.07,1.17,60.8,18.2,26.9,1255.69,579.91,-12.3,0.1075,0.5335,False,False,False
S3,premium_pct <= p20,premium_pct_low,single,premium_pct<=0.556,286,58,20.3,31,27,0,208599.03,255080.58,891.89,0.0,48.3,-43619.99,92244.34,1.76,-43619.99,102617.03,1.23,122.3,0.0,10.1,-801.41,1118.77,32.4,192,36,18.8,22,14,0,141077.06,115159.25,599.79,675.64,53.6,-23458.02,74146.77,1.2,-28693.34,101427.07,1.17,81.6,18.2,26.9,719.94,738.2,8.5,0.1765,0.3935,True,False,False
S3,premium_pct <= p15,premium_pct_low,single,premium_pct<=0.4979,286,43,15.0,24,19,0,208599.03,215440.93,753.29,136.27,50.7,-43619.99,92244.34,1.42,-43619.99,102617.03,1.23,103.3,0.0,10.1,-159.11,886.59,13.4,192,26,13.5,16,10,0,141077.06,112760.01,587.29,1142.79,56.8,-26243.62,85237.46,1.09,-28693.34,101427.07,1.17,79.9,8.5,16.0,1089.12,679.28,-4.1,0.312,0.5105,True,False,False
S3,premium_pct <= p10,premium_pct_low,single,premium_pct<=0.4091,286,29,10.1,15,14,0,208599.03,226188.11,790.87,938.99,53.8,-43619.99,92244.34,1.43,-43619.99,102617.03,1.23,108.4,0.0,10.1,-606.52,880.11,18.5,192,14,7.3,10,4,0,141077.06,88519.38,461.04,1298.59,59.9,-28693.34,94275.24,0.77,-28693.34,101427.07,1.17,62.7,0.0,7.1,3754.12,497.3,-30.2,0.2465,0.7885,True,False,False
S3,premium_pct <= p5,premium_pct_low,single,premium_pct<=0.36,286,15,5.2,8,7,0,208599.03,214439.03,749.79,1268.7,56.3,-43619.99,92244.34,1.3,-43619.99,102617.03,1.23,102.8,0.0,10.1,-389.33,791.29,12.9,192,6,3.1,3,3,0,141077.06,150670.35,784.74,1737.82,63.5,-28693.34,101427.07,1.28,-28693.34,101427.07,1.17,106.8,0.0,0.0,-1598.88,810.06,6.8,0.25,0.3655,True,False,False
S3,premium_pctile <= p30,premium_pctile_low,single,premium_pctile<=0.2073,286,68,23.8,40,28,0,208599.03,177067.17,619.12,0.0,45.1,-43619.99,102617.03,1.21,-43619.99,102617.03,1.23,84.9,0.0,0.0,463.7,812.23,-15.1,192,38,19.8,24,14,0,141077.06,78188.42,407.23,577.94,52.6,-23458.02,74146.77,0.85,-28693.34,101427.07,1.17,55.4,18.2,26.9,1654.96,507.72,-17.7,0.514,0.6015,True,False,False
S3,premium_pctile <= p25,premium_pctile_low,single,premium_pctile<=0.1793,286,57,19.9,32,25,0,208599.03,222982.95,779.66,0.0,47.9,-43619.99,102617.03,1.5,-43619.99,102617.03,1.23,106.9,0.0,0.0,-252.35,973.72,6.9,192,35,18.2,22,13,0,141077.06,88915.63,463.1,675.64,53.6,-26243.62,85781.67,0.89,-28693.34,101427.07,1.17,63.0,8.5,15.4,1490.33,566.34,-21.6,0.348,0.6285,True,False,False
S3,premium_pctile <= p20,premium_pctile_low,single,premium_pctile<=0.1354,286,46,16.1,25,21,0,208599.03,242952.6,849.48,56.17,50.3,-43619.99,102617.03,1.61,-43619.99,102617.03,1.23,116.5,0.0,0.0,-746.82,1012.3,16.5,192,20,10.4,14,6,0,141077.06,62305.67,324.51,1208.34,57.8,-28693.34,88329.18,0.55,-28693.34,101427.07,1.17,44.2,0.0,12.9,3938.57,362.24,-42.9,0.279,0.832,True,False,False
S3,premium_pctile <= p15,premium_pctile_low,single,premium_pctile<=0.1022,286,34,11.9,19,15,0,208599.03,212567.03,743.24,501.99,52.4,-43619.99,102617.03,1.36,-43619.99,102617.03,1.23,101.9,0.0,0.0,-116.71,843.52,1.9,192,15,7.8,11,4,0,141077.06,78240.69,407.5,1276.24,59.4,-28693.34,94275.24,0.69,-28693.34,101427.07,1.17,55.5,0.0,7.1,4189.09,442.04,-37.4,0.4095,0.831,True,False,False
S3,premium_pctile <= p10,premium_pctile_low,single,premium_pctile<=0.06818,286,23,8.0,10,13,0,208599.03,255627.58,893.8,1224.37,55.6,-43619.99,102617.03,1.6,-43619.99,102617.03,1.23,122.5,0.0,0.0,-2044.72,971.97,22.5,192,13,6.8,10,3,0,141077.06,81367.55,423.79,1298.59,59.9,-28693.34,101427.07,0.71,-28693.34,101427.07,1.17,57.7,0.0,0.0,4593.04,454.57,-42.3,0.208,0.8825,True,False,False
S3,premium_pctile <= p5,premium_pctile_low,single,premium_pctile<=0.03339,286,12,4.2,5,7,0,208599.03,238118.73,832.58,1543.55,57.3,-43619.99,102617.03,1.43,-43619.99,102617.03,1.23,114.2,0.0,0.0,-2459.97,869.05,14.2,192,2,1.0,1,1,0,141077.06,141204.32,735.44,1909.82,64.6,-28693.34,101427.07,1.18,-28693.34,101427.07,1.17,100.1,0.0,0.0,-63.63,743.18,0.1,0.2275,0.407,True,False,False
S3,gap_pct >= p70,gap_pct_up,single,gap_pct>=0.1894,286,85,29.7,52,33,0,208599.03,165798.39,579.71,0.0,40.9,-43619.99,73110.8,1.15,-43619.99,102617.03,1.23,79.5,0.0,28.8,503.54,824.87,8.3,192,59,30.7,43,16,0,141077.06,3146.02,16.39,0.0,42.7,-27850.42,142976.29,0.03,-28693.34,101427.07,1.17,2.2,2.9,-41.0,2337.81,23.65,-138.8,0.3065,0.977,False,False,False
S3,gap_pct <= p30,gap_pct_down,single,gap_pct<=-0.09192,286,86,30.1,51,35,0,208599.03,86382.52,302.04,0.0,41.3,-43619.99,94203.42,0.6,-43619.99,102617.03,1.23,41.4,0.0,8.2,1421.12,431.91,-50.4,192,80,41.7,47,33,0,141077.06,186171.37,969.64,0.0,40.6,-28693.34,44542.33,2.1,-28693.34,101427.07,1.17,132.0,0.0,56.1,-563.68,1662.24,88.1,0.7255,0.04,False,False,True
S3,gap_pct >= p75,gap_pct_up,single,gap_pct>=0.2326,286,71,24.8,43,28,0,208599.03,203597.12,711.88,0.0,44.1,-43619.99,90102.35,1.37,-43619.99,102617.03,1.23,97.6,0.0,12.2,70.45,946.96,9.8,192,49,25.5,37,12,0,141077.06,29770.7,155.06,0.0,45.8,-27850.42,137690.18,0.3,-28693.34,101427.07,1.17,21.1,2.9,-35.8,2271.56,208.19,-114.7,0.305,0.9565,True,False,False
S3,gap_pct <= p25,gap_pct_down,single,gap_pct<=-0.1288,286,72,25.2,43,29,0,208599.03,120073.99,419.84,0.0,44.1,-43619.99,75835.02,0.82,-43619.99,102617.03,1.23,57.6,0.0,26.1,1229.51,561.09,-16.3,192,73,38.0,42,31,0,141077.06,195117.01,1016.23,0.0,43.2,-28693.34,44542.33,2.2,-28693.34,101427.07,1.17,138.3,0.0,56.1,-740.27,1639.64,94.4,0.5055,0.034,False,False,True
S3,gap_pct >= p80,gap_pct_up,single,gap_pct>=0.2743,286,57,19.9,36,21,0,208599.03,170393.11,595.78,0.0,46.5,-43619.99,90102.35,1.12,-43619.99,102617.03,1.23,81.7,0.0,12.2,670.28,744.07,-6.1,192,45,23.4,34,11,0,141077.06,22326.4,116.28,0.0,47.4,-27850.42,156802.19,0.22,-28693.34,101427.07,1.17,15.8,2.9,-54.6,2638.9,151.88,-138.8,0.448,0.984,True,False,False
S3,gap_pct <= p20,gap_pct_down,single,gap_pct<=-0.1646,286,58,20.3,35,23,0,208599.03,125137.56,437.54,0.0,46.9,-43619.99,86468.15,0.83,-43619.99,102617.03,1.23,60.0,0.0,15.7,1438.99,548.85,-24.3,192,63,32.8,36,27,0,141077.06,188336.57,980.92,0.0,46.4,-28693.34,57346.61,1.99,-28693.34,101427.07,1.17,133.5,0.0,43.5,-750.15,1459.97,77.0,0.5895,0.0655,True,False,True
S3,gap_pct >= p85,gap_pct_up,single,gap_pct>=0.3221,286,42,14.7,26,16,0,208599.03,194279.32,679.3,6.29,50.0,-43619.99,118448.89,1.24,-43619.99,102617.03,1.23,93.1,0.0,-15.4,340.95,796.23,-22.3,192,36,18.8,25,11,0,141077.06,54470.91,283.7,388.64,52.1,-27850.42,150973.03,0.53,-28693.34,101427.07,1.17,38.6,2.9,-48.8,2405.73,349.17,-110.2,0.617,0.9675,True,False,False
S3,gap_pct <= p15,gap_pct_down,single,gap_pct<=-0.271,286,43,15.0,25,18,0,208599.03,153367.46,536.25,56.17,50.3,-43619.99,104845.01,0.98,-43619.99,102617.03,1.23,73.5,0.0,-2.2,1284.46,631.14,-28.7,192,45,23.4,26,19,0,141077.06,180184.1,938.46,294.5,51.6,-28693.34,67336.04,1.81,-28693.34,101427.07,1.17,127.7,0.0,33.6,-869.05,1225.74,61.3,0.6665,0.1025,True,False,False
S3,gap_pct >= p90,gap_pct_up,single,gap_pct>=0.399,286,28,9.8,17,11,0,208599.03,225978.4,790.13,938.99,53.1,-43619.99,112890.4,1.4,-43619.99,102617.03,1.23,108.3,0.0,-10.0,-620.69,875.89,-1.7,192,29,15.1,21,8,0,141077.06,69757.99,363.32,726.68,54.2,-27850.42,149305.54,0.66,-28693.34,101427.07,1.17,49.4,2.9,-47.2,2459.28,427.96,-97.8,0.434,0.965,True,False,False
S3,gap_pct <= p10,gap_pct_down,single,gap_pct<=-0.3442,286,29,10.1,17,12,0,208599.03,167948.95,587.23,875.4,53.1,-43619.99,104845.01,1.07,-43619.99,102617.03,1.23,80.5,0.0,-2.2,1401.73,653.5,-21.7,192,40,20.8,21,19,0,141077.06,214568.92,1117.55,675.29,54.2,-28693.34,66814.78,2.12,-28693.34,101427.07,1.17,152.1,0.0,34.1,-1837.3,1411.64,86.2,0.6585,0.032,True,False,True
S3,gap_pct >= p95,gap_pct_up,single,gap_pct>=0.6362,286,14,4.9,8,6,0,208599.03,215645.11,754.0,1371.49,56.3,-43619.99,112890.4,1.31,-43619.99,102617.03,1.23,103.4,0.0,-10.0,-503.29,792.81,-6.6,192,18,9.4,14,4,0,141077.06,72305.39,376.59,1234.4,57.8,-27850.42,153839.29,0.68,-28693.34,101427.07,1.17,51.3,2.9,-51.7,3820.65,415.55,-100.4,0.5365,0.9935,True,False,False
S3,gap_pct <= p5,gap_pct_down,single,gap_pct<=-0.4505,286,15,5.2,10,5,0,208599.03,206017.61,720.34,1232.54,55.6,-43619.99,112997.8,1.27,-43619.99,102617.03,1.23,98.8,0.0,-10.1,172.09,760.21,-11.3,192,32,16.7,17,15,0,141077.06,185578.22,966.55,1064.79,56.2,-28693.34,66814.78,1.72,-28693.34,101427.07,1.17,131.5,0.0,34.1,-1390.66,1159.86,65.6,0.6125,0.074,True,False,True
S3,move_pct >= p70,move_pct_up,single,move_pct>=0.1091,286,86,30.1,47,39,0,208599.03,226837.44,793.14,0.0,42.7,-43619.99,111777.03,1.57,-43619.99,102617.03,1.23,108.7,0.0,-8.9,-212.07,1134.19,-0.2,192,58,30.2,39,19,0,141077.06,55032.9,286.63,0.0,44.8,-28693.34,100582.88,0.5,-28693.34,101427.07,1.17,39.0,0.0,0.8,1483.52,410.69,-60.2,0.367,0.7795,False,False,False
S3,move_pct <= p30,move_pct_down,single,move_pct<=-0.1462,286,86,30.1,53,33,0,208599.03,102514.21,358.44,0.0,40.6,-43619.99,82497.25,0.75,-43619.99,102617.03,1.23,49.1,0.0,19.6,1233.54,512.57,-31.3,192,58,30.2,37,21,0,141077.06,93857.0,488.84,0.0,45.8,-21395.79,58526.43,1.21,-28693.34,101427.07,1.17,66.5,25.4,42.3,814.14,700.43,8.8,0.5925,0.385,False,False,False
S3,move_pct >= p75,move_pct_up,single,move_pct>=0.1248,286,72,25.2,40,32,0,208599.03,234745.32,820.79,0.0,45.1,-43619.99,102822.9,1.6,-43619.99,102617.03,1.23,112.5,0.0,-0.2,-363.14,1096.94,12.3,192,54,28.1,36,18,0,141077.06,64159.39,334.16,0.0,46.4,-28693.34,94150.77,0.58,-28693.34,101427.07,1.17,45.5,0.0,7.2,1424.4,464.92,-47.3,0.283,0.7385,False,False,False
S3,move_pct <= p25,move_pct_down,single,move_pct<=-0.1707,286,72,25.2,44,28,0,208599.03,120899.17,422.72,0.0,43.7,-43619.99,82497.25,0.87,-43619.99,102617.03,1.23,58.0,0.0,19.6,1218.05,564.95,-22.4,192,51,26.6,31,20,0,141077.06,142400.27,741.67,0.0,49.0,-21395.79,35422.19,1.71,-28693.34,101427.07,1.17,100.9,25.4,65.1,-25.95,1009.93,66.0,0.5575,0.088,False,False,True
S3,move_pct >= p80,move_pct_up,single,move_pct>=0.1761,286,58,20.3,32,26,0,208599.03,255371.35,892.91,0.0,47.9,-43619.99,94023.23,1.7,-43619.99,102617.03,1.23,122.4,0.0,8.4,-806.42,1120.05,30.8,192,43,22.4,29,14,0,141077.06,75759.61,394.58,63.05,50.0,-28693.34,106502.19,0.68,-28693.34,101427.07,1.17,53.7,0.0,-5.0,1519.01,508.45,-51.3,0.185,0.7955,True,False,False
S3,move_pct <= p20,move_pct_down,single,move_pct<=-0.2251,286,58,20.3,35,23,0,208599.03,127778.72,446.78,0.0,46.9,-43619.99,86378.98,0.9,-43619.99,102617.03,1.23,61.3,0.0,15.8,1393.45,560.43,-22.9,192,38,19.8,24,14,0,141077.06,124425.82,648.05,590.26,52.6,-23458.02,71147.87,1.41,-28693.34,101427.07,1.17,88.2,18.2,29.9,438.19,807.96,18.1,0.579,0.331,True,False,False
S3,move_pct >= p85,move_pct_up,single,move_pct>=0.2219,286,43,15.0,23,20,0,208599.03,253160.07,885.18,178.2,51.0,-43619.99,104395.92,1.66,-43619.99,102617.03,1.23,121.4,0.0,-1.7,-1036.3,1041.81,19.7,192,35,18.2,24,11,0,141077.06,64356.06,335.19,577.94,52.6,-28693.34,124253.76,0.57,-28693.34,101427.07,1.17,45.6,0.0,-22.5,2192.03,409.91,-76.9,0.265,0.9015,True,False,False
S3,move_pct <= p15,move_pct_down,single,move_pct<=-0.2754,286,43,15.0,25,18,0,208599.03,184201.73,644.06,56.17,50.3,-43619.99,80324.97,1.26,-43619.99,102617.03,1.23,88.3,0.0,21.7,567.38,758.03,10.0,192,31,16.1,18,13,0,141077.06,161846.82,842.95,1208.34,55.7,-23458.02,71147.87,1.79,-28693.34,101427.07,1.17,114.7,18.2,29.9,-669.99,1005.26,44.6,0.3365,0.153,True,False,False
S3,move_pct >= p90,move_pct_up,single,move_pct>=0.2782,286,29,10.1,12,17,0,208599.03,310526.2,1085.76,1215.78,54.9,-43619.99,95076.24,2.02,-43619.99,102617.03,1.23,148.9,0.0,7.3,-3514.73,1208.27,56.2,192,23,12.0,15,8,0,141077.06,78039.71,406.46,1195.38,57.3,-28693.34,136282.04,0.68,-28693.34,101427.07,1.17,55.3,0.0,-34.4,2740.75,461.77,-79.1,0.0505,0.955,True,True,False
S3,move_pct <= p10,move_pct_down,single,move_pct<=-0.3267,286,29,10.1,15,14,0,208599.03,206733.93,722.85,938.99,53.8,-43619.99,96113.57,1.38,-43619.99,102617.03,1.23,99.1,0.0,6.3,64.31,804.41,5.4,192,25,13.0,13,12,0,141077.06,179642.39,935.64,1298.59,58.3,-23458.02,66695.91,1.96,-28693.34,101427.07,1.17,127.3,18.2,34.2,-1542.61,1075.7,61.5,0.3635,0.0695,True,False,True
S3,move_pct >= p95,move_pct_up,single,move_pct>=0.4542,286,15,5.2,7,8,0,208599.03,276375.25,966.35,1489.28,56.6,-43619.99,102617.03,1.73,-43619.99,102617.03,1.23,132.5,0.0,0.0,-4518.41,1019.83,32.5,192,6,3.1,4,2,0,141077.06,115435.57,601.23,1709.95,63.0,-28693.34,127623.87,0.99,-28693.34,101427.07,1.17,81.8,0.0,-25.8,4273.58,620.62,-44.0,0.1065,0.9535,True,False,False
S3,move_pct <= p5,move_pct_down,single,move_pct<=-0.4178,286,15,5.2,10,5,0,208599.03,143253.67,500.89,1224.37,55.6,-43619.99,96113.57,0.89,-43619.99,102617.03,1.23,68.7,0.0,6.3,4356.36,528.61,-25.0,192,17,8.9,8,9,0,141077.06,152857.69,796.13,1487.84,60.9,-27850.42,69221.66,1.5,-28693.34,101427.07,1.17,108.4,2.9,31.8,-692.98,873.47,40.2,0.8125,0.147,True,False,False
S3,ce_pe_imb >= p70,ce_pe_imb_up,single,ce_pe_imb>=0.1083,286,86,30.1,47,39,0,208599.03,179781.08,628.61,0.0,42.7,-43619.99,86010.59,1.19,-43619.99,102617.03,1.23,86.2,0.0,16.2,335.09,898.91,2.4,192,58,30.2,37,21,0,141077.06,107699.07,560.93,0.0,45.8,-27850.42,69247.23,1.02,-28693.34,101427.07,1.17,76.3,2.9,31.7,575.48,803.72,8.0,0.3475,0.39,False,False,False
S3,ce_pe_imb <= p30,ce_pe_imb_down,single,ce_pe_imb<=0.01113,286,85,29.7,53,32,0,208599.03,160048.45,559.61,0.0,40.6,-43619.99,78625.27,1.25,-43619.99,102617.03,1.23,76.7,0.0,23.4,571.18,796.26,0.1,192,70,36.5,41,29,0,141077.06,108819.28,566.77,0.0,43.8,-28693.34,82329.87,1.32,-28693.34,101427.07,1.17,77.1,0.0,18.8,460.83,891.96,-4.1,0.366,0.4475,False,False,False
S3,ce_pe_imb >= p75,ce_pe_imb_up,single,ce_pe_imb>=0.1212,286,72,25.2,42,30,0,208599.03,155134.92,542.43,0.0,44.4,-43619.99,98062.37,1.0,-43619.99,102617.03,1.23,74.4,0.0,4.4,742.56,724.93,-21.2,192,53,27.6,34,19,0,141077.06,106382.31,554.07,0.0,47.4,-27850.42,78049.17,1.0,-28693.34,101427.07,1.17,75.4,2.9,23.0,654.62,765.34,-1.6,0.5425,0.4655,False,False,False
S3,ce_pe_imb <= p25,ce_pe_imb_down,single,ce_pe_imb<=-0.008238,286,72,25.2,45,27,0,208599.03,204043.94,713.44,0.0,43.4,-43619.99,73137.93,1.54,-43619.99,102617.03,1.23,97.8,0.0,28.7,63.27,953.48,26.5,192,62,32.3,35,27,0,141077.06,105622.65,550.12,0.0,46.9,-28693.34,99682.68,1.25,-28693.34,101427.07,1.17,74.9,0.0,1.7,571.85,812.48,-23.4,0.1935,0.5765,False,False,False
S3,ce_pe_imb >= p80,ce_pe_imb_up,single,ce_pe_imb>=0.1473,286,58,20.3,33,25,0,208599.03,170853.45,597.39,0.0,47.6,-43619.99,98062.37,1.09,-43619.99,102617.03,1.23,81.9,0.0,4.4,650.79,749.36,-13.7,192,39,20.3,26,13,0,141077.06,62324.97,324.61,294.5,51.6,-28693.34,75584.51,0.55,-28693.34,101427.07,1.17,44.2,0.0,25.5,2019.28,407.35,-30.3,0.5155,0.6815,True,False,False
S3,ce_pe_imb <= p20,ce_pe_imb_down,single,ce_pe_imb<=-0.02894,286,58,20.3,36,22,0,208599.03,181441.69,634.41,0.0,46.5,-43619.99,79399.81,1.31,-43619.99,102617.03,1.23,87.0,0.0,22.6,468.23,795.8,9.6,192,48,25.0,26,22,0,141077.06,94570.8,492.56,294.5,51.6,-28693.34,122568.09,1.05,-28693.34,101427.07,1.17,67.0,0.0,-20.8,968.88,656.74,-53.8,0.3275,0.79,True,False,False
S3,ce_pe_imb >= p85,ce_pe_imb_up,single,ce_pe_imb>=0.1804,286,43,15.0,25,18,0,208599.03,147957.07,517.33,92.68,50.3,-43619.99,102617.03,0.9,-43619.99,102617.03,1.23,70.9,0.0,0.0,1410.28,608.88,-29.1,192,26,13.5,19,7,0,141077.06,59421.12,309.49,831.56,55.2,-28693.34,106383.02,0.51,-28693.34,101427.07,1.17,42.1,0.0,-4.9,3140.61,357.96,-62.8,0.6685,0.894,True,False,False
S3,ce_pe_imb <= p15,ce_pe_imb_down,single,ce_pe_imb<=-0.05894,286,43,15.0,25,18,0,208599.03,192029.83,671.43,56.17,50.3,-43619.99,79399.81,1.33,-43619.99,102617.03,1.23,92.1,0.0,22.6,385.33,790.25,14.7,192,32,16.7,16,16,0,141077.06,158277.31,824.36,1142.79,56.8,-28693.34,108461.24,1.6,-28693.34,101427.07,1.17,112.2,0.0,-6.9,-537.51,989.23,5.3,0.301,0.436,True,False,False
S3,ce_pe_imb >= p90,ce_pe_imb_up,single,ce_pe_imb>=0.2156,286,29,10.1,19,10,0,208599.03,147698.85,516.43,556.9,52.4,-43619.99,102617.03,0.89,-43619.99,102617.03,1.23,70.8,0.0,0.0,2100.01,574.7,-29.2,192,20,10.4,15,5,0,141077.06,62644.43,326.27,1142.79,57.3,-28693.34,106383.02,0.54,-28693.34,101427.07,1.17,44.4,0.0,-4.9,3921.63,364.21,-60.5,0.734,0.908,True,False,False
S3,ce_pe_imb <= p10,ce_pe_imb_down,single,ce_pe_imb<=-0.1051,286,29,10.1,18,11,0,208599.03,181029.5,632.97,723.86,52.8,-43619.99,79399.81,1.21,-43619.99,102617.03,1.23,86.8,0.0,22.6,950.67,704.39,9.4,192,16,8.3,8,8,0,141077.06,189574.86,987.37,1394.64,60.9,-28693.34,71266.05,1.67,-28693.34,101427.07,1.17,134.4,0.0,29.7,-3031.11,1077.13,64.1,0.329,0.0475,True,False,True
S3,ce_pe_imb >= p95,ce_pe_imb_up,single,ce_pe_imb>=0.2657,286,15,5.2,11,4,0,208599.03,179338.98,627.06,1215.78,55.2,-43619.99,102617.03,1.08,-43619.99,102617.03,1.23,86.0,0.0,0.0,1950.67,661.77,-14.0,192,7,3.6,6,1,0,141077.06,113366.21,590.45,1504.11,62.0,-28693.34,101427.07,0.95,-28693.34,101427.07,1.17,80.4,0.0,0.0,3958.69,612.79,-19.6,0.653,0.783,True,False,False
S3,ce_pe_imb <= p5,ce_pe_imb_down,single,ce_pe_imb<=-0.1492,286,15,5.2,7,8,0,208599.03,258887.8,905.2,1489.28,56.6,-43619.99,86010.59,1.67,-43619.99,102617.03,1.23,124.1,0.0,16.2,-3352.58,955.31,40.3,192,7,3.6,3,4,0,141077.06,156044.66,812.73,1737.82,63.5,-28693.34,83258.1,1.31,-28693.34,101427.07,1.17,110.6,0.0,17.9,-2138.23,843.48,28.5,0.076,0.13,True,True,False
S3,expiry day,is_expiry,single,is_expiry>=1,286,61,21.3,35,26,0,208599.03,175089.55,612.2,0.0,46.9,-29087.1,46168.9,1.49,-43619.99,102617.03,1.23,83.9,33.3,55.0,549.34,778.18,38.9,192,41,21.4,24,17,0,141077.06,26396.67,137.48,543.62,52.6,-23458.02,105733.86,0.36,-28693.34,101427.07,1.17,18.7,18.2,-4.2,2797.08,174.81,-85.5,0.131,0.926,True,False,False
S3,day is Mon,dow,single,dow==Mon,286,58,20.3,35,23,0,208599.03,204710.42,715.77,0.0,46.9,-43619.99,87567.73,1.3,-43619.99,102617.03,1.23,98.1,0.0,14.7,67.05,897.85,12.8,192,38,19.8,25,13,0,141077.06,134586.86,700.97,543.62,52.1,-28693.34,79718.34,1.25,-28693.34,101427.07,1.17,95.4,0.0,21.4,170.79,873.94,16.8,0.3035,0.3425,True,False,False
S3,day is Tue,dow,single,dow==Tue,286,59,20.6,35,24,0,208599.03,167646.19,586.18,0.0,46.9,-43619.99,100328.28,1.08,-43619.99,102617.03,1.23,80.4,0.0,2.2,694.12,738.53,-17.4,192,38,19.8,23,15,0,141077.06,25650.24,133.59,577.94,53.1,-23458.02,104357.07,0.32,-28693.34,101427.07,1.17,18.2,18.2,-2.9,3037.55,166.56,-84.7,0.5435,0.923,True,False,False
S3,day is Wed,dow,single,dow==Wed,286,55,19.2,35,20,0,208599.03,62518.18,218.6,0.0,46.9,-43619.99,126514.53,0.4,-43619.99,102617.03,1.23,30.0,0.0,-23.3,2656.02,270.64,-93.3,192,41,21.4,28,13,0,141077.06,122875.6,639.98,166.3,50.5,-28693.34,88272.84,1.06,-28693.34,101427.07,1.17,87.1,0.0,13.0,443.94,813.75,0.1,0.9605,0.4595,True,False,False
S3,day is Thu,dow,single,dow==Thu,286,58,20.3,32,26,0,208599.03,233301.2,815.74,0.0,47.9,-29087.1,44824.45,1.85,-43619.99,102617.03,1.23,111.8,33.3,56.3,-425.9,1023.25,68.1,192,37,19.3,25,12,0,141077.06,155498.08,809.89,388.64,52.1,-28693.34,56105.34,1.36,-28693.34,101427.07,1.17,110.2,0.0,44.7,-389.76,1003.21,54.9,0.042,0.116,True,True,False
S3,day is Fri,dow,single,dow==Fri,286,56,19.6,32,24,0,208599.03,166220.13,581.19,0.0,47.9,-43619.99,106138.44,1.05,-43619.99,102617.03,1.23,79.7,0.0,-3.4,756.77,722.7,-23.7,192,38,19.8,24,14,0,141077.06,125697.46,654.67,492.34,52.6,-28693.34,102346.06,1.09,-28693.34,101427.07,1.17,89.1,0.0,-0.9,404.73,816.22,-11.8,0.5885,0.557,True,False,False
S3,expiry & move_abs >= p75,combo,combo,is_expiry>=1; move_abs_pct>=0.2754,286,16,5.6,8,8,0,208599.03,242392.81,847.53,1268.7,56.3,-43619.99,107814.06,1.62,-43619.99,102617.03,1.23,116.2,0.0,-5.1,-2112.11,897.75,11.1,192,18,9.4,10,8,0,141077.06,90026.75,468.89,1306.47,59.9,-23458.02,111751.67,0.96,-28693.34,101427.07,1.17,63.8,18.2,-10.2,2836.13,517.4,-46.4,0.274,0.8675,True,False,False
S3,expiry & gap_abs >= p75,combo,combo,is_expiry>=1; gap_abs_pct>=0.335,286,13,4.5,9,4,0,208599.03,180730.31,631.92,1232.54,55.9,-43619.99,112997.8,1.13,-43619.99,102617.03,1.23,86.6,0.0,-10.1,2143.75,662.02,-23.5,192,14,7.3,7,7,0,141077.06,116143.17,604.91,1487.84,61.5,-27850.42,129807.39,1.21,-28693.34,101427.07,1.17,82.3,2.9,-28.0,1780.99,652.49,-45.7,0.824,0.896,True,False,False
S3,gap_abs >= p75 & premium_pct >= p75,combo,combo,gap_abs_pct>=0.335; premium_pct>=1.18,286,18,6.3,12,6,0,208599.03,167825.83,586.8,1215.78,54.9,-43619.99,113997.87,1.03,-43619.99,102617.03,1.23,80.5,0.0,-11.1,2265.18,626.22,-30.6,192,33,17.2,18,15,0,141077.06,196751.99,1024.75,1064.79,55.7,-28693.34,65597.09,1.75,-28693.34,101427.07,1.17,139.5,0.0,35.3,-1687.12,1237.43,74.8,0.837,0.0505,True,False,True
S3,range >= p75 & move_abs >= p75,combo,combo,range_pct>=0.459; move_abs_pct>=0.2754,286,56,19.6,28,28,0,208599.03,282606.13,988.13,0.0,49.3,-43619.99,80324.97,2.13,-43619.99,102617.03,1.23,135.5,0.0,21.7,-1321.56,1228.72,57.2,192,39,20.3,23,16,0,141077.06,117843.77,613.77,675.64,53.1,-27850.42,105095.83,1.27,-28693.34,101427.07,1.17,83.5,2.9,-3.6,595.73,770.22,-20.1,0.0625,0.6115,True,True,False
S3,premium extreme(>=p75) & ce_pe_imb_abs >= p75,combo,combo,premium_pct>=1.18; ce_pe_imb_abs>=0.1484,286,6,2.1,3,3,0,208599.03,203562.46,711.76,1653.2,58.0,-43619.99,102617.03,1.22,-43619.99,102617.03,1.23,97.6,0.0,0.0,839.43,727.01,-2.4,192,5,2.6,4,1,0,141077.06,132192.96,688.5,1709.95,63.0,-28693.34,93749.93,1.1,-28693.34,101427.07,1.17,93.7,0.0,7.6,1776.82,706.91,1.3,0.489,0.4465,False,False,False
S3,gap_abs >= p75 & move_abs >= p75,combo,combo,gap_abs_pct>=0.335; move_abs_pct>=0.2754,286,23,8.0,12,11,0,208599.03,227753.99,796.34,1215.78,54.9,-43619.99,103724.5,1.5,-43619.99,102617.03,1.23,109.2,0.0,-1.1,-832.82,865.98,8.1,192,23,12.0,13,10,0,141077.06,142614.3,742.78,1276.24,58.3,-27850.42,110811.21,1.45,-28693.34,101427.07,1.17,101.1,2.9,-9.3,-66.84,843.87,-8.2,0.3395,0.5505,True,False,False
S3,expiry & move_abs >= p85,combo,combo,is_expiry>=1; move_abs_pct>=0.3809,286,9,3.1,5,4,0,208599.03,214405.0,749.67,1543.55,57.3,-43619.99,107814.06,1.35,-43619.99,102617.03,1.23,102.8,0.0,-5.1,-645.11,774.03,-2.3,192,9,4.7,6,3,0,141077.06,65746.59,342.43,1504.11,62.0,-27850.42,138729.88,0.63,-28693.34,101427.07,1.17,46.6,2.9,-36.8,8370.05,359.27,-90.2,0.4725,0.9985,False,False,False
S3,expiry & gap_abs >= p85,combo,combo,is_expiry>=1; gap_abs_pct>=0.4291,286,8,2.8,5,3,0,208599.03,228044.27,797.36,1543.55,57.3,-43619.99,112997.8,1.4,-43619.99,102617.03,1.23,109.3,0.0,-10.1,-2430.66,820.3,-0.8,192,12,6.2,6,6,0,141077.06,108950.73,567.45,1504.11,62.0,-27850.42,115783.88,1.08,-28693.34,101427.07,1.17,77.2,2.9,-14.2,2677.19,605.28,-37.0,0.4365,0.857,False,False,False
S3,gap_abs >= p85 & premium_pct >= p85,combo,combo,gap_abs_pct>=0.4291; premium_pct>=1.368,286,9,3.1,6,3,0,208599.03,198490.9,694.02,1489.28,57.0,-43619.99,112890.4,1.19,-43619.99,102617.03,1.23,95.2,0.0,-10.0,1123.13,716.57,-14.8,192,26,13.5,14,12,0,141077.06,168786.73,879.1,1276.24,57.8,-28693.34,66389.99,1.45,-28693.34,101427.07,1.17,119.6,0.0,34.5,-1065.76,1016.79,54.1,0.7415,0.101,False,False,False
S3,range >= p85 & move_abs >= p85,combo,combo,range_pct>=0.5338; move_abs_pct>=0.3809,286,33,11.5,17,16,0,208599.03,257710.77,901.09,723.86,53.1,-43619.99,86010.59,1.75,-43619.99,102617.03,1.23,123.5,0.0,16.2,-1488.23,1018.62,39.7,192,24,12.5,13,11,0,141077.06,132996.16,692.69,1234.4,58.3,-27850.42,92739.59,1.35,-28693.34,101427.07,1.17,94.3,2.9,8.6,336.7,791.64,2.9,0.1265,0.461,True,False,False
S3,premium extreme(>=p85) & ce_pe_imb_abs >= p85,combo,combo,premium_pct>=1.368; ce_pe_imb_abs>=0.1984,286,0,0.0,0,0,0,208599.03,208599.03,729.37,1895.72,59.1,-43619.99,102617.03,1.23,-43619.99,102617.03,1.23,100.0,0.0,0.0,,729.37,0.0,192,0,0.0,0,0,0,141077.06,141077.06,734.78,1933.32,65.1,-28693.34,101427.07,1.17,-28693.34,101427.07,1.17,100.0,0.0,0.0,,734.78,0.0,,,False,False,False
S3,gap_abs >= p85 & move_abs >= p85,combo,combo,gap_abs_pct>=0.4291; move_abs_pct>=0.3809,286,9,3.1,3,6,0,208599.03,301015.11,1052.5,1653.2,58.0,-43619.99,102617.03,1.89,-43619.99,102617.03,1.23,144.3,0.0,0.0,-10268.45,1086.7,44.3,192,14,7.3,7,7,0,141077.06,145436.8,757.48,1504.11,61.5,-27850.42,96490.73,1.39,-28693.34,101427.07,1.17,103.1,2.9,4.9,-311.41,817.06,8.0,0.038,0.405,False,False,False
