date,dow,is_expiry,dte,expiry,prev_close,prev_high,prev_low,prev_range,prev_range_pct,open_0915,gap,gap_pct,p0915,p0920,p0925,p0930,move_0915_0930,move_pct,range_0915_0930,atm,ce_0930,pe_0930,premium,premium_pct,ce_pe_ratio,ce_pe_diff,ce_pe_imb,n_strikes_listed,spot_source,gap_abs_pct,move_abs_pct,range_pct,ce_pe_imb_abs,range_over_premium,move_over_premium,premium_pctile,gap_dir,open_move_dir,S1_legs_entry,S1_gross_rs,S1_brokerage_rs,S1_taxes_rs,S1_spread_rs,S1_net_rs,S1_net_pts,S1_net_proj_rs,S1_net_1lot,S1_net_2lot,S1_max_loss_rs,S1_t_max_loss,S1_max_profit_rs,S1_t_max_profit,S1_max_loss_extreme_rs,S1_real_bar_ratio,S2_width,S2_protected_spread,S2_legs_entry,S2_gross_rs,S2_brokerage_rs,S2_taxes_rs,S2_spread_rs,S2_net_rs,S2_net_pts,S2_net_proj_rs,S2_net_1lot,S2_net_2lot,S2_max_loss_rs,S2_t_max_loss,S2_max_profit_rs,S2_t_max_profit,S2_max_loss_extreme_rs,S2_real_bar_ratio,S3_width,S3_protected_spread,S3_legs_entry,S3_gross_rs,S3_brokerage_rs,S3_taxes_rs,S3_spread_rs,S3_net_rs,S3_net_pts,S3_net_proj_rs,S3_net_1lot,S3_net_2lot,S3_max_loss_rs,S3_t_max_loss,S3_max_profit_rs,S3_t_max_profit,S3_max_loss_extreme_rs,S3_real_bar_ratio,S1_equity,S1_drawdown,S1_dd_increase,S1_win,S1_extreme_loss,S2_equity,S2_drawdown,S2_dd_increase,S2_win,S2_extreme_loss,S3_equity,S3_drawdown,S3_dd_increase,S3_win,S3_extreme_loss,strategies_lost,all_three_lost,only_one_lost
2024-10-03,Thu,1,0,2024-10-03,25812.55,25907.6,25739.2,168.39999999999782,0.6523958307102469,25452.85,-359.7000000000007,-1.3935081965942953,25452.85,25530.0,25556.35,25587.1,134.25,0.5274458459465247,152.25,25600.0,63.5,90.1,153.6,0.6003024961797155,0.704772475027747,-26.599999999999994,-0.17317708333333331,99,nifty_1min.csv,1.3935081965942953,0.5274458459465247,0.5950264000218861,0.17317708333333331,0.9912109375,0.8740234375,,strong_down,up,SELL CE 25600 63.5 | SELL PE 25600 90.1,-38278.5,94.4,72.7,78.0,-38523.6,-197.5569,-38445.6,-12904.13,-25713.87,-44060.25,13:55,5840.25,10:02,-44781.75,1.0,150.0,150.0,BUY CE 25750 17.1 | BUY PE 25450 34.45 | SELL CE 25600 63.5 | SELL PE 25600 90.1,-9301.5,188.8,132.38,156.0,-9778.68,-50.1471,-9622.68,-3385.43,-6582.05,-9728.55,13:57,2507.7,10:08,-20330.7,1.0,300.0,300.0,BUY CE 25900 4.95 | BUY PE 25300 12.1 | SELL CE 25600 63.5 | SELL PE 25600 90.1,-31882.5,188.8,87.93,156.0,-32315.23,-165.7191,-32159.23,-10897.61,-21606.42,-32126.25,15:12,4377.75,10:02,-40287.0,1.0,-38523.6,38523.6,38523.6,0.0,1.0,-9778.68,9778.68,9778.68,0.0,1.0,-32315.23,32315.23,32315.23,0.0,1.0,3.0,1.0,0.0
2024-10-04,Fri,0,6,2024-10-10,25266.0,25639.45,25230.3,409.15000000000146,1.6193699042191145,25181.9,-84.09999999999854,-0.33285838676481655,25181.9,25168.55,25139.35,25128.8,-53.10000000000218,-0.21086574086944265,169.75,25150.0,242.0,164.15,406.15,1.616272961701315,1.4742613463295766,77.85,0.19167795149575279,99,nifty_1min.csv,0.33285838676481655,0.21086574086944265,0.6755197223902455,0.19167795149575279,0.41794903360827285,0.13073987443063445,,mild_down,down,SELL CE 25150 242 | SELL PE 25150 164.15,10296.0,94.4,142.66,78.0,9980.94,51.1843,10058.94,3264.05,6622.49,-22200.75,12:26,10296.0,15:29,-23770.5,1.0,400.0,400.0,BUY CE 25550 57.7 | BUY PE 24750 73.05 | SELL CE 25150 242 | SELL PE 25150 164.15,5906.55,188.8,183.85,156.0,5377.9,27.579,5533.9,1666.77,3522.33,-9282.0,12:14,5906.55,15:29,-14597.7,1.0,800.0,800.0,BUY CE 25950 10.65 | BUY PE 24350 36.5 | SELL CE 25150 242 | SELL PE 25150 164.15,8287.5,188.8,156.91,156.0,7785.79,39.9271,7941.79,2469.4,5127.59,-21276.45,12:26,8287.5,15:29,-23195.25,1.0,-28542.66,28542.66,0.0,1.0,0.0,-4400.78,4400.78,0.0,1.0,0.0,-24529.44,24529.44,0.0,1.0,0.0,0.0,0.0,0.0
2024-10-07,Mon,0,3,2024-10-10,25049.1,25485.05,24966.8,518.25,2.068936608500904,25084.1,35.0,0.13972557896291685,25084.1,25099.8,25104.05,25078.35,-5.75,-0.02292288740676365,72.15000000000146,25100.0,180.35,161.15,341.5,1.3617323308750378,1.1191436549798324,19.19999999999999,0.05622254758418738,99,nifty_1min.csv,0.13972557896291685,0.02292288740676365,0.2876983533605738,0.05622254758418738,0.2112737920937085,0.01683748169838946,,mild_up,down,SELL CE 25100 180.35 | SELL PE 25100 161.15,-7915.05,94.4,127.32,78.0,-8214.77,-42.127,-8136.77,-2801.19,-5507.98,-29774.55,13:49,1306.5,10:18,-31229.25,1.0,350.0,350.0,BUY CE 25450 47.65 | BUY PE 24750 60.15 | SELL CE 25100 180.35 | SELL PE 25100 161.15,-466.05,188.8,176.93,156.0,-987.78,-5.0655,-831.78,-455.13,-721.46,-6296.55,13:49,1111.5,10:28,-11590.8,1.0,700.0,700.0,BUY CE 25800 12.4 | BUY PE 24400 23.6 | SELL CE 25100 180.35 | SELL PE 25100 161.15,-4112.55,188.8,145.75,156.0,-4603.1,-23.6056,-4447.1,-1660.23,-3131.67,-18211.05,13:49,1228.5,10:27,-20960.55,1.0,-36757.43,36757.43,8214.77,0.0,0.0,-5388.56,5388.56,987.78,0.0,0.0,-29132.54,29132.54,4603.1,0.0,0.0,3.0,1.0,0.0
2024-10-08,Tue,0,2,2024-10-10,24819.0,25143.0,24694.35,448.65000000000146,1.807687658648622,24832.2,13.200000000000728,0.05318505983319524,24832.2,24780.1,24808.2,24835.7,3.5,0.014094602975169335,99.29999999999927,24850.0,184.8,178.05,362.85,1.4610017031933868,1.037910699241786,6.75,0.018602728400165358,99,nifty_1min.csv,0.05318505983319524,0.014094602975169335,0.3998276674303493,0.018602728400165358,0.2736668044646528,0.00964585917045611,,flat,up,SELL CE 24850 184.8 | SELL PE 24850 178.05,11622.0,94.4,126.37,78.0,11323.23,58.0678,11401.23,3711.48,7517.35,-68.25,09:30,15405.0,14:52,-2895.75,1.0,350.0,350.0,BUY CE 25200 49.35 | BUY PE 24500 69.84 | SELL CE 24850 184.8 | SELL PE 24850 178.05,3229.2,188.8,157.71,156.0,2726.69,13.983,2882.69,783.03,1754.86,-163.8,09:57,5645.25,14:53,-5019.3,1.0,750.0,750.0,BUY CE 25600 8.44 | BUY PE 24100 21.9 | SELL CE 24850 184.8 | SELL PE 24850 178.05,8357.7,188.8,132.75,156.0,7880.15,40.411,8036.15,2500.85,5190.5,185.25,09:57,12608.7,14:52,-3108.3,1.0,-25434.2,25434.2,0.0,1.0,0.0,-2661.87,2661.87,0.0,1.0,0.0,-21252.39,21252.39,0.0,1.0,0.0,0.0,0.0,0.0
2024-10-09,Wed,0,1,2024-10-10,25039.5,25044.0,24756.8,287.2000000000007,1.1469877593402453,25065.8,26.299999999999272,0.10503404620699004,25065.8,25056.1,25070.45,25055.6,-10.200000000000728,-0.04069289629694934,50.69999999999709,25050.0,106.75,141.0,247.75,0.988800906783314,0.7570921985815603,-34.25,-0.13824419778002017,99,nifty_1min.csv,0.10503404620699004,0.04069289629694934,0.2023499736585717,0.13824419778002017,0.20464177598384295,0.041170534813322814,,mild_up,down,SELL CE 25050 106.75 | SELL PE 25050 141,14742.0,94.4,83.26,78.0,14486.34,74.2889,14564.34,4765.85,9626.09,-2825.55,09:46,15161.25,15:26,-5290.35,1.0,250.0,250.0,BUY CE 25300 30.8 | BUY PE 24800 49.55 | SELL CE 25050 106.75 | SELL PE 25050 141,5545.8,188.8,99.38,156.0,5101.62,26.1622,5257.62,1574.67,3338.15,-2125.5,11:21,5772.0,15:26,-6442.8,1.0,500.0,500.0,BUY CE 25550 8.44 | BUY PE 24550 17.8 | SELL CE 25050 106.75 | SELL PE 25050 141,10902.45,188.8,87.34,156.0,10470.31,53.6939,10626.31,3364.24,6917.27,-4141.8,11:21,11321.7,15:26,-5545.8,1.0,-10947.86,10947.86,0.0,1.0,0.0,2439.75,0.0,0.0,1.0,0.0,-10782.08,10782.08,0.0,1.0,0.0,0.0,0.0,0.0
2024-10-10,Thu,1,0,2024-10-10,25019.55,25234.05,24947.7,286.34999999999854,1.144504997092268,25067.05,47.5,0.18985153609877076,25067.05,25051.2,25049.4,25049.25,-17.799999999999272,-0.07100955238051256,66.45000000000073,25050.0,63.75,69.05,132.8,0.5301555934808428,0.9232440260680667,-5.299999999999997,-0.03990963855421684,99,nifty_1min.csv,0.18985153609877076,0.07100955238051256,0.2652774035150782,0.03990963855421684,0.5003765060241018,0.13403614457830776,,mild_up,down,SELL CE 25050 63.75 | SELL PE 25050 69.05,15853.5,94.4,41.1,78.0,15640.0,80.2051,15718.0,5150.4,10395.2,-1706.25,09:33,18174.0,14:34,-3480.75,1.0,150.0,150.0,BUY CE 25200 23.15 | BUY PE 24900 18.89 | SELL CE 25050 63.75 | SELL PE 25050 69.05,7675.2,188.8,44.77,156.0,7285.63,37.3622,7441.63,2302.68,4794.16,-1129.05,09:38,10307.7,14:34,-5360.55,1.0,250.0,250.0,BUY CE 25300 10.15 | BUY PE 24800 8.4 | SELL CE 25050 63.75 | SELL PE 25050 69.05,12255.75,188.8,42.73,156.0,11868.22,60.8627,12024.22,3830.21,7849.21,-1316.25,09:33,14742.0,14:34,-3393.0,1.0,4692.14,0.0,0.0,1.0,0.0,9725.38,0.0,0.0,1.0,0.0,1086.14,0.0,0.0,1.0,0.0,0.0,0.0,0.0
2024-10-11,Fri,0,6,2024-10-17,25007.55,25134.05,24979.4,154.64999999999782,0.6184132392017524,24985.3,-22.25,-0.08897313011470537,24985.3,24953.2,24967.85,24987.75,2.4500000000007276,0.0098057657902876,77.80000000000291,25000.0,167.6,152.19,319.78999999999996,1.2797870956768815,1.1012550101846377,15.409999999999997,0.04818787329184777,99,nifty_1min.csv,0.08897313011470537,0.0098057657902876,0.31135256275576195,0.04818787329184777,0.24328465555521722,0.0076612777135017605,,flat,up,SELL CE 25000 167.6 | SELL PE 25000 152.19,5799.3,94.4,113.35,78.0,5513.55,28.2746,5591.55,1774.92,3644.23,-401.7,09:31,7788.3,15:09,-2273.7,1.0,300.0,300.0,BUY CE 25300 50.25 | BUY PE 24700 60.1 | SELL CE 25000 167.6 | SELL PE 25000 152.19,1909.05,188.8,147.85,156.0,1416.4,7.2636,1572.4,346.27,881.33,-294.45,09:52,2572.05,15:09,-4798.95,1.0,650.0,650.0,BUY CE 25650 9.6 | BUY PE 24350 19.7 | SELL CE 25000 167.6 | SELL PE 25000 152.19,4580.55,188.8,122.25,156.0,4113.5,21.0949,4269.5,1245.3,2679.4,-245.7,09:31,6082.05,15:09,-3065.4,1.0,10205.69,0.0,0.0,1.0,0.0,11141.78,0.0,0.0,1.0,0.0,5199.64,0.0,0.0,1.0,0.0,0.0,0.0,0.0
2024-10-14,Mon,0,3,2024-10-17,24975.05,25028.65,24920.05,108.60000000000218,0.43483396429637655,25023.45,48.400000000001455,0.1937934058190132,25023.45,25055.05,25048.2,25041.05,17.599999999998545,0.07033402668296555,49.349999999998545,25050.0,124.2,134.35,258.55,1.0325046274018064,0.9244510606624489,-10.149999999999991,-0.0392573970218526,99,nifty_1min.csv,0.1937934058190132,0.07033402668296555,0.1970764005502906,0.0392573970218526,0.19087217172693305,0.06807193966350239,,mild_up,up,SELL CE 25050 124.2 | SELL PE 25050 134.35,4311.45,94.4,91.81,78.0,4047.24,20.7551,4125.24,1286.15,2666.69,-2145.0,10:00,4781.4,15:07,-4475.25,1.0,250.0,250.0,BUY CE 25300 36.1 | BUY PE 24800 49.1 | SELL CE 25050 124.2 | SELL PE 25050 134.35,742.95,188.8,117.65,156.0,280.5,1.4385,436.5,-32.37,124.07,-1062.75,10:00,1183.65,15:07,-5226.0,1.0,500.0,500.0,BUY CE 25550 8.44 | BUY PE 24550 16.35 | SELL CE 25050 124.2 | SELL PE 25050 134.35,2509.65,188.8,98.25,156.0,2066.6,10.5979,2222.6,563.0,1314.8,-2328.3,10:00,3067.35,15:07,-5077.8,1.0,14252.93,0.0,0.0,1.0,0.0,11422.28,0.0,0.0,1.0,0.0,7266.24,0.0,0.0,1.0,0.0,0.0,0.0,0.0
2024-10-15,Tue,0,2,2024-10-17,25142.3,25159.75,25017.5,142.25,0.5657795826157511,25186.3,44.0,0.17500387792684044,25186.3,25197.8,25192.6,25176.85,-9.450000000000728,-0.0375203979941505,45.79999999999927,25200.0,90.6,105.75,196.35,0.7798831069017769,0.8567375886524822,-15.150000000000006,-0.07715813598166542,99,nifty_1min.csv,0.17500387792684044,0.0375203979941505,0.1819131464023469,0.07715813598166542,0.23325693913928838,0.048128342245993015,,mild_up,down,SELL CE 25200 90.6 | SELL PE 25200 105.75,-5050.5,94.4,73.43,78.0,-5296.33,-27.1607,-5218.33,-1828.38,-3562.35,-16701.75,10:30,380.25,09:34,-18437.25,1.0,200.0,200.0,BUY CE 25400 25.6 | BUY PE 25000 35.75 | SELL CE 25200 90.6 | SELL PE 25200 105.75,-1930.5,188.8,100.08,156.0,-2375.38,-12.1814,-2219.38,-917.66,-1646.52,-4426.5,13:05,-19.5,09:40,-9358.05,1.0,400.0,400.0,BUY CE 25600 5.55 | BUY PE 24800 11.7 | SELL CE 25200 90.6 | SELL PE 25200 105.75,-4007.25,188.8,81.15,156.0,-4433.2,-22.7344,-4277.2,-1603.6,-3018.4,-10988.25,13:05,185.25,09:34,-14457.3,1.0,8956.6,5296.33,5296.33,0.0,0.0,9046.9,2375.38,2375.38,0.0,0.0,2833.04,4433.2,4433.2,0.0,0.0,3.0,1.0,0.0
2024-10-16,Wed,0,1,2024-10-17,25065.15,25212.05,25008.15,203.89999999999782,0.8134800709351343,25008.55,-56.60000000000218,-0.22581153513943536,25008.55,25017.7,25019.8,25017.2,8.650000000001455,0.03458817084557664,42.69999999999709,25000.0,94.2,73.95,168.15,0.6721375693522856,1.2738336713995944,20.25,0.12042818911685994,99,nifty_1min.csv,0.22581153513943536,0.03458817084557664,0.17068257039155896,0.12042818911685994,0.25393993458220093,0.05144216473387722,,mild_down,up,SELL CE 25000 94.2 | SELL PE 25000 73.95,6620.25,94.4,58.01,78.0,6389.84,32.7684,6467.84,2067.01,4228.42,-4299.75,09:43,7460.7,15:09,-6425.25,1.0,150.0,150.0,BUY CE 25150 35.45 | BUY PE 24850 26 | SELL CE 25000 94.2 | SELL PE 25000 73.95,2223.0,188.8,74.07,156.0,1804.13,9.2519,1960.13,475.51,1139.82,-1053.0,09:44,2739.75,15:24,-6318.0,1.0,350.0,350.0,BUY CE 25350 7.9 | BUY PE 24650 6.1 | SELL CE 25000 94.2 | SELL PE 25000 73.95,5274.75,188.8,61.19,156.0,4868.76,24.968,5024.76,1497.05,3182.91,-3402.75,09:43,6009.9,15:10,-6376.5,1.0,15346.44,0.0,0.0,1.0,0.0,10851.03,571.25,0.0,1.0,0.0,7701.8,0.0,0.0,1.0,0.0,0.0,0.0,0.0
2024-10-17,Thu,1,0,2024-10-17,24959.9,25093.4,24908.45,184.95000000000073,0.7409885456271889,25027.4,67.5,0.27043377577634525,25027.4,24957.05,24940.6,24940.2,-87.20000000000073,-0.3484181337254398,106.40000000000146,24950.0,45.1,63.75,108.85,0.43644397398577395,0.7074509803921569,-18.65,-0.17133670188332567,99,nifty_1min.csv,0.27043377577634525,0.3484181337254398,0.42662047617902604,0.17133670188332567,0.9774919614148044,0.8011024345429557,,mild_up,down,SELL CE 24950 45.1 | SELL PE 24950 63.75,-17715.75,94.4,47.34,78.0,-17935.49,-91.9769,-17857.49,-6041.43,-11988.46,-18632.25,14:47,1345.5,09:33,-19295.25,1.0,100.0,100.0,BUY CE 25050 18.5 | BUY PE 24850 22.9 | SELL CE 24950 45.1 | SELL PE 24950 63.75,-6201.0,188.8,78.63,156.0,-6624.43,-33.9714,-6468.43,-2334.01,-4479.22,-6493.5,15:09,438.75,09:33,-9352.2,1.0,200.0,200.0,BUY CE 25150 7.95 | BUY PE 24750 7.15 | SELL CE 24950 45.1 | SELL PE 24950 63.75,-20621.25,188.8,48.7,156.0,-21014.75,-107.7679,-20858.75,-7130.78,-14072.77,-20689.5,15:27,994.5,09:33,-20777.25,1.0,-2589.05,17935.49,17935.49,0.0,1.0,4226.6,7195.68,6624.43,0.0,0.0,-13312.95,21014.75,21014.75,0.0,1.0,3.0,1.0,0.0
2024-10-18,Fri,0,6,2024-10-24,24750.2,25029.5,24728.9,300.59999999999854,1.2145356401160337,24664.95,-85.25,-0.34444166107748625,24664.95,24607.35,24579.05,24572.5,-92.45000000000073,-0.37482338297868323,127.29999999999927,24550.0,208.6,148.94,357.53999999999996,1.4550412045986367,1.4005639854975158,59.66,0.16686244895676008,106,nifty_1min.csv,0.34444166107748625,0.37482338297868323,0.5180588055753353,0.16686244895676008,0.3560440789841676,0.2585724674162352,,mild_down,down,SELL CE 24550 208.6 | SELL PE 24550 148.94,-14724.45,94.4,136.16,78.0,-15033.01,-77.0924,-14955.01,-5073.94,-10053.47,-21208.2,13:46,2815.8,10:06,-22348.95,1.0,350.0,350.0,BUY CE 24900 58.85 | BUY PE 24200 56.8 | SELL CE 24550 208.6 | SELL PE 24550 148.94,-8232.9,188.8,187.27,156.0,-8764.97,-44.9486,-8608.97,-3047.52,-5906.25,-9137.7,14:41,-81.9,10:06,-12199.2,1.0,700.0,700.0,BUY CE 25250 13.4 | BUY PE 23850 23.1 | SELL CE 24550 208.6 | SELL PE 24550 148.94,-17019.6,188.8,146.15,156.0,-17510.55,-89.7977,-17354.55,-5962.72,-11736.63,-21091.2,13:46,641.55,10:06,-22692.15,1.0,-17622.06,32968.5,15033.01,0.0,0.0,-4538.37,15960.65,8764.97,0.0,1.0,-30823.5,38525.3,17510.55,0.0,1.0,3.0,1.0,0.0
2024-10-21,Mon,0,3,2024-10-24,24862.65,24886.2,24567.65,318.5499999999993,1.2812391277679542,24956.15,93.5,0.3760661071929179,24956.15,24934.9,24928.95,24892.4,-63.75,-0.2554480558900311,88.09999999999854,24900.0,118.45,135.75,254.2,1.021195224245151,0.87255985267035,-17.299999999999997,-0.06805664830841857,106,nifty_1min.csv,0.3760661071929179,0.2554480558900311,0.3539232858221728,0.06805664830841857,0.3465774980330391,0.250786782061369,,mild_up,down,SELL CE 24900 118.45 | SELL PE 24900 135.75,-5304.0,94.4,94.51,78.0,-5570.91,-28.5688,-5492.91,-1919.9,-3745.41,-16243.5,09:51,2117.7,14:37,-18991.05,1.0,250.0,250.0,BUY CE 25150 32.2 | BUY PE 24650 51.05 | SELL CE 24900 118.45 | SELL PE 24900 135.75,-1803.75,188.8,129.64,156.0,-2278.19,-11.683,-2122.19,-885.26,-1581.73,-3685.5,09:51,789.75,14:52,-8619.0,1.0,500.0,500.0,BUY CE 25400 6.7 | BUY PE 24400 18.7 | SELL CE 24900 118.45 | SELL PE 24900 135.75,-3987.75,188.8,105.58,156.0,-4438.13,-22.7596,-4282.13,-1605.24,-3021.69,-9633.0,09:51,1308.45,14:37,-12803.7,1.0,-23192.97,38539.41,5570.91,0.0,0.0,-6816.56,18238.84,2278.19,0.0,0.0,-35261.63,42963.43,4438.13,0.0,0.0,3.0,1.0,0.0
2024-10-22,Tue,0,2,2024-10-24,24739.45,24978.3,24679.6,298.7000000000007,1.2073833492660537,24798.65,59.20000000000073,0.23929392124724166,24798.65,24835.85,24806.6,24818.3,19.649999999997817,0.07923818433663855,98.70000000000073,24800.0,119.85,103.4,223.25,0.8995378410285959,1.159090909090909,16.44999999999999,0.07368421052631574,106,nifty_1min.csv,0.23929392124724166,0.07923818433663855,0.3976904139284348,0.07368421052631574,0.442105263157898,0.0880179171332489,,mild_up,up,SELL CE 24800 119.85 | SELL PE 24800 103.4,-26919.75,94.4,92.9,78.0,-27185.05,-139.4105,-27107.05,-9124.62,-18154.83,-29883.75,15:12,2242.5,10:07,-30693.0,1.0,200.0,200.0,BUY CE 25000 41 | BUY PE 24600 40.95 | SELL CE 24800 119.85 | SELL PE 24800 103.4,-5577.0,188.8,152.8,156.0,-6074.6,-31.1518,-5918.6,-2150.73,-4112.66,-6230.25,15:12,456.3,10:07,-9135.75,1.0,450.0,450.0,BUY CE 25250 7.65 | BUY PE 24350 13.1 | SELL CE 24800 119.85 | SELL PE 24800 103.4,-17618.25,188.8,113.58,156.0,-18076.63,-92.7007,-17920.63,-6151.41,-12114.02,-19500.0,15:12,1433.25,10:07,-20808.45,1.0,-50378.02,65724.46,27185.05,0.0,1.0,-12891.16,24313.44,6074.6,0.0,0.0,-53338.26,61040.06,18076.63,0.0,1.0,3.0,1.0,0.0
2024-10-23,Wed,0,1,2024-10-24,24481.75,24882.0,24445.8,436.2000000000007,1.7817353743094375,24378.15,-103.59999999999854,-0.4231723630867832,24378.15,24511.65,24457.25,24490.5,112.34999999999854,0.4608635191759774,143.3000000000029,24500.0,118.95,112.15,231.10000000000002,0.9436312039362204,1.060633080695497,6.799999999999997,0.029424491562094316,106,nifty_1min.csv,0.4231723630867832,0.4608635191759774,0.5851248443274042,0.029424491562094316,0.6200778883600299,0.486153180441361,,mild_down,up,SELL CE 24500 118.95 | SELL PE 24500 112.15,14293.5,94.4,77.42,78.0,14043.68,72.0189,14121.68,4618.29,9330.98,-4046.25,09:41,14732.25,15:05,-5996.25,1.0,250.0,250.0,BUY CE 24750 30.9 | BUY PE 24250 36.6 | SELL CE 24500 118.95 | SELL PE 24500 112.15,6220.5,188.8,90.47,156.0,5785.23,29.6678,5941.23,1802.54,3793.88,-2369.25,11:03,6522.75,15:03,-6006.0,1.0,450.0,450.0,BUY CE 24950 9.3 | BUY PE 24050 14.4 | SELL CE 24500 118.95 | SELL PE 24500 112.15,10920.0,188.8,81.24,156.0,10493.96,53.8152,10649.96,3372.12,6933.04,-3003.0,11:03,11368.5,15:05,-5500.95,1.0,-36334.34,51680.78,0.0,1.0,0.0,-7105.93,18528.21,0.0,1.0,0.0,-42844.3,50546.1,0.0,1.0,0.0,0.0,0.0,0.0
2024-10-24,Thu,1,0,2024-10-24,24436.0,24604.25,24378.1,226.15000000000146,0.9254788017678894,24412.7,-23.299999999999272,-0.09535112129644488,24412.7,24435.45,24431.15,24410.3,-2.400000000001455,-0.009830948645587973,79.80000000000291,24400.0,60.5,56.5,117.0,0.4793058667857421,1.0707964601769913,4.0,0.03418803418803419,106,nifty_1min.csv,0.09535112129644488,0.009830948645587973,0.3269111809359283,0.03418803418803419,0.6820512820513069,0.02051282051283295,,flat,down,SELL CE 24400 60.5 | SELL PE 24400 56.5,22707.75,94.4,32.32,78.0,22503.03,115.4002,22581.03,7438.08,14970.55,-1979.25,09:40,22756.5,15:27,-3656.25,1.0,100.0,100.0,BUY CE 24500 24.9 | BUY PE 24300 22.55 | SELL CE 24400 60.5 | SELL PE 24400 56.5,13474.5,188.8,36.46,156.0,13093.24,67.1448,13249.24,4238.55,8665.89,-536.25,09:40,13523.25,15:27,-4767.75,1.0,250.0,250.0,BUY CE 24650 6.85 | BUY PE 24150 5.7 | SELL CE 24400 60.5 | SELL PE 24400 56.5,20280.0,188.8,33.44,156.0,19901.76,102.0603,20057.76,6508.05,13204.91,-1893.45,09:40,20328.75,15:27,-3851.25,1.0,-13831.31,29177.75,0.0,1.0,0.0,5987.31,5434.97,0.0,1.0,0.0,-22942.54,30644.34,0.0,1.0,0.0,0.0,0.0,0.0
2024-10-25,Fri,0,6,2024-10-31,24414.6,24480.65,24341.2,139.45000000000073,0.5711746250194586,24418.05,3.4500000000007276,0.014130888894353082,24418.05,24410.6,24393.55,24429.2,11.150000000001455,0.04566294196302102,67.40000000000146,24450.0,146.9,157.0,303.9,1.2440030782833655,0.9356687898089172,-10.099999999999994,-0.03323461665021387,115,nifty_1min.csv,0.014130888894353082,0.04566294196302102,0.27589933358440494,0.03323461665021387,0.22178348140836282,0.03668970055939933,,flat,up,SELL CE 24450 146.9 | SELL PE 24450 157,-7770.75,94.4,113.62,78.0,-8056.77,-41.3168,-7978.77,-2748.52,-5402.65,-28665.0,14:23,-107.25,09:30,-29250.0,1.0,300.0,300.0,BUY CE 24750 41.2 | BUY PE 24150 58.45 | SELL CE 24450 146.9 | SELL PE 24450 157,-1043.25,188.8,159.26,156.0,-1547.31,-7.9349,-1391.31,-641.64,-1094.48,-6503.25,14:28,146.25,09:33,-9730.5,1.0,600.0,600.0,BUY CE 25050 10.35 | BUY PE 23850 19.95 | SELL CE 24450 146.9 | SELL PE 24450 157,-3909.75,188.8,130.07,156.0,-4384.62,-22.4852,-4228.62,-1587.41,-2986.01,-16713.45,14:23,40.95,09:33,-18439.2,1.0,-21888.08,37234.52,8056.77,0.0,0.0,4440.0,6982.28,1547.31,0.0,0.0,-27327.16,35028.96,4384.62,0.0,0.0,3.0,1.0,0.0
2024-10-28,Mon,0,3,2024-10-31,24211.8,24440.25,24073.9,366.34999999999854,1.5131051801187791,24251.1,39.29999999999927,0.16231754764205583,24251.1,24248.8,24269.5,24216.7,-34.39999999999782,-0.14184923570476315,80.40000000000146,24200.0,157.1,129.65,286.75,1.184100228354813,1.211723871962977,27.44999999999999,0.09572798605056666,115,nifty_1min.csv,0.16231754764205583,0.14184923570476315,0.3320022959362814,0.09572798605056666,0.28038360941587254,0.11996512641673171,,mild_up,down,SELL CE 24200 157.1 | SELL PE 24200 129.65,5001.75,94.4,101.73,78.0,4727.62,24.2442,4805.62,1512.94,3120.28,-14576.25,12:34,5001.75,15:29,-16458.0,1.0,300.0,300.0,BUY CE 24500 38.75 | BUY PE 23900 44.65 | SELL CE 24200 157.1 | SELL PE 24200 129.65,1140.75,188.8,126.5,156.0,669.45,3.4331,825.45,97.28,383.37,-6054.75,12:34,1140.75,15:29,-12285.0,1.0,550.0,550.0,BUY CE 24750 9.5 | BUY PE 23650 18.25 | SELL CE 24200 157.1 | SELL PE 24200 129.65,2652.0,188.8,108.46,156.0,2198.74,11.2756,2354.74,607.05,1402.89,-13016.25,12:34,2741.7,15:04,-15717.0,1.0,-17160.46,32506.9,0.0,1.0,0.0,5109.45,6312.83,0.0,1.0,0.0,-25128.42,32830.22,0.0,1.0,0.0,0.0,0.0,0.0
2024-10-29,Tue,0,2,2024-10-31,24367.7,24492.6,24134.9,357.6999999999971,1.4679268047456144,24328.85,-38.85000000000218,-0.15943236333343805,24328.85,24291.0,24276.4,24261.05,-67.79999999999927,-0.27868148309517005,127.65000000000146,24250.0,133.05,108.7,241.75,0.9964531625795257,1.2240110395584178,24.35000000000001,0.10072388831437439,115,nifty_1min.csv,0.15943236333343805,0.27868148309517005,0.52615200084086,0.10072388831437439,0.5280248190279274,0.28045501551188945,,mild_down,down,SELL CE 24250 133.05 | SELL PE 24250 108.7,-6113.25,94.4,90.36,78.0,-6376.01,-32.6975,-6298.01,-2188.27,-4282.14,-9847.5,15:08,4650.75,13:53,-10627.5,1.0,250.0,250.0,BUY CE 24500 35 | BUY PE 24000 36.29 | SELL CE 24250 133.05 | SELL PE 24250 108.7,-3461.25,188.8,119.95,156.0,-3926.0,-20.1333,-3770.0,-1434.53,-2680.27,-5321.55,15:08,1630.2,13:38,-7135.05,1.0,500.0,500.0,BUY CE 24750 7.3 | BUY PE 23750 10.75 | SELL CE 24250 133.05 | SELL PE 24250 108.7,-6318.0,188.8,96.61,156.0,-6759.41,-34.6636,-6603.41,-2379.0,-4569.21,-10130.25,15:08,3422.25,13:38,-10999.95,1.0,-23536.47,38882.91,6376.01,0.0,0.0,1183.45,10238.83,3926.0,0.0,0.0,-31887.83,39589.63,6759.41,0.0,0.0,3.0,1.0,0.0
2024-10-30,Wed,0,1,2024-10-31,24454.0,24484.5,24140.85,343.65000000000146,1.4052915678416678,24371.45,-82.54999999999927,-0.3375725852621218,24371.45,24363.65,24385.85,24382.45,11.0,0.045134778603653045,98.85000000000218,24400.0,93.85,99.4,193.25,0.7925782683856626,0.9441649899396377,-5.550000000000011,-0.02871927554980601,115,nifty_1min.csv,0.3375725852621218,0.045134778603653045,0.4054145502195316,0.02871927554980601,0.5115135834411497,0.056921086675291076,,mild_down,up,SELL CE 24400 93.85 | SELL PE 24400 99.4,9165.0,94.4,65.98,78.0,8926.62,45.7775,9004.62,2912.61,5919.61,-1472.25,09:41,9254.7,14:57,-4329.0,1.0,200.0,200.0,BUY CE 24600 24.65 | BUY PE 24200 36.1 | SELL CE 24400 93.85 | SELL PE 24400 99.4,3373.5,188.8,79.81,156.0,2948.89,15.1225,3104.89,857.1,1902.99,-1189.5,13:06,3412.5,15:10,-4504.5,1.0,400.0,400.0,BUY CE 24800 5.4 | BUY PE 24000 13.05 | SELL CE 24400 93.85 | SELL PE 24400 99.4,6893.25,188.8,69.46,156.0,6478.99,33.2256,6634.99,2033.8,4256.4,-1423.5,09:41,6901.05,15:10,-4533.75,1.0,-14609.85,29956.29,0.0,1.0,0.0,4132.34,7289.94,0.0,1.0,0.0,-25408.84,33110.64,0.0,1.0,0.0,0.0,0.0,0.0
2024-10-31,Thu,1,0,2024-10-31,24350.3,24498.2,24307.3,190.90000000000146,0.7839739140790933,24349.85,-0.4500000000007276,-0.0018480265130233616,24349.85,24308.95,24292.6,24272.0,-77.84999999999854,-0.3197144951611552,101.25,24250.0,71.2,39.7,110.9,0.4569050758075148,1.7934508816120907,31.5,0.2840396753832281,115,nifty_1min.csv,0.0018480265130233616,0.3197144951611552,0.41714733025708634,0.2840396753832281,0.9129846708746618,0.7019837691613935,,flat,down,SELL CE 24250 71.2 | SELL PE 24250 39.7,12957.75,94.4,34.44,78.0,12750.91,65.3893,12828.91,4187.37,8469.14,-195.0,09:30,13981.5,15:11,-1170.0,1.0,100.0,100.0,BUY CE 24350 26.2 | BUY PE 24150 17.1 | SELL CE 24250 71.2 | SELL PE 24250 39.7,4543.5,188.8,38.24,156.0,4160.46,21.3357,4316.46,1260.95,2710.71,-177.45,09:30,6971.25,11:22,-2419.95,1.0,200.0,200.0,BUY CE 24450 10.75 | BUY PE 24050 7.85 | SELL CE 24250 71.2 | SELL PE 24250 39.7,9350.25,188.8,36.08,156.0,8969.37,45.9968,9125.37,2863.92,5916.64,-107.25,09:30,10561.2,11:29,-1647.75,1.0,-1858.94,17205.38,0.0,1.0,0.0,8292.8,3129.48,0.0,1.0,0.0,-16439.47,24141.27,0.0,1.0,0.0,0.0,0.0,0.0
2024-11-04,Mon,0,3,2024-11-07,24238.5,24372.45,24172.6,199.85000000000218,0.8245147183200371,24315.75,77.25,0.31870784083173465,24315.75,24115.1,24084.1,24074.05,-241.70000000000073,-0.9940059426503428,242.70000000000073,24050.0,234.2,186.55,420.75,1.7477325169632862,1.2554274993299381,47.64999999999998,0.11325014854426614,96,nifty_1min.csv,0.31870784083173465,0.9940059426503428,1.0081394696779342,0.11325014854426614,0.576827094474155,0.5744503862150938,,mild_up,down,SELL CE 24050 234.2 | SELL PE 24050 186.55,7176.0,94.4,149.34,78.0,6854.26,35.1501,6932.26,2221.82,4538.04,-12879.75,11:12,7176.0,15:29,-14605.5,1.0,400.0,400.0,BUY CE 24450 64.65 | BUY PE 23650 66.15 | SELL CE 24050 234.2 | SELL PE 24050 186.55,3393.0,188.8,191.41,156.0,2856.79,14.6502,3012.79,826.4,1841.6,-955.5,11:04,3393.0,15:29,-5830.5,1.0,850.0,850.0,BUY CE 24900 7.35 | BUY PE 23200 17.1 | SELL CE 24050 234.2 | SELL PE 24050 186.55,6696.3,188.8,157.52,156.0,6193.98,31.764,6349.98,1938.79,4066.38,-6269.25,11:12,6696.3,15:29,-8823.75,1.0,4995.32,10351.12,0.0,1.0,0.0,11149.59,272.69,0.0,1.0,0.0,-10245.49,17947.29,0.0,1.0,0.0,0.0,0.0,0.0
2024-11-05,Tue,0,2,2024-11-07,23990.95,24316.75,23816.15,500.59999999999854,2.0866201630197994,23916.5,-74.45000000000073,-0.31032535185143034,23916.5,24015.25,24006.55,23982.2,65.70000000000073,0.2747057470783799,117.59999999999854,24000.0,184.45,196.45,380.9,1.5882612937928964,0.9389157546449478,-12.0,-0.03150433184562878,96,nifty_1min.csv,0.31032535185143034,0.2747057470783799,0.49036368640074113,0.03150433184562878,0.30874245208715817,0.17248621685481946,,mild_down,up,SELL CE 24000 184.45 | SELL PE 24000 196.45,4104.75,94.4,136.26,78.0,3796.09,19.4671,3874.09,1202.43,2499.26,-2915.25,11:44,6201.0,13:39,-5272.8,1.0,400.0,400.0,BUY CE 24400 40.65 | BUY PE 23600 68.59 | SELL CE 24000 184.45 | SELL PE 24000 196.45,1337.7,188.8,171.95,156.0,820.95,4.21,976.95,147.78,484.37,-865.8,14:40,1659.45,13:39,-4483.05,1.0,750.0,750.0,BUY CE 24750 6.4 | BUY PE 23250 23.7 | SELL CE 24000 184.45 | SELL PE 24000 196.45,2554.5,188.8,144.98,156.0,2064.72,10.5883,2220.72,562.37,1313.55,-1872.0,11:48,3909.75,13:39,-4582.5,1.0,8791.41,6555.03,0.0,1.0,0.0,11970.54,0.0,0.0,1.0,0.0,-8180.77,15882.57,0.0,1.0,0.0,0.0,0.0,0.0
2024-11-06,Wed,0,1,2024-11-07,24198.15,24229.05,23842.75,386.2999999999993,1.5964030308102035,24308.75,110.59999999999854,0.4570597339052718,24308.75,24262.9,24264.2,24344.85,36.099999999998545,0.14850619632847656,140.75,24350.0,111.5,120.05,231.55,0.9511251866411172,0.9287796751353603,-8.549999999999997,-0.036925070179226936,96,nifty_1min.csv,0.4570597339052718,0.14850619632847656,0.5781510257816336,0.036925070179226936,0.6078600734182682,0.1559058518678408,,mild_up,up,SELL CE 24350 111.5 | SELL PE 24350 120.05,8901.75,94.4,79.98,78.0,8649.37,44.3557,8727.37,2820.19,5734.78,-3012.75,09:36,10149.75,15:12,-4738.5,1.0,250.0,250.0,BUY CE 24600 32.15 | BUY PE 24100 34.1 | SELL CE 24350 111.5 | SELL PE 24350 120.05,4210.05,188.8,97.36,156.0,3767.89,19.3225,3923.89,1130.1,2448.99,-1287.0,09:36,4709.25,14:40,-7185.75,1.0,450.0,450.0,BUY CE 24800 9.85 | BUY PE 23900 13.65 | SELL CE 24350 111.5 | SELL PE 24350 120.05,6396.0,188.8,84.96,156.0,5966.24,30.5961,6122.24,1862.88,3914.56,-2252.25,09:36,7392.45,13:21,-4806.75,1.0,17440.78,0.0,0.0,1.0,0.0,15738.43,0.0,0.0,1.0,0.0,-2214.53,9916.33,0.0,1.0,0.0,0.0,0.0,0.0
2024-11-07,Thu,1,0,2024-11-07,24493.9,24537.6,24204.05,333.5499999999993,1.3617676237757126,24489.6,-4.30000000000291,-0.017555391342346096,24489.6,24454.3,24393.05,24353.8,-135.79999999999927,-0.5545211028354864,160.5,24350.0,60.55,72.9,133.45,0.5479637674613407,0.8305898491083675,-12.350000000000009,-0.09254402397901842,96,nifty_1min.csv,0.017555391342346096,0.5545211028354864,0.6590347296931075,0.09254402397901842,1.2026976395653803,1.0176095916073382,,flat,down,SELL CE 24350 60.55 | SELL PE 24350 72.9,-3354.0,94.4,49.87,78.0,-3576.27,-18.3398,-3498.27,-1255.02,-2415.65,-12010.05,10:11,3373.5,09:43,-14244.75,1.0,150.0,150.0,BUY CE 24500 22.8 | BUY PE 24200 16.39 | SELL CE 24350 60.55 | SELL PE 24350 72.9,-10859.55,188.8,53.46,156.0,-11257.81,-57.7324,-11101.81,-3878.47,-7568.14,-10937.55,15:28,1873.95,09:49,-11815.05,1.0,250.0,250.0,BUY CE 24600 10.9 | BUY PE 24100 6.35 | SELL CE 24350 60.55 | SELL PE 24350 72.9,-6698.25,188.8,51.39,156.0,-7094.44,-36.3817,-6938.44,-2490.68,-4792.56,-10645.05,10:11,2652.0,09:43,-12626.25,1.0,13864.51,3576.27,3576.27,0.0,0.0,4480.62,11257.81,11257.81,0.0,1.0,-9308.97,17010.77,7094.44,0.0,0.0,3.0,1.0,0.0
2024-11-08,Fri,0,6,2024-11-14,24194.6,24503.35,24179.05,324.2999999999993,1.3403817380737821,24207.7,13.100000000002183,0.0541443131938622,24207.7,24085.9,24092.5,24170.35,-37.35000000000218,-0.15428975078178506,157.25,24150.0,195.85,166.95,362.79999999999995,1.5010126042858294,1.1731057202755317,28.900000000000006,0.07965821389195152,103,nifty_1min.csv,0.0541443131938622,0.15428975078178506,0.6505904962071298,0.07965821389195152,0.4334343991179714,0.10294928335171497,,flat,down,SELL CE 24150 195.85 | SELL PE 24150 166.95,13903.5,94.4,125.34,78.0,13605.76,69.7731,13683.76,4472.32,9039.04,-4229.55,09:47,15026.7,14:46,-8695.05,1.0,350.0,350.0,BUY CE 24500 56.7 | BUY PE 23800 61.7 | SELL CE 24150 195.85 | SELL PE 24150 166.95,4836.0,188.8,155.44,156.0,4335.76,22.2347,4491.76,1319.39,2827.58,-1482.0,09:45,5216.25,14:34,-12458.55,1.0,750.0,750.0,BUY CE 24900 8.9 | BUY PE 23400 18.45 | SELL CE 24150 195.85 | SELL PE 24150 166.95,11427.0,188.8,131.75,156.0,10950.45,56.1562,11106.45,3524.28,7237.36,-3753.75,09:47,12255.75,14:46,-9845.55,1.0,27470.27,0.0,0.0,1.0,0.0,8816.38,6922.05,0.0,1.0,0.0,1641.48,6060.32,0.0,1.0,0.0,0.0,0.0,0.0
2024-11-11,Mon,0,3,2024-11-14,24110.35,24276.15,24066.65,209.5,0.8689214383034672,24087.25,-23.099999999998545,-0.0958094760134073,24087.25,24060.0,24066.25,24098.65,11.400000000001455,0.047327943206474196,101.65000000000146,24100.0,132.44,140.35,272.78999999999996,1.1319721229197484,0.943640897755611,-7.909999999999997,-0.028996664100590187,103,nifty_1min.csv,0.0958094760134073,0.047327943206474196,0.42180786060630554,0.028996664100590187,0.37263096154551656,0.04179038821071688,,flat,up,SELL CE 24100 132.44 | SELL PE 24100 140.35,7330.05,94.4,95.63,78.0,7062.02,36.2155,7140.02,2291.07,4676.54,-12052.95,11:44,7330.05,15:29,-13066.95,1.0,250.0,250.0,BUY CE 24350 41.9 | BUY PE 23850 52.35 | SELL CE 24100 132.44 | SELL PE 24100 140.35,2258.1,188.8,122.63,156.0,1790.67,9.1829,1946.67,471.02,1130.85,-4057.95,11:44,2258.1,15:29,-7012.2,1.0,550.0,550.0,BUY CE 24650 7.95 | BUY PE 23550 13.2 | SELL CE 24100 132.44 | SELL PE 24100 140.35,5672.55,188.8,100.96,156.0,5226.79,26.8041,5382.79,1616.4,3421.6,-10826.4,11:44,5672.55,15:29,-12208.95,1.0,34532.29,0.0,0.0,1.0,0.0,10607.05,5131.38,0.0,1.0,0.0,6868.27,833.53,0.0,1.0,0.0,0.0,0.0,0.0
2024-11-12,Tue,0,2,2024-11-14,24122.1,24336.8,24004.6,332.2000000000007,1.377160363318288,24225.8,103.70000000000073,0.4298962362315086,24225.8,24207.25,24200.85,24172.6,-53.20000000000073,-0.21960059110535352,71.34999999999854,24150.0,127.85,99.45,227.3,0.9403208591545801,1.2855706385118149,28.39999999999999,0.12494500659920806,103,nifty_1min.csv,0.4298962362315086,0.21960059110535352,0.29516891025375236,0.12494500659920806,0.31390233172018717,0.23405191377035076,,mild_up,down,SELL CE 24150 127.85 | SELL PE 24150 99.45,-22074.0,94.4,92.21,78.0,-22338.61,-114.557,-22260.61,-7509.14,-14923.88,-22083.75,15:28,3149.25,11:48,-22559.55,1.0,250.0,250.0,BUY CE 24400 33.65 | BUY PE 23900 28.35 | SELL CE 24150 127.85 | SELL PE 24150 99.45,-7517.25,188.8,135.28,156.0,-7997.33,-41.0119,-7841.33,-2791.64,-5394.49,-8043.75,15:28,1560.0,11:31,-10060.05,1.0,450.0,450.0,BUY CE 24600 8.85 | BUY PE 23700 9.25 | SELL CE 24150 127.85 | SELL PE 24150 99.45,-15931.5,188.8,107.46,156.0,-16383.76,-84.0193,-16227.76,-5587.12,-10985.44,-16175.25,15:28,2650.05,11:48,-16787.55,1.0,12193.68,22338.61,22338.61,0.0,1.0,2609.72,13128.71,7997.33,0.0,0.0,-9515.49,17217.29,16383.76,0.0,0.0,3.0,1.0,0.0
2024-11-13,Wed,0,1,2024-11-14,23842.95,24242.0,23839.15,402.84999999999854,1.6895979734051303,23822.45,-20.5,-0.08597929366961722,23822.45,23831.35,23857.8,23801.75,-20.700000000000728,-0.08689282588483017,93.29999999999927,23800.0,115.25,114.0,229.25,0.9631644732004999,1.0109649122807018,1.25,0.0054525627044711015,103,nifty_1min.csv,0.08597929366961722,0.08689282588483017,0.391987984076798,0.0054525627044711015,0.4069792802617198,0.09029443838604462,,flat,down,SELL CE 23800 115.25 | SELL PE 23800 114,-1296.75,94.4,83.68,78.0,-1552.83,-7.9632,-1474.83,-580.54,-1066.69,-15375.75,15:06,7868.25,13:47,-16692.0,1.0,250.0,250.0,BUY CE 24050 33.5 | BUY PE 23550 31.45 | SELL CE 23800 115.25 | SELL PE 23800 114,-721.5,188.8,108.04,156.0,-1174.34,-6.0223,-1018.34,-517.31,-845.83,-6249.75,15:04,3363.75,13:47,-9562.8,1.0,450.0,450.0,BUY CE 24250 12.55 | BUY PE 23350 9.55 | SELL CE 23800 115.25 | SELL PE 23800 114,-1951.95,188.8,90.77,156.0,-2387.52,-12.2437,-2231.52,-921.71,-1654.61,-13357.5,15:06,5772.0,13:47,-15451.8,1.0,10640.85,23891.44,1552.83,0.0,0.0,1435.38,14303.05,1174.34,0.0,0.0,-11903.01,19604.81,2387.52,0.0,0.0,3.0,1.0,0.0
2024-11-14,Thu,1,0,2024-11-14,23602.9,23873.6,23509.6,364.0,1.5421833757716212,23542.15,-60.75,-0.2573836265882582,23542.15,23604.9,23614.5,23581.2,39.04999999999927,0.16587270066667348,103.95000000000073,23600.0,70.2,90.4,160.60000000000002,0.6810510067341782,0.7765486725663716,-20.200000000000003,-0.12577833125778332,103,nifty_1min.csv,0.2573836265882582,0.16587270066667348,0.44081726120808407,0.12577833125778332,0.6472602739726072,0.2431506849315023,,mild_down,up,SELL CE 23600 70.2 | SELL PE 23600 90.4,18224.7,94.4,50.12,78.0,18002.18,92.3189,18080.18,5937.79,11969.99,-1140.75,09:41,18895.5,14:43,-5040.75,1.0,150.0,150.0,BUY CE 23750 25.85 | BUY PE 23450 33.95 | SELL CE 23600 70.2 | SELL PE 23600 90.4,6592.95,188.8,55.34,156.0,6192.81,31.758,6348.81,1938.4,4065.6,-1838.85,11:13,7722.0,10:37,-8336.25,1.0,300.0,300.0,BUY CE 23900 7.55 | BUY PE 23300 10.7 | SELL CE 23600 70.2 | SELL PE 23600 90.4,14685.45,188.8,51.73,156.0,14288.92,73.2765,14444.92,4637.11,9463.01,-789.75,09:41,15541.5,14:25,-6035.25,1.0,28643.03,5889.26,0.0,1.0,0.0,7628.19,8110.24,0.0,1.0,0.0,2385.91,5315.89,0.0,1.0,0.0,0.0,0.0,0.0
2024-11-18,Mon,0,3,2024-11-21,23559.6,23675.9,23484.15,191.75,0.8138932749282671,23605.3,45.70000000000073,0.1939761286269747,23605.3,23531.6,23499.6,23471.15,-134.14999999999782,-0.5683045756673197,143.25,23450.0,155.75,136.6,292.35,1.2455716912038823,1.140190336749634,19.150000000000006,0.0655036770993672,99,nifty_1min.csv,0.1939761286269747,0.5683045756673197,0.6103237378654219,0.0655036770993672,0.48999486916367363,0.45886779545065093,,mild_up,down,SELL CE 23450 155.75 | SELL PE 23450 136.6,11748.75,94.4,100.76,78.0,11475.59,58.8492,11553.59,3762.26,7618.93,331.5,09:42,11748.75,15:29,-2652.0,1.0,300.0,300.0,BUY CE 23750 40.85 | BUY PE 23150 45.7 | SELL CE 23450 155.75 | SELL PE 23450 136.6,4153.5,188.8,121.39,156.0,3687.31,18.9093,3843.31,1103.24,2395.27,-682.5,12:30,4153.5,15:29,-5723.25,1.0,600.0,600.0,BUY CE 24050 7.55 | BUY PE 22850 12.55 | SELL CE 23450 155.75 | SELL PE 23450 136.6,9467.25,188.8,104.82,156.0,9017.63,46.2443,9173.63,2880.01,5948.82,-89.7,12:30,9467.25,15:29,-3178.5,1.0,40118.62,0.0,0.0,1.0,0.0,11315.5,4422.93,0.0,1.0,0.0,11403.54,0.0,0.0,1.0,0.0,0.0,0.0,0.0
2024-11-19,Tue,0,2,2024-11-21,23465.3,23606.8,23350.4,256.3999999999978,1.0926772723979572,23529.55,64.25,0.2738085598735154,23529.55,23592.1,23640.15,23664.1,134.54999999999927,0.5718341404744216,148.5500000000029,23650.0,119.3,99.35,218.64999999999998,0.9239734450074162,1.2008052340211375,19.950000000000003,0.09124171049622687,99,nifty_1min.csv,0.2738085598735154,0.5718341404744216,0.6277441356316231,0.09124171049622687,0.6793962954493616,0.6153670249256771,,mild_up,up,SELL CE 23650 119.3 | SELL PE 23650 99.35,-8628.75,94.4,83.1,78.0,-8884.25,-45.5603,-8806.25,-3024.35,-5954.3,-11358.75,15:15,6552.0,14:50,-13221.0,1.0,200.0,200.0,BUY CE 23850 35.54 | BUY PE 23450 38.15 | SELL CE 23650 119.3 | SELL PE 23650 99.35,-1031.55,188.8,120.56,156.0,-1496.91,-7.6765,-1340.91,-624.84,-1060.87,-1889.55,15:15,1932.45,14:51,-7105.8,1.0,450.0,450.0,BUY CE 24100 4.8 | BUY PE 23200 10.8 | SELL CE 23650 119.3 | SELL PE 23650 99.35,-4758.0,188.8,94.23,156.0,-5197.03,-26.6514,-5041.03,-1858.21,-3527.62,-7138.95,15:15,5019.3,14:50,-9964.5,1.0,31234.37,8884.25,8884.25,0.0,0.0,9818.59,5919.84,1496.91,0.0,0.0,6206.51,5197.03,5197.03,0.0,0.0,3.0,1.0,0.0
2024-11-21,Thu,1,0,2024-11-21,23468.7,23780.65,23464.8,315.8500000000022,1.3458350909935453,23488.45,19.75,0.0841546400098855,23488.45,23373.0,23371.05,23380.2,-108.25,-0.46086480802266644,168.54999999999927,23400.0,49.45,100.15,149.60000000000002,0.6398576573339835,0.49375936095856215,-50.7,-0.338903743315508,99,nifty_1min.csv,0.0841546400098855,0.46086480802266644,0.7209091453452035,0.338903743315508,1.1266711229946473,0.7235962566844919,,flat,down,SELL CE 23400 49.45 | SELL PE 23400 100.15,19422.0,94.4,45.6,78.0,19204.0,98.4821,19282.0,6338.4,12771.2,-5567.25,09:33,19597.5,15:17,-6394.05,1.0,150.0,150.0,BUY CE 23550 17.5 | BUY PE 23250 30.7 | SELL CE 23400 49.45 | SELL PE 23400 100.15,10042.5,188.8,49.8,156.0,9647.9,49.4764,9803.9,3090.1,6369.0,-3246.75,10:00,10227.75,15:17,-8461.05,1.0,300.0,300.0,BUY CE 23700 6.85 | BUY PE 23100 9.5 | SELL CE 23400 49.45 | SELL PE 23400 100.15,16253.25,188.8,47.04,156.0,15861.41,81.3406,16017.41,5161.27,10511.34,-4709.25,09:40,16448.25,15:17,-7302.75,1.0,50438.37,0.0,0.0,1.0,0.0,19466.49,0.0,0.0,1.0,0.0,22067.92,0.0,0.0,1.0,0.0,0.0,0.0,0.0
2024-11-22,Fri,0,6,2024-11-28,23346.75,23507.3,23263.15,244.14999999999782,1.045755833253013,23411.8,65.04999999999927,0.27862550462055435,23411.8,23420.25,23499.3,23508.3,96.5,0.41218530826335437,165.70000000000073,23500.0,203.1,162.6,365.7,1.555620780745524,1.2490774907749078,40.5,0.11074651353568499,128,nifty_1min.csv,0.27862550462055435,0.41218530826335437,0.7048574333320603,0.11074651353568499,0.4531036368608169,0.2638774952146568,,mild_up,up,SELL CE 23500 203.1 | SELL PE 23500 162.6,-34339.5,94.4,147.84,78.0,-34659.74,-177.7423,-34581.74,-11616.18,-23137.96,-47082.75,14:52,282.75,09:39,-49344.75,1.0,350.0,350.0,BUY CE 23850 55.7 | BUY PE 23150 63.95 | SELL CE 23500 203.1 | SELL PE 23500 162.6,-8745.75,188.8,227.42,156.0,-9317.97,-47.7845,-9161.97,-3231.86,-6274.91,-10910.25,14:57,721.5,09:39,-17130.75,1.0,750.0,750.0,BUY CE 24250 8.55 | BUY PE 22750 21.3 | SELL CE 23500 203.1 | SELL PE 23500 162.6,-27358.5,188.8,168.53,156.0,-27871.83,-142.9325,-27715.83,-9416.48,-18644.16,-34515.0,14:52,507.0,09:39,-38551.5,1.0,15778.63,34659.74,34659.74,0.0,1.0,10148.52,9317.97,9317.97,0.0,1.0,-5803.91,27871.83,27871.83,0.0,1.0,3.0,1.0,0.0
2024-11-25,Mon,0,3,2024-11-28,23873.5,23956.1,23359.0,597.0999999999985,2.5010995455211784,24253.55,380.0499999999993,1.591932477433134,24253.55,24288.1,24288.45,24311.1,57.54999999999927,0.2372848510836528,111.0,24300.0,181.85,158.3,340.15,1.3991551184438384,1.1487681617182564,23.549999999999983,0.06923416139938258,128,nifty_1min.csv,1.591932477433134,0.2372848510836528,0.4565815615089404,0.06923416139938258,0.32632662060855505,0.16919006320740637,,strong_up,up,SELL CE 24300 181.85 | SELL PE 24300 158.3,13133.25,94.4,117.47,78.0,12843.38,65.8635,12921.38,4218.19,8530.79,-195.0,09:30,14500.2,15:28,-3831.75,1.0,350.0,350.0,BUY CE 24650 51.6 | BUY PE 23950 50.8 | SELL CE 24300 181.85 | SELL PE 24300 158.3,6015.75,188.8,144.53,156.0,5526.42,28.3406,5682.42,1716.27,3621.35,-97.5,09:30,6914.7,15:28,-6006.0,1.0,700.0,700.0,BUY CE 25000 12.8 | BUY PE 23600 20.95 | SELL CE 24300 181.85 | SELL PE 24300 158.3,10744.5,188.8,126.33,156.0,10273.37,52.6839,10429.37,3298.59,6785.98,-234.0,09:30,12091.95,15:28,-3919.5,1.0,28622.01,21816.36,0.0,1.0,0.0,15674.94,3791.55,0.0,1.0,0.0,4469.46,17598.46,0.0,1.0,0.0,0.0,0.0,0.0
2024-11-26,Tue,0,2,2024-11-28,24250.8,24351.55,24135.45,216.09999999999854,0.8911046233526257,24343.3,92.5,0.3814307156877299,24343.3,24309.7,24309.25,24306.5,-36.79999999999927,-0.15117095874429215,62.5,24300.0,132.0,126.15,258.15,1.062061588463991,1.0463733650416172,5.849999999999994,0.022661243463102828,128,nifty_1min.csv,0.3814307156877299,0.15117095874429215,0.2571328656943616,0.022661243463102828,0.242107301956227,0.14255277939182365,,mild_up,down,SELL CE 24300 132 | SELL PE 24300 126.15,6805.5,94.4,90.56,78.0,6542.54,33.5515,6620.54,2117.91,4330.23,-3997.5,10:24,7751.25,14:58,-5577.0,1.0,250.0,250.0,BUY CE 24550 38.5 | BUY PE 24050 46.7 | SELL CE 24300 132 | SELL PE 24300 126.15,2652.0,188.8,115.57,156.0,2191.63,11.2391,2347.63,604.68,1398.15,-926.25,10:19,2800.2,15:14,-6659.25,1.0,500.0,500.0,BUY CE 24800 9.65 | BUY PE 23800 20.2 | SELL CE 24300 132 | SELL PE 24300 126.15,4894.5,188.8,98.68,156.0,4451.02,22.8257,4607.02,1357.81,2904.42,-2700.75,10:24,5442.45,15:14,-6054.75,1.0,35164.55,15273.82,0.0,1.0,0.0,17866.57,1599.92,0.0,1.0,0.0,8920.48,13147.44,0.0,1.0,0.0,0.0,0.0,0.0
2024-11-27,Wed,0,1,2024-11-28,24192.95,24343.3,24125.4,217.89999999999782,0.9006756100434127,24204.8,11.849999999998545,0.04898121146862431,24204.8,24197.75,24185.75,24169.35,-35.45000000000073,-0.14645855367530708,115.09999999999854,24150.0,114.1,79.25,193.35,0.7999801401361643,1.4397476340694007,34.849999999999994,0.1802430824928885,128,nifty_1min.csv,0.04898121146862431,0.14645855367530708,0.47622298489615383,0.1802430824928885,0.5952935091802356,0.1833462632531716,,flat,down,SELL CE 24150 114.1 | SELL PE 24150 79.25,-2661.75,94.4,71.28,78.0,-2905.43,-14.8996,-2827.43,-1031.41,-1968.42,-15502.5,13:51,6123.0,11:28,-16584.75,1.0,200.0,200.0,BUY CE 24350 33.65 | BUY PE 23950 26.45 | SELL CE 24150 114.1 | SELL PE 24150 79.25,-2769.0,188.8,92.91,156.0,-3206.71,-16.4447,-3050.71,-1194.77,-2200.74,-5928.0,13:51,2232.75,11:28,-8999.25,1.0,400.0,400.0,BUY CE 24550 8.1 | BUY PE 23750 10.3 | SELL CE 24150 114.1 | SELL PE 24150 79.25,-4134.0,188.8,75.86,156.0,-4554.66,-23.3572,-4398.66,-1644.09,-3099.38,-13932.75,13:51,4709.25,11:28,-15561.0,1.0,32259.12,18179.25,2905.43,0.0,0.0,14659.86,4806.63,3206.71,0.0,0.0,4365.82,17702.1,4554.66,0.0,0.0,3.0,1.0,0.0
2024-11-28,Thu,1,0,2024-11-28,24277.35,24354.55,24145.65,208.89999999999782,0.8604728275532454,24274.15,-3.1999999999970896,-0.013181010283235567,24274.15,24278.6,24273.5,24276.55,2.399999999997817,0.009887060926944165,57.54999999999927,24300.0,61.1,86.75,147.85,0.6090239346200346,0.7043227665706052,-25.65,-0.17348664186675686,128,nifty_1min.csv,0.013181010283235567,0.009887060926944165,0.23706004353995636,0.17348664186675686,0.38924585728778677,0.016232668244827983,,flat,up,SELL CE 24300 61.1 | SELL PE 24300 86.75,-46312.5,94.4,74.19,78.0,-46559.09,-238.7646,-46481.09,-15582.63,-31070.86,-60333.0,14:13,7936.5,10:31,-63482.25,1.0,150.0,150.0,BUY CE 24450 19.6 | BUY PE 24150 28.15 | SELL CE 24300 61.1 | SELL PE 24300 86.75,-9662.25,188.8,143.34,156.0,-10150.39,-52.0533,-9994.39,-3509.33,-6829.86,-10481.25,14:13,4095.0,10:31,-29298.75,1.0,300.0,300.0,BUY CE 24600 4.9 | BUY PE 24000 7.8 | SELL CE 24300 61.1 | SELL PE 24300 86.75,-31941.0,188.8,99.12,156.0,-32384.92,-166.0765,-32228.92,-10920.84,-21652.88,-32682.0,15:00,7059.0,10:31,-45025.5,1.0,-14299.97,64738.34,46559.09,0.0,1.0,4509.47,14957.02,10150.39,0.0,1.0,-28019.1,50087.02,32384.92,0.0,1.0,3.0,1.0,0.0
2024-11-29,Fri,0,6,2024-12-05,23957.45,24345.75,23873.35,472.40000000000146,1.971829222225243,23927.15,-30.299999999999272,-0.12647422826719568,23927.15,23969.55,23963.75,24027.55,100.39999999999782,0.4196070154615063,103.59999999999854,24050.0,202.25,182.7,384.95,1.6021192339626804,1.1070060207991244,19.55000000000001,0.05078581633978442,94,nifty_1min.csv,0.12647422826719568,0.4196070154615063,0.4311717174659861,0.05078581633978442,0.26912586050136006,0.26081309260942415,,mild_down,up,SELL CE 24050 202.25 | SELL PE 24050 182.7,9272.25,94.4,135.43,78.0,8964.42,45.9714,9042.42,2925.21,5944.81,-4894.5,10:37,9945.0,15:22,-7731.75,1.0,400.0,400.0,BUY CE 24450 53.4 | BUY PE 23650 60.2 | SELL CE 24050 202.25 | SELL PE 24050 182.7,1677.0,188.8,165.87,156.0,1166.33,5.9812,1322.33,262.91,714.62,-2648.1,10:51,2028.0,15:23,-8092.5,1.0,750.0,750.0,BUY CE 24800 11.15 | BUY PE 23300 20.2 | SELL CE 24050 202.25 | SELL PE 24050 182.7,6093.75,188.8,142.3,156.0,5606.65,28.7521,5762.65,1743.02,3674.83,-4568.85,10:51,6464.25,15:22,-7653.75,1.0,-5335.55,55773.92,0.0,1.0,0.0,5675.8,13790.69,0.0,1.0,0.0,-22412.45,44480.37,0.0,1.0,0.0,0.0,0.0,0.0
2024-12-02,Mon,0,3,2024-12-05,24123.65,24188.45,23927.15,261.2999999999993,1.0831694208795073,24140.85,17.19999999999709,0.07129932659442949,24140.85,24037.5,24032.6,24033.05,-107.79999999999927,-0.4465459998301604,146.0,24050.0,157.5,144.55,302.05,1.2568109332772994,1.0895883777239708,12.949999999999989,0.04287369640787945,94,nifty_1min.csv,0.07129932659442949,0.4465459998301604,0.6074967596705371,0.04287369640787945,0.4833636815096838,0.35689455388180524,,flat,down,SELL CE 24050 157.5 | SELL PE 24050 144.55,-18486.0,94.4,117.72,78.0,-18776.12,-96.2878,-18698.12,-6321.64,-12548.88,-23770.5,14:33,-458.25,09:32,-25211.55,1.0,300.0,300.0,BUY CE 24350 41.7 | BUY PE 23750 52.7 | SELL CE 24050 157.5 | SELL PE 24050 144.55,-6162.0,188.8,169.37,156.0,-6676.17,-34.2368,-6520.17,-2351.26,-4513.71,-7343.7,14:33,-614.25,09:32,-11173.5,1.0,600.0,600.0,BUY CE 24650 7.75 | BUY PE 23450 17.5 | SELL CE 24050 157.5 | SELL PE 24050 144.55,-15707.25,188.8,130.8,156.0,-16182.85,-82.989,-16026.85,-5520.15,-10851.5,-19305.0,14:33,-682.5,09:32,-21284.25,1.0,-24111.67,74550.04,18776.12,0.0,1.0,-1000.37,20466.86,6676.17,0.0,0.0,-38595.3,60663.22,16182.85,0.0,0.0,3.0,1.0,0.0
2024-12-03,Tue,0,2,2024-12-05,24275.25,24301.7,24008.65,293.0499999999993,1.2071966303127641,24367.5,92.25,0.3800166836592826,24367.5,24315.0,24302.65,24300.0,-67.5,-0.2770083102493075,95.25,24300.0,164.55,150.69,315.24,1.297283950617284,1.091976906231336,13.860000000000014,0.04396650171298063,94,nifty_1min.csv,0.3800166836592826,0.2770083102493075,0.39197530864197533,0.04396650171298063,0.30215074229158734,0.21412257327750284,,mild_up,down,SELL CE 24300 164.55 | SELL PE 24300 150.69,3498.3,94.4,112.73,78.0,3213.17,16.4778,3291.17,1008.12,2110.65,-1795.95,13:41,4502.55,10:16,-3443.7,1.0,300.0,300.0,BUY CE 24600 44.75 | BUY PE 24000 58.05 | SELL CE 24300 164.55 | SELL PE 24300 150.69,85.8,188.8,145.16,156.0,-404.16,-2.0726,-248.16,-260.59,-332.38,-2185.95,13:41,895.05,10:17,-5188.95,1.0,650.0,650.0,BUY CE 24950 4.84 | BUY PE 23650 15.8 | SELL CE 24300 164.55 | SELL PE 24300 150.69,1569.75,188.8,117.48,156.0,1107.47,5.6793,1263.47,243.29,675.38,-3237.0,13:41,3371.55,10:17,-4992.0,1.0,-20898.5,71336.87,0.0,1.0,0.0,-1404.53,20871.02,404.16,0.0,0.0,-37487.83,59555.75,0.0,1.0,0.0,1.0,0.0,1.0
2024-12-04,Wed,0,1,2024-12-05,24445.85,24481.35,24280.0,201.34999999999854,0.8236571851663925,24488.75,42.900000000001455,0.17548990933021946,24488.75,24479.55,24501.35,24516.4,27.650000000001455,0.11290898882140352,70.15000000000146,24500.0,126.85,127.65,254.5,1.038080631740386,0.9937328632980806,-0.8000000000000114,-0.0031434184675835416,94,nifty_1min.csv,0.17548990933021946,0.11290898882140352,0.2861349953500573,0.0031434184675835416,0.2756385068762336,0.10864440078586034,,mild_up,up,SELL CE 24500 126.85 | SELL PE 24500 127.65,3305.25,94.4,90.79,78.0,3042.06,15.6003,3120.06,951.09,1996.57,-7263.75,11:57,6425.25,14:09,-11846.25,1.0,250.0,250.0,BUY CE 24750 30.9 | BUY PE 24250 47.8 | SELL CE 24500 126.85 | SELL PE 24500 127.65,1803.75,188.8,117.2,156.0,1341.75,6.8808,1497.75,321.38,831.57,-994.5,11:57,2361.45,15:02,-11953.5,1.0,500.0,500.0,BUY CE 25000 4.59 | BUY PE 24000 16.45 | SELL CE 24500 126.85 | SELL PE 24500 127.65,2585.7,188.8,97.4,156.0,2143.5,10.9923,2299.5,588.63,1366.07,-4239.3,11:57,4779.45,14:09,-11425.05,1.0,-17856.44,68294.81,0.0,1.0,0.0,-62.78,19529.27,0.0,1.0,0.0,-35344.33,57412.25,0.0,1.0,0.0,0.0,0.0,0.0
2024-12-05,Thu,1,0,2024-12-05,24461.55,24573.2,24366.3,206.90000000000146,0.8458172110925165,24539.15,77.60000000000218,0.3172325547645271,24539.15,24497.7,24509.85,24513.4,-25.75,-0.10493435999209426,63.900000000001455,24500.0,116.05,113.05,229.1,0.934590876826552,1.0265369305616983,3.0,0.013094718463553034,94,nifty_1min.csv,0.3172325547645271,0.10493435999209426,0.26067375394682685,0.013094718463553034,0.278917503273686,0.11239633347883021,,mild_up,down,SELL CE 24500 116.05 | SELL PE 24500 113.05,3753.75,94.4,81.38,78.0,3499.97,17.9486,3577.97,1103.72,2301.84,-29991.0,14:34,26646.75,15:00,-31804.5,1.0,250.0,250.0,BUY CE 24750 26.4 | BUY PE 24250 40 | SELL CE 24500 116.05 | SELL PE 24500 113.05,-9174.75,188.8,87.17,156.0,-9606.72,-49.2652,-9450.72,-3328.11,-6467.41,-15658.5,14:47,15354.3,15:00,-31219.5,1.0,450.0,450.0,BUY CE 24950 4.84 | BUY PE 24050 14.75 | SELL CE 24500 116.05 | SELL PE 24500 113.05,-46.8,188.8,83.11,156.0,-474.71,-2.4344,-318.71,-284.1,-379.41,-27766.05,14:34,23460.45,15:00,-30457.05,1.0,-14356.47,64794.84,0.0,1.0,0.0,-9669.5,29135.99,9606.72,0.0,1.0,-35819.04,57886.96,474.71,0.0,0.0,2.0,0.0,0.0
2024-12-06,Fri,0,6,2024-12-12,24701.55,24857.75,24295.55,562.2000000000007,2.2759705362618976,24729.45,27.900000000001455,0.11294837773338699,24729.45,24689.05,24710.85,24705.25,-24.200000000000728,-0.09785903042728701,59.95000000000073,24700.0,244.05,232.8,476.85,1.9301565456734904,1.0483247422680413,11.25,0.023592324630386914,98,nifty_1min.csv,0.11294837773338699,0.09785903042728701,0.24266097287014188,0.023592324630386914,0.12572087658593,0.05074971164936715,,mild_up,down,SELL CE 24700 244.05 | SELL PE 24700 232.8,22922.25,94.4,162.68,78.0,22587.17,115.8316,22665.17,7466.12,15026.65,-234.0,09:30,22922.25,15:29,-1472.25,1.0,500.0,500.0,BUY CE 25200 60.9 | BUY PE 24200 74.45 | SELL CE 24700 244.05 | SELL PE 24700 232.8,9301.5,188.8,192.48,156.0,8764.22,44.9447,8920.22,2795.54,5779.88,156.0,09:30,9301.5,15:29,-5460.0,1.0,950.0,950.0,BUY CE 25650 13.6 | BUY PE 23750 24.3 | SELL CE 24700 244.05 | SELL PE 24700 232.8,18037.5,188.8,169.51,156.0,17523.19,89.8625,17679.19,5715.2,11619.2,-87.75,09:30,18037.5,15:29,-1618.5,1.0,8230.7,42207.67,0.0,1.0,0.0,-905.28,20371.77,0.0,1.0,0.0,-18295.85,40363.77,0.0,1.0,0.0,0.0,0.0,0.0
2024-12-09,Mon,0,3,2024-12-12,24669.0,24751.05,24620.5,130.54999999999927,0.5292066966638261,24633.9,-35.099999999998545,-0.14228383801531697,24633.9,24680.15,24704.55,24664.0,30.099999999998545,0.12218934070528233,83.15000000000146,24650.0,173.8,165.45,339.25,1.3754865390853066,1.0504684194620733,8.350000000000023,0.024613117170228512,98,nifty_1min.csv,0.14228383801531697,0.12218934070528233,0.33713104119364845,0.024613117170228512,0.24509948415623126,0.08872512896093897,,mild_down,up,SELL CE 24650 173.8 | SELL PE 24650 165.45,8794.5,94.4,119.07,78.0,8503.03,43.6053,8581.03,2771.41,5637.22,-1014.0,09:30,9564.75,15:09,-3763.5,1.0,350.0,350.0,BUY CE 25000 50.55 | BUY PE 24300 51.7 | SELL CE 24650 173.8 | SELL PE 24650 165.45,3734.25,188.8,148.98,156.0,3240.47,16.6178,3396.47,954.29,2097.38,-604.5,09:30,3831.75,15:09,-5070.0,1.0,700.0,700.0,BUY CE 25350 10.65 | BUY PE 23950 14 | SELL CE 24650 173.8 | SELL PE 24650 165.45,7281.3,188.8,125.87,156.0,6810.63,34.9263,6966.63,2144.34,4477.49,-945.75,09:30,7956.0,15:09,-3948.75,1.0,16733.73,33704.64,0.0,1.0,0.0,2335.19,17131.3,0.0,1.0,0.0,-11485.22,33553.14,0.0,1.0,0.0,0.0,0.0,0.0
2024-12-10,Tue,0,2,2024-12-12,24626.6,24705.0,24580.05,124.95000000000073,0.5073782008072601,24652.65,26.05000000000291,0.10577992901985216,24652.65,24622.7,24629.05,24596.0,-56.650000000001455,-0.22979274033420932,61.95000000000073,24600.0,130.55,133.75,264.3,1.0745649699138071,0.9760747663551402,-3.1999999999999886,-0.012107453651153947,98,nifty_1min.csv,0.10577992901985216,0.22979274033420932,0.25187022280045834,0.012107453651153947,0.23439273552781206,0.214339765418091,,mild_up,down,SELL CE 24600 130.55 | SELL PE 24600 133.75,6981.0,94.4,92.71,78.0,6715.89,34.4405,6793.89,2175.7,4445.79,-1023.75,13:50,6981.0,15:29,-5265.0,1.0,250.0,250.0,BUY CE 24850 46.2 | BUY PE 24350 44.85 | SELL CE 24600 130.55 | SELL PE 24600 133.75,2330.25,188.8,119.14,156.0,1866.31,9.5708,2022.31,496.24,1181.27,-672.75,13:50,2330.25,15:29,-8903.7,1.0,550.0,550.0,BUY CE 25150 11.1 | BUY PE 24050 11.35 | SELL CE 24600 130.55 | SELL PE 24600 133.75,5382.0,188.8,98.59,156.0,4938.61,25.3262,5094.61,1520.34,3229.48,-1365.0,13:50,5382.0,15:29,-6532.5,1.0,23449.62,26988.75,0.0,1.0,0.0,4201.5,15264.99,0.0,1.0,0.0,-6546.61,28614.53,0.0,1.0,0.0,0.0,0.0,0.0
2024-12-11,Wed,0,1,2024-12-12,24620.5,24677.8,24510.65,167.14999999999782,0.6789057898905295,24620.5,0.0,0.0,24620.5,24614.1,24619.25,24622.45,1.9500000000007276,0.00792022907739781,43.60000000000218,24600.0,102.35,89.65,192.0,0.7797761798683721,1.1416620189626323,12.699999999999989,0.06614583333333328,98,nifty_1min.csv,0.0,0.00792022907739781,0.1770741741784517,0.06614583333333328,0.2270833333333447,0.010156250000003789,,flat,up,SELL CE 24600 102.35 | SELL PE 24600 89.65,13601.25,94.4,63.56,78.0,13365.29,68.5399,13443.29,4392.16,8878.73,-175.5,09:30,13601.25,15:29,-1394.25,1.0,200.0,200.0,BUY CE 24800 34.79 | BUY PE 24400 25.4 | SELL CE 24600 102.35 | SELL PE 24600 89.65,8121.75,188.8,77.63,156.0,7699.32,39.4837,7855.32,2440.57,5069.95,-76.05,09:30,8121.75,15:29,-2893.8,1.0,400.0,400.0,BUY CE 25000 11.25 | BUY PE 24200 7.3 | SELL CE 24600 102.35 | SELL PE 24600 89.65,12421.5,188.8,68.61,156.0,12008.09,61.5799,12164.09,3876.83,7942.46,-204.75,09:30,12421.5,15:29,-1599.0,1.0,36814.91,13623.46,0.0,1.0,0.0,11900.82,7565.67,0.0,1.0,0.0,5461.48,16606.44,0.0,1.0,0.0,0.0,0.0,0.0
2024-12-12,Thu,1,0,2024-12-12,24629.5,24691.75,24583.85,107.90000000000146,0.4380925313140805,24604.45,-25.049999999999272,-0.1017073022188809,24604.45,24648.95,24648.6,24654.4,49.95000000000073,0.20301205676209275,57.04999999999927,24650.0,37.79,38.65,76.44,0.3100460769680057,0.9777490297542044,-0.8599999999999994,-0.011250654107796958,98,nifty_1min.csv,0.1017073022188809,0.20301205676209275,0.2313988578103676,0.011250654107796958,0.7463369963369868,0.6534536891679844,,mild_down,up,SELL CE 24650 37.79 | SELL PE 24650 38.65,-4798.95,94.4,29.84,78.0,-5001.19,-25.6471,-4923.19,-1730.0,-3365.6,-9303.45,13:16,553.8,09:44,-10658.7,1.0,100.0,100.0,BUY CE 24750 19.45 | BUY PE 24550 14.95 | SELL CE 24650 37.79 | SELL PE 24650 38.65,-11253.45,188.8,33.18,156.0,-11631.43,-59.6484,-11475.43,-4003.01,-7817.22,-11282.7,15:24,113.1,09:44,-11828.7,1.0,150.0,150.0,BUY CE 24800 15.2 | BUY PE 24500 11.55 | SELL CE 24650 37.79 | SELL PE 24650 38.65,-9995.7,188.8,32.19,156.0,-10372.69,-53.1933,-10216.69,-3583.43,-6978.06,-11058.45,13:27,27.3,09:44,-11713.65,1.0,31813.72,18624.65,5001.19,0.0,0.0,269.39,19197.1,11631.43,0.0,1.0,-4911.21,26979.13,10372.69,0.0,0.0,3.0,1.0,0.0
2024-12-13,Fri,0,6,2024-12-19,24539.5,24675.25,24527.95,147.29999999999927,0.6002567289472046,24498.35,-41.150000000001455,-0.16768882821573974,24498.35,24470.0,24418.85,24418.7,-79.64999999999782,-0.32512393691819175,114.89999999999782,24400.0,197.1,167.45,364.54999999999995,1.492913218148386,1.1770677814272918,29.650000000000006,0.08133315045947061,99,nifty_1min.csv,0.16768882821573974,0.32512393691819175,0.4705410197921995,0.08133315045947061,0.31518310245507564,0.21848854752433913,,mild_down,down,SELL CE 24400 197.1 | SELL PE 24400 167.45,-20416.5,94.4,141.23,78.0,-20730.13,-106.3084,-20652.13,-6972.98,-13851.55,-21245.25,13:52,7439.25,10:07,-22766.25,1.0,350.0,350.0,BUY CE 24750 60.2 | BUY PE 24050 58.95 | SELL CE 24400 197.1 | SELL PE 24400 167.45,-8035.95,188.8,201.94,156.0,-8582.69,-44.0138,-8426.69,-2986.76,-5784.73,-8035.95,15:29,2778.75,10:09,-13696.8,1.0,750.0,750.0,BUY CE 25150 11.2 | BUY PE 23650 15.2 | SELL CE 24400 197.1 | SELL PE 24400 167.45,-19129.5,188.8,152.62,156.0,-19626.92,-100.6509,-19470.92,-6668.17,-13147.55,-19129.5,15:29,6249.75,10:09,-20943.0,1.0,11083.59,39354.78,20730.13,0.0,1.0,-8313.3,27779.79,8582.69,0.0,1.0,-24538.13,46606.05,19626.92,0.0,1.0,3.0,1.0,0.0
2024-12-16,Mon,0,3,2024-12-19,24781.3,24792.3,24180.8,611.5,2.4675864462316346,24753.4,-27.899999999997817,-0.1125848926408131,24753.4,24747.3,24726.2,24703.2,-50.20000000000073,-0.2028004233761856,78.29999999999927,24700.0,158.3,153.35,311.65,1.2615774474561998,1.0322791000978155,4.950000000000017,0.015883202310284027,99,nifty_1min.csv,0.1125848926408131,0.2028004233761856,0.31696298455260563,0.015883202310284027,0.25124338199903506,0.161078132520458,,mild_down,down,SELL CE 24700 158.3 | SELL PE 24700 153.35,224.25,94.4,112.88,78.0,-61.03,-0.313,16.97,-83.28,-72.15,-9672.0,12:29,1179.75,10:07,-12138.75,1.0,300.0,300.0,BUY CE 25000 48.25 | BUY PE 24400 55.15 | SELL CE 24700 158.3 | SELL PE 24700 153.35,-799.5,188.8,148.92,156.0,-1293.22,-6.6319,-1137.22,-556.94,-925.08,-3120.0,12:29,477.75,10:09,-8240.7,1.0,600.0,600.0,BUY CE 25300 9.9 | BUY PE 24100 17.89 | SELL CE 24700 158.3 | SELL PE 24700 153.35,-651.3,188.8,121.72,156.0,-1117.82,-5.7324,-961.82,-498.47,-808.14,-7037.55,12:32,918.45,10:07,-9874.8,1.0,11022.56,39415.81,61.03,0.0,0.0,-9606.52,29073.01,1293.22,0.0,0.0,-25655.95,47723.87,1117.82,0.0,0.0,3.0,1.0,0.0
2024-12-17,Tue,0,2,2024-12-19,24648.25,24781.25,24601.75,179.5,0.7282464272311422,24584.8,-63.45000000000073,-0.25742192650594153,24584.8,24597.35,24616.35,24591.45,6.650000000001455,0.02704923367284442,56.64999999999782,24600.0,158.44,158.8,317.24,1.2900418641438385,0.9977329974811082,-0.36000000000001364,-0.0011347875425545759,99,nifty_1min.csv,0.25742192650594153,0.02704923367284442,0.23036461859710516,0.0011347875425545759,0.1785714285714217,0.020962047661081375,,mild_down,up,SELL CE 24600 158.44 | SELL PE 24600 158.8,-3346.2,94.4,116.49,78.0,-3635.09,-18.6415,-3557.09,-1274.63,-2454.86,-11009.7,10:40,2026.05,09:46,-13739.7,1.0,300.0,300.0,BUY CE 24900 52.8 | BUY PE 24300 53.2 | SELL CE 24600 158.44 | SELL PE 24600 158.8,-3765.45,188.8,154.33,156.0,-4264.58,-21.8696,-4108.58,-1547.39,-2905.98,-4252.95,14:28,895.05,09:46,-9625.2,1.0,650.0,650.0,BUY CE 25250 10.25 | BUY PE 23950 11.05 | SELL CE 24600 158.44 | SELL PE 24600 158.8,-4165.2,188.8,123.06,156.0,-4633.06,-23.7593,-4477.06,-1670.22,-3151.64,-8172.45,14:28,1811.55,09:47,-11770.2,1.0,7387.47,43050.9,3635.09,0.0,0.0,-13871.1,33337.59,4264.58,0.0,0.0,-30289.01,52356.93,4633.06,0.0,0.0,3.0,1.0,0.0
2024-12-18,Wed,0,1,2024-12-19,24319.35,24624.1,24303.45,320.6499999999978,1.3184974104982157,24297.95,-21.399999999997817,-0.08799577291332958,24297.95,24330.55,24313.45,24301.35,3.399999999997817,0.013992950022523782,82.90000000000146,24300.0,119.3,118.8,238.1,0.9797809586710204,1.004208754208754,0.5,0.0020999580008399833,99,nifty_1min.csv,0.08799577291332958,0.013992950022523782,0.3411333115238514,0.0020999580008399833,0.34817303653927534,0.014279714405702719,,flat,up,SELL CE 24300 119.3 | SELL PE 24300 118.8,12559.95,94.4,80.73,78.0,12306.82,63.1119,12384.82,4039.34,8173.08,107.25,09:30,13113.75,12:16,-2691.0,1.0,250.0,250.0,BUY CE 24550 43.5 | BUY PE 24050 35.45 | SELL CE 24300 119.3 | SELL PE 24300 118.8,5832.45,188.8,99.84,156.0,5387.81,27.6298,5543.81,1670.07,3528.94,156.0,09:31,6825.0,12:10,-3802.5,1.0,500.0,500.0,BUY CE 24800 17.3 | BUY PE 23800 9.44 | SELL CE 24300 119.3 | SELL PE 24300 118.8,10797.15,188.8,87.93,156.0,10364.42,53.1509,10520.42,3328.94,6846.68,234.0,09:30,11458.2,12:17,-2932.8,1.0,19694.29,30744.08,0.0,1.0,0.0,-8483.29,27949.78,0.0,1.0,0.0,-19924.59,41992.51,0.0,1.0,0.0,0.0,0.0,0.0
2024-12-19,Thu,1,0,2024-12-19,24214.7,24394.45,24149.85,244.60000000000218,1.010130210161605,23877.15,-337.5499999999993,-1.3939879494687082,23877.15,23919.5,23910.5,23887.25,10.099999999998545,0.04229985571979296,130.45000000000073,23900.0,60.05,80.59,140.64,0.5887659734795758,0.7451296686933863,-20.540000000000006,-0.14604664391353817,99,nifty_1min.csv,1.3939879494687082,0.04229985571979296,0.5461072329380767,0.14604664391353817,0.9275455062571156,0.07181456200226498,,strong_down,up,SELL CE 23900 60.05 | SELL PE 23900 80.59,17343.3,94.4,43.27,78.0,17127.63,87.834,17205.63,5646.28,11386.95,163.8,09:31,17869.8,15:19,-1355.25,1.0,150.0,150.0,BUY CE 24050 26.7 | BUY PE 23750 34.04 | SELL CE 23900 60.05 | SELL PE 23900 80.59,5518.5,188.8,48.57,156.0,5125.13,26.2827,5281.13,1582.51,3353.82,-1443.0,09:55,6074.25,15:19,-5614.05,1.0,300.0,300.0,BUY CE 24200 15.85 | BUY PE 23600 17.95 | SELL CE 23900 60.05 | SELL PE 23900 80.59,10771.8,188.8,46.23,156.0,10380.77,53.2347,10536.77,3334.39,6857.58,-157.95,09:55,11327.55,15:19,-3822.0,1.0,36821.92,13616.45,0.0,1.0,0.0,-3358.16,22824.65,0.0,1.0,0.0,-9543.82,31611.74,0.0,1.0,0.0,0.0,0.0,0.0
2024-12-27,Fri,0,6,2025-01-02,23760.3,23854.5,23653.6,200.90000000000146,0.8455280446795767,23801.4,41.10000000000218,0.17297761391902536,23801.4,23822.9,23839.05,23855.0,53.599999999998545,0.22519683716083316,57.20000000000073,23850.0,189.6,153.65,343.25,1.4389016977572835,1.2339733159778716,35.94999999999999,0.104734158776402,99,nifty_1min.csv,0.17297761391902536,0.22519683716083316,0.23978201634877688,0.104734158776402,0.1666423889293539,0.1561544064093184,,mild_up,up,SELL CE 23850 189.6 | SELL PE 23850 153.65,12119.25,94.4,119.05,78.0,11827.8,60.6554,11905.8,3879.67,7853.74,-1131.0,09:56,12821.25,15:12,-2028.0,1.0,350.0,350.0,BUY CE 24200 49 | BUY PE 23500 51.65 | SELL CE 23850 189.6 | SELL PE 23850 153.65,4124.25,188.8,144.23,156.0,3635.22,18.6422,3791.22,1085.87,2360.55,-770.25,09:56,4797.0,15:13,-3010.8,1.0,700.0,700.0,BUY CE 24550 8.3 | BUY PE 23150 15.9 | SELL CE 23850 189.6 | SELL PE 23850 153.65,9789.0,188.8,124.52,156.0,9319.68,47.7932,9475.68,2980.69,6150.18,-1530.75,09:56,10588.5,15:12,-2544.75,1.0,48649.72,1788.65,0.0,1.0,0.0,277.06,19189.43,0.0,1.0,0.0,-224.14,22292.06,0.0,1.0,0.0,0.0,0.0,0.0
2024-12-30,Mon,0,3,2025-01-02,23832.45,23938.85,23800.6,138.25,0.5800914299620895,23796.9,-35.54999999999927,-0.14916636770453423,23796.9,23803.9,23776.95,23755.7,-41.20000000000073,-0.17313179447743499,61.599999999998545,23750.0,132.5,122.25,254.75,1.0723742091371755,1.0838445807770962,10.25,0.040235525024533855,99,nifty_1min.csv,0.14916636770453423,0.17313179447743499,0.2593061875676092,0.040235525024533855,0.24180569185475387,0.16172718351325113,,mild_down,down,SELL CE 23750 132.5 | SELL PE 23750 122.25,-1267.5,94.4,92.91,78.0,-1532.81,-7.8606,-1454.81,-573.87,-1053.34,-13845.0,11:52,1998.75,09:59,-14859.0,1.0,250.0,250.0,BUY CE 24000 39.15 | BUY PE 23500 40.6 | SELL CE 23750 132.5 | SELL PE 23750 122.25,-312.0,188.8,123.18,156.0,-779.98,-3.9999,-623.98,-385.86,-582.92,-3714.75,11:52,544.05,09:59,-7807.8,1.0,500.0,500.0,BUY CE 24250 8.75 | BUY PE 23250 12.5 | SELL CE 23750 132.5 | SELL PE 23750 122.25,-1228.5,188.8,100.67,156.0,-1673.97,-8.5845,-1517.97,-683.86,-1178.92,-10812.75,11:52,1355.25,09:59,-12838.8,1.0,47116.91,3321.46,1532.81,0.0,0.0,-502.92,19969.41,779.98,0.0,0.0,-1898.11,23966.03,1673.97,0.0,0.0,3.0,1.0,0.0
2024-12-31,Tue,0,2,2025-01-02,23658.65,23915.35,23599.3,316.0499999999993,1.3358750393619216,23560.6,-98.05000000000291,-0.41443615759987534,23560.6,23554.5,23546.15,23541.25,-19.349999999998545,-0.08212863848967576,53.150000000001455,23550.0,129.5,124.4,253.9,1.078532363404662,1.0409967845659163,5.099999999999994,0.020086648286727037,99,nifty_1min.csv,0.41443615759987534,0.08212863848967576,0.22577390750279383,0.020086648286727037,0.20933438361560242,0.07621110673492928,,mild_down,down,SELL CE 23550 129.5 | SELL PE 23550 124.4,-8775.0,94.4,95.94,78.0,-9043.34,-46.3761,-8965.34,-3077.38,-6060.36,-14352.0,14:07,40.95,09:31,-16155.75,1.0,250.0,250.0,BUY CE 23800 43 | BUY PE 23300 39.25 | SELL CE 23550 129.5 | SELL PE 23550 124.4,-3168.75,188.8,133.69,156.0,-3647.24,-18.7038,-3491.24,-1341.61,-2494.43,-4533.75,14:09,68.25,09:42,-8706.75,1.0,500.0,500.0,BUY CE 24050 11.9 | BUY PE 23050 10.25 | SELL CE 23550 129.5 | SELL PE 23550 124.4,-7702.5,188.8,105.49,156.0,-8152.79,-41.8092,-7996.79,-2843.46,-5498.13,-11329.5,14:07,50.7,09:31,-13455.0,1.0,38073.57,12364.8,9043.34,0.0,0.0,-4150.16,23616.65,3647.24,0.0,0.0,-10050.9,32118.82,8152.79,0.0,0.0,3.0,1.0,0.0
2025-01-01,Wed,0,1,2025-01-02,23668.8,23689.85,23460.45,229.39999999999782,0.9692084093828071,23637.65,-31.149999999997817,-0.13160785506657632,23637.65,23673.1,23629.9,23640.75,3.099999999998545,0.013114670874636627,76.54999999999927,23650.0,116.95,114.35,231.3,0.9783953554773008,1.0227372103191956,2.6000000000000085,0.011240812797233067,99,nifty_1min.csv,0.13160785506657632,0.013114670874636627,0.3238052938252774,0.011240812797233067,0.33095546908776163,0.013402507565925398,,mild_down,up,SELL CE 23650 116.95 | SELL PE 23650 114.35,-8463.0,94.4,87.61,78.0,-8723.01,-44.7334,-8645.01,-2970.6,-5846.81,-17208.75,12:21,848.25,09:31,-18242.25,1.0,250.0,250.0,BUY CE 23900 30.7 | BUY PE 23400 36.29 | SELL CE 23650 116.95 | SELL PE 23650 114.35,-5019.3,188.8,116.77,156.0,-5480.87,-28.107,-5324.87,-1952.82,-3716.85,-6676.8,12:21,323.7,09:31,-10459.8,1.0,450.0,450.0,BUY CE 24100 8.8 | BUY PE 23200 13 | SELL CE 23650 116.95 | SELL PE 23650 114.35,-9447.75,188.8,94.12,156.0,-9886.67,-50.7009,-9730.67,-3421.42,-6654.05,-14088.75,12:21,711.75,09:31,-16426.8,1.0,29350.56,21087.81,8723.01,0.0,0.0,-9631.03,29097.52,5480.87,0.0,0.0,-19937.57,42005.49,9886.67,0.0,0.0,3.0,1.0,0.0
2025-01-02,Thu,1,0,2025-01-02,23758.7,23822.8,23562.8,260.0,1.094335969560624,23783.0,24.299999999999272,0.10227832330893219,23783.0,23788.2,23771.75,23760.3,-22.700000000000728,-0.09544632720851334,57.75,23750.0,120.35,108.5,228.85,0.9631612395466388,1.1092165898617512,11.849999999999994,0.05178064234214549,99,nifty_1min.csv,0.10227832330893219,0.09544632720851334,0.2430524867110264,0.05178064234214549,0.2523487000218484,0.09919161022504142,,mild_up,down,SELL CE 23750 120.35 | SELL PE 23750 108.5,-40940.25,94.4,101.16,78.0,-41213.81,-211.3529,-41135.81,-13800.87,-27507.34,-48896.25,14:55,2390.7,09:52,-49422.75,1.0,250.0,250.0,BUY CE 24000 28.6 | BUY PE 23500 31.05 | SELL CE 23750 120.35 | SELL PE 23750 108.5,-15717.0,188.8,158.46,156.0,-16220.26,-83.1808,-16064.26,-5532.62,-10876.44,-16438.5,14:19,731.25,09:31,-20280.0,1.0,450.0,450.0,BUY CE 24200 4.95 | BUY PE 23300 6.6 | SELL CE 23750 120.35 | SELL PE 23750 108.5,-43173.0,188.8,102.19,156.0,-43619.99,-223.6923,-43463.99,-14665.86,-29142.93,-44606.25,14:56,1844.7,09:52,-47375.25,1.0,-11863.25,62301.62,41213.81,0.0,1.0,-25851.29,45317.78,16220.26,0.0,1.0,-63557.56,85625.48,43619.99,0.0,1.0,3.0,1.0,0.0
2025-01-03,Fri,0,6,2025-01-09,24167.95,24226.7,23751.55,475.15000000000146,1.9660335278747325,24196.4,28.450000000000728,0.11771788670532969,24196.4,24176.05,24153.05,24132.15,-64.25,-0.26553536889785256,69.65000000000146,24150.0,170.65,197.95,368.6,1.52742296065622,0.8620863854508715,-27.299999999999983,-0.07406402604449262,94,nifty_1min.csv,0.11771788670532969,0.26553536889785256,0.28861912428027114,0.07406402604449262,0.1889582202930045,0.17430819316332066,,mild_up,down,SELL CE 24150 170.65 | SELL PE 24150 197.95,6201.0,94.4,130.87,78.0,5897.73,30.2448,5975.73,1902.98,3900.35,-1959.75,09:45,12616.5,13:32,-3919.5,1.0,350.0,350.0,BUY CE 24500 48.65 | BUY PE 23800 71.65 | SELL CE 24150 170.65 | SELL PE 24150 197.95,1755.0,188.8,168.19,156.0,1242.01,6.3693,1398.01,288.14,765.07,-702.0,09:45,3870.75,13:32,-4633.2,1.0,750.0,750.0,BUY CE 24900 7.05 | BUY PE 23400 19.8 | SELL CE 24150 170.65 | SELL PE 24150 197.95,4329.0,188.8,137.95,156.0,3846.25,19.7244,4002.25,1156.22,2501.23,-1667.25,09:45,10128.3,13:32,-4114.5,1.0,-5965.52,56403.89,0.0,1.0,0.0,-24609.28,44075.77,0.0,1.0,0.0,-59711.31,81779.23,0.0,1.0,0.0,0.0,0.0,0.0
2025-01-06,Mon,0,3,2025-01-09,23990.15,24196.45,23976.0,220.45000000000073,0.9189188062600722,24045.8,55.64999999999782,0.23197020443806235,24045.8,24031.8,24080.75,24035.65,-10.149999999997817,-0.042211113791172754,73.54999999999927,24050.0,132.55,177.65,310.20000000000005,1.2905829465814322,0.7461300309597524,-45.099999999999994,-0.14539007092198578,94,nifty_1min.csv,0.23197020443806235,0.042211113791172754,0.30600379020329915,0.14539007092198578,0.23710509348806982,0.03272082527400972,,mild_up,down,SELL CE 24050 132.55 | SELL PE 24050 177.65,-38512.5,94.4,129.57,78.0,-38814.47,-199.0486,-38736.47,-13001.09,-25907.78,-51957.75,14:41,585.0,10:15,-52287.3,1.0,300.0,300.0,BUY CE 24350 40.5 | BUY PE 23750 58.15 | SELL CE 24050 132.55 | SELL PE 24050 177.65,-6132.75,188.8,211.14,156.0,-6688.69,-34.301,-6532.69,-2355.43,-4522.06,-8589.75,14:38,360.75,10:15,-14751.75,1.0,600.0,600.0,BUY CE 24650 9.4 | BUY PE 23450 15.3 | SELL CE 24050 132.55 | SELL PE 24050 177.65,-20328.75,188.8,164.25,156.0,-20837.8,-106.8605,-20681.8,-7071.8,-13954.8,-26092.95,14:41,390.0,09:30,-30137.25,1.0,-44779.99,95218.36,38814.47,0.0,1.0,-31297.97,50764.46,6688.69,0.0,0.0,-80549.11,102617.03,20837.8,0.0,1.0,3.0,1.0,0.0
2025-01-07,Tue,0,2,2025-01-09,23629.6,24089.95,23551.9,538.0499999999993,2.2770169617767517,23679.9,50.30000000000291,0.21286860547788752,23679.9,23754.6,23765.1,23761.0,81.09999999999854,0.34248455441111886,96.40000000000146,23750.0,171.0,142.55,313.55,1.3195993434619755,1.1995790950543668,28.44999999999999,0.0907351299633232,94,nifty_1min.csv,0.21286860547788752,0.34248455441111886,0.40570683052060713,0.0907351299633232,0.3074469781534092,0.258650932865567,0.75,mild_up,up,SELL CE 23750 171 | SELL PE 23750 142.55,15268.5,94.4,106.88,78.0,14989.22,76.8678,15067.22,4933.47,9961.35,-1355.25,09:53,15268.5,15:29,-3958.5,1.0,300.0,300.0,BUY CE 24050 54.85 | BUY PE 23450 53.5 | SELL CE 23750 171 | SELL PE 23750 142.55,4590.3,188.8,131.05,156.0,4114.45,21.0997,4270.45,1245.62,2680.03,-302.25,09:36,4590.3,15:29,-6854.25,1.0,650.0,650.0,BUY CE 24400 12.6 | BUY PE 23100 15.8 | SELL CE 23750 171 | SELL PE 23750 142.55,11514.75,188.8,111.87,156.0,11058.08,56.7081,11214.08,3560.16,7309.12,-750.75,09:53,11592.75,14:19,-4260.75,1.0,-29790.77,80229.14,0.0,1.0,0.0,-27183.52,46650.01,0.0,1.0,0.0,-69491.03,91558.95,0.0,1.0,0.0,0.0,0.0,0.0
2025-01-08,Wed,0,1,2025-01-09,23694.6,23795.2,23637.8,157.40000000000146,0.6642863774868597,23746.65,52.05000000000291,0.21967030462638287,23746.65,23679.5,23655.2,23637.8,-108.85000000000218,-0.458380445241759,119.5,23650.0,86.25,106.6,192.85,0.8158542673176015,0.8090994371482176,-20.349999999999994,-0.10552242675654651,94,nifty_1min.csv,0.21967030462638287,0.458380445241759,0.5055462014231443,0.10552242675654651,0.6196525797251751,0.564428312159721,0.26229508196721313,mild_up,down,SELL CE 23650 86.25 | SELL PE 23650 106.6,11212.5,94.4,64.93,78.0,10975.17,56.2829,11053.17,3595.46,7285.32,-1714.05,11:22,11378.25,15:28,-4251.0,1.0,200.0,200.0,BUY CE 23850 25.7 | BUY PE 23450 36.1 | SELL CE 23650 86.25 | SELL PE 23650 106.6,5947.5,188.8,79.88,156.0,5522.82,28.3222,5678.82,1715.07,3618.94,-702.0,10:44,6396.0,15:28,-5957.25,1.0,400.0,400.0,BUY CE 24050 8.55 | BUY PE 23250 11.3 | SELL CE 23650 86.25 | SELL PE 23650 106.6,9377.55,188.8,69.53,156.0,8963.22,45.9652,9119.22,2861.87,5912.55,-1431.3,11:22,9574.5,15:28,-4475.25,1.0,-18815.6,69253.97,0.0,1.0,0.0,-21660.7,41127.19,0.0,1.0,0.0,-60527.81,82595.73,0.0,1.0,0.0,0.0,0.0,0.0
2025-01-09,Thu,1,0,2025-01-09,23675.2,23751.85,23496.15,255.6999999999971,1.0800331148205593,23674.75,-0.4500000000007276,-0.0019007231195543337,23674.75,23616.55,23611.2,23613.7,-61.04999999999927,-0.2578696712742448,88.70000000000073,23600.0,44.0,43.35,87.35,0.36991238137183075,1.0149942329873125,0.6499999999999986,0.0074413279908414265,94,nifty_1min.csv,0.0019007231195543337,0.2578696712742448,0.3756294015762067,0.0074413279908414265,1.0154550658271406,0.698912421293638,0.016129032258064516,flat,down,SELL CE 23600 44 | SELL PE 23600 43.35,2700.75,94.4,30.47,78.0,2497.88,12.8096,2575.88,769.69,1633.79,-5723.25,10:52,6220.5,12:27,-6912.75,1.0,100.0,100.0,BUY CE 23700 21 | BUY PE 23500 17.35 | SELL CE 23600 44 | SELL PE 23600 43.35,-4758.0,188.8,33.82,156.0,-5136.62,-26.3416,-4980.62,-1838.07,-3487.34,-7761.0,14:50,1755.0,12:20,-9145.5,1.0,150.0,150.0,BUY CE 23750 15.1 | BUY PE 23450 11.7 | SELL CE 23600 44 | SELL PE 23600 43.35,-2505.75,188.8,32.82,156.0,-2883.37,-14.7865,-2727.37,-1086.99,-1985.18,-6475.95,14:50,2866.5,12:20,-8102.25,1.0,-16317.72,66756.09,0.0,1.0,0.0,-26797.32,46263.81,5136.62,0.0,0.0,-63411.18,85479.1,2883.37,0.0,0.0,2.0,0.0,0.0
2025-01-10,Fri,0,6,2025-01-16,23557.2,23689.5,23503.05,186.45000000000073,0.7914777647598217,23551.9,-5.299999999999272,-0.022498429354928736,23551.9,23561.2,23565.05,23518.65,-33.25,-0.14117756953791413,80.40000000000146,23500.0,204.5,159.94,364.44,1.549578738575556,1.2786044766787545,44.56,0.12226978377785096,104,nifty_1min.csv,0.022498429354928736,0.14117756953791413,0.3418563565510837,0.12226978377785096,0.2206124464932539,0.09123586873010646,0.9047619047619048,flat,down,SELL CE 23500 204.5 | SELL PE 23500 159.94,10920.0,94.4,127.26,78.0,10620.34,54.4633,10698.34,3477.18,7048.76,-7031.7,10:05,10920.0,15:29,-9135.75,1.0,350.0,350.0,BUY CE 23850 60.45 | BUY PE 23150 56 | SELL CE 23500 204.5 | SELL PE 23500 159.94,5060.25,188.8,161.19,156.0,4554.26,23.3552,4710.26,1392.22,2973.24,-1271.4,11:18,5060.25,15:29,-6670.95,1.0,750.0,750.0,BUY CE 24250 9.44 | BUY PE 22750 14.45 | SELL CE 23500 204.5 | SELL PE 23500 159.94,10171.2,188.8,134.86,156.0,9691.54,49.7002,9847.54,3104.65,6398.09,-3734.25,10:06,10171.2,15:29,-6121.05,1.0,-5697.38,56135.75,0.0,1.0,0.0,-22243.06,41709.55,0.0,1.0,0.0,-53719.64,75787.56,0.0,1.0,0.0,0.0,0.0,0.0
2025-01-13,Mon,0,3,2025-01-16,23437.35,23596.6,23344.35,252.25,1.0762735548174176,23195.4,-241.9499999999971,-1.0323266068902717,23195.4,23242.85,23229.4,23255.95,60.54999999999927,0.2610431378635388,91.09999999999854,23250.0,173.9,155.6,329.5,1.416841711475988,1.1176092544987146,18.30000000000001,0.05553869499241278,104,nifty_1min.csv,1.0323266068902717,0.2610431378635388,0.3917277083928996,0.05553869499241278,0.27647951441577706,0.18376327769347275,0.796875,strong_down,up,SELL CE 23250 173.9 | SELL PE 23250 155.6,11818.95,94.4,114.2,78.0,11532.35,59.1403,11610.35,3781.18,7656.77,-1267.5,10:34,11818.95,15:29,-3227.25,1.0,350.0,350.0,BUY CE 23600 42.8 | BUY PE 22900 52.95 | SELL CE 23250 173.9 | SELL PE 23250 155.6,7187.7,188.8,142.36,156.0,6700.54,34.3617,6856.54,2107.65,4404.1,-1298.7,10:34,7187.7,15:29,-6113.25,1.0,650.0,650.0,BUY CE 23900 12.85 | BUY PE 22600 19.5 | SELL CE 23250 173.9 | SELL PE 23250 155.6,10970.7,188.8,124.72,156.0,10501.18,53.8522,10657.18,3374.53,6937.85,-1638.0,10:34,10970.7,15:29,-3929.25,1.0,5834.97,44603.4,0.0,1.0,0.0,-15542.52,35009.01,0.0,1.0,0.0,-43218.46,65286.38,0.0,1.0,0.0,0.0,0.0,0.0
2025-01-14,Tue,0,2,2025-01-16,23088.7,23340.95,23047.25,293.7000000000007,1.2720508300597293,23165.9,77.20000000000073,0.3343626969036833,23165.9,23211.35,23211.15,23192.5,26.599999999998545,0.11482394381396166,66.85000000000218,23200.0,125.45,107.05,232.5,1.0024792497574646,1.1718822979915928,18.400000000000006,0.07913978494623658,104,nifty_1min.csv,0.3343626969036833,0.11482394381396166,0.2882397326722095,0.07913978494623658,0.2875268817204395,0.11440860215053138,0.46153846153846156,mild_up,up,SELL CE 23200 125.45 | SELL PE 23200 107.05,10491.0,94.4,79.62,78.0,10238.98,52.5076,10316.98,3350.06,6794.52,-224.25,09:37,11475.75,15:06,-1569.75,1.0,250.0,250.0,BUY CE 23450 34.35 | BUY PE 22950 38.15 | SELL CE 23200 125.45 | SELL PE 23200 107.05,4280.25,188.8,97.12,156.0,3838.33,19.6837,3994.33,1153.58,2495.95,-50.7,09:31,4904.25,14:10,-2476.5,1.0,450.0,450.0,BUY CE 23650 13.1 | BUY PE 22750 18.2 | SELL CE 23200 125.45 | SELL PE 23200 107.05,7575.75,188.8,86.84,156.0,7144.11,36.6365,7300.11,2255.5,4699.8,-97.5,09:37,8765.25,14:10,-1735.5,1.0,16073.95,34364.42,0.0,1.0,0.0,-11704.19,31170.68,0.0,1.0,0.0,-36074.35,58142.27,0.0,1.0,0.0,0.0,0.0,0.0
2025-01-15,Wed,0,1,2025-01-16,23206.85,23264.95,23134.15,130.79999999999927,0.5636266878098461,23250.45,43.60000000000218,0.1878755626032925,23250.45,23225.15,23229.45,23207.5,-42.95000000000073,-0.18472760742265515,68.95000000000073,23200.0,87.8,69.2,157.0,0.6765054400517074,1.26878612716763,18.599999999999994,0.1184713375796178,104,nifty_1min.csv,0.1878755626032925,0.18472760742265515,0.2971022298825842,0.1184713375796178,0.4391719745222976,0.2735668789808964,0.18181818181818182,mild_up,down,SELL CE 23200 87.8 | SELL PE 23200 69.2,8463.0,94.4,53.15,78.0,8237.45,42.2433,8315.45,2682.88,5460.16,-2679.3,09:37,9730.5,15:08,-4231.5,1.0,150.0,150.0,BUY CE 23350 28.2 | BUY PE 23050 28.2 | SELL CE 23200 87.8 | SELL PE 23200 69.2,3256.5,188.8,66.23,156.0,2845.47,14.5922,3001.47,822.62,1834.04,-1209.0,10:46,4095.0,15:02,-3453.45,1.0,300.0,300.0,BUY CE 23500 10.05 | BUY PE 22900 13.1 | SELL CE 23200 87.8 | SELL PE 23200 69.2,6581.25,188.8,58.88,156.0,6177.57,31.6798,6333.57,1933.32,4055.44,-1872.0,10:46,7741.5,15:02,-3443.7,1.0,24311.4,26126.97,0.0,1.0,0.0,-8858.72,28325.21,0.0,1.0,0.0,-29896.78,51964.7,0.0,1.0,0.0,0.0,0.0,0.0
2025-01-16,Thu,1,0,2025-01-16,23228.1,23293.65,23146.45,147.20000000000073,0.6337151984019388,23377.25,149.15000000000146,0.642110202728598,23377.25,23335.5,23328.95,23348.4,-28.849999999998545,-0.1234105807997029,75.90000000000146,23350.0,29.15,44.4,73.55,0.3150108786897603,0.6565315315315315,-15.25,-0.20734194425560845,104,nifty_1min.csv,0.642110202728598,0.1234105807997029,0.32507580819243054,0.20734194425560845,1.0319510537049825,0.39225016995239353,0.014925373134328358,strong_up,down,SELL CE 23350 29.15 | SELL PE 23350 44.4,6865.95,94.4,23.61,78.0,6669.94,34.2048,6747.94,2160.38,4415.16,-5216.25,10:53,6865.95,15:29,-8121.75,1.0,50.0,50.0,BUY CE 23400 17.89 | BUY PE 23300 21.6 | SELL CE 23350 29.15 | SELL PE 23350 44.4,-815.1,188.8,27.06,156.0,-1186.96,-6.087,-1030.96,-521.52,-854.24,-2815.8,14:58,234.0,09:32,-7798.05,1.0,150.0,150.0,BUY CE 23500 8 | BUY PE 23200 6.95 | SELL CE 23350 29.15 | SELL PE 23350 44.4,3970.2,188.8,24.93,156.0,3600.47,18.4639,3756.47,1074.29,2337.38,-6181.5,10:53,3970.2,15:29,-9438.0,1.0,30981.34,19457.03,0.0,1.0,0.0,-10045.68,29512.17,1186.96,0.0,0.0,-26296.31,48364.23,0.0,1.0,0.0,1.0,0.0,1.0
2025-01-17,Fri,0,6,2025-01-23,23350.8,23391.65,23272.05,119.60000000000218,0.5121880192541677,23277.1,-73.70000000000073,-0.3156208780855505,23277.1,23178.2,23187.75,23221.1,-56.0,-0.2405797973115208,125.04999999999927,23200.0,201.65,149.55,351.20000000000005,1.51241758573022,1.348378468739552,52.099999999999994,0.14834851936218676,95,nifty_1min.csv,0.3156208780855505,0.2405797973115208,0.5385188470830378,0.14834851936218676,0.3560649202733464,0.1594533029612756,0.8823529411764706,mild_down,down,SELL CE 23200 201.65 | SELL PE 23200 149.55,3550.95,94.4,125.74,78.0,3252.81,16.6811,3330.81,1021.34,2137.07,-13552.5,12:19,5003.7,15:12,-16329.3,1.0,350.0,350.0,BUY CE 23550 56.2 | BUY PE 22850 51.05 | SELL CE 23200 201.65 | SELL PE 23200 149.55,1025.7,188.8,161.05,156.0,519.85,2.6659,675.85,47.42,283.64,-4124.25,12:19,1620.45,15:12,-7839.0,1.0,700.0,700.0,BUY CE 23900 11.1 | BUY PE 22500 17.39 | SELL CE 23200 201.65 | SELL PE 23200 149.55,2322.45,188.8,134.33,156.0,1843.32,9.4529,1999.32,488.57,1165.95,-11054.55,12:19,3747.9,15:12,-14106.3,1.0,34234.15,16204.22,0.0,1.0,0.0,-9525.83,28992.32,0.0,1.0,0.0,-24452.99,46520.91,0.0,1.0,0.0,0.0,0.0,0.0
2025-01-20,Mon,0,3,2025-01-23,23203.1,23292.1,23100.35,191.75,0.82639819679267,23290.4,87.30000000000291,0.3762428296219165,23290.4,23226.95,23211.1,23208.9,-81.5,-0.349929584721602,118.64999999999782,23200.0,186.05,160.94,346.99,1.4950730107846557,1.1560208773455947,25.110000000000014,0.07236519784431832,95,nifty_1min.csv,0.3762428296219165,0.349929584721602,0.5112262968085425,0.07236519784431832,0.3419406899334212,0.23487708579497968,0.855072463768116,mild_up,down,SELL CE 23200 186.05 | SELL PE 23200 160.94,7066.8,94.4,122.65,78.0,6771.75,34.7269,6849.75,2194.32,4483.03,-2098.2,09:38,7895.55,11:13,-3784.95,1.0,350.0,350.0,BUY CE 23550 49.1 | BUY PE 22850 54.45 | SELL CE 23200 186.05 | SELL PE 23200 160.94,2591.55,188.8,153.86,156.0,2092.89,10.7328,2248.89,571.76,1332.33,-1365.0,13:17,2591.55,15:29,-4642.95,1.0,700.0,700.0,BUY CE 23900 8.15 | BUY PE 22500 15 | SELL CE 23200 186.05 | SELL PE 23200 160.94,5760.3,188.8,129.19,156.0,5286.31,27.1093,5442.31,1636.24,3461.27,-2059.2,13:16,6452.55,11:13,-3490.5,1.0,41005.9,9432.47,0.0,1.0,0.0,-7432.94,26899.43,0.0,1.0,0.0,-19166.68,41234.6,0.0,1.0,0.0,0.0,0.0,0.0
2025-01-21,Tue,0,2,2025-01-23,23337.05,23391.1,23170.65,220.4499999999971,0.9446352473855826,23421.65,84.60000000000218,0.3625136853201334,23421.65,23395.55,23401.55,23414.6,-7.05000000000291,-0.030100355867340303,56.89999999999782,23400.0,140.6,126.2,266.8,1.1394599950458262,1.1141045958795561,14.399999999999991,0.05397301349325334,95,nifty_1min.csv,0.3625136853201334,0.030100355867340303,0.24301077105736515,0.05397301349325334,0.21326836581708328,0.026424287856082872,0.5857142857142857,mild_up,down,SELL CE 23400 140.6 | SELL PE 23400 126.2,-19295.25,94.4,105.3,78.0,-19572.95,-100.3741,-19494.95,-6587.25,-13080.1,-33774.0,14:41,-565.5,09:30,-35763.0,1.0,250.0,250.0,BUY CE 23650 41.05 | BUY PE 23150 47.15 | SELL CE 23400 140.6 | SELL PE 23400 126.2,-4855.5,188.8,157.7,156.0,-5358.0,-27.4769,-5202.0,-1911.87,-3634.93,-6844.5,14:51,292.5,11:50,-15169.05,1.0,550.0,550.0,BUY CE 23950 7 | BUY PE 22850 14 | SELL CE 23400 140.6 | SELL PE 23400 126.2,-13991.25,188.8,120.41,156.0,-14456.46,-74.1357,-14300.46,-4944.69,-9700.58,-22426.95,14:47,-468.0,09:30,-27134.25,1.0,21432.95,29005.42,19572.95,0.0,1.0,-12790.94,32257.43,5358.0,0.0,0.0,-33623.14,55691.06,14456.46,0.0,0.0,3.0,1.0,0.0
2025-01-22,Wed,0,1,2025-01-23,23053.05,23426.3,22976.85,449.4500000000007,1.9496335625871664,23099.15,46.10000000000218,0.19997353929307482,23099.15,23108.25,23080.15,23083.0,-16.150000000001455,-0.06991599257981984,58.0,23100.0,116.75,100.35,217.1,0.9405189966642118,1.1634280019930245,16.400000000000006,0.07554122524182408,95,nifty_1min.csv,0.19997353929307482,0.06991599257981984,0.25126716631287094,0.07554122524182408,0.26715799170888993,0.07438968217412002,0.3380281690140845,mild_up,down,SELL CE 23100 116.75 | SELL PE 23100 100.35,16526.25,94.4,71.36,78.0,16282.49,83.4999,16360.49,5364.56,10823.53,253.5,09:33,17013.75,15:08,-3344.25,1.0,200.0,200.0,BUY CE 23300 39.5 | BUY PE 22900 40 | SELL CE 23100 116.75 | SELL PE 23100 100.35,7322.25,188.8,87.16,156.0,6890.29,35.3348,7046.29,2170.9,4530.6,-117.0,09:34,7819.5,14:20,-6347.25,1.0,450.0,450.0,BUY CE 23550 9.75 | BUY PE 22650 11.05 | SELL CE 23100 116.75 | SELL PE 23100 100.35,13913.25,188.8,75.2,156.0,13493.25,69.1962,13649.25,4371.88,8932.57,202.8,09:34,14586.0,14:20,-4143.75,1.0,37715.44,12722.93,0.0,1.0,0.0,-5900.65,25367.14,0.0,1.0,0.0,-20129.89,42197.81,0.0,1.0,0.0,0.0,0.0,0.0
2025-01-23,Thu,1,0,2025-01-23,23161.75,23169.55,22981.3,188.25,0.812762420801537,23128.3,-33.45000000000073,-0.1444191393137424,23128.3,23108.1,23119.8,23105.55,-22.75,-0.09836434152099377,55.79999999999927,23100.0,54.35,34.6,88.95,0.3849724416860884,1.5708092485549132,19.75,0.22203485103991005,95,nifty_1min.csv,0.1444191393137424,0.09836434152099377,0.2415004187305616,0.22203485103991005,0.6273187183811048,0.25576166385609894,0.041666666666666664,mild_down,down,SELL CE 23100 54.35 | SELL PE 23100 34.6,-3178.5,94.4,33.66,78.0,-3384.56,-17.3567,-3306.56,-1191.12,-2287.84,-16526.25,12:20,-409.5,09:31,-17803.5,1.0,100.0,100.0,BUY CE 23200 20.05 | BUY PE 23000 15.25 | SELL CE 23100 54.35 | SELL PE 23100 34.6,-9009.0,188.8,38.21,156.0,-9392.01,-48.1642,-9236.01,-3256.54,-6324.27,-9077.25,15:21,-214.5,09:30,-11739.0,1.0,200.0,200.0,BUY CE 23300 8.35 | BUY PE 22900 7.35 | SELL CE 23100 54.35 | SELL PE 23100 34.6,-6220.5,188.8,35.05,156.0,-6600.35,-33.8479,-6444.35,-2325.98,-4463.16,-16731.0,12:20,-419.25,09:31,-18702.45,1.0,34330.88,16107.49,3384.56,0.0,0.0,-15292.66,34759.15,9392.01,0.0,1.0,-26730.24,48798.16,6600.35,0.0,0.0,3.0,1.0,0.0
2025-01-24,Fri,0,6,2025-01-30,23216.3,23270.8,23090.65,180.14999999999782,0.7759634394800111,23183.9,-32.39999999999782,-0.13955712150514,23183.9,23275.8,23280.55,23235.25,51.349999999998545,0.2214899132587638,114.25,23250.0,197.85,186.15,384.0,1.6526613658127198,1.0628525382755842,11.699999999999989,0.03046874999999997,109,nifty_1min.csv,0.13955712150514,0.2214899132587638,0.4917097943856855,0.03046874999999997,0.2975260416666667,0.13372395833332953,0.9726027397260274,mild_down,up,SELL CE 23250 197.85 | SELL PE 23250 186.15,7819.5,94.4,135.73,78.0,7511.37,38.5198,7589.37,2440.86,4976.11,-3098.55,10:20,10198.5,14:05,-6747.0,1.0,400.0,400.0,BUY CE 23650 47.95 | BUY PE 22850 62.9 | SELL CE 23250 197.85 | SELL PE 23250 186.15,3615.3,188.8,169.97,156.0,3100.53,15.9002,3256.53,907.64,2004.09,-487.5,10:00,4514.25,15:21,-6318.0,1.0,750.0,750.0,BUY CE 24000 10.7 | BUY PE 22500 21.15 | SELL CE 23250 197.85 | SELL PE 23250 186.15,6347.25,188.8,145.19,156.0,5857.26,30.0372,6013.26,1826.55,3841.9,-1704.3,10:20,7829.25,14:05,-6181.5,1.0,41842.25,8596.12,0.0,1.0,0.0,-12192.13,31658.62,0.0,1.0,0.0,-20872.98,42940.9,0.0,1.0,0.0,0.0,0.0,0.0
2025-01-27,Mon,0,3,2025-01-30,23090.35,23347.3,23050.0,297.2999999999993,1.287550859991292,22940.15,-150.1999999999971,-0.6504881909542173,22940.15,22927.3,22961.7,22967.55,27.399999999997817,0.11944124166580347,76.65000000000146,22950.0,182.05,162.35,344.4,1.499506913014231,1.121342777948876,19.700000000000017,0.057200929152148715,109,nifty_1min.csv,0.6504881909542173,0.11944124166580347,0.33373172149402724,0.057200929152148715,0.22256097560976035,0.07955865272937811,0.8513513513513513,strong_down,up,SELL CE 22950 182.05 | SELL PE 22950 162.35,4407.0,94.4,122.89,78.0,4111.71,21.0857,4189.71,1307.64,2709.67,-4405.05,09:43,6483.75,15:07,-6903.0,1.0,350.0,350.0,BUY CE 23300 51.9 | BUY PE 22600 50.85 | SELL CE 22950 182.05 | SELL PE 22950 162.35,2876.25,188.8,157.98,156.0,2373.47,12.1716,2529.47,665.29,1519.38,-1491.75,09:43,3617.25,15:20,-6737.25,1.0,700.0,700.0,BUY CE 23650 11.25 | BUY PE 22250 13.05 | SELL CE 22950 182.05 | SELL PE 22950 162.35,3978.0,188.8,131.09,156.0,3502.11,17.9595,3658.11,1041.5,2271.8,-3673.8,09:43,5752.5,15:20,-6698.25,1.0,45953.96,4484.41,0.0,1.0,0.0,-9818.66,29285.15,0.0,1.0,0.0,-17370.87,39438.79,0.0,1.0,0.0,0.0,0.0,0.0
2025-01-28,Tue,0,2,2025-01-30,22816.85,23007.45,22786.9,220.54999999999927,0.9666102025476755,22960.45,143.60000000000218,0.6293594426925812,22960.45,22927.25,22912.9,22908.8,-51.650000000001455,-0.22495203708987174,89.25,22900.0,167.55,140.44,307.99,1.3444178656236905,1.1930361720307605,27.110000000000014,0.08802233838761003,109,nifty_1min.csv,0.6293594426925812,0.22495203708987174,0.38958828048610145,0.08802233838761003,0.2897821357836293,0.16770025000812186,0.72,strong_up,down,SELL CE 22900 167.55 | SELL PE 22900 140.44,4414.8,94.4,109.69,78.0,4132.71,21.1934,4210.71,1314.64,2723.67,-11029.2,14:27,6035.25,15:05,-13593.45,1.0,300.0,300.0,BUY CE 23200 52.25 | BUY PE 22600 44.8 | SELL CE 22900 167.55 | SELL PE 22900 140.44,778.05,188.8,139.73,156.0,293.52,1.5052,449.52,-28.03,132.75,-3911.7,14:28,1587.3,15:05,-10639.2,1.0,600.0,600.0,BUY CE 23500 12.6 | BUY PE 22300 11.6 | SELL CE 22900 167.55 | SELL PE 22900 140.44,2404.35,188.8,115.62,156.0,1943.93,9.9689,2099.93,522.11,1233.02,-10141.95,14:27,4095.0,15:05,-13105.95,1.0,50086.67,351.7,0.0,1.0,0.0,-9525.14,28991.63,0.0,1.0,0.0,-15426.94,37494.86,0.0,1.0,0.0,0.0,0.0,0.0
2025-01-29,Wed,0,1,2025-01-30,22976.3,23137.95,22857.65,280.2999999999993,1.2199527339040632,23026.75,50.45000000000073,0.2195740828592973,23026.75,23032.85,23024.4,22988.0,-38.75,-0.16828254095779907,71.70000000000073,23000.0,155.8,140.05,295.85,1.2869758134678964,1.1124598357729383,15.75,0.05323643738380936,109,nifty_1min.csv,0.2195740828592973,0.16828254095779907,0.3119018618409637,0.05323643738380936,0.24235254351867744,0.13097853642048335,0.6578947368421053,mild_up,down,SELL CE 23000 155.8 | SELL PE 23000 140.05,-8979.75,94.4,111.24,78.0,-9263.39,-47.5046,-9185.39,-3150.73,-6207.06,-11795.55,12:17,284.7,09:31,-15502.5,1.0,300.0,300.0,BUY CE 23300 40.1 | BUY PE 22700 45.4 | SELL CE 23000 155.8 | SELL PE 23000 140.05,-4826.25,188.8,148.11,156.0,-5319.16,-27.2777,-5163.16,-1898.92,-3609.04,-4826.25,15:29,-195.0,09:30,-11789.7,1.0,600.0,600.0,BUY CE 23600 5.8 | BUY PE 22400 10.95 | SELL CE 23000 155.8 | SELL PE 23000 140.05,-9496.5,188.8,116.58,156.0,-9957.88,-51.0661,-9801.88,-3445.16,-6701.52,-10479.3,12:17,-76.05,09:31,-14790.75,1.0,40823.28,9615.09,9263.39,0.0,0.0,-14844.3,34310.79,5319.16,0.0,0.0,-25384.82,47452.74,9957.88,0.0,0.0,3.0,1.0,0.0
2025-01-30,Thu,1,0,2025-01-30,23176.2,23183.35,22976.5,206.84999999999854,0.892510420172412,23169.5,-6.700000000000728,-0.028908966957485384,23169.5,23158.2,23170.05,23169.0,-0.5,-0.0021580094520814003,56.39999999999782,23150.0,123.7,122.9,246.60000000000002,1.0643532306098669,1.0065093572009765,0.7999999999999972,0.0032441200324411887,109,nifty_1min.csv,0.028908966957485384,0.0021580094520814003,0.24342871940954644,0.0032441200324411887,0.22871046228709574,0.00202757502027575,0.5064935064935064,flat,down,SELL CE 23150 123.7 | SELL PE 23150 122.9,28616.25,94.4,76.68,78.0,28367.17,145.4727,28445.17,9392.79,18879.98,-1550.25,10:09,40872.0,14:57,-3383.25,1.0,250.0,250.0,BUY CE 23400 35 | BUY PE 22900 41.25 | SELL CE 23150 123.7 | SELL PE 23150 122.9,13776.75,188.8,83.33,156.0,13348.62,68.4545,13504.62,4323.67,8836.15,-867.75,10:09,26198.25,14:57,-6064.5,1.0,500.0,500.0,BUY CE 23650 5.09 | BUY PE 22650 8.6 | SELL CE 23150 123.7 | SELL PE 23150 122.9,25966.2,188.8,77.89,156.0,25543.51,130.9924,25699.51,8388.64,16966.07,-2357.55,10:09,38280.45,14:57,-4600.05,1.0,69190.45,0.0,0.0,1.0,0.0,-1495.68,20962.17,0.0,1.0,0.0,158.69,21909.23,0.0,1.0,0.0,0.0,0.0,0.0
2025-01-31,Fri,0,6,2025-02-06,23297.95,23322.05,23139.2,182.84999999999854,0.7848330003283488,23296.75,-1.2000000000007276,-0.00515066776261743,23296.75,23301.2,23316.6,23325.35,28.599999999998545,0.12276390483650529,55.04999999999927,23350.0,338.65,301.14,639.79,2.742895604996281,1.1245600053131433,37.50999999999999,0.05862861251348098,98,nifty_1min.csv,0.00515066776261743,0.12276390483650529,0.23600932033173896,0.05862861251348098,0.08604385814095136,0.04470216789883954,1.0,flat,up,SELL CE 23350 338.65 | SELL PE 23350 301.14,20931.3,94.4,222.63,78.0,20536.27,105.3142,20614.27,6782.49,13659.38,-1142.7,09:40,21223.8,15:07,-3180.45,1.0,650.0,650.0,BUY CE 24000 89.65 | BUY PE 22700 101.65 | SELL CE 23350 338.65 | SELL PE 23350 301.14,6216.6,188.8,271.17,156.0,5600.63,28.7212,5756.63,1741.01,3670.82,-479.7,09:43,6277.05,15:07,-3424.2,1.0,1300.0,1300.0,BUY CE 24650 17.75 | BUY PE 22050 29.05 | SELL CE 23350 338.65 | SELL PE 23350 301.14,17050.8,188.8,234.11,156.0,16471.89,84.4712,16627.89,5364.76,10918.33,-772.2,09:38,17284.8,15:07,-3014.7,1.0,89726.72,0.0,0.0,1.0,0.0,4104.95,15361.54,0.0,1.0,0.0,16630.58,5437.34,0.0,1.0,0.0,0.0,0.0,0.0
2025-02-03,Mon,0,3,2025-02-06,23495.3,23632.45,23323.1,309.3500000000022,1.3166463079850106,23319.35,-175.95000000000073,-0.7488731788911005,23319.35,23261.5,23274.6,23334.2,14.850000000002183,0.0636810202685846,106.0,23350.0,133.85,136.44,270.28999999999996,1.1583426901286522,0.9810172969803577,-2.5900000000000034,-0.009582300492064093,98,nifty_1min.csv,0.7488731788911005,0.0636810202685846,0.4542688414430321,0.009582300492064093,0.3921713714898813,0.05494098930778862,0.569620253164557,strong_down,up,SELL CE 23350 133.85 | SELL PE 23350 136.44,7915.05,94.4,94.47,78.0,7648.18,39.2214,7726.18,2486.46,5067.32,-547.95,09:52,8344.05,13:29,-2088.45,1.0,250.0,250.0,BUY CE 23600 42.2 | BUY PE 23100 56.85 | SELL CE 23350 133.85 | SELL PE 23350 136.44,2131.35,188.8,122.19,156.0,1664.36,8.5352,1820.36,428.92,1046.64,-214.5,09:30,2903.55,12:18,-4116.45,1.0,550.0,550.0,BUY CE 23900 11.7 | BUY PE 22800 20.14 | SELL CE 23350 133.85 | SELL PE 23350 136.44,5469.75,188.8,102.55,156.0,5022.4,25.7559,5178.4,1548.27,3285.33,-380.25,09:52,5986.5,13:29,-2271.75,1.0,97374.9,0.0,0.0,1.0,0.0,5769.31,13697.18,0.0,1.0,0.0,21652.98,414.94,0.0,1.0,0.0,0.0,0.0,0.0
2025-02-04,Tue,0,2,2025-02-06,23359.7,23381.6,23222.0,159.59999999999854,0.6832279524137662,23509.9,150.20000000000073,0.642987709602438,23509.9,23501.5,23522.45,23514.1,4.19999999999709,0.017864814397326612,54.79999999999927,23500.0,121.15,102.55,223.7,0.9513440871647225,1.18137493905412,18.60000000000001,0.08314707197139029,98,nifty_1min.csv,0.642987709602438,0.017864814397326612,0.23305165836667904,0.08314707197139029,0.24497094322753363,0.018775145283849305,0.35,strong_up,up,SELL CE 23500 121.15 | SELL PE 23500 102.55,-6854.25,94.4,84.14,78.0,-7110.79,-36.4656,-7032.79,-2433.2,-4771.99,-18895.5,10:42,-955.5,09:30,-20338.5,1.0,200.0,200.0,BUY CE 23700 44.8 | BUY PE 23300 41.3 | SELL CE 23500 121.15 | SELL PE 23500 102.55,-3627.0,188.8,119.92,156.0,-4091.72,-20.9832,-3935.72,-1489.77,-2790.75,-5733.0,13:52,-156.0,09:30,-11436.75,1.0,450.0,450.0,BUY CE 23950 12.1 | BUY PE 23050 15.3 | SELL CE 23500 121.15 | SELL PE 23500 102.55,-7663.5,188.8,92.93,156.0,-8101.23,-41.5448,-7945.23,-2826.28,-5463.75,-15687.75,13:52,-653.25,09:30,-18320.25,1.0,90264.11,7110.79,7110.79,0.0,0.0,1677.59,17788.9,4091.72,0.0,0.0,13551.75,8516.17,8101.23,0.0,0.0,3.0,1.0,0.0
2025-02-05,Wed,0,1,2025-02-06,23707.7,23762.75,23423.15,339.59999999999854,1.4324459985574245,23801.75,94.04999999999927,0.396706555254197,23801.75,23766.05,23768.25,23764.0,-37.75,-0.15860178348230697,57.29999999999927,23750.0,76.95,103.6,180.55,0.7597626662178084,0.7427606177606179,-26.64999999999999,-0.14760454167820541,98,nifty_1min.csv,0.396706555254197,0.15860178348230697,0.2411210233967315,0.14760454167820541,0.3173636111880325,0.20908335641096648,0.19753086419753085,mild_up,down,SELL CE 23750 76.95 | SELL PE 23750 103.6,1228.5,94.4,64.91,78.0,991.19,5.083,1069.19,267.46,629.33,117.0,09:30,8620.95,14:07,-1277.25,1.0,200.0,200.0,BUY CE 23950 22 | BUY PE 23550 29.5 | SELL CE 23750 76.95 | SELL PE 23750 103.6,-1794.0,188.8,79.3,156.0,-2218.1,-11.3749,-2062.1,-865.23,-1541.67,-1794.0,15:29,4350.45,14:07,-3822.0,1.0,350.0,350.0,BUY CE 24100 7.9 | BUY PE 23400 12.2 | SELL CE 23750 76.95 | SELL PE 23750 103.6,-390.0,188.8,69.9,156.0,-804.7,-4.1267,-648.7,-394.1,-599.4,-390.0,15:29,6992.7,14:07,-1657.5,1.0,91255.3,6119.6,0.0,1.0,0.0,-540.51,20007.0,2218.1,0.0,0.0,12747.05,9320.87,804.7,0.0,0.0,2.0,0.0,0.0
2025-02-06,Thu,1,0,2025-02-06,23686.75,23807.3,23680.45,126.84999999999854,0.5355314680148122,23761.95,75.20000000000073,0.31747707051410906,23761.95,23723.7,23702.75,23699.05,-62.900000000001455,-0.2647089148828335,86.84999999999854,23700.0,60.4,78.3,138.7,0.5852555271202854,0.7713920817369093,-17.9,-0.12905551550108146,98,nifty_1min.csv,0.31747707051410906,0.2647089148828335,0.3664703859437342,0.12905551550108146,0.6261715933669687,0.45349675558760966,0.10975609756097561,mild_up,down,SELL CE 23700 60.4 | SELL PE 23700 78.3,8180.25,94.4,46.64,78.0,7961.21,40.8267,8039.21,2590.8,5276.0,-4114.5,09:34,8287.5,15:22,-5635.5,1.0,150.0,150.0,BUY CE 23850 23.35 | BUY PE 23550 21.05 | SELL CE 23700 60.4 | SELL PE 23700 78.3,-458.25,188.8,50.52,156.0,-853.57,-4.3773,-697.57,-410.39,-631.98,-7839.0,14:32,1335.75,10:51,-9028.5,1.0,300.0,300.0,BUY CE 24000 7.5 | BUY PE 23400 5.55 | SELL CE 23700 60.4 | SELL PE 23700 78.3,5655.0,188.8,47.8,156.0,5262.4,26.9867,5418.4,1628.27,3445.33,-3648.45,09:34,5762.25,15:22,-5577.0,1.0,99216.51,0.0,0.0,1.0,0.0,-1394.08,20860.57,853.57,0.0,0.0,18009.45,4058.47,0.0,1.0,0.0,1.0,0.0,1.0
2025-02-07,Fri,0,6,2025-02-13,23628.05,23773.55,23556.25,217.29999999999927,0.9196696299525322,23649.5,21.450000000000728,0.09078193079835505,23649.5,23583.9,23580.65,23593.15,-56.349999999998545,-0.2382714222287936,117.05000000000291,23600.0,205.2,185.9,391.1,1.6576845397922702,1.1038192576654113,19.299999999999983,0.04934799284070566,89,nifty_1min.csv,0.09078193079835505,0.2382714222287936,0.49611857679030946,0.04934799284070566,0.29928407057019407,0.14408079774993235,0.963855421686747,flat,down,SELL CE 23600 205.2 | SELL PE 23600 185.9,17686.5,94.4,133.92,78.0,17380.18,89.1291,17458.18,5730.46,11555.32,-224.25,09:30,17959.5,15:27,-3500.25,1.0,400.0,400.0,BUY CE 24000 55.25 | BUY PE 23200 59.6 | SELL CE 23600 205.2 | SELL PE 23600 185.9,6961.5,188.8,160.38,156.0,6456.32,33.1093,6612.32,2026.24,4241.28,-117.0,09:30,7107.75,15:27,-10403.25,1.0,800.0,800.0,BUY CE 24400 9.69 | BUY PE 22800 16.7 | SELL CE 23600 205.2 | SELL PE 23600 185.9,14422.2,188.8,138.87,156.0,13938.53,71.4796,14094.53,4520.31,9229.42,-154.05,09:30,14675.7,15:27,-5389.8,1.0,116596.69,0.0,0.0,1.0,0.0,5062.24,14404.25,0.0,1.0,0.0,31947.98,0.0,0.0,1.0,0.0,0.0,0.0,0.0
2025-02-10,Mon,0,3,2025-02-13,23563.15,23694.5,23443.2,251.29999999999927,1.0664957783657927,23543.8,-19.350000000002183,-0.08211975054269986,23543.8,23467.65,23496.9,23473.6,-70.20000000000073,-0.298167670469511,114.19999999999709,23450.0,161.6,136.0,297.6,1.2678072387703636,1.188235294117647,25.599999999999994,0.08602150537634407,89,nifty_1min.csv,0.08211975054269986,0.298167670469511,0.4865039874582386,0.08602150537634407,0.3837365591397751,0.23588709677419598,0.6428571428571429,flat,down,SELL CE 23450 161.6 | SELL PE 23450 136,3685.5,94.4,106.25,78.0,3406.85,17.471,3484.85,1072.68,2239.77,-3685.5,10:16,4738.5,15:04,-4494.75,1.0,300.0,300.0,BUY CE 23750 52.05 | BUY PE 23150 40.75 | SELL CE 23450 161.6 | SELL PE 23450 136,1053.0,188.8,136.17,156.0,572.03,2.9335,728.03,64.81,318.42,-1248.0,10:35,1686.75,15:01,-4444.05,1.0,600.0,600.0,BUY CE 24050 12.45 | BUY PE 22850 10.1 | SELL CE 23450 161.6 | SELL PE 23450 136,2700.75,188.8,113.03,156.0,2242.92,11.5022,2398.92,621.77,1432.35,-2691.0,10:35,3615.3,15:01,-4057.95,1.0,120003.54,0.0,0.0,1.0,0.0,5634.27,13832.22,0.0,1.0,0.0,34190.9,0.0,0.0,1.0,0.0,0.0,0.0,0.0
2025-02-11,Tue,0,2,2025-02-13,23376.05,23568.6,23316.3,252.29999999999927,1.079309806404415,23383.55,7.5,0.03208412028550589,23383.55,23348.0,23314.05,23314.7,-68.84999999999854,-0.2944377564569903,94.29999999999927,23300.0,158.69,122.65,281.34000000000003,1.206706498475211,1.2938442723196086,36.03999999999999,0.128101229828677,89,nifty_1min.csv,0.03208412028550589,0.2944377564569903,0.40446585201610685,0.128101229828677,0.33518163076704083,0.24472168905949576,0.5882352941176471,flat,down,SELL CE 23300 158.69 | SELL PE 23300 122.65,-2985.45,94.4,103.32,78.0,-3261.17,-16.7239,-3183.17,-1149.99,-2205.58,-17220.45,14:07,11376.3,12:45,-18049.2,1.0,300.0,300.0,BUY CE 23600 46 | BUY PE 23000 33.45 | SELL CE 23300 158.69 | SELL PE 23300 122.65,-1942.2,188.8,133.6,156.0,-2420.6,-12.4133,-2264.6,-932.73,-1676.66,-6076.2,14:07,4882.8,12:46,-12480.0,1.0,550.0,550.0,BUY CE 23850 12.75 | BUY PE 22750 9.05 | SELL CE 23300 158.69 | SELL PE 23300 122.65,-3307.2,188.8,110.77,156.0,-3762.77,-19.2963,-3606.77,-1380.12,-2571.44,-12622.35,14:07,9221.55,12:45,-15834.0,1.0,116742.37,3261.17,3261.17,0.0,0.0,3213.67,16252.82,2420.6,0.0,0.0,30428.13,3762.77,3762.77,0.0,0.0,3.0,1.0,0.0
2025-02-12,Wed,0,1,2025-02-13,23070.5,23390.05,22986.65,403.3999999999978,1.748553347348336,23050.8,-19.700000000000728,-0.08539043367070817,23050.8,23031.55,22999.85,22978.85,-71.95000000000073,-0.3121366720460927,119.54999999999927,23000.0,107.25,99.6,206.85,0.900175596254817,1.0768072289156627,7.650000000000006,0.03698332124728067,89,nifty_1min.csv,0.08539043367070817,0.3121366720460927,0.5202610226360296,0.03698332124728067,0.5779550398839703,0.34783659656756455,0.27906976744186046,flat,down,SELL CE 23000 107.25 | SELL PE 23000 99.6,6249.75,94.4,72.21,78.0,6005.14,30.7956,6083.14,1938.78,3971.96,-8921.25,12:51,7363.2,15:02,-12879.75,1.0,200.0,200.0,BUY CE 23200 35.6 | BUY PE 22800 31.55 | SELL CE 23000 107.25 | SELL PE 23000 99.6,2622.75,188.8,91.42,156.0,2186.53,11.213,2342.53,602.98,1394.75,-2535.0,10:04,3794.7,15:02,-9009.0,1.0,400.0,400.0,BUY CE 23400 10.9 | BUY PE 22600 8.3 | SELL CE 23000 107.25 | SELL PE 23000 99.6,4728.75,188.8,77.02,156.0,4306.93,22.0868,4462.93,1309.78,2808.35,-5996.25,10:07,5949.45,15:02,-10861.5,1.0,122747.51,0.0,0.0,1.0,0.0,5400.2,14066.29,0.0,1.0,0.0,34735.06,0.0,0.0,1.0,0.0,0.0,0.0,0.0
2025-02-13,Thu,1,0,2025-02-13,23057.8,23144.7,22798.35,346.3500000000022,1.5020947358377736,23055.75,-2.0499999999992724,-0.008890700760693876,23055.75,23081.45,23011.55,23024.9,-30.849999999998545,-0.13380610043047197,122.84999999999854,23000.0,97.1,72.0,169.1,0.7344222993368049,1.348611111111111,25.099999999999994,0.1484328799526907,89,nifty_1min.csv,0.008890700760693876,0.13380610043047197,0.533552805875372,0.1484328799526907,0.7264931992903522,0.18243642814901564,0.19540229885057472,flat,down,SELL CE 23000 97.1 | SELL PE 23000 72,26841.75,94.4,49.37,78.0,26619.98,136.5127,26697.98,8810.39,17715.19,-17062.5,11:51,27935.7,15:07,-17784.0,1.0,150.0,150.0,BUY CE 23150 40 | BUY PE 22850 26.55 | SELL CE 23000 97.1 | SELL PE 23000 72,13884.0,188.8,55.17,156.0,13484.03,69.1489,13640.03,4368.81,8926.42,-8365.5,13:03,15036.45,15:07,-11877.45,1.0,350.0,350.0,BUY CE 23350 9.5 | BUY PE 22650 5.09 | SELL CE 23000 97.1 | SELL PE 23000 72,24016.2,188.8,50.66,156.0,23620.74,121.132,23776.74,7747.71,15684.23,-17236.05,11:51,25129.65,15:07,-18367.05,1.0,149367.49,0.0,0.0,1.0,0.0,18884.23,582.26,0.0,1.0,0.0,58355.8,0.0,0.0,1.0,0.0,0.0,0.0,0.0
2025-02-14,Fri,0,6,2025-02-20,23019.4,23235.5,22992.2,243.29999999999927,1.0569345856103949,23096.45,77.04999999999927,0.3347176729193605,23096.45,23092.05,23088.2,23027.2,-69.25,-0.29982962749686637,106.95000000000073,23050.0,190.05,171.25,361.3,1.5690140355753195,1.1097810218978104,18.80000000000001,0.052034320509272106,89,nifty_1min.csv,0.3347176729193605,0.29982962749686637,0.4644507365202922,0.052034320509272106,0.29601439247163225,0.19166897315250483,0.9090909090909091,mild_up,down,SELL CE 23050 190.05 | SELL PE 23050 171.25,5060.25,94.4,128.73,78.0,4759.12,24.4057,4837.12,1523.44,3141.28,-8472.75,13:03,5333.25,15:17,-9952.8,1.0,350.0,350.0,BUY CE 23400 55.55 | BUY PE 22700 57.85 | SELL CE 23050 190.05 | SELL PE 23050 171.25,2778.75,188.8,166.61,156.0,2267.34,11.6274,2423.34,629.91,1448.63,-1043.25,14:08,2788.5,15:17,-5294.25,1.0,700.0,700.0,BUY CE 23750 10.45 | BUY PE 22350 16.25 | SELL CE 23050 190.05 | SELL PE 23050 171.25,4728.75,188.8,137.94,156.0,4246.01,21.7744,4402.01,1289.47,2767.74,-4574.7,13:03,4904.25,15:17,-6903.0,1.0,154126.61,0.0,0.0,1.0,0.0,21151.57,0.0,0.0,1.0,0.0,62601.81,0.0,0.0,1.0,0.0,0.0,0.0,0.0
2025-02-17,Mon,0,3,2025-02-20,22897.25,23133.7,22774.85,358.8500000000022,1.5672187708130985,22809.9,-87.34999999999854,-0.3814868597757309,22809.9,22806.05,22842.0,22830.35,20.44999999999709,0.08965405372227449,149.29999999999927,22850.0,191.45,152.3,343.75,1.505671178935058,1.2570584372948126,39.14999999999998,0.11389090909090903,89,nifty_1min.csv,0.3814868597757309,0.08965405372227449,0.653954056770918,0.11389090909090903,0.4343272727272706,0.05949090909090062,0.8539325842696629,mild_down,up,SELL CE 22850 191.45 | SELL PE 22850 152.3,1794.0,94.4,123.82,78.0,1497.78,7.6809,1575.78,436.33,967.05,-3139.5,13:43,5499.0,13:19,-4933.5,1.0,350.0,350.0,BUY CE 23200 54.35 | BUY PE 22500 47.2 | SELL CE 22850 191.45 | SELL PE 22850 152.3,-263.25,188.8,157.72,156.0,-765.77,-3.927,-609.77,-381.12,-573.45,-1591.2,13:43,2037.75,13:19,-5674.5,1.0,700.0,700.0,BUY CE 23550 10.85 | BUY PE 22150 12.5 | SELL CE 22850 191.45 | SELL PE 22850 152.3,351.0,188.8,130.24,156.0,-124.04,-0.6361,31.96,-167.21,-145.63,-3500.25,13:43,4426.5,13:19,-5791.5,1.0,155624.39,0.0,0.0,1.0,0.0,20385.8,765.77,765.77,0.0,0.0,62477.77,124.04,124.04,0.0,0.0,2.0,0.0,0.0
2025-02-18,Tue,0,2,2025-02-20,22963.5,22974.2,22725.45,248.75,1.0832407951749516,22963.65,0.1500000000014552,0.0006532105297600766,22963.65,22909.65,22885.3,22900.4,-63.25,-0.27543530754039536,115.65000000000146,22900.0,157.44,153.19,310.63,1.3564391888351295,1.0277433252823291,4.25,0.013681872323986736,89,nifty_1min.csv,0.0006532105297600766,0.27543530754039536,0.5050130128731439,0.013681872323986736,0.37230789041625556,0.20361845282168498,0.7222222222222222,flat,down,SELL CE 22900 157.44 | SELL PE 22900 153.19,14545.05,94.4,106.14,78.0,14266.51,73.1616,14344.51,4692.57,9479.54,142.35,09:30,14630.85,15:27,-1632.15,1.0,300.0,300.0,BUY CE 23200 49.5 | BUY PE 22600 50.25 | SELL CE 22900 157.44 | SELL PE 22900 153.19,4697.55,188.8,128.37,156.0,4224.38,21.6635,4380.38,1282.26,2753.32,161.85,09:30,4802.85,15:27,-2714.4,1.0,600.0,600.0,BUY CE 23500 10.8 | BUY PE 22300 13.6 | SELL CE 22900 157.44 | SELL PE 22900 153.19,11327.55,188.8,110.44,156.0,10872.31,55.7554,11028.31,3498.24,7185.28,152.1,09:30,11423.1,15:27,-1836.9,1.0,169890.9,0.0,0.0,1.0,0.0,24610.18,0.0,0.0,1.0,0.0,73350.08,0.0,0.0,1.0,0.0,0.0,0.0,0.0
2025-02-19,Wed,0,1,2025-02-20,22923.15,22992.5,22801.5,191.0,0.8332188202755729,22847.25,-75.90000000000146,-0.33110632701003767,22847.25,22858.45,22848.65,22852.2,4.950000000000728,0.021665627154255886,62.20000000000073,22850.0,113.5,97.1,210.6,0.9215742904403077,1.168898043254377,16.400000000000006,0.07787274453941123,89,nifty_1min.csv,0.33110632701003767,0.021665627154255886,0.2721838597596762,0.07787274453941123,0.2953466286799655,0.02350427350427696,0.2857142857142857,mild_down,up,SELL CE 22850 113.5 | SELL PE 22850 97.1,6561.75,94.4,73.43,78.0,6315.92,32.3893,6393.92,2042.37,4179.15,-15383.55,10:20,6776.25,14:47,-16233.75,1.0,200.0,200.0,BUY CE 23050 36.9 | BUY PE 22650 31.2 | SELL CE 22850 113.5 | SELL PE 22850 97.1,2681.25,188.8,92.63,156.0,2243.82,11.5068,2399.82,622.07,1432.95,-3625.05,10:20,2681.25,15:29,-9964.5,1.0,400.0,400.0,BUY CE 23250 9.44 | BUY PE 22450 8 | SELL CE 22850 113.5 | SELL PE 22850 97.1,5286.45,188.8,77.95,156.0,4863.7,24.9421,5019.7,1495.37,3179.53,-10633.35,10:20,5413.2,14:47,-13433.55,1.0,176206.82,0.0,0.0,1.0,0.0,26854.0,0.0,0.0,1.0,0.0,78213.78,0.0,0.0,1.0,0.0,0.0,0.0,0.0
2025-02-20,Thu,1,0,2025-02-20,22914.4,23049.95,22814.85,235.10000000000218,1.0259923890654006,22821.1,-93.30000000000291,-0.4071675452990386,22821.1,22857.2,22855.25,22846.3,25.200000000000728,0.11042412504217908,66.59999999999854,22850.0,59.0,62.6,121.6,0.5322524872736505,0.9424920127795527,-3.6000000000000014,-0.02960526315789475,89,nifty_1min.csv,0.4071675452990386,0.11042412504217908,0.29151328661533177,0.02960526315789475,0.5476973684210407,0.20723684210526916,0.08695652173913043,mild_down,up,SELL CE 22850 59 | SELL PE 22850 62.6,11427.0,94.4,39.0,78.0,11215.6,57.5159,11293.6,3675.6,7445.6,-1335.75,09:39,13503.75,14:32,-4514.25,1.0,100.0,100.0,BUY CE 22950 28.85 | BUY PE 22750 25.1 | SELL CE 22850 59 | SELL PE 22850 62.6,926.25,188.8,43.71,156.0,537.74,2.7576,693.74,53.38,295.56,-984.75,09:39,3853.2,13:23,-6825.0,1.0,250.0,250.0,BUY CE 23100 9.44 | BUY PE 22600 6.1 | SELL CE 22850 59 | SELL PE 22850 62.6,8416.2,188.8,40.38,156.0,8031.02,41.1847,8187.02,2551.14,5291.08,-1138.8,09:39,10629.45,14:32,-5233.8,1.0,187422.42,0.0,0.0,1.0,0.0,27391.74,0.0,0.0,1.0,0.0,86244.8,0.0,0.0,1.0,0.0,0.0,0.0,0.0
2025-02-21,Fri,0,6,2025-02-27,22906.25,22923.85,22812.75,111.09999999999854,0.48502046384719694,22857.2,-49.04999999999927,-0.21413369713505823,22857.2,22906.7,22906.65,22896.4,39.20000000000073,0.17149957125107504,71.34999999999854,22900.0,168.15,141.3,309.45000000000005,1.3515225100889223,1.1900212314225052,26.849999999999994,0.08676684440135722,115,nifty_1min.csv,0.21413369713505823,0.17149957125107504,0.31162104086231257,0.08676684440135722,0.23057036677976583,0.1266763612861552,0.7204301075268817,mild_down,up,SELL CE 22900 168.15 | SELL PE 22900 141.3,2895.75,94.4,110.89,78.0,2612.46,13.3972,2690.46,807.89,1710.17,-8326.5,10:15,4738.5,14:50,-9954.75,1.0,300.0,300.0,BUY CE 23200 50.3 | BUY PE 22600 47.5 | SELL CE 22900 168.15 | SELL PE 22900 141.3,1197.3,188.8,143.95,156.0,708.55,3.6336,864.55,110.32,409.44,-1696.5,10:29,1696.5,15:22,-5684.25,1.0,600.0,600.0,BUY CE 23500 10.1 | BUY PE 22300 13.65 | SELL CE 22900 168.15 | SELL PE 22900 141.3,2599.35,188.8,119.08,156.0,2135.47,10.9511,2291.47,585.96,1360.71,-4670.25,10:15,3851.25,14:50,-7252.05,1.0,190034.88,0.0,0.0,1.0,0.0,28100.29,0.0,0.0,1.0,0.0,88380.27,0.0,0.0,1.0,0.0,0.0,0.0,0.0
2025-02-24,Mon,0,3,2025-02-27,22764.35,22921.0,22720.3,200.70000000000073,0.8816416897473495,22609.35,-155.0,-0.6808891973634214,22609.35,22644.65,22625.7,22619.95,10.600000000002183,0.046883258474932646,60.54999999999927,22600.0,152.4,107.7,260.1,1.1498699157159942,1.415041782729805,44.7,0.17185697808535177,115,nifty_1min.csv,0.6808891973634214,0.046883258474932646,0.267684057657065,0.17185697808535177,0.23279507881583725,0.040753556324498966,0.5531914893617021,strong_down,up,SELL CE 22600 152.4 | SELL PE 22600 107.7,11856.0,94.4,89.02,78.0,11594.58,59.4594,11672.58,3801.93,7698.25,-1150.5,09:37,12168.0,15:07,-3664.05,1.0,250.0,250.0,BUY CE 22850 50.45 | BUY PE 22350 34.2 | SELL CE 22600 152.4 | SELL PE 22600 107.7,4894.5,188.8,109.86,156.0,4439.84,22.7684,4595.84,1354.08,2896.96,-575.25,09:37,5001.75,15:03,-4512.3,1.0,500.0,500.0,BUY CE 23100 14.1 | BUY PE 22100 10.55 | SELL CE 22600 152.4 | SELL PE 22600 107.7,9701.25,188.8,94.91,156.0,9261.54,47.4951,9417.54,2961.31,6111.43,-1014.0,09:37,10140.0,15:05,-3978.0,1.0,201629.46,0.0,0.0,1.0,0.0,32540.13,0.0,0.0,1.0,0.0,97641.81,0.0,0.0,1.0,0.0,0.0,0.0,0.0
2025-02-25,Tue,0,2,2025-02-27,22548.85,22668.05,22518.8,149.25,0.6618962829589979,22516.45,-32.39999999999782,-0.14368803730566224,22516.45,22548.0,22560.7,22554.25,37.79999999999927,0.16787726306766507,68.20000000000073,22550.0,104.05,65.55,169.6,0.7519647073168029,1.5873379099923723,38.5,0.2270047169811321,115,nifty_1min.csv,0.14368803730566224,0.16787726306766507,0.30238203442810435,0.2270047169811321,0.40212264150943827,0.22287735849056176,0.2,mild_down,up,SELL CE 22550 104.05 | SELL PE 22550 65.55,11124.75,94.4,56.54,78.0,10895.81,55.8759,10973.81,3569.0,7232.41,-2076.75,09:38,11124.75,15:29,-3383.25,1.0,150.0,150.0,BUY CE 22700 34.79 | BUY PE 22400 24.2 | SELL CE 22550 104.05 | SELL PE 22550 65.55,5081.7,188.8,69.37,156.0,4667.53,23.9361,4823.53,1429.98,3048.75,-844.35,09:49,5081.7,15:29,-2884.05,1.0,350.0,350.0,BUY CE 22900 9.55 | BUY PE 22200 6.8 | SELL CE 22550 104.05 | SELL PE 22550 65.55,9720.75,188.8,60.48,156.0,9315.47,47.7716,9471.47,2979.29,6147.38,-1657.5,09:37,9720.75,15:29,-3198.0,1.0,212525.27,0.0,0.0,1.0,0.0,37207.66,0.0,0.0,1.0,0.0,106957.28,0.0,0.0,1.0,0.0,0.0,0.0,0.0
2025-02-27,Thu,1,0,2025-02-27,22526.3,22625.3,22513.9,111.39999999999782,0.49453305691568444,22568.95,42.650000000001455,0.18933424486045847,22568.95,22579.4,22568.85,22554.8,-14.150000000001455,-0.06269675815667745,61.79999999999927,22550.0,43.65,23.1,66.75,0.2959458740489829,1.8896103896103895,20.549999999999997,0.3078651685393258,115,nifty_1min.csv,0.18933424486045847,0.06269675815667745,0.2739993260857967,0.3078651685393258,0.9258426966292026,0.21198501872661357,0.0,mild_up,down,SELL CE 22550 43.65 | SELL PE 22550 23.1,12031.5,94.4,18.85,78.0,11840.25,60.7192,11918.25,3883.82,7862.03,-29.25,09:35,12548.25,15:14,-1248.0,1.0,50.0,50.0,BUY CE 22600 15.55 | BUY PE 22500 14.25 | SELL CE 22550 43.65 | SELL PE 22550 23.1,6240.0,188.8,21.46,156.0,5873.74,30.1217,6029.74,1832.05,3852.89,-156.0,09:35,6805.5,15:16,-2164.5,1.0,150.0,150.0,BUY CE 22700 4 | BUY PE 22400 5.9 | SELL CE 22550 43.65 | SELL PE 22550 23.1,10120.5,188.8,19.74,156.0,9755.96,50.0306,9911.96,3126.12,6441.04,-294.45,09:35,10647.0,15:14,-1657.5,1.0,224365.52,0.0,0.0,1.0,0.0,43081.4,0.0,0.0,1.0,0.0,116713.24,0.0,0.0,1.0,0.0,0.0,0.0,0.0
2025-02-28,Fri,0,6,2025-03-06,22510.85,22613.3,22508.4,104.89999999999782,0.4659975078684182,22433.4,-77.44999999999709,-0.34405631062353087,22433.4,22320.05,22320.15,22337.7,-95.70000000000073,-0.42659605766402203,142.14999999999782,22350.0,167.45,115.5,282.95,1.2666926317391674,1.4497835497835496,51.94999999999999,0.1836013429934617,104,nifty_1min.csv,0.34405631062353087,0.42659605766402203,0.6363681131002646,0.1836013429934617,0.5023855804912452,0.33822230075985416,0.6391752577319587,mild_down,down,SELL CE 22350 167.45 | SELL PE 22350 115.5,-5779.8,94.4,105.14,78.0,-6057.34,-31.0633,-5979.34,-2082.05,-4069.7,-10257.0,12:59,4291.95,12:19,-11573.25,1.0,300.0,300.0,BUY CE 22650 41.9 | BUY PE 22050 34.7 | SELL CE 22350 167.45 | SELL PE 22350 115.5,187.2,188.8,141.35,156.0,-298.95,-1.5331,-142.95,-225.52,-262.24,-1365.0,13:38,2593.5,12:14,-4192.5,1.0,550.0,550.0,BUY CE 22900 9.75 | BUY PE 21800 12 | SELL CE 22350 167.45 | SELL PE 22350 115.5,-2367.3,188.8,117.86,156.0,-2829.96,-14.5126,-2673.96,-1069.19,-1949.57,-5528.25,12:59,4087.2,12:19,-7663.5,1.0,218308.18,6057.34,6057.34,0.0,0.0,42782.45,298.95,298.95,0.0,0.0,113883.28,2829.96,2829.96,0.0,0.0,3.0,1.0,0.0
2025-03-03,Mon,0,3,2025-03-06,22127.4,22450.35,22104.85,345.5,1.5614125473394975,22194.55,67.14999999999782,0.3034699060892731,22194.55,22256.4,22186.65,22173.2,-21.349999999998545,-0.09619478655795474,106.70000000000073,22150.0,173.6,97.1,270.7,1.2208431800552018,1.787847579814624,76.5,0.28260066494274105,104,nifty_1min.csv,0.3034699060892731,0.09619478655795474,0.48121155268522686,0.28260066494274105,0.39416328038419185,0.07886959734022367,0.5918367346938775,mild_up,down,SELL CE 22150 173.6 | SELL PE 22150 97.1,8433.75,94.4,94.38,78.0,8166.97,41.8819,8244.97,2659.39,5413.18,-936.0,10:08,8463.0,14:21,-3744.0,1.0,250.0,250.0,BUY CE 22400 53.7 | BUY PE 21900 34.54 | SELL CE 22150 173.6 | SELL PE 22150 97.1,2868.45,188.8,118.5,156.0,2405.15,12.3341,2561.15,675.85,1540.5,1.95,09:30,3648.45,14:21,-5311.8,1.0,550.0,550.0,BUY CE 22700 8.65 | BUY PE 21600 9.9 | SELL CE 22150 173.6 | SELL PE 22150 97.1,7059.0,188.8,99.16,156.0,6615.04,33.9233,6771.04,2079.15,4347.09,204.75,09:30,7458.75,14:21,-3968.25,1.0,226475.15,0.0,0.0,1.0,0.0,45187.6,0.0,0.0,1.0,0.0,120498.32,0.0,0.0,1.0,0.0,0.0,0.0,0.0
2025-03-04,Tue,0,2,2025-03-06,22143.15,22261.55,22004.7,256.84999999999854,1.1599524006295334,21974.45,-168.70000000000073,-0.7618608915172445,21974.45,21985.15,22040.95,21999.5,25.049999999999272,0.11399602720431806,85.05000000000291,22000.0,116.75,95.05,211.8,0.9627491533898498,1.2283008942661757,21.700000000000003,0.10245514636449482,104,nifty_1min.csv,0.7618608915172445,0.11399602720431806,0.38659969544763706,0.10245514636449482,0.40155807365440466,0.11827195467421753,0.37373737373737376,strong_down,up,SELL CE 22000 116.75 | SELL PE 22000 95.05,351.0,94.4,76.63,78.0,101.97,0.5229,179.97,-28.94,36.52,-3763.5,11:06,4904.25,13:49,-5274.75,1.0,200.0,200.0,BUY CE 22200 40.25 | BUY PE 21800 33.6 | SELL CE 22000 116.75 | SELL PE 22000 95.05,-692.25,188.8,101.92,156.0,-1138.97,-5.8409,-982.97,-505.52,-822.25,-1550.25,11:06,1033.5,13:49,-5089.5,1.0,400.0,400.0,BUY CE 22400 12.3 | BUY PE 21600 11.85 | SELL CE 22000 116.75 | SELL PE 22000 95.05,-887.25,188.8,83.63,156.0,-1315.68,-6.7471,-1159.68,-564.43,-940.05,-3471.0,11:06,3168.75,13:49,-5393.7,1.0,226577.12,0.0,0.0,1.0,0.0,44048.63,1138.97,1138.97,0.0,0.0,119182.64,1315.68,1315.68,0.0,0.0,2.0,0.0,0.0
2025-03-05,Wed,0,1,2025-03-06,22080.3,22105.05,21964.6,140.45000000000073,0.6360873720012895,22073.05,-7.25,-0.03283469880391118,22073.05,22136.1,22176.35,22192.8,119.75,0.542516779511667,130.04999999999927,22200.0,87.3,80.55,167.85,0.7563263761219855,1.0837988826815643,6.75,0.040214477211796246,104,nifty_1min.csv,0.03283469880391118,0.542516779511667,0.5860008651454494,0.040214477211796246,0.7747989276139368,0.7134346142389038,0.21,flat,up,SELL CE 22200 87.3 | SELL PE 22200 80.55,-7868.25,94.4,64.35,78.0,-8105.0,-41.5641,-8027.0,-2764.6,-5434.8,-15902.25,12:32,557.7,09:37,-16857.75,1.0,150.0,150.0,BUY CE 22350 30.85 | BUY PE 22050 32.75 | SELL CE 22200 87.3 | SELL PE 22200 80.55,-3229.2,188.8,93.96,156.0,-3667.96,-18.8101,-3511.96,-1348.52,-2508.24,-4699.5,12:32,118.95,09:37,-8706.75,1.0,350.0,350.0,BUY CE 22550 5.85 | BUY PE 21850 9.3 | SELL CE 22200 87.3 | SELL PE 22200 80.55,-7956.0,188.8,69.71,156.0,-8370.51,-42.9257,-8214.51,-2916.04,-5643.28,-13525.2,12:32,557.7,09:37,-15405.0,1.0,218472.12,8105.0,8105.0,0.0,0.0,40380.67,4806.93,3667.96,0.0,0.0,110812.13,9686.19,8370.51,0.0,0.0,3.0,1.0,0.0
2025-03-06,Thu,1,0,2025-03-06,22346.65,22394.9,22067.8,327.1000000000022,1.4637540749955906,22476.35,129.6999999999971,0.5804001942125423,22476.35,22433.1,22367.2,22364.1,-112.25,-0.4994138283128711,142.09999999999854,22350.0,56.6,58.4,115.0,0.5142169816804611,0.9691780821917809,-1.7999999999999972,-0.015652173913043455,104,nifty_1min.csv,0.5804001942125423,0.4994138283128711,0.6353933312764589,0.015652173913043455,1.2356521739130308,0.9760869565217392,0.07920792079207921,strong_up,down,SELL CE 22350 56.6 | SELL PE 22350 58.4,-15502.5,94.4,48.58,78.0,-15723.48,-80.6332,-15645.48,-5304.09,-10513.79,-16253.25,15:04,11300.25,11:00,-16906.5,1.0,100.0,100.0,BUY CE 22450 22.15 | BUY PE 22250 24.5 | SELL CE 22350 56.6 | SELL PE 22350 58.4,-6142.5,188.8,78.73,156.0,-6566.03,-33.6719,-6410.03,-2314.54,-4440.29,-6269.25,15:02,4992.0,11:00,-10296.0,1.0,250.0,250.0,BUY CE 22600 4.34 | BUY PE 22100 7.5 | SELL CE 22350 56.6 | SELL PE 22350 58.4,-17791.8,188.8,49.63,156.0,-18186.23,-93.2627,-18030.23,-6187.94,-12187.09,-18484.05,15:04,9644.7,11:00,-19137.3,1.0,202748.64,23828.48,15723.48,0.0,0.0,33814.64,11372.96,6566.03,0.0,0.0,92625.9,27872.42,18186.23,0.0,1.0,3.0,1.0,0.0
2025-03-07,Fri,0,6,2025-03-13,22529.2,22556.45,22245.85,310.6000000000022,1.3786552562896248,22508.65,-20.549999999999272,-0.09121495658966706,22508.65,22560.35,22515.45,22511.6,2.9499999999970896,0.013106072554316183,108.09999999999854,22500.0,169.65,138.0,307.65,1.3666287602835872,1.2293478260869566,31.650000000000006,0.10287664553876161,101,nifty_1min.csv,0.09121495658966706,0.013106072554316183,0.48019687627711294,0.10287664553876161,0.351373313830647,0.009588818462529139,0.7647058823529411,flat,up,SELL CE 22500 169.65 | SELL PE 22500 138,5382.0,94.4,109.14,78.0,5100.46,26.1562,5178.46,1637.22,3368.84,-4475.25,10:17,5382.0,15:29,-5947.5,1.0,300.0,300.0,BUY CE 22800 49.5 | BUY PE 22200 47.15 | SELL CE 22500 169.65 | SELL PE 22500 138,1238.25,188.8,138.31,156.0,755.14,3.8725,911.14,125.85,440.49,-1891.5,11:16,1238.25,15:29,-6786.0,1.0,600.0,600.0,BUY CE 23100 9.4 | BUY PE 21900 14.75 | SELL CE 22500 169.65 | SELL PE 22500 138,3783.0,188.8,115.63,156.0,3322.57,17.0388,3478.57,981.66,2152.11,-4282.2,11:16,3783.0,15:29,-6397.95,1.0,207849.1,18728.02,0.0,1.0,0.0,34569.78,10617.82,0.0,1.0,0.0,95948.47,24549.85,0.0,1.0,0.0,0.0,0.0,0.0
2025-03-10,Mon,0,3,2025-03-13,22536.95,22633.8,22464.75,169.04999999999927,0.7501014999811388,22521.85,-15.100000000002183,-0.06700108044789638,22521.85,22578.35,22597.3,22582.85,61.0,0.2708480875238935,104.59999999999854,22600.0,113.0,145.95,258.95,1.1466666076248127,0.7742377526550189,-32.94999999999999,-0.12724464182274567,101,nifty_1min.csv,0.06700108044789638,0.2708480875238935,0.46318334488338964,0.12724464182274567,0.40393898435990944,0.23556671172040936,0.5533980582524272,flat,up,SELL CE 22600 113 | SELL PE 22600 145.95,-175.5,94.4,93.95,78.0,-441.85,-2.2659,-363.85,-210.22,-326.03,-3315.0,14:31,6347.25,13:27,-5908.5,1.0,250.0,250.0,BUY CE 22850 30.9 | BUY PE 22350 52.25 | SELL CE 22600 113 | SELL PE 22600 145.95,692.25,188.8,125.32,156.0,222.13,1.1391,378.13,-51.82,85.15,-819.0,09:57,2096.25,13:36,-4455.75,1.0,500.0,500.0,BUY CE 23100 6.1 | BUY PE 22100 16.15 | SELL CE 22600 113 | SELL PE 22600 145.95,234.0,188.8,102.6,156.0,-213.4,-1.0944,-57.4,-197.0,-205.2,-2047.5,14:31,4855.5,13:36,-4738.5,1.0,207407.25,19169.87,441.85,0.0,0.0,34791.91,10395.69,0.0,1.0,0.0,95735.07,24763.25,213.4,0.0,0.0,2.0,0.0,0.0
2025-03-11,Tue,0,2,2025-03-13,22441.1,22676.75,22429.05,247.70000000000073,1.103778335286598,22345.95,-95.14999999999782,-0.42399882358706936,22345.95,22343.75,22352.8,22362.9,16.950000000000728,0.07585267128943154,72.89999999999782,22350.0,121.75,111.3,233.05,1.0421278098994315,1.0938903863432166,10.450000000000003,0.04484016305513839,101,nifty_1min.csv,0.42399882358706936,0.07585267128943154,0.32598634345276245,0.04484016305513839,0.31280841021239136,0.072731173567907,0.4807692307692308,mild_down,up,SELL CE 22350 121.75 | SELL PE 22350 111.3,-6386.25,94.4,87.32,78.0,-6645.97,-34.0819,-6567.97,-2278.26,-4462.12,-9779.25,11:03,1833.0,09:32,-10929.75,1.0,250.0,250.0,BUY CE 22600 34.15 | BUY PE 22100 33.55 | SELL CE 22350 121.75 | SELL PE 22350 111.3,-4056.0,188.8,115.16,156.0,-4515.96,-23.1588,-4359.96,-1631.19,-3073.57,-4260.75,11:04,653.25,09:32,-7215.0,1.0,450.0,450.0,BUY CE 22800 10.2 | BUY PE 21900 11.1 | SELL CE 22350 121.75 | SELL PE 22350 111.3,-7078.5,188.8,94.07,156.0,-7517.37,-38.5506,-7361.37,-2631.66,-5074.51,-8238.75,11:03,1511.25,09:32,-9867.0,1.0,200761.28,25815.84,6645.97,0.0,0.0,30275.95,14911.65,4515.96,0.0,0.0,88217.7,32280.62,7517.37,0.0,0.0,3.0,1.0,0.0
2025-03-12,Wed,0,1,2025-03-13,22520.5,22522.1,22314.7,207.39999999999782,0.9209387002952768,22536.35,15.849999999998545,0.07038032015274326,22536.35,22533.25,22522.95,22462.1,-74.25,-0.3294677265839411,116.10000000000218,22450.0,93.65,94.95,188.60000000000002,0.8396365433329922,0.9863085834649816,-1.2999999999999972,-0.006892895015906665,101,nifty_1min.csv,0.07038032015274326,0.3294677265839411,0.5168706398778484,0.006892895015906665,0.6155885471898312,0.39369034994697766,0.2761904761904762,flat,down,SELL CE 22450 93.65 | SELL PE 22450 94.95,10881.0,94.4,63.53,78.0,10645.07,54.5901,10723.07,3485.42,7065.24,58.5,09:30,10910.25,14:43,-1735.5,1.0,200.0,200.0,BUY CE 22650 23.9 | BUY PE 22250 28.8 | SELL CE 22450 93.65 | SELL PE 22450 94.95,5811.0,188.8,75.47,156.0,5390.73,27.6448,5546.73,1671.04,3530.89,-78.0,09:33,5811.0,15:29,-2993.25,1.0,400.0,400.0,BUY CE 22850 4.15 | BUY PE 22050 7.9 | SELL CE 22450 93.65 | SELL PE 22450 94.95,9642.75,188.8,66.15,156.0,9231.8,47.3426,9387.8,2951.4,6091.6,0.0,09:30,9642.75,15:29,-1813.5,1.0,211406.35,15170.77,0.0,1.0,0.0,35666.68,9520.92,0.0,1.0,0.0,97449.5,23048.82,0.0,1.0,0.0,0.0,0.0,0.0
2025-03-13,Thu,1,0,2025-03-13,22468.5,22577.4,22329.55,247.85000000000218,1.103099895409138,22541.5,73.0,0.32489930346930146,22541.5,22485.0,22486.5,22483.85,-57.650000000001455,-0.2557505046248096,95.59999999999854,22500.0,25.0,54.3,79.3,0.3526976029461147,0.46040515653775327,-29.299999999999997,-0.3694829760403531,101,nifty_1min.csv,0.32489930346930146,0.2557505046248096,0.42519408375344325,0.3694829760403531,1.2055485498108265,0.7269861286254913,0.02830188679245283,mild_up,down,SELL CE 22500 25 | SELL PE 22500 54.3,-4553.25,94.4,30.77,78.0,-4756.42,-24.3919,-4678.42,-1648.41,-3202.41,-8814.0,11:54,4299.75,11:17,-10013.25,1.0,100.0,100.0,BUY CE 22600 7.8 | BUY PE 22400 16 | SELL CE 22500 25 | SELL PE 22500 54.3,-8658.0,188.8,33.59,156.0,-9036.39,-46.3405,-8880.39,-3138.0,-6087.2,-8697.0,15:26,2457.0,11:17,-9282.0,1.0,150.0,150.0,BUY CE 22650 4.7 | BUY PE 22350 9.4 | SELL CE 22500 25 | SELL PE 22500 54.3,-7283.25,188.8,32.02,156.0,-7660.07,-39.2824,-7504.07,-2679.22,-5169.65,-8433.75,15:01,3178.5,11:16,-9057.75,1.0,206649.93,19927.19,4756.42,0.0,0.0,26630.29,18557.31,9036.39,0.0,1.0,89789.43,30708.89,7660.07,0.0,0.0,3.0,1.0,0.0
2025-03-17,Mon,0,3,2025-03-20,22383.3,22558.05,22377.35,180.70000000000073,0.8072982982848853,22353.15,-30.149999999997817,-0.13469863693020162,22353.15,22504.2,22514.95,22539.1,185.9499999999971,0.8318738074946801,196.34999999999854,22550.0,129.69,104.9,234.59,1.0408135196170212,1.2363203050524307,24.789999999999992,0.10567372863293402,90,nifty_1min.csv,0.13469863693020162,0.8318738074946801,0.8711527966955138,0.10567372863293402,0.836992199155968,0.7926595336544485,0.48598130841121495,mild_down,up,SELL CE 22550 129.69 | SELL PE 22550 104.9,2191.8,94.4,84.07,78.0,1935.33,9.9248,2013.33,582.18,1258.75,-2897.7,12:35,2191.8,15:29,-4360.2,1.0,250.0,250.0,BUY CE 22800 31.15 | BUY PE 22300 33 | SELL CE 22550 129.69 | SELL PE 22550 104.9,797.55,188.8,105.35,156.0,347.4,1.7815,503.4,-10.07,168.67,-1230.45,09:33,1010.1,14:41,-3697.2,1.0,450.0,450.0,BUY CE 23000 7.35 | BUY PE 22100 12.7 | SELL CE 22550 129.69 | SELL PE 22550 104.9,1431.3,188.8,90.26,156.0,996.24,5.1089,1152.24,206.21,601.23,-2616.9,09:33,1470.3,14:41,-3989.7,1.0,208585.26,17991.86,0.0,1.0,0.0,26977.69,18209.91,0.0,1.0,0.0,90785.67,29712.65,0.0,1.0,0.0,0.0,0.0,0.0
2025-03-18,Tue,0,2,2025-03-20,22515.25,22577.0,22353.15,223.84999999999854,0.9942150320338373,22662.25,147.0,0.652890818445276,22662.25,22610.45,22652.1,22644.1,-18.150000000001455,-0.08008913501528514,72.09999999999854,22650.0,129.44,106.75,236.19,1.0430531573345816,1.212552693208431,22.689999999999998,0.09606672594097972,90,nifty_1min.csv,0.652890818445276,0.08008913501528514,0.3184052358009307,0.09606672594097972,0.30526271222320395,0.07684491299378236,0.5,strong_up,down,SELL CE 22650 129.44 | SELL PE 22650 106.75,-8767.2,94.4,89.52,78.0,-9029.12,-46.3032,-8951.12,-3072.64,-6050.88,-9313.2,15:21,2447.25,12:49,-9761.7,1.0,250.0,250.0,BUY CE 22900 29.05 | BUY PE 22400 34.95 | SELL CE 22650 129.44 | SELL PE 22650 106.75,-5101.2,188.8,117.91,156.0,-5563.91,-28.5329,-5407.91,-1980.5,-3772.2,-5257.2,15:21,836.55,09:56,-5990.4,1.0,450.0,450.0,BUY CE 23100 5.25 | BUY PE 22200 12.8 | SELL CE 22650 129.44 | SELL PE 22650 106.75,-8679.45,188.8,96.19,156.0,-9120.44,-46.7715,-8964.44,-3166.01,-6143.23,-9412.65,15:21,1918.8,09:56,-9937.2,1.0,199556.14,27020.98,9029.12,0.0,0.0,21413.78,23773.82,5563.91,0.0,0.0,81665.23,38833.09,9120.44,0.0,0.0,3.0,1.0,0.0
2025-03-19,Wed,0,1,2025-03-20,22848.75,22857.8,22599.2,258.59999999999854,1.13179057935335,22874.95,26.200000000000728,0.11466710432737338,22874.95,22877.4,22811.95,22848.45,-26.5,-0.115847247753547,80.34999999999854,22850.0,96.25,80.84,177.09,0.7750635163435594,1.1906234537357743,15.409999999999997,0.0870179005025693,90,nifty_1min.csv,0.11466710432737338,0.115847247753547,0.35166499259248896,0.0870179005025693,0.4537240950928824,0.14964142526399005,0.22935779816513763,mild_up,down,SELL CE 22850 96.25 | SELL PE 22850 80.84,622.05,94.4,63.92,78.0,385.73,1.9781,463.73,65.64,225.69,-2936.7,12:58,1519.05,10:09,-4855.5,1.0,200.0,200.0,BUY CE 23050 20.8 | BUY PE 22650 26.25 | SELL CE 22850 96.25 | SELL PE 22850 80.84,-508.95,188.8,79.38,156.0,-933.13,-4.7853,-777.13,-436.91,-685.02,-1990.95,12:49,854.1,10:09,-5450.25,1.0,350.0,350.0,BUY CE 23200 5.25 | BUY PE 22500 10.95 | SELL CE 22850 96.25 | SELL PE 22850 80.84,56.55,188.8,68.99,156.0,-357.24,-1.832,-201.24,-244.95,-301.1,-3180.45,12:58,1333.8,10:09,-5450.25,1.0,199941.87,26635.25,0.0,1.0,0.0,20480.65,24706.95,933.13,0.0,0.0,81307.99,39190.33,357.24,0.0,0.0,2.0,0.0,0.0
2025-03-20,Thu,1,0,2025-03-20,22911.8,22940.7,22807.95,132.75,0.5793957698653096,23036.6,124.79999999999927,0.5446974921219602,23036.6,23022.3,23059.45,23064.65,28.05000000000291,0.12176276012954565,71.04999999999927,23050.0,67.25,44.5,111.75,0.4845076773330616,1.5112359550561798,22.75,0.203579418344519,90,nifty_1min.csv,0.5446974921219602,0.12176276012954565,0.3080471630828964,0.203579418344519,0.6357941834451837,0.251006711409422,0.08181818181818182,strong_up,up,SELL CE 23050 67.25 | SELL PE 23050 44.5,-5703.75,94.4,43.05,78.0,-5919.2,-30.3549,-5841.2,-2036.0,-3977.6,-11524.5,14:31,10744.5,12:37,-11778.0,1.0,100.0,100.0,BUY CE 23150 25.55 | BUY PE 22950 20.85 | SELL CE 23050 67.25 | SELL PE 23050 44.5,-6834.75,188.8,58.27,156.0,-7237.82,-37.117,-7081.82,-2538.47,-4888.15,-6901.05,15:25,3578.25,12:26,-8794.5,1.0,200.0,200.0,BUY CE 23250 10.25 | BUY PE 22850 10.7 | SELL CE 23050 67.25 | SELL PE 23050 44.5,-9769.5,188.8,44.89,156.0,-10159.19,-52.0984,-10003.19,-3512.26,-6835.73,-14607.45,14:31,7291.05,12:26,-14927.25,1.0,194022.67,32554.45,5919.2,0.0,0.0,13242.83,31944.77,7237.82,0.0,0.0,71148.8,49349.52,10159.19,0.0,0.0,3.0,1.0,0.0
2025-03-21,Fri,0,6,2025-03-27,23165.7,23216.7,22973.95,242.75,1.0478854513353795,23168.25,2.5499999999992724,0.011007653556763976,23168.25,23195.0,23161.4,23196.2,27.950000000000728,0.12063923688669075,66.65000000000146,23200.0,134.35,126.5,260.85,1.124537639785827,1.0620553359683793,7.849999999999994,0.030093923710944964,122,nifty_1min.csv,0.011007653556763976,0.12063923688669075,0.28733154568421315,0.030093923710944964,0.25551082997892066,0.10714970289438652,0.5585585585585585,flat,up,SELL CE 23200 134.35 | SELL PE 23200 126.5,-7039.5,94.4,97.69,78.0,-7309.59,-37.4851,-7231.59,-2499.46,-4904.53,-16584.75,12:59,-37.05,09:30,-18193.5,1.0,250.0,250.0,BUY CE 23450 41.35 | BUY PE 22950 43.7 | SELL CE 23200 134.35 | SELL PE 23200 126.5,-2029.95,188.8,135.61,156.0,-2510.36,-12.8736,-2354.36,-962.65,-1736.51,-4533.75,12:59,-17.55,09:30,-8677.5,1.0,500.0,500.0,BUY CE 23700 10.6 | BUY PE 22700 14.6 | SELL CE 23200 134.35 | SELL PE 23200 126.5,-5713.5,188.8,108.7,156.0,-6167.0,-31.6256,-6011.0,-2181.53,-4174.27,-12462.45,12:59,-76.05,09:30,-14430.0,1.0,186713.08,39864.04,7309.59,0.0,0.0,10732.47,34455.13,2510.36,0.0,0.0,64981.8,55516.52,6167.0,0.0,0.0,3.0,1.0,0.0
2025-03-24,Mon,0,3,2025-03-27,23355.65,23402.7,23132.8,269.90000000000146,1.1556090282222993,23515.4,159.75,0.6839886708355365,23515.4,23513.2,23518.1,23498.9,-16.5,-0.0701667843200626,54.25,23500.0,126.55,127.95,254.5,1.083029418398308,0.9890582258694802,-1.4000000000000057,-0.005500982318271142,122,nifty_1min.csv,0.6839886708355365,0.0701667843200626,0.23086187013009118,0.005500982318271142,0.2131630648330059,0.06483300589390963,0.5535714285714286,strong_up,down,SELL CE 23500 126.55 | SELL PE 23500 127.95,-14907.75,94.4,98.89,78.0,-15179.04,-77.8412,-15101.04,-5122.61,-10150.83,-17316.0,10:59,-419.25,09:32,-18222.75,1.0,250.0,250.0,BUY CE 23750 38.4 | BUY PE 23250 43.95 | SELL CE 23500 126.55 | SELL PE 23500 127.95,-3558.75,188.8,144.79,156.0,-4048.34,-20.7607,-3892.34,-1475.31,-2761.83,-4668.3,14:26,-19.5,09:32,-6854.25,1.0,,,,,,,,,,,,,,,,,,,171534.04,55043.08,15179.04,0.0,0.0,6684.13,38503.47,4048.34,0.0,0.0,64981.8,55516.52,0.0,,,,,
2025-03-25,Tue,0,2,2025-03-27,23674.15,23708.75,23433.5,275.25,1.1626605390267444,23751.5,77.34999999999854,0.32672767554483917,23751.5,23726.3,23684.35,23721.65,-29.849999999998545,-0.12567627307748372,101.29999999999927,23700.0,163.9,125.8,289.7,1.2212472572523412,1.3028616852146264,38.10000000000001,0.13151536071798417,122,nifty_1min.csv,0.32672767554483917,0.12567627307748372,0.4270360619939982,0.13151536071798417,0.349672074559887,0.10303762512943923,0.6371681415929203,mild_up,down,SELL CE 23700 163.9 | SELL PE 23700 125.8,14020.5,94.4,98.79,78.0,13749.31,70.5093,13827.31,4520.17,9134.74,-6240.0,09:58,15512.25,15:05,-7505.55,1.0,,,,,,,,,,,,,,,,,,,600.0,600.0,BUY CE 24300 14.85 | BUY PE 23100 13 | SELL CE 23700 163.9 | SELL PE 23700 125.8,11132.55,188.8,104.8,156.0,10682.95,54.7844,10838.95,3435.12,7059.03,-5274.75,09:58,12392.25,15:05,-7515.3,1.0,185283.35,41293.77,0.0,1.0,0.0,6684.13,38503.47,0.0,,,75664.75,44833.57,0.0,1.0,0.0,,,
2025-03-26,Wed,0,1,2025-03-27,23605.95,23869.6,23601.4,268.1999999999971,1.1361542323015896,23700.95,95.0,0.40244091002480303,23700.95,23701.95,23722.55,23699.8,-1.1500000000014552,-0.004852126180602276,73.09999999999854,23700.0,104.0,99.4,203.4,0.8582350905914818,1.0462776659959758,4.599999999999994,0.022615535889872144,122,nifty_1min.csv,0.40244091002480303,0.004852126180602276,0.30844142144658837,0.022615535889872144,0.3593903638151354,0.005653883972475198,0.2894736842105263,mild_up,down,SELL CE 23700 104 | SELL PE 23700 99.4,-5196.75,94.4,76.05,78.0,-5445.2,-27.9241,-5367.2,-1878.0,-3661.6,-7339.8,14:58,5908.5,10:32,-8336.25,1.0,200.0,200.0,BUY CE 23900 35.25 | BUY PE 23500 32.9 | SELL CE 23700 104 | SELL PE 23700 99.4,-3432.0,188.8,103.25,156.0,-3880.05,-19.8977,-3724.05,-1419.22,-2649.63,-3734.25,15:28,2086.5,10:43,-6084.0,1.0,400.0,400.0,BUY CE 24100 11.15 | BUY PE 23300 10.4 | SELL CE 23700 104 | SELL PE 23700 99.4,-5032.95,188.8,84.09,156.0,-5461.84,-28.0094,-5305.84,-1946.48,-3704.16,-6111.3,14:58,4485.0,10:43,-7702.5,1.0,179838.15,46738.97,5445.2,0.0,0.0,2804.08,42383.52,3880.05,0.0,0.0,70202.91,50295.41,5461.84,0.0,0.0,3.0,1.0,0.0
2025-03-27,Thu,1,0,2025-03-27,23464.3,23736.5,23451.7,284.7999999999993,1.2137587739672577,23433.95,-30.349999999998545,-0.12934543114432795,23433.95,23507.8,23507.0,23543.8,109.84999999999854,0.4687643355046782,144.34999999999854,23550.0,66.8,57.55,124.35,0.5281645273915001,1.160729800173762,9.25,0.07438681141938078,122,nifty_1min.csv,0.12934543114432795,0.4687643355046782,0.613112581656311,0.07438681141938078,1.1608363490148657,0.8833936469642022,0.09565217391304348,mild_down,up,SELL CE 23550 66.8 | SELL PE 23550 57.55,15999.75,94.4,37.97,78.0,15789.38,80.9712,15867.38,5200.19,10494.79,-643.5,09:30,16097.25,15:17,-3285.75,1.0,100.0,100.0,BUY CE 23650 28.15 | BUY PE 23450 30.8 | SELL CE 23550 66.8 | SELL PE 23550 57.55,4524.0,188.8,43.1,156.0,4136.1,21.2108,4292.1,1252.83,2694.46,-1998.75,10:30,4680.0,15:17,-5149.95,1.0,250.0,250.0,BUY CE 23800 8.55 | BUY PE 23300 13.4 | SELL CE 23550 66.8 | SELL PE 23550 57.55,11739.0,188.8,39.9,156.0,11354.3,58.2272,11510.3,3658.9,7506.6,-1404.0,10:16,11885.25,15:17,-3714.75,1.0,195627.53,30949.59,0.0,1.0,0.0,6940.18,38247.42,0.0,1.0,0.0,81557.21,38941.11,0.0,1.0,0.0,0.0,0.0,0.0
2025-03-28,Fri,0,6,2025-04-03,23601.05,23646.45,23412.2,234.25,0.9925405861179906,23600.4,-0.6499999999978172,-0.0027541147533597754,23600.4,23604.9,23564.65,23558.75,-41.650000000001455,-0.17648005966001193,76.45000000000073,23550.0,179.3,131.3,310.6,1.3184061123786281,1.3655750190403655,48.0,0.154539600772698,102,nifty_1min.csv,0.0027541147533597754,0.17648005966001193,0.3245078792380781,0.154539600772698,0.24613650998068487,0.13409529942048118,0.7413793103448276,flat,down,SELL CE 23550 179.3 | SELL PE 23550 131.3,15034.5,94.4,105.91,78.0,14756.19,75.6728,14834.19,4855.8,9805.99,-2447.25,10:52,15687.75,15:21,-4309.5,1.0,300.0,300.0,BUY CE 23850 58.6 | BUY PE 23250 45.3 | SELL CE 23550 179.3 | SELL PE 23550 131.3,6169.8,188.8,131.04,156.0,5693.96,29.1998,5849.96,1772.12,3733.04,-1306.5,10:52,6639.75,15:21,-4397.25,1.0,600.0,600.0,BUY CE 24150 17.95 | BUY PE 22950 15.95 | SELL CE 23550 179.3 | SELL PE 23550 131.3,12431.25,188.8,114.52,156.0,11971.93,61.3945,12127.93,3864.78,7918.35,-2564.25,10:52,13055.25,15:27,-4611.75,1.0,210383.72,16193.4,0.0,1.0,0.0,12634.14,32553.46,0.0,1.0,0.0,93529.14,26969.18,0.0,1.0,0.0,0.0,0.0,0.0
2025-04-01,Tue,0,2,2025-04-03,23495.15,23649.2,23450.2,199.0,0.8469833135774829,23341.1,-154.0500000000029,-0.6556672334503202,23341.1,23417.1,23434.45,23471.45,130.35000000000218,0.5584569707511736,142.35000000000218,23450.0,124.8,92.0,216.8,0.9236753587869517,1.3565217391304347,32.8,0.15129151291512913,102,nifty_1min.csv,0.6556672334503202,0.5584569707511736,0.6064814913437482,0.15129151291512913,0.6565959409594196,0.6012453874538846,0.3247863247863248,strong_down,up,SELL CE 23450 124.8 | SELL PE 23450 92,-14683.5,94.4,85.12,78.0,-14941.02,-76.6206,-14863.02,-5043.27,-9992.15,-20767.5,14:20,3256.5,10:21,-22044.75,1.0,200.0,200.0,BUY CE 23650 40.9 | BUY PE 23250 36.04 | SELL CE 23450 124.8 | SELL PE 23450 92,-3361.8,188.8,129.03,156.0,-3835.63,-19.6699,-3679.63,-1404.41,-2620.02,-5107.05,14:20,1376.7,10:23,-8158.8,1.0,450.0,450.0,BUY CE 23900 10.75 | BUY PE 23000 13.75 | SELL CE 23450 124.8 | SELL PE 23450 92,-10832.25,188.8,99.45,156.0,-11276.5,-57.8282,-11120.5,-3884.7,-7580.6,-15765.75,14:20,2554.5,10:21,-17169.75,1.0,195442.7,31134.42,14941.02,0.0,0.0,8798.51,36389.09,3835.63,0.0,0.0,82252.64,38245.68,11276.5,0.0,0.0,3.0,1.0,0.0
2025-04-02,Wed,0,1,2025-04-03,23179.7,23565.15,23136.4,428.75,1.849678813789652,23192.6,12.899999999997817,0.055652143901766704,23192.6,23205.1,23177.45,23246.3,53.70000000000073,0.23153937031639718,92.54999999999927,23250.0,106.8,89.95,196.75,0.8463712504785708,1.1873262923846581,16.849999999999994,0.08564167725540023,102,nifty_1min.csv,0.055652143901766704,0.23153937031639718,0.39812787411329664,0.08564167725540023,0.47039390088944993,0.27293519695044843,0.288135593220339,flat,up,SELL CE 23250 106.8 | SELL PE 23250 89.95,8199.75,94.4,67.68,78.0,7959.67,40.8188,8037.67,2590.29,5274.98,-1062.75,09:35,11680.5,14:13,-3198.0,1.0,200.0,200.0,BUY CE 23450 28.3 | BUY PE 23050 35.95 | SELL CE 23250 106.8 | SELL PE 23250 89.95,4368.0,188.8,85.55,156.0,3937.65,20.1931,4093.65,1186.68,2562.17,-750.75,09:35,5421.0,14:13,-5255.25,1.0,400.0,400.0,BUY CE 23650 7.55 | BUY PE 22850 15.1 | SELL CE 23250 106.8 | SELL PE 23250 89.95,6854.25,188.8,73.99,156.0,6435.46,33.0024,6591.46,2019.29,4227.37,-1189.5,09:35,9631.05,14:13,-3480.75,1.0,203402.37,23174.75,0.0,1.0,0.0,12736.16,32451.44,0.0,1.0,0.0,88688.1,31810.22,0.0,1.0,0.0,0.0,0.0,0.0
2025-04-03,Thu,1,0,2025-04-03,23330.8,23350.0,23158.45,191.54999999999927,0.8210177104942792,23150.3,-180.5,-0.7736554254461914,23150.3,23218.65,23240.05,23251.65,101.35000000000218,0.43779130292048996,117.65000000000146,23250.0,42.1,51.45,93.55000000000001,0.40233703844673396,0.8182701652089407,-9.350000000000001,-0.09994655264564405,102,nifty_1min.csv,0.7736554254461914,0.43779130292048996,0.5059855967210991,0.09994655264564405,1.2576162479957396,1.0833778727953198,0.05042016806722689,strong_down,up,SELL CE 23250 42.1 | SELL PE 23250 51.45,18213.0,94.4,25.82,78.0,18014.78,92.3835,18092.78,5941.99,11978.39,-321.75,09:30,18213.0,15:29,-2028.0,1.0,100.0,100.0,BUY CE 23350 13.15 | BUY PE 23150 23.4 | SELL CE 23250 42.1 | SELL PE 23250 51.45,11115.0,188.8,29.03,156.0,10741.17,55.0829,10897.17,3454.52,7097.85,-438.75,09:30,11115.0,15:29,-4134.0,1.0,200.0,200.0,BUY CE 23450 5.55 | BUY PE 23050 13.2 | SELL CE 23250 42.1 | SELL PE 23250 51.45,14576.25,188.8,27.47,156.0,14203.98,72.8409,14359.98,4608.79,9406.39,-419.25,09:30,14576.25,15:29,-3051.75,1.0,221417.15,5159.97,0.0,1.0,0.0,23477.33,21710.27,0.0,1.0,0.0,102892.08,17606.24,0.0,1.0,0.0,0.0,0.0,0.0
2025-04-04,Fri,0,5,2025-04-09,23241.6,23306.5,23145.8,160.70000000000073,0.691432603607328,23190.4,-51.19999999999709,-0.22029464408645313,23190.4,23094.65,23034.65,23077.8,-112.60000000000218,-0.4855457430661057,185.29999999999927,23100.0,132.9,173.0,305.9,1.3255162970473788,0.7682080924855492,-40.099999999999994,-0.13108859104282444,101,nifty_1min.csv,0.22029464408645313,0.4855457430661057,0.80293615509277,0.13108859104282444,0.6057535142203311,0.3680941484145217,0.7583333333333333,mild_down,down,SELL CE 23100 132.9 | SELL PE 23100 173,3412.5,94.4,109.38,78.0,3130.72,16.055,3208.72,980.64,2055.68,-3227.25,10:24,7517.25,13:08,-5031.0,1.0,300.0,300.0,BUY CE 23400 36.54 | BUY PE 22800 63 | SELL CE 23100 132.9 | SELL PE 23100 173,1386.45,188.8,142.6,156.0,899.05,4.6105,1055.05,173.82,536.44,-1187.55,13:46,2751.45,13:08,-7369.05,1.0,600.0,600.0,BUY CE 23700 8.5 | BUY PE 22500 20.8 | SELL CE 23100 132.9 | SELL PE 23100 173,2310.75,188.8,118.44,156.0,1847.51,9.4744,2003.51,489.97,1168.74,-3003.0,13:46,5723.25,13:08,-5842.2,1.0,224547.87,2029.25,0.0,1.0,0.0,24376.38,20811.22,0.0,1.0,0.0,104739.59,15758.73,0.0,1.0,0.0,0.0,0.0,0.0
2025-04-07,Mon,0,2,2025-04-09,22912.05,23214.7,22857.45,357.25,1.5592232035108164,21758.4,-1153.6499999999978,-5.035123439412876,21758.4,21890.1,22035.25,22042.35,283.9499999999971,1.3050132362673592,359.2999999999993,22050.0,310.5,252.05,562.55,2.552132599291818,1.2318984328506248,58.44999999999999,0.10390187538885431,101,nifty_1min.csv,5.035123439412876,1.3050132362673592,1.6300439835135514,0.10390187538885431,0.6386987823304583,0.5047551328770724,0.9917355371900827,strong_down,up,SELL CE 22050 310.5 | SELL PE 22050 252.05,-17004.0,94.4,211.49,78.0,-17387.89,-89.1687,-17309.89,-5858.9,-11623.4,-22707.75,15:28,6435.0,09:58,-27202.5,1.0,550.0,550.0,BUY CE 22600 53.35 | BUY PE 21500 141.15 | SELL CE 22050 310.5 | SELL PE 22050 252.05,-9886.5,188.8,292.07,156.0,-10523.37,-53.966,-10367.37,-3633.66,-7078.51,-14020.5,15:25,5187.0,09:58,-20104.5,1.0,1150.0,1150.0,BUY CE 23200 8.9 | BUY PE 20900 79.65 | SELL CE 22050 310.5 | SELL PE 22050 252.05,-19197.75,188.8,240.49,156.0,-19783.04,-101.4515,-19627.04,-6720.21,-13251.63,-24657.75,15:11,4387.5,09:58,-29914.95,1.0,207159.98,19417.14,17387.89,0.0,0.0,13853.01,31334.59,10523.37,0.0,1.0,84956.55,35541.77,19783.04,0.0,1.0,3.0,1.0,0.0
2025-04-08,Tue,0,1,2025-04-09,22238.0,22254.0,21743.65,510.34999999999854,2.2949455886320647,22446.75,208.75,0.9387085169529634,22446.75,22525.05,22517.45,22545.15,98.40000000000146,0.43837081091918184,130.79999999999927,22550.0,159.19,159.6,318.78999999999996,1.4140070037236387,0.9974310776942356,-0.4099999999999966,-0.0012861131152169035,101,nifty_1min.csv,0.9387085169529634,0.43837081091918184,0.580169127284579,0.0012861131152169035,0.4103014523667596,0.30866714765206393,0.8114754098360656,strong_up,up,SELL CE 22550 159.19 | SELL PE 22550 159.6,-5411.25,94.4,117.97,78.0,-5701.62,-29.2391,-5623.62,-1963.47,-3832.55,-17259.45,11:32,4502.55,09:46,-19677.45,1.0,300.0,300.0,BUY CE 22850 44.35 | BUY PE 22250 77.09 | SELL CE 22550 159.19 | SELL PE 22550 159.6,-3919.5,188.8,164.11,156.0,-4428.41,-22.7098,-4272.41,-1602.0,-3015.2,-7215.0,12:59,2544.75,09:49,-13612.95,1.0,650.0,650.0,BUY CE 23200 14.3 | BUY PE 21900 38.1 | SELL CE 22550 159.19 | SELL PE 22550 159.6,-6981.0,188.8,134.75,156.0,-7460.55,-38.2592,-7304.55,-2612.72,-5036.63,-13593.45,12:59,4161.3,09:46,-16713.45,1.0,201458.36,25118.76,5701.62,0.0,0.0,9424.6,35763.0,4428.41,0.0,0.0,77496.0,43002.32,7460.55,0.0,0.0,3.0,1.0,0.0
2025-04-09,Wed,1,0,2025-04-09,22547.2,22697.2,22270.85,426.3500000000022,1.8909221544138615,22460.3,-86.90000000000146,-0.3854137099063363,22460.3,22412.35,22429.4,22382.9,-77.39999999999782,-0.34460804174475773,104.20000000000073,22400.0,79.2,112.3,191.5,0.8555638456142859,0.7052537845057881,-33.099999999999994,-0.17284595300261094,101,nifty_1min.csv,0.3854137099063363,0.34460804174475773,0.46553395672589665,0.17284595300261094,0.5441253263707609,0.4041775456918946,0.2926829268292683,mild_down,down,SELL CE 22400 79.2 | SELL PE 22400 112.3,37167.0,94.4,52.9,78.0,36941.7,189.4446,37019.7,12250.97,24596.33,674.7,09:30,37225.5,15:18,-3003.0,1.0,200.0,200.0,BUY CE 22600 28.1 | BUY PE 22200 38.75 | SELL CE 22400 79.2 | SELL PE 22400 112.3,24160.5,188.8,58.74,156.0,23756.96,121.8306,23912.96,7793.12,15775.04,99.45,09:30,24238.5,15:18,-4826.25,1.0,400.0,400.0,BUY CE 22800 9.4 | BUY PE 22000 15.15 | SELL CE 22400 79.2 | SELL PE 22400 112.3,32399.25,188.8,55.06,156.0,31999.39,164.0994,32155.39,10540.6,21270.0,547.95,09:30,32477.25,15:18,-3276.0,1.0,238400.06,0.0,0.0,1.0,0.0,33181.56,12006.04,0.0,1.0,0.0,109495.39,11002.93,0.0,1.0,0.0,0.0,0.0,0.0
2025-04-11,Fri,0,6,2025-04-17,22420.4,22468.7,22353.25,115.45000000000073,0.5149328290307074,22695.4,275.0,1.2265615243260601,22695.4,22766.05,22812.45,22762.45,67.04999999999927,0.2954343170862786,125.69999999999709,22750.0,266.89,208.1,474.99,2.0867261652414393,1.2825084094185488,58.78999999999999,0.12377102675845805,101,nifty_1min.csv,1.2265615243260601,0.2954343170862786,0.5522252657336846,0.12377102675845805,0.2646371502557887,0.1411608665445573,0.9838709677419355,strong_up,up,SELL CE 22750 266.89 | SELL PE 22750 208.1,-6241.95,94.4,174.97,78.0,-6589.32,-33.7914,-6511.32,-2259.37,-4424.34,-9264.45,09:49,5224.05,12:02,-12189.45,1.0,450.0,450.0,BUY CE 23200 82.5 | BUY PE 22300 84.05 | SELL CE 22750 266.89 | SELL PE 22750 208.1,-3112.2,188.8,239.77,156.0,-3696.77,-18.9578,-3540.77,-1358.12,-2527.45,-4126.2,09:48,1460.55,10:48,-10268.7,1.0,950.0,950.0,BUY CE 23700 19.5 | BUY PE 21800 33.1 | SELL CE 22750 266.89 | SELL PE 22750 208.1,-4525.95,188.8,196.46,156.0,-5067.21,-25.9857,-4911.21,-1814.94,-3441.08,-8250.45,09:49,3451.5,12:22,-11779.95,1.0,231810.74,6589.32,6589.32,0.0,0.0,29484.79,15702.81,3696.77,0.0,0.0,104428.18,16070.14,5067.21,0.0,0.0,3.0,1.0,0.0
2025-04-15,Tue,0,2,2025-04-17,22844.5,22923.9,22695.4,228.5,1.0002407581693624,23368.35,523.8499999999985,2.2931121276455975,23368.35,23278.4,23300.6,23297.9,-70.44999999999709,-0.30147614187564414,161.34999999999854,23300.0,144.3,141.25,285.55,1.2256469467205198,1.0215929203539824,3.0500000000000114,0.0106811416564525,101,nifty_1min.csv,2.2931121276455975,0.30147614187564414,0.6925516892080339,0.0106811416564525,0.5650499036946193,0.24671686219575237,0.632,strong_up,down,SELL CE 23300 144.3 | SELL PE 23300 141.25,17852.25,94.4,95.58,78.0,17584.27,90.1757,17662.27,5798.49,11691.38,1366.95,09:30,21147.75,14:45,-1228.5,1.0,300.0,300.0,BUY CE 23600 44.05 | BUY PE 23000 48.65 | SELL CE 23300 144.3 | SELL PE 23300 141.25,8394.75,188.8,115.81,156.0,7934.14,40.6879,8090.14,2518.85,5226.49,419.25,09:30,9837.75,14:45,-2681.25,1.0,550.0,550.0,BUY CE 23850 16.7 | BUY PE 22750 23 | SELL CE 23300 144.3 | SELL PE 23300 141.25,13786.5,188.8,104.22,156.0,13337.48,68.3973,13493.48,4319.96,8828.72,1103.7,09:30,16662.75,14:45,-1823.25,1.0,249395.01,0.0,0.0,1.0,0.0,37418.93,7768.67,0.0,1.0,0.0,117765.66,2732.66,0.0,1.0,0.0,0.0,0.0,0.0
2025-04-16,Wed,0,1,2025-04-17,23344.1,23368.35,23207.0,161.34999999999854,0.6911810693065852,23344.1,0.0,0.0,23344.1,23285.3,23308.05,23333.5,-10.599999999998545,-0.045407619055772314,76.65000000000146,23350.0,47.2,90.0,137.2,0.5879958000299997,0.5244444444444445,-42.8,-0.3119533527696793,101,nifty_1min.csv,0.0,0.045407619055772314,0.3284976535881949,0.3119533527696793,0.5586734693877657,0.07725947521864829,0.1349206349206349,flat,down,SELL CE 23350 47.2 | SELL PE 23350 90,-3432.0,94.4,51.26,78.0,-3655.66,-18.747,-3577.66,-1281.49,-2468.58,-10578.75,11:02,799.5,09:31,-12322.05,1.0,150.0,150.0,BUY CE 23500 15.9 | BUY PE 23200 27.3 | SELL CE 23350 47.2 | SELL PE 23350 90,195.0,188.8,72.05,156.0,-221.85,-1.1377,-65.85,-199.82,-210.84,-2632.5,11:02,460.2,10:01,-6649.5,1.0,250.0,250.0,BUY CE 23600 8.8 | BUY PE 23100 13.1 | SELL CE 23350 47.2 | SELL PE 23350 90,-575.25,188.8,63.24,156.0,-983.29,-5.0425,-827.29,-453.63,-718.46,-5596.5,11:02,585.0,09:31,-7848.75,1.0,245739.35,3655.66,3655.66,0.0,0.0,37197.08,7990.52,221.85,0.0,0.0,116782.37,3715.95,983.29,0.0,0.0,3.0,1.0,0.0
2025-04-17,Thu,1,0,2025-04-17,23433.3,23452.2,23273.05,179.15000000000146,0.764510333585118,23401.85,-31.450000000000728,-0.13421071722719688,23401.85,23357.65,23318.85,23309.8,-92.04999999999927,-0.3933449705899289,108.04999999999927,23300.0,42.5,50.4,92.9,0.39854481805935704,0.8432539682539683,-7.899999999999999,-0.08503767491926802,101,nifty_1min.csv,0.13421071722719688,0.3933449705899289,0.46353894070304885,0.08503767491926802,1.1630785791173226,0.9908503767491847,0.047244094488188976,mild_down,down,SELL CE 23300 42.5 | SELL PE 23300 50.4,-89368.5,94.4,73.41,78.0,-89614.31,-459.5606,-89536.31,-29934.37,-59774.34,-93344.55,14:11,867.75,10:09,-93783.3,1.0,100.0,100.0,BUY CE 23400 18.5 | BUY PE 23200 17.35 | SELL CE 23300 42.5 | SELL PE 23300 50.4,-7907.25,188.8,201.63,156.0,-8453.68,-43.3522,-8297.68,-2943.76,-5698.72,-8490.3,14:06,-196.95,09:30,-18612.75,1.0,200.0,200.0,BUY CE 23500 8.65 | BUY PE 23100 6.75 | SELL CE 23300 42.5 | SELL PE 23300 50.4,-23702.25,188.8,171.88,156.0,-24218.93,-124.1996,-24062.93,-8198.84,-16208.88,-23916.75,14:10,253.5,10:09,-33852.0,1.0,156125.04,93269.97,89614.31,0.0,1.0,28743.4,16444.2,8453.68,0.0,1.0,92563.44,27934.88,24218.93,0.0,1.0,3.0,1.0,0.0
2025-04-21,Mon,0,3,2025-04-24,23837.75,23872.35,23298.55,573.7999999999993,2.4071063753919697,23949.15,111.40000000000146,0.4673259850447356,23949.15,23959.4,23968.75,23958.7,9.549999999999272,0.03987615426852006,100.54999999999927,23950.0,159.6,175.05,334.65,1.3967786232141142,0.911739502999143,-15.450000000000017,-0.046167637830569305,116,nifty_1min.csv,0.4673259850447356,0.03987615426852006,0.4196805335848743,0.046167637830569305,0.3004631704766152,0.028537277752873968,0.796875,mild_up,up,SELL CE 23950 159.6 | SELL PE 23950 175.05,9379.5,94.4,117.15,78.0,9089.95,46.6151,9167.95,2967.05,6028.5,-2379.0,12:26,9379.5,15:29,-4543.5,1.0,350.0,350.0,BUY CE 24300 48.05 | BUY PE 23600 59.6 | SELL CE 23950 159.6 | SELL PE 23950 175.05,2759.25,188.8,146.81,156.0,2267.64,11.6289,2423.64,630.01,1448.83,-2905.5,13:10,2759.25,15:29,-5781.75,1.0,650.0,650.0,BUY CE 24600 15.45 | BUY PE 23300 25.4 | SELL CE 23950 159.6 | SELL PE 23950 175.05,7127.25,188.8,128.77,156.0,6653.68,34.1214,6809.68,2092.03,4372.85,-3059.55,12:39,7127.25,15:29,-4719.0,1.0,165214.99,84180.02,0.0,1.0,0.0,31011.04,14176.56,0.0,1.0,0.0,99217.12,21281.2,0.0,1.0,0.0,0.0,0.0,0.0
2025-04-22,Tue,0,2,2025-04-24,24121.2,24189.55,23903.65,285.8999999999978,1.185264414705727,24185.4,64.20000000000073,0.2661559126411651,24185.4,24089.4,24137.95,24132.6,-52.80000000000291,-0.21831352799624115,129.65000000000146,24150.0,94.65,118.9,213.55,0.8849025799126493,0.7960470984020185,-24.25,-0.11355654413486302,116,nifty_1min.csv,0.2661559126411651,0.21831352799624115,0.5372400818809472,0.11355654413486302,0.6071177710138209,0.24724888784829271,0.31007751937984496,mild_up,down,SELL CE 24150 94.65 | SELL PE 24150 118.9,5450.25,94.4,74.99,78.0,5202.86,26.6813,5280.86,1671.35,3437.1,-1004.25,09:42,7010.25,14:47,-2925.0,1.0,200.0,200.0,BUY CE 24350 35.5 | BUY PE 23950 45 | SELL CE 24150 94.65 | SELL PE 24150 118.9,1667.25,188.8,98.82,156.0,1223.63,6.275,1379.63,282.01,752.82,-185.25,09:42,2086.5,14:49,-3841.5,1.0,450.0,450.0,BUY CE 24600 12.05 | BUY PE 23700 18.39 | SELL CE 24150 94.65 | SELL PE 24150 118.9,3697.2,188.8,83.55,156.0,3268.85,16.7633,3424.85,963.75,2116.3,-534.3,09:42,4728.75,14:50,-2923.05,1.0,170417.85,78977.16,0.0,1.0,0.0,32234.67,12952.93,0.0,1.0,0.0,102485.97,18012.35,0.0,1.0,0.0,0.0,0.0,0.0
2025-04-23,Wed,0,1,2025-04-24,24134.05,24242.6,24072.0,170.59999999999854,0.7068850855948279,24357.6,223.54999999999927,0.9262846476244114,24357.6,24312.85,24349.2,24317.6,-40.0,-0.16421979176930404,77.25,24300.0,88.9,87.55,176.45,0.7256061453432905,1.0154197601370647,1.3500000000000085,0.007650892604137198,116,nifty_1min.csv,0.9262846476244114,0.16421979176930404,0.3176711517583972,0.007650892604137198,0.43780107679229247,0.2266931141966563,0.2,strong_up,down,SELL CE 24300 88.9 | SELL PE 24300 87.55,10695.75,94.4,59.21,78.0,10464.14,53.6623,10542.14,3425.11,6944.63,-10695.75,10:55,10695.75,15:29,-11514.75,1.0,200.0,200.0,BUY CE 24500 28.6 | BUY PE 24100 24.6 | SELL CE 24300 88.9 | SELL PE 24300 87.55,7273.5,188.8,73.66,156.0,6855.04,35.1541,7011.04,2159.15,4507.1,-4828.2,10:55,7380.75,15:26,-7468.5,1.0,350.0,350.0,BUY CE 24650 12.55 | BUY PE 23950 12 | SELL CE 24300 88.9 | SELL PE 24300 87.55,10091.25,188.8,67.26,156.0,9679.19,49.6369,9835.19,3100.53,6389.86,-8112.0,10:55,10198.5,15:26,-9564.75,1.0,180881.99,68513.02,0.0,1.0,0.0,39089.71,6097.89,0.0,1.0,0.0,112165.16,8333.16,0.0,1.0,0.0,0.0,0.0,0.0
2025-04-24,Thu,1,0,2025-04-24,24300.85,24359.3,24119.95,239.34999999999854,0.9849449710606771,24277.9,-22.94999999999709,-0.09444114094773265,24277.9,24272.4,24272.15,24253.55,-24.350000000002183,-0.10029697790996,43.60000000000218,24250.0,44.45,28.45,72.9,0.30057455506513486,1.5623901581722321,16.000000000000004,0.21947873799725653,116,nifty_1min.csv,0.09444114094773265,0.10029697790996,0.17976749795391678,0.21947873799725653,0.5980795610425539,0.3340192043896047,0.007633587786259542,flat,down,SELL CE 24250 44.45 | SELL PE 24250 28.45,13562.25,94.4,20.4,78.0,13369.45,68.5613,13447.45,4393.55,8881.5,-12421.5,09:35,13854.75,15:22,-14430.0,1.0,50.0,50.0,BUY CE 24300 24.9 | BUY PE 24200 16.89 | SELL CE 24250 44.45 | SELL PE 24250 28.45,5432.7,188.8,24.05,156.0,5063.85,25.9685,5219.85,1562.08,3312.97,-2435.55,09:35,5734.95,15:22,-12439.05,1.0,150.0,150.0,BUY CE 24400 12.2 | BUY PE 24100 11 | SELL CE 24250 44.45 | SELL PE 24250 28.45,9057.75,188.8,22.44,156.0,8690.51,44.5667,8846.51,2770.97,5730.74,-7809.75,09:35,9389.25,15:22,-13640.25,1.0,194251.44,55143.57,0.0,1.0,0.0,44153.56,1034.04,0.0,1.0,0.0,120855.67,0.0,0.0,1.0,0.0,0.0,0.0,0.0
2025-04-25,Fri,0,5,2025-04-30,24245.05,24347.85,24216.15,131.6999999999971,0.5432036642531036,24289.0,43.95000000000073,0.18127411574734112,24289.0,24327.35,24304.75,24319.0,30.0,0.12351270122277574,100.65000000000146,24300.0,196.75,157.65,354.4,1.4572967638471976,1.2480177608626704,39.099999999999994,0.11032731376975169,115,nifty_1min.csv,0.18127411574734112,0.12351270122277574,0.413873925737084,0.11032731376975169,0.2840011286681757,0.08465011286681716,0.8409090909090909,mild_up,up,SELL CE 24300 196.75 | SELL PE 24300 157.65,-8706.75,94.4,132.35,78.0,-9011.5,-46.2128,-8933.5,-3066.77,-6039.13,-33842.25,11:50,165.75,09:33,-34700.25,1.0,350.0,350.0,BUY CE 24650 56.95 | BUY PE 23950 62.85 | SELL CE 24300 196.75 | SELL PE 24300 157.65,-1579.5,188.8,185.86,156.0,-2110.16,-10.8213,-1954.16,-829.25,-1469.71,-9313.2,12:00,898.95,15:04,-13182.0,1.0,700.0,700.0,BUY CE 25000 15.45 | BUY PE 23600 27.75 | SELL CE 24300 196.75 | SELL PE 24300 157.65,-4446.0,188.8,154.03,156.0,-4944.83,-25.3581,-4788.83,-1774.14,-3359.49,-21732.75,11:50,702.0,14:29,-23390.25,1.0,185239.94,64155.07,9011.5,0.0,0.0,42043.4,3144.2,2110.16,0.0,0.0,115910.84,4944.83,4944.83,0.0,0.0,3.0,1.0,0.0
2025-04-28,Mon,0,2,2025-04-30,23991.65,24365.45,23847.85,517.6000000000022,2.157417268091199,24070.25,78.59999999999854,0.32761398236469164,24070.25,24130.15,24089.5,24117.05,46.79999999999927,0.19443088459820432,98.15000000000146,24100.0,154.4,111.1,265.5,1.1008809120518472,1.3897389738973898,43.30000000000001,0.16308851224105467,115,nifty_1min.csv,0.32761398236469164,0.19443088459820432,0.40697348970956837,0.16308851224105467,0.3696798493408718,0.17627118644067521,0.556390977443609,mild_up,up,SELL CE 24100 154.4 | SELL PE 24100 111.1,-9993.75,94.4,100.69,78.0,-10266.84,-52.6505,-10188.84,-3485.21,-6876.03,-18213.0,13:00,789.75,09:31,-19656.0,1.0,250.0,250.0,BUY CE 24350 49.85 | BUY PE 23850 49 | SELL CE 24100 154.4 | SELL PE 24100 111.1,-6093.75,188.8,142.04,156.0,-6580.59,-33.7466,-6424.59,-2319.4,-4450.0,-8353.8,14:14,-48.75,09:31,-11154.0,1.0,550.0,550.0,BUY CE 24650 13.55 | BUY PE 23550 24.4 | SELL CE 24100 154.4 | SELL PE 24100 111.1,-10988.25,188.8,113.04,156.0,-11446.09,-58.6979,-11290.09,-3941.23,-7693.66,-17520.75,13:00,292.5,09:31,-19246.5,1.0,174973.1,74421.91,10266.84,0.0,0.0,35462.81,9724.79,6580.59,0.0,0.0,104464.75,16390.92,11446.09,0.0,0.0,3.0,1.0,0.0
2025-04-29,Tue,0,1,2025-04-30,24312.9,24355.1,24054.05,301.0499999999993,1.2382315560875061,24370.7,57.79999999999927,0.23773387790020634,24370.7,24438.5,24453.6,24418.25,47.54999999999927,0.19511134271891767,93.30000000000291,24400.0,93.35,74.84,168.19,0.6887880990652483,1.247327632282202,18.50999999999999,0.11005410547594977,115,nifty_1min.csv,0.23773387790020634,0.19511134271891767,0.382091263706461,0.11005410547594977,0.5547297699031031,0.2827159759795426,0.20149253731343283,mild_up,up,SELL CE 24400 93.35 | SELL PE 24400 74.84,7174.05,94.4,57.78,78.0,6943.87,35.6096,7021.87,2251.69,4597.78,-7704.45,09:50,8851.05,14:06,-10851.75,1.0,150.0,150.0,BUY CE 24550 34.2 | BUY PE 24250 31.8 | SELL CE 24400 93.35 | SELL PE 24400 74.84,2016.3,188.8,74.41,156.0,1597.09,8.1902,1753.09,406.5,1001.79,-1739.4,09:50,3361.8,14:06,-8133.45,1.0,350.0,350.0,BUY CE 24750 9.94 | BUY PE 24050 14.85 | SELL CE 24400 93.35 | SELL PE 24400 74.84,5489.25,188.8,64.39,156.0,5080.06,26.0516,5236.06,1567.49,3323.78,-5265.0,09:50,7224.75,14:06,-9231.3,1.0,181916.97,67478.04,0.0,1.0,0.0,37059.9,8127.7,0.0,1.0,0.0,109544.81,11310.86,0.0,1.0,0.0,0.0,0.0,0.0
2025-04-30,Wed,1,0,2025-04-30,24325.45,24457.65,24290.75,166.90000000000146,0.6861126926737283,24342.05,16.599999999998545,0.06824128638935166,24342.05,24320.35,24306.9,24322.25,-19.799999999999272,-0.08134072520596775,73.25,24300.0,42.4,22.9,65.3,0.2684784508012211,1.851528384279476,19.5,0.2986217457886677,115,nifty_1min.csv,0.06824128638935166,0.08134072520596775,0.3011645715342947,0.2986217457886677,1.1217457886676876,0.3032159264930976,0.0,flat,down,SELL CE 24300 42.4 | SELL PE 24300 22.9,6113.25,94.4,20.95,78.0,5919.9,30.3585,5997.9,1910.37,3915.13,-7917.0,09:53,6113.25,15:29,-9165.0,1.0,50.0,50.0,BUY CE 24350 20.9 | BUY PE 24250 13.75 | SELL CE 24300 42.4 | SELL PE 24300 22.9,-604.5,188.8,24.01,156.0,-973.31,-4.9913,-817.31,-450.3,-711.81,-3890.25,15:00,670.8,10:50,-8209.5,1.0,150.0,150.0,BUY CE 24450 7.6 | BUY PE 24150 7.75 | SELL CE 24300 42.4 | SELL PE 24300 22.9,3159.0,188.8,22.34,156.0,2791.86,14.3172,2947.86,804.75,1798.31,-7800.0,15:00,3159.0,15:29,-8443.5,1.0,187836.87,61558.14,0.0,1.0,0.0,36086.59,9101.01,973.31,0.0,0.0,112336.67,8519.0,0.0,1.0,0.0,1.0,0.0,1.0
2025-05-02,Fri,0,6,2025-05-08,24246.25,24396.15,24198.75,197.40000000000146,0.8141465175027126,24311.9,65.65000000000146,0.2707635201319852,24311.9,24410.3,24401.75,24487.1,175.1999999999971,0.7206347508833003,182.65000000000146,24500.0,208.55,169.1,377.65,1.5422406083202993,1.2332939089296275,39.45000000000002,0.10446180325698404,117,nifty_1min.csv,0.2707635201319852,0.7206347508833003,0.7459029448158478,0.10446180325698404,0.48364888123924654,0.4639216205481189,0.9044117647058824,mild_up,up,SELL CE 24500 208.55 | SELL PE 24500 169.1,7996.95,94.4,133.35,78.0,7691.2,39.4421,7769.2,2500.8,5096.0,-10803.0,12:29,7996.95,15:29,-12987.0,1.0,400.0,400.0,BUY CE 24900 47.4 | BUY PE 24100 68.8 | SELL CE 24500 208.55 | SELL PE 24500 169.1,5851.95,188.8,172.44,156.0,5334.71,27.3575,5490.71,1652.37,3493.54,-3511.95,10:01,5851.95,15:29,-6990.75,1.0,750.0,750.0,BUY CE 25250 8.94 | BUY PE 23750 35.75 | SELL CE 24500 208.55 | SELL PE 24500 169.1,8817.9,188.8,150.71,156.0,8322.39,42.6789,8478.39,2648.26,5485.33,-6364.8,10:01,8817.9,15:29,-9094.8,1.0,195528.07,53866.94,0.0,1.0,0.0,41421.3,3766.3,0.0,1.0,0.0,120659.06,196.61,0.0,1.0,0.0,0.0,0.0,0.0
2025-05-05,Mon,0,3,2025-05-08,24313.65,24589.15,24238.5,350.65000000000146,1.4421939939087773,24419.5,105.84999999999854,0.43535215814983985,24419.5,24435.8,24446.5,24442.25,22.75,0.09316325068080837,77.25,24450.0,128.85,147.94,276.78999999999996,1.1324243880984768,0.8709612004866838,-19.090000000000003,-0.06896925466960514,117,nifty_1min.csv,0.43535215814983985,0.09316325068080837,0.3160511000419356,0.06896925466960514,0.27909245276202177,0.0821922757325048,0.5766423357664233,mild_up,up,SELL CE 24450 128.85 | SELL PE 24450 147.94,15744.3,94.4,93.34,78.0,15478.56,79.3772,15556.56,5096.59,10287.57,-1795.95,09:34,15871.05,14:28,-4496.7,1.0,300.0,300.0,BUY CE 24750 35.35 | BUY PE 24150 55.1 | SELL CE 24450 128.85 | SELL PE 24450 147.94,7895.55,188.8,115.03,156.0,7435.72,38.1319,7591.72,2352.71,4894.21,-374.4,09:31,7895.55,15:29,-4194.45,1.0,550.0,550.0,BUY CE 25000 12.4 | BUY PE 23900 29.2 | SELL CE 24450 128.85 | SELL PE 24450 147.94,12778.35,188.8,104.23,156.0,12329.32,63.2273,12485.32,3983.91,8156.61,-781.95,09:34,12985.05,14:27,-3794.7,1.0,211006.63,38388.38,0.0,1.0,0.0,48857.02,0.0,0.0,1.0,0.0,132988.38,0.0,0.0,1.0,0.0,0.0,0.0,0.0
2025-05-06,Tue,0,2,2025-05-08,24459.5,24526.4,24400.65,125.75,0.5141151699748564,24500.75,41.25,0.16864612931580777,24500.75,24454.95,24436.95,24433.1,-67.65000000000146,-0.2761139965103169,88.65000000000146,24450.0,77.8,97.05,174.85,0.7156275707953555,0.8016486347243689,-19.25,-0.11009436659994282,117,nifty_1min.csv,0.16864612931580777,0.2761139965103169,0.36282747584220365,0.11009436659994282,0.5070060051472774,0.38690305976552164,0.21014492753623187,mild_up,down,SELL CE 24450 77.8 | SELL PE 24450 97.05,-624.0,94.4,63.66,78.0,-860.06,-4.4106,-782.06,-349.62,-604.84,-624.0,15:29,7051.2,12:13,-1784.25,1.0,150.0,150.0,BUY CE 24600 28.55 | BUY PE 24300 47.5 | SELL CE 24450 77.8 | SELL PE 24450 97.05,692.25,188.8,93.1,156.0,254.35,1.3044,410.35,-41.08,106.64,-97.5,15:16,2574.0,14:17,-2642.25,1.0,350.0,350.0,BUY CE 24800 10.15 | BUY PE 24100 26.85 | SELL CE 24450 77.8 | SELL PE 24450 97.05,934.05,188.8,79.28,156.0,509.97,2.6152,665.97,44.12,277.05,-196.95,15:16,4843.8,12:16,-1755.0,1.0,210146.57,39248.44,860.06,0.0,0.0,49111.37,0.0,0.0,1.0,0.0,133498.35,0.0,0.0,1.0,0.0,1.0,0.0,1.0
2025-05-07,Wed,0,1,2025-05-08,24335.9,24509.65,24331.8,177.85000000000218,0.7308133251698198,24233.3,-102.60000000000218,-0.42159936554638283,24233.3,24366.25,24360.45,24428.5,195.20000000000073,0.8055031712560845,216.59999999999854,24450.0,71.7,111.2,182.9,0.7487156395194138,0.6447841726618705,-39.5,-0.21596500820120285,117,nifty_1min.csv,0.42159936554638283,0.8055031712560845,0.886669259266834,0.21596500820120285,1.1842536905412715,1.0672498633132899,0.2302158273381295,mild_down,up,SELL CE 24450 71.7 | SELL PE 24450 111.2,12070.5,94.4,60.94,78.0,11837.16,60.7034,11915.16,3882.79,7859.97,-3110.25,10:22,12070.5,15:29,-3890.25,1.0,200.0,200.0,BUY CE 24650 16.75 | BUY PE 24250 48.1 | SELL CE 24450 71.7 | SELL PE 24450 111.2,5937.75,188.8,75.77,156.0,5517.18,28.2932,5673.18,1713.19,3615.18,-1608.75,10:22,5937.75,15:29,-5820.75,1.0,350.0,350.0,BUY CE 24800 6.75 | BUY PE 24100 32.4 | SELL CE 24450 71.7 | SELL PE 24450 111.2,8999.25,188.8,70.79,156.0,8583.66,44.0188,8739.66,2735.35,5659.51,-2234.7,10:22,8999.25,15:29,-4777.5,1.0,221983.73,27411.28,0.0,1.0,0.0,54628.55,0.0,0.0,1.0,0.0,142082.01,0.0,0.0,1.0,0.0,0.0,0.0,0.0
2025-05-08,Thu,1,0,2025-05-08,24409.3,24449.6,24220.0,229.59999999999854,0.9406250896174759,24431.5,22.200000000000728,0.0909489415919372,24431.5,24398.45,24409.75,24393.35,-38.150000000001455,-0.15615087080204432,65.29999999999927,24400.0,20.0,41.9,61.9,0.2537576839589478,0.47732696897374705,-21.9,-0.35379644588045234,117,nifty_1min.csv,0.0909489415919372,0.15615087080204432,0.2676959089259953,0.35379644588045234,1.0549273021001497,0.616316639741542,0.0,flat,down,SELL CE 24400 20 | SELL PE 24400 41.9,-12509.25,94.4,28.0,78.0,-12709.65,-65.1777,-12631.65,-4299.48,-8504.57,-12606.75,15:28,8396.7,12:54,-15697.5,1.0,50.0,50.0,BUY CE 24450 12.15 | BUY PE 24350 18.35 | SELL CE 24400 20 | SELL PE 24400 41.9,-3636.75,188.8,51.61,156.0,-4033.16,-20.6829,-3877.16,-1470.25,-2751.71,-3763.5,15:09,3792.75,13:00,-9915.75,1.0,100.0,100.0,BUY CE 24500 7.9 | BUY PE 24300 10.95 | SELL CE 24400 20 | SELL PE 24400 41.9,-11007.75,188.8,36.96,156.0,-11389.51,-58.4077,-11233.51,-3922.37,-7655.94,-11076.0,15:25,5676.45,12:54,-14410.5,1.0,209274.08,40120.93,12709.65,0.0,0.0,50595.39,4033.16,4033.16,0.0,0.0,130692.5,11389.51,11389.51,0.0,0.0,3.0,1.0,0.0
2025-05-09,Fri,0,6,2025-05-15,24154.1,24447.25,24150.2,297.0499999999993,1.229811915989415,23935.75,-218.34999999999854,-0.9039873147829915,23935.75,24113.5,24090.8,24083.55,147.79999999999927,0.61748639587228,228.5,24100.0,246.5,264.75,511.25,2.1228182722231566,0.931067044381492,-18.25,-0.03569682151589242,121,nifty_1min.csv,0.9039873147829915,0.61748639587228,0.948780391595093,0.03569682151589242,0.4469437652811736,0.28909535452322593,0.9858156028368794,strong_down,up,SELL CE 24100 246.5 | SELL PE 24100 264.75,14890.2,94.4,178.72,78.0,14539.08,74.5594,14617.08,4783.43,9661.25,-3090.75,10:06,15192.45,15:25,-6267.3,1.0,500.0,500.0,BUY CE 24600 50.75 | BUY PE 23600 147.9 | SELL CE 24100 246.5 | SELL PE 24100 264.75,4672.2,188.8,236.28,156.0,4091.12,20.9801,4247.12,1237.84,2664.48,-3071.25,11:32,4701.45,15:25,-7456.8,1.0,1000.0,1000.0,BUY CE 25100 7.7 | BUY PE 23100 97.3 | SELL CE 24100 246.5 | SELL PE 24100 264.75,7897.5,188.8,206.89,156.0,7345.81,37.6708,7501.81,2322.74,4834.27,-3745.95,11:31,7897.5,15:29,-7252.05,1.0,223813.16,25581.85,0.0,1.0,0.0,54686.51,0.0,0.0,1.0,0.0,138038.31,4043.7,0.0,1.0,0.0,0.0,0.0,0.0
2025-05-12,Mon,0,3,2025-05-15,24038.65,24164.25,23935.75,228.5,0.9505525476680262,24420.1,381.4499999999971,1.5868195593346426,24420.1,24562.45,24578.65,24596.1,176.0,0.7207177693785038,218.3000000000029,24600.0,139.0,146.3,285.3,1.1599399904862966,0.9501025290498974,-7.300000000000011,-0.025587101296880514,121,nifty_1min.csv,1.5868195593346426,0.7207177693785038,0.8875390813990954,0.025587101296880514,0.7651594812478195,0.61689449702068,0.6126760563380281,strong_up,up,SELL CE 24600 139 | SELL PE 24600 146.3,-47921.25,94.4,124.73,78.0,-48218.38,-247.2737,-48140.38,-16135.73,-32177.05,-50612.25,15:21,243.75,09:30,-51587.25,1.0,300.0,300.0,BUY CE 24900 37.75 | BUY PE 24300 50.85 | SELL CE 24600 139 | SELL PE 24600 146.3,-11212.5,188.8,208.77,156.0,-11766.07,-60.3388,-11610.07,-4047.89,-7906.98,-13006.5,15:21,117.0,09:30,-17696.25,1.0,550.0,550.0,BUY CE 25150 10.6 | BUY PE 24050 25.15 | SELL CE 24600 139 | SELL PE 24600 146.3,-28577.25,188.8,165.05,156.0,-29087.1,-149.1646,-28931.1,-9821.57,-19454.33,-31531.5,15:21,175.5,09:30,-33744.75,1.0,175594.78,73800.23,48218.38,0.0,1.0,42920.44,11766.07,11766.07,0.0,1.0,108951.21,33130.8,29087.1,0.0,1.0,3.0,1.0,0.0
2025-05-13,Tue,0,2,2025-05-15,24920.25,24944.8,24378.85,565.9500000000007,2.2710446323772864,24864.05,-56.20000000000073,-0.22551940690803957,24864.05,24868.35,24780.5,24765.6,-98.45000000000073,-0.39595319346607144,219.70000000000073,24750.0,193.45,183.05,376.5,1.520253900571761,1.0568150778475824,10.399999999999977,0.027622841965471386,121,nifty_1min.csv,0.22551940690803957,0.39595319346607144,0.8871176147559547,0.027622841965471386,0.5835325365205862,0.2614873837981427,0.8881118881118881,mild_down,down,SELL CE 24750 193.45 | SELL PE 24750 183.05,9789.0,94.4,132.14,78.0,9484.46,48.6383,9562.46,3098.55,6291.51,-9221.55,10:38,11787.75,15:01,-12936.3,1.0,400.0,400.0,BUY CE 25150 51.95 | BUY PE 24350 57.35 | SELL CE 24750 193.45 | SELL PE 24750 183.05,2632.5,188.8,161.64,156.0,2126.06,10.9029,2282.06,582.82,1354.44,-3402.75,10:29,4619.55,15:00,-12099.75,1.0,750.0,750.0,BUY CE 25500 14.05 | BUY PE 24000 20.1 | SELL CE 24750 193.45 | SELL PE 24750 183.05,6298.5,188.8,139.58,156.0,5814.12,29.816,5970.12,1812.17,3813.15,-7573.8,10:38,8979.75,15:01,-11756.55,1.0,185079.24,64315.77,0.0,1.0,0.0,45046.5,9640.01,0.0,1.0,0.0,114765.33,27316.68,0.0,1.0,0.0,0.0,0.0,0.0
2025-05-14,Wed,0,1,2025-05-15,24593.65,24973.8,24547.5,426.2999999999993,1.7333742653083184,24613.8,20.149999999997817,0.08193171814674852,24613.8,24664.1,24699.45,24717.9,104.10000000000218,0.4229334763425484,155.79999999999927,24700.0,121.1,125.7,246.8,0.9984666982227454,0.9634049323786793,-4.6000000000000085,-0.01863857374392224,121,nifty_1min.csv,0.08193171814674852,0.4229334763425484,0.63031244563656,0.01863857374392224,0.6312803889789274,0.42179902755268306,0.4583333333333333,flat,up,SELL CE 24700 121.1 | SELL PE 24700 125.7,13562.25,94.4,83.44,78.0,13306.41,68.238,13384.41,4372.54,8839.47,-1745.25,12:52,13562.25,15:29,-6766.5,1.0,250.0,250.0,BUY CE 24950 40.75 | BUY PE 24450 40.25 | SELL CE 24700 121.1 | SELL PE 24700 125.7,5469.75,188.8,101.36,156.0,5023.59,25.762,5179.59,1548.66,3286.13,-1423.5,12:56,5469.75,15:29,-7653.75,1.0,500.0,500.0,BUY CE 25200 11.7 | BUY PE 24200 12.35 | SELL CE 24700 121.1 | SELL PE 24700 125.7,10559.25,188.8,87.91,156.0,10126.54,51.931,10282.54,3249.65,6688.09,-2283.45,12:52,10559.25,15:29,-7663.5,1.0,198385.65,51009.36,0.0,1.0,0.0,50070.09,4616.42,0.0,1.0,0.0,124891.87,17190.14,0.0,1.0,0.0,0.0,0.0,0.0
2025-05-15,Thu,1,0,2025-05-15,24685.75,24767.55,24535.55,232.0,0.9398134551309967,24694.45,8.700000000000728,0.03524300456741532,24694.45,24620.0,24619.5,24611.3,-83.15000000000146,-0.3367153348222028,122.09999999999854,24600.0,62.9,66.8,129.7,0.5269936980167645,0.9416167664670659,-3.8999999999999986,-0.03006939090208172,121,nifty_1min.csv,0.03524300456741532,0.3367153348222028,0.4961135738461542,0.03006939090208172,0.941403238242086,0.6410948342328563,0.1103448275862069,flat,down,SELL CE 24600 62.9 | SELL PE 24600 66.8,-64818.0,94.4,75.83,78.0,-65066.23,-333.673,-64988.23,-21751.68,-43408.95,-75981.75,14:11,2486.25,09:32,-78370.5,1.0,150.0,150.0,BUY CE 24750 21.3 | BUY PE 24450 19.1 | SELL CE 24600 62.9 | SELL PE 24600 66.8,-11739.0,188.8,165.56,156.0,-12249.36,-62.8172,-12093.36,-4208.99,-8229.17,-12402.0,14:54,1470.3,09:32,-21703.5,1.0,250.0,250.0,BUY CE 24850 10.25 | BUY PE 24350 8.44 | SELL CE 24600 62.9 | SELL PE 24600 66.8,-26966.55,188.8,136.15,156.0,-27447.5,-140.7564,-27291.5,-9275.03,-18361.27,-27600.3,14:20,2078.7,09:32,-35646.0,1.0,133319.42,116075.59,65066.23,0.0,1.0,37820.73,16865.78,12249.36,0.0,1.0,97444.37,44637.64,27447.5,0.0,1.0,3.0,1.0,0.0
2025-05-16,Fri,0,6,2025-05-22,25035.3,25116.25,24494.45,621.7999999999993,2.4836930254480647,25064.65,29.350000000002183,0.11723446493551978,25064.65,25003.5,25000.4,25033.25,-31.400000000001455,-0.12527603617046898,81.25,25050.0,191.5,182.05,373.55,1.492215353579739,1.0519088162592694,9.449999999999989,0.025297818230491202,95,nifty_1min.csv,0.11723446493551978,0.12527603617046898,0.32456832412890857,0.025297818230491202,0.21750769642618123,0.08405835898809116,0.8424657534246576,mild_up,down,SELL CE 25050 191.5 | SELL PE 25050 182.05,3207.75,94.4,133.99,78.0,2901.36,14.8788,2979.36,904.19,1902.77,-2232.75,09:33,6347.25,13:53,-5898.75,1.0,350.0,350.0,BUY CE 25400 64.55 | BUY PE 24700 72.84 | SELL CE 25050 191.5 | SELL PE 25050 182.05,555.75,188.8,180.05,156.0,30.9,0.1585,186.9,-115.57,-42.33,-1062.75,09:33,1981.2,13:50,-7008.3,1.0,750.0,750.0,BUY CE 25800 16.45 | BUY PE 24300 28.35 | SELL CE 25050 191.5 | SELL PE 25050 182.05,2106.0,188.8,148.68,156.0,1612.52,8.2693,1768.52,411.64,1012.08,-1940.25,09:33,4758.0,13:53,-6162.0,1.0,136220.78,113174.23,0.0,1.0,0.0,37851.63,16834.88,0.0,1.0,0.0,99056.89,43025.12,0.0,1.0,0.0,0.0,0.0,0.0
2025-05-19,Mon,0,3,2025-05-22,25013.1,25070.0,24953.05,116.95000000000073,0.4675550011793849,25005.35,-7.75,-0.030983764507398124,25005.35,25027.85,25043.7,25014.15,8.80000000000291,0.035192468811685945,92.90000000000146,25000.0,179.5,167.1,346.6,1.3856157414903163,1.0742070616397368,12.400000000000006,0.03577611079053666,95,nifty_1min.csv,0.030983764507398124,0.035192468811685945,0.37138979337695444,0.03577611079053666,0.26803231390652466,0.02538949798038924,0.782312925170068,flat,up,SELL CE 25000 179.5 | SELL PE 25000 167.1,7039.5,94.4,122.52,78.0,6744.58,34.5876,6822.58,2185.26,4464.92,-282.75,09:31,8073.0,13:32,-2983.5,1.0,350.0,350.0,BUY CE 25350 55.7 | BUY PE 24650 57.55 | SELL CE 25000 179.5 | SELL PE 25000 167.1,1801.8,188.8,156.17,156.0,1300.83,6.6709,1456.83,307.74,804.29,-39.0,09:31,3285.75,13:32,-3831.75,1.0,700.0,700.0,BUY CE 25700 15 | BUY PE 24300 20.8 | SELL CE 25000 179.5 | SELL PE 25000 167.1,4875.0,188.8,132.44,156.0,4397.76,22.5526,4553.76,1340.05,2868.91,-282.75,09:31,6364.8,13:32,-3297.45,1.0,142965.36,106429.65,0.0,1.0,0.0,39152.46,15534.05,0.0,1.0,0.0,103454.65,38627.36,0.0,1.0,0.0,0.0,0.0,0.0
2025-05-20,Tue,0,2,2025-05-22,24935.35,25062.95,24916.65,146.29999999999927,0.5867172508105933,24996.2,60.85000000000218,0.24403106433237226,24996.2,24975.6,24960.6,24935.4,-60.79999999999927,-0.2432369720197441,75.89999999999782,24950.0,124.9,140.3,265.20000000000005,1.0635482085709473,0.8902352102637205,-15.400000000000006,-0.05806938159879337,95,nifty_1min.csv,0.24403106433237226,0.2432369720197441,0.30438653480592975,0.05806938159879337,0.28619909502261615,0.2292609351432853,0.5135135135135135,mild_up,down,SELL CE 24950 124.9 | SELL PE 24950 140.3,-8823.75,94.4,100.06,78.0,-9096.21,-46.6472,-9018.21,-3095.0,-6095.61,-13201.5,14:41,3783.0,12:17,-13971.75,1.0,250.0,250.0,BUY CE 25200 46.75 | BUY PE 24700 50 | SELL CE 24950 124.9 | SELL PE 24950 140.3,-5313.75,188.8,140.1,156.0,-5798.65,-29.7367,-5642.65,-2058.75,-3928.7,-5762.25,15:24,1511.25,12:17,-7546.5,1.0,550.0,550.0,BUY CE 25500 14.9 | BUY PE 24400 16.8 | SELL CE 24950 124.9 | SELL PE 24950 140.3,-9759.75,188.8,110.23,156.0,-10214.78,-52.3835,-10058.78,-3530.79,-6872.79,-11885.25,14:41,2905.5,12:17,-13065.0,1.0,133869.15,115525.86,9096.21,0.0,0.0,33353.81,21332.7,5798.65,0.0,0.0,93239.87,48842.14,10214.78,0.0,0.0,3.0,1.0,0.0
2025-05-21,Wed,0,1,2025-05-22,24713.85,25010.35,24669.7,340.6499999999978,1.378376902020518,24744.25,30.400000000001455,0.12300794898407758,24744.25,24723.55,24706.35,24738.2,-6.049999999999272,-0.024450124776460278,73.5,24750.0,113.4,122.65,236.05,0.954192301784285,0.924582144313086,-9.25,-0.03918661300571913,95,nifty_1min.csv,0.12300794898407758,0.024450124776460278,0.2971113500578053,0.03918661300571913,0.31137470874814654,0.02563016310103483,0.40268456375838924,mild_up,down,SELL CE 24750 113.4 | SELL PE 24750 122.65,2106.0,94.4,84.64,78.0,1848.96,9.4818,1926.96,553.39,1201.18,-16672.5,10:41,4602.0,15:20,-18515.25,1.0,250.0,250.0,BUY CE 25000 35.45 | BUY PE 24500 37.5 | SELL CE 24750 113.4 | SELL PE 24750 122.65,819.0,188.8,109.26,156.0,364.94,1.8715,520.94,-4.22,180.36,-5187.0,10:41,2291.25,15:24,-8658.0,1.0,450.0,450.0,BUY CE 25200 13.8 | BUY PE 24300 13.6 | SELL CE 24750 113.4 | SELL PE 24750 122.65,799.5,188.8,92.72,156.0,361.98,1.8563,517.98,-5.21,178.39,-11037.0,10:41,3129.75,15:20,-13182.0,1.0,135718.11,113676.9,0.0,1.0,0.0,33718.75,20967.76,0.0,1.0,0.0,93601.85,48480.16,0.0,1.0,0.0,0.0,0.0,0.0
2025-05-22,Thu,1,0,2025-05-22,24800.95,24946.2,24685.35,260.8500000000022,1.05177422639053,24733.95,-67.0,-0.27015094179860044,24733.95,24644.7,24580.6,24591.45,-142.5,-0.5761311881038006,163.5,24600.0,76.0,100.95,176.95,0.7195590337292026,0.7528479445269936,-24.950000000000003,-0.14100028256569655,95,nifty_1min.csv,0.27015094179860044,0.5761311881038006,0.6648652275485992,0.14100028256569655,0.9239898276349252,0.8053122350946595,0.21333333333333335,mild_down,down,SELL CE 24600 76 | SELL PE 24600 100.95,32623.5,94.4,49.65,78.0,32401.45,166.1613,32479.45,10737.55,21569.5,-2018.25,09:30,33432.75,15:20,-4463.55,1.0,200.0,200.0,BUY CE 24800 30.5 | BUY PE 24400 20.5 | SELL CE 24600 76 | SELL PE 24600 100.95,22698.0,188.8,54.09,156.0,22299.11,114.3544,22455.11,7307.17,14803.14,-3051.75,14:36,23546.25,15:20,-5243.55,1.0,350.0,350.0,BUY CE 24950 15.9 | BUY PE 24250 6.7 | SELL CE 24600 76 | SELL PE 24600 100.95,28236.0,188.8,51.63,156.0,27839.57,142.767,27995.57,9153.99,18496.78,-1696.5,09:30,29055.0,15:20,-4853.55,1.0,168119.56,81275.45,0.0,1.0,0.0,56017.86,0.0,0.0,1.0,0.0,121441.42,20640.59,0.0,1.0,0.0,0.0,0.0,0.0
2025-05-23,Fri,0,6,2025-05-29,24637.0,24737.5,24462.4,275.09999999999854,1.116613224012658,24639.5,2.5,0.010147339367617811,24639.5,24626.5,24719.95,24714.0,74.5,0.30236003165648656,119.5,24700.0,211.95,175.7,387.65,1.5685441450190176,1.2063175867956744,36.25,0.09351218883013028,130,nifty_1min.csv,0.010147339367617811,0.30236003165648656,0.4835316015214049,0.09351218883013028,0.30826776731587774,0.19218367083709534,0.9205298013245033,flat,up,SELL CE 24700 211.95 | SELL PE 24700 175.7,-9564.75,94.4,144.78,78.0,-9881.93,-50.6766,-9803.93,-3356.91,-6619.42,-21498.75,10:58,-526.5,09:30,-22834.5,1.0,400.0,400.0,BUY CE 25100 62.85 | BUY PE 24300 56.6 | SELL CE 24700 211.95 | SELL PE 24700 175.7,-3295.5,188.8,196.95,156.0,-3837.25,-19.6782,-3681.25,-1404.95,-2621.1,-7371.0,12:37,-146.25,09:30,-10873.2,1.0,800.0,800.0,BUY CE 25500 14.95 | BUY PE 23900 18.39 | SELL CE 24700 211.95 | SELL PE 24700 175.7,-8548.8,188.8,158.31,156.0,-9051.91,-46.4201,-8895.91,-3143.17,-6097.54,-17284.8,10:58,-475.8,09:30,-19178.25,1.0,158237.63,91157.38,9881.93,0.0,0.0,52180.61,3837.25,3837.25,0.0,0.0,112389.51,29692.5,9051.91,0.0,0.0,3.0,1.0,0.0
2025-05-26,Mon,0,3,2025-05-29,24845.15,24909.05,24614.05,295.0,1.1873544736095374,24919.35,74.19999999999709,0.29864983709092957,24919.35,25005.2,25015.8,25040.05,120.70000000000073,0.4843625535979098,149.0,25050.0,218.9,189.5,408.4,1.6309871585719677,1.1551451187335093,29.400000000000006,0.07198824681684625,130,nifty_1min.csv,0.29864983709092957,0.4843625535979098,0.5950467351303212,0.07198824681684625,0.3648383937316357,0.2955435847208637,0.9473684210526315,mild_up,up,SELL CE 25050 218.9 | SELL PE 25050 189.5,-185.25,94.4,148.13,78.0,-505.78,-2.5937,-427.78,-231.53,-368.66,-7437.3,10:36,2320.5,15:01,-10032.75,1.0,400.0,400.0,BUY CE 25450 64 | BUY PE 24650 65.95 | SELL CE 25050 218.9 | SELL PE 25050 189.5,-848.25,188.8,194.31,156.0,-1387.36,-7.1147,-1231.36,-588.32,-987.84,-2154.75,13:55,612.3,09:41,-6396.0,1.0,800.0,800.0,BUY CE 25850 12.85 | BUY PE 24250 20.35 | SELL CE 25050 218.9 | SELL PE 25050 189.5,-546.0,188.8,159.66,156.0,-1050.46,-5.387,-894.46,-476.02,-763.24,-4814.55,10:36,1413.75,15:01,-7899.45,1.0,157731.85,91663.16,505.78,0.0,0.0,50793.25,5224.61,1387.36,0.0,0.0,111339.05,30742.96,1050.46,0.0,0.0,3.0,1.0,0.0
2025-05-27,Tue,0,2,2025-05-29,24996.35,25079.2,24900.5,178.70000000000073,0.7149043760389047,24956.65,-39.69999999999709,-0.15882318818546345,24956.65,24876.2,24790.05,24791.9,-164.75,-0.6601446908940102,206.79999999999927,24800.0,222.5,212.9,435.4,1.7562187649998586,1.045091592296853,9.599999999999994,0.022048690858980237,130,nifty_1min.csv,0.15882318818546345,0.6601446908940102,0.8341434097426952,0.022048690858980237,0.4749655489205312,0.3783876894809371,0.9673202614379085,mild_down,down,SELL CE 24800 222.5 | SELL PE 24800 212.9,13952.25,94.4,151.64,78.0,13628.21,69.8883,13706.21,4479.8,9054.01,-16984.5,11:30,13952.25,15:29,-19509.75,1.0,450.0,450.0,BUY CE 25250 63.25 | BUY PE 24350 58.45 | SELL CE 24800 222.5 | SELL PE 24800 212.9,5762.25,188.8,184.17,156.0,5233.28,26.8373,5389.28,1618.56,3425.92,-4368.0,11:31,5762.25,15:29,-10013.25,1.0,850.0,850.0,BUY CE 25650 12.75 | BUY PE 23950 14.15 | SELL CE 24800 222.5 | SELL PE 24800 212.9,11456.25,188.8,157.86,156.0,10953.59,56.1723,11109.59,3525.33,7239.46,-12382.5,11:30,11456.25,15:29,-15765.75,1.0,171360.06,78034.95,0.0,1.0,0.0,56026.53,0.0,0.0,1.0,0.0,122292.64,19789.37,0.0,1.0,0.0,0.0,0.0,0.0
2025-05-28,Wed,0,1,2025-05-29,24837.7,25062.9,24704.1,358.8000000000029,1.444578201685353,24832.5,-5.200000000000728,-0.02093591596645715,24832.5,24817.75,24804.45,24768.9,-63.599999999998545,-0.25611597704620376,99.25,24750.0,195.3,168.0,363.3,1.466758717585359,1.1625,27.30000000000001,0.07514450867052026,130,nifty_1min.csv,0.02093591596645715,0.25611597704620376,0.40070410878157686,0.07514450867052026,0.27319020093586566,0.1750619322873618,0.8246753246753247,flat,down,SELL CE 24750 195.3 | SELL PE 24750 168,29259.75,94.4,118.7,78.0,28968.65,148.5572,29046.65,9593.28,19280.97,-721.5,09:30,29825.25,15:27,-3344.25,1.0,350.0,350.0,BUY CE 25100 72.34 | BUY PE 24400 43.9 | SELL CE 24750 195.3 | SELL PE 24750 168,13632.45,188.8,138.73,156.0,13148.92,67.4304,13304.92,4257.11,8703.01,-407.55,09:30,14529.45,15:27,-5118.75,1.0,750.0,750.0,BUY CE 25500 15.1 | BUY PE 24000 6.65 | SELL CE 24750 195.3 | SELL PE 24750 168,26030.55,188.8,122.01,156.0,25563.74,131.0961,25719.74,8395.38,16979.56,-789.75,09:30,26676.0,15:27,-3500.25,1.0,200328.71,49066.3,0.0,1.0,0.0,69175.45,0.0,0.0,1.0,0.0,147856.38,0.0,0.0,1.0,0.0,0.0,0.0,0.0
2025-05-29,Thu,1,0,2025-05-29,24757.15,24864.25,24737.05,127.20000000000073,0.5137909654382702,24825.1,67.94999999999709,0.2744661643201947,24825.1,24845.2,24803.05,24802.7,-22.399999999997817,-0.0902312578801206,95.90000000000146,24800.0,60.75,40.85,101.6,0.4096328222330633,1.4871481028151774,19.9,0.19586614173228345,130,nifty_1min.csv,0.2744661643201947,0.0902312578801206,0.3866514532692064,0.19586614173228345,0.94389763779529,0.22047244094486043,0.07096774193548387,mild_up,down,SELL CE 24800 60.75 | SELL PE 24800 40.85,13261.95,94.4,30.94,78.0,13058.61,66.9672,13136.61,4289.94,8674.28,-11661.0,12:39,16389.75,15:05,-14615.25,1.0,100.0,100.0,BUY CE 24900 25.95 | BUY PE 24700 17.05 | SELL CE 24800 60.75 | SELL PE 24800 40.85,4896.45,188.8,34.69,156.0,4516.96,23.1639,4672.96,1379.79,2948.37,-6661.2,12:39,8238.75,15:05,-12304.5,1.0,200.0,200.0,BUY CE 25000 14.6 | BUY PE 24600 9.55 | SELL CE 24800 60.75 | SELL PE 24800 40.85,8572.2,188.8,33.06,156.0,8194.34,42.0223,8350.34,2605.58,5399.96,-11495.25,12:39,11836.5,15:05,-15336.75,1.0,213387.32,36007.69,0.0,1.0,0.0,73692.41,0.0,0.0,1.0,0.0,156050.72,0.0,0.0,1.0,0.0,0.0,0.0,0.0
2025-05-30,Fri,0,6,2025-06-05,24880.85,24892.6,24677.3,215.29999999999927,0.8653241348265807,24812.6,-68.25,-0.2743073488244976,24812.6,24805.55,24857.9,24848.05,35.45000000000073,0.14287096072157182,82.90000000000146,24850.0,227.3,196.9,424.20000000000005,1.7071762170472133,1.154393092940579,30.400000000000006,0.07166430928807167,92,nifty_1min.csv,0.2743073488244976,0.14287096072157182,0.3336277897058379,0.07166430928807167,0.19542668552569883,0.08356907119283527,0.9551282051282052,mild_down,up,SELL CE 24850 227.3 | SELL PE 24850 196.9,1150.5,94.4,153.27,78.0,824.83,4.2299,902.83,212.01,518.42,-4855.5,10:49,3909.75,14:53,-7049.25,1.0,400.0,400.0,BUY CE 25250 80.15 | BUY PE 24450 61.5 | SELL CE 24850 227.3 | SELL PE 24850 196.9,-947.7,188.8,201.65,156.0,-1494.15,-7.6623,-1338.15,-623.92,-1059.03,-1813.5,10:49,906.75,10:01,-5635.5,1.0,850.0,850.0,BUY CE 25700 18.25 | BUY PE 24000 14.4 | SELL CE 24850 227.3 | SELL PE 24850 196.9,-165.75,188.8,163.24,156.0,-673.79,-3.4553,-517.79,-350.46,-512.13,-4280.25,10:49,2572.05,11:53,-6756.75,1.0,214212.15,35182.86,0.0,1.0,0.0,72198.26,1494.15,1494.15,0.0,0.0,155376.93,673.79,673.79,0.0,0.0,2.0,0.0,0.0
2025-06-02,Mon,0,3,2025-06-05,24736.65,24863.95,24717.4,146.54999999999927,0.592440771082581,24669.7,-66.95000000000073,-0.27065103803466,24669.7,24567.75,24550.15,24564.8,-104.90000000000146,-0.42521797995112,179.09999999999854,24550.0,200.7,195.05,395.75,1.611045072624243,1.0289669315560113,5.649999999999977,0.014276689829437719,92,nifty_1min.csv,0.27065103803466,0.42521797995112,0.7290920341301316,0.014276689829437719,0.4525584333543867,0.26506632975363603,0.9235668789808917,mild_down,down,SELL CE 24550 200.7 | SELL PE 24550 195.05,-10296.0,94.4,148.04,78.0,-10616.44,-54.4433,-10538.44,-3601.75,-7109.1,-20114.25,12:39,5723.25,09:46,-21518.25,1.0,400.0,400.0,BUY CE 24950 68 | BUY PE 24150 53.7 | SELL CE 24550 200.7 | SELL PE 24550 195.05,-2964.0,188.8,202.53,156.0,-3511.33,-18.0068,-3355.33,-1296.31,-2403.82,-6230.25,12:51,2515.5,09:46,-9847.5,1.0,800.0,800.0,BUY CE 25350 17.95 | BUY PE 23750 11.85 | SELL CE 24550 200.7 | SELL PE 24550 195.05,-8814.0,188.8,160.94,156.0,-9319.74,-47.7935,-9163.74,-3232.45,-6276.1,-15697.5,12:51,4719.0,09:46,-17715.75,1.0,203595.71,45799.3,10616.44,0.0,0.0,68686.93,5005.48,3511.33,0.0,0.0,146057.19,9993.53,9319.74,0.0,0.0,3.0,1.0,0.0
2025-06-03,Tue,0,2,2025-06-05,24690.35,24754.4,24526.15,228.25,0.9244502406810758,24786.3,95.95000000000073,0.3886133651406348,24786.3,24691.85,24667.85,24647.9,-138.39999999999782,-0.5583729721660668,197.9499999999971,24650.0,223.7,208.05,431.75,1.7516705277123,1.0752223023311702,15.649999999999977,0.03624782860451645,92,nifty_1min.csv,0.3886133651406348,0.5583729721660668,0.8031110155428944,0.03624782860451645,0.4584829183555231,0.32055587724377027,0.9620253164556962,mild_up,down,SELL CE 24650 223.7 | SELL PE 24650 208.05,27251.25,94.4,144.4,78.0,26934.45,138.1254,27012.45,8915.22,17924.83,-3987.75,09:40,32760.0,14:43,-7341.75,1.0,450.0,450.0,BUY CE 25100 68.1 | BUY PE 24200 51.3 | SELL CE 24650 223.7 | SELL PE 24650 208.05,12821.25,188.8,167.28,156.0,12309.17,63.1239,12465.17,3977.19,8143.18,-2320.5,12:51,16770.0,14:43,-10754.25,1.0,850.0,850.0,BUY CE 25500 15.15 | BUY PE 23800 10.45 | SELL CE 24650 223.7 | SELL PE 24650 208.05,23760.75,188.8,148.75,156.0,23267.2,119.319,23423.2,7629.87,15448.54,-3568.5,09:40,29181.75,14:43,-7731.75,1.0,230530.16,18864.85,0.0,1.0,0.0,80996.1,0.0,0.0,1.0,0.0,169324.39,0.0,0.0,1.0,0.0,0.0,0.0,0.0
2025-06-04,Wed,0,1,2025-06-05,24538.4,24845.1,24502.15,342.9499999999971,1.397605385844216,24560.45,22.049999999999272,0.08985915952140022,24560.45,24571.25,24583.35,24572.65,12.200000000000728,0.04967335696211074,54.29999999999927,24550.0,113.95,86.9,200.85000000000002,0.8173721596978756,1.311277330264672,27.049999999999997,0.13467762011451329,92,nifty_1min.csv,0.08985915952140022,0.04967335696211074,0.22097738746125986,0.13467762011451329,0.27035100821508223,0.06074184714961776,0.2893081761006289,flat,up,SELL CE 24550 113.95 | SELL PE 24550 86.9,8463.0,94.4,69.05,78.0,8221.55,42.1618,8299.55,2677.58,5449.57,-1053.0,09:31,9028.5,13:43,-2642.25,1.0,200.0,200.0,BUY CE 24750 47.05 | BUY PE 24350 26.75 | SELL CE 24550 113.95 | SELL PE 24550 86.9,3597.75,188.8,88.92,156.0,3164.03,16.2258,3320.03,928.81,2046.42,-273.0,09:31,3597.75,15:29,-3500.25,1.0,400.0,400.0,BUY CE 24950 20.2 | BUY PE 24150 8.8 | SELL CE 24550 113.95 | SELL PE 24550 86.9,5976.75,188.8,76.05,156.0,5555.9,28.4918,5711.9,1726.1,3641.0,-741.0,09:31,6435.0,13:41,-2837.25,1.0,238751.71,10643.3,0.0,1.0,0.0,84160.13,0.0,0.0,1.0,0.0,174880.29,0.0,0.0,1.0,0.0,0.0,0.0,0.0
2025-06-05,Thu,1,0,2025-06-05,24612.0,24644.25,24530.45,113.79999999999927,0.46237607671054476,24691.2,79.20000000000073,0.3217942467089254,24691.2,24625.55,24667.85,24715.35,24.149999999997817,0.09780812597199738,103.95000000000073,24700.0,75.55,62.2,137.75,0.5573459408828927,1.2146302250803858,13.349999999999994,0.09691470054446456,92,nifty_1min.csv,0.3217942467089254,0.09780812597199738,0.4205888243540987,0.09691470054446456,0.7546279491833083,0.17531760435570104,0.1375,mild_up,up,SELL CE 24700 75.55 | SELL PE 24700 62.2,16935.75,94.4,42.41,78.0,16720.94,85.7484,16798.94,5510.71,11115.83,-16818.75,12:16,20416.5,15:01,-20241.0,1.0,150.0,150.0,BUY CE 24850 29 | BUY PE 24550 15.2 | SELL CE 24700 75.55 | SELL PE 24700 62.2,8336.25,188.8,46.27,156.0,7945.18,40.7445,8101.18,2522.53,5233.86,-5313.75,12:16,11924.25,15:01,-10364.25,1.0,300.0,300.0,BUY CE 25000 10.05 | BUY PE 24400 4.65 | SELL CE 24700 75.55 | SELL PE 24700 62.2,14088.75,188.8,43.71,156.0,13700.24,70.2576,13856.24,4440.88,9070.56,-13113.75,12:16,17628.0,15:01,-17179.5,1.0,255472.65,0.0,0.0,1.0,0.0,92105.31,0.0,0.0,1.0,0.0,188580.53,0.0,0.0,1.0,0.0,0.0,0.0,0.0
2025-06-06,Fri,0,6,2025-06-12,24761.1,24899.85,24613.1,286.75,1.158066483314554,24748.7,-12.399999999997817,-0.05007855062980973,24748.7,24749.65,24747.75,24728.75,-19.950000000000728,-0.08061029468214786,40.099999999998545,24750.0,165.6,176.55,342.15,1.3836121922863065,0.9379779099405267,-10.950000000000017,-0.032003507233669494,94,nifty_1min.csv,0.05007855062980973,0.08061029468214786,0.16215942981347034,0.032003507233669494,0.11720005845389024,0.05830775975449577,0.7515527950310559,flat,down,SELL CE 24750 165.6 | SELL PE 24750 176.55,-13299.0,94.4,129.95,78.0,-13601.35,-69.7505,-13523.35,-4596.72,-9099.03,-28323.75,11:56,234.0,10:14,-28938.0,1.0,350.0,350.0,BUY CE 25100 50.65 | BUY PE 24400 56.5 | SELL CE 24750 165.6 | SELL PE 24750 176.55,-4689.75,188.8,180.97,156.0,-5215.52,-26.7463,-5059.52,-1864.37,-3539.95,-7790.25,11:58,292.5,10:10,-17871.75,1.0,700.0,700.0,BUY CE 25450 13.55 | BUY PE 24050 17.45 | SELL CE 24750 165.6 | SELL PE 24750 176.55,-11573.25,188.8,143.63,156.0,-12061.68,-61.8548,-11905.68,-4146.43,-8104.05,-20952.75,12:00,58.5,09:30,-22386.0,1.0,241871.3,13601.35,13601.35,0.0,0.0,86889.79,5215.52,5215.52,0.0,0.0,176518.85,12061.68,12061.68,0.0,0.0,3.0,1.0,0.0
2025-06-09,Mon,0,3,2025-06-12,25000.3,25029.5,24671.45,358.0499999999993,1.4321828138062314,25160.1,159.79999999999927,0.6391923296920408,25160.1,25107.6,25096.05,25093.9,-66.19999999999709,-0.2631150114665565,72.79999999999927,25100.0,152.1,159.4,311.5,1.2413375362139802,0.954203262233375,-7.300000000000011,-0.023434991974317854,94,nifty_1min.csv,0.6391923296920408,0.2631150114665565,0.29011034554214077,0.023434991974317854,0.23370786516853698,0.2125200642054481,0.6234567901234568,strong_up,down,SELL CE 25100 152.1 | SELL PE 25100 159.4,8541.0,94.4,109.13,78.0,8259.47,42.3563,8337.47,2690.22,5474.85,-1189.5,09:30,9867.0,14:49,-2486.25,1.0,300.0,300.0,BUY CE 25400 47.95 | BUY PE 24800 55.9 | SELL CE 25100 152.1 | SELL PE 25100 159.4,2983.5,188.8,138.91,156.0,2499.79,12.8194,2655.79,707.4,1603.59,-555.75,09:30,3519.75,15:25,-3324.75,1.0,600.0,600.0,BUY CE 25700 12.1 | BUY PE 24500 18.3 | SELL CE 25100 152.1 | SELL PE 25100 159.4,6649.5,188.8,117.47,156.0,6187.23,31.7294,6343.23,1936.54,4061.88,-1004.25,09:30,7692.75,14:49,-2661.75,1.0,250130.77,5341.88,0.0,1.0,0.0,89389.58,2715.73,0.0,1.0,0.0,182706.08,5874.45,0.0,1.0,0.0,0.0,0.0,0.0
2025-06-10,Tue,0,2,2025-06-12,25103.1,25160.1,25077.15,82.94999999999709,0.3304372766709972,25196.05,92.95000000000073,0.37027299417203746,25196.05,25128.4,25138.65,25087.75,-108.29999999999927,-0.4298292787956814,113.89999999999782,25100.0,108.35,127.2,235.55,0.9389044453966577,0.8518081761006289,-18.85000000000001,-0.08002547229887501,94,nifty_1min.csv,0.37027299417203746,0.4298292787956814,0.45400643740470076,0.08002547229887501,0.4835491403099037,0.45977499469326794,0.3619631901840491,mild_up,down,SELL CE 25100 108.35 | SELL PE 25100 127.2,11310.0,94.4,80.36,78.0,11057.24,56.7038,11135.24,3622.81,7340.02,-936.0,09:39,12538.5,14:41,-4299.75,1.0,250.0,250.0,BUY CE 25350 29.35 | BUY PE 24850 44 | SELL CE 25100 108.35 | SELL PE 25100 127.2,5421.0,188.8,98.62,156.0,4977.58,25.5261,5133.58,1533.33,3255.45,-594.75,09:39,5616.0,15:27,-5567.25,1.0,450.0,450.0,BUY CE 25550 10.4 | BUY PE 24650 19 | SELL CE 25100 108.35 | SELL PE 25100 127.2,8697.0,188.8,87.33,156.0,8264.87,42.3839,8420.87,2629.09,5446.98,-1004.25,09:39,9603.75,14:41,-4855.5,1.0,261188.01,0.0,0.0,1.0,0.0,94367.16,0.0,0.0,1.0,0.0,190970.95,0.0,0.0,1.0,0.0,0.0,0.0,0.0
2025-06-11,Wed,0,1,2025-06-12,25091.5,25199.3,25055.45,143.84999999999854,0.5733017157204573,25134.15,42.650000000001455,0.16997788095570793,25134.15,25127.6,25120.3,25135.95,1.7999999999992724,0.0071615710099576565,56.25,25150.0,65.3,96.25,161.55,0.6427049703711218,0.6784415584415584,-30.950000000000003,-0.19158155369854535,94,nifty_1min.csv,0.16997788095570793,0.0071615710099576565,0.2237830676779672,0.19158155369854535,0.3481894150417827,0.011142061281332542,0.17682926829268292,mild_up,up,SELL CE 25150 65.3 | SELL PE 25150 96.25,2388.75,94.4,57.5,78.0,2158.85,11.071,2236.85,656.68,1407.76,-3490.5,11:54,4914.0,10:32,-4650.75,1.0,150.0,150.0,BUY CE 25300 23.35 | BUY PE 25000 36.9 | SELL CE 25150 65.3 | SELL PE 25150 96.25,819.0,188.8,77.12,156.0,397.08,2.0363,553.08,6.49,201.78,-1004.25,12:23,1911.0,10:32,-4426.5,1.0,300.0,300.0,BUY CE 25450 8.7 | BUY PE 24850 14.9 | SELL CE 25150 65.3 | SELL PE 25150 96.25,1316.25,188.8,64.54,156.0,906.91,4.6508,1062.91,176.44,541.67,-2544.75,11:54,3714.75,10:32,-4563.0,1.0,263346.86,0.0,0.0,1.0,0.0,94764.24,0.0,0.0,1.0,0.0,191877.86,0.0,0.0,1.0,0.0,0.0,0.0,0.0
2025-06-12,Thu,1,0,2025-06-12,25126.8,25222.4,25081.3,141.10000000000218,0.5615518092236265,25164.45,37.650000000001455,0.1498400114618712,25164.45,25164.9,25173.5,25173.65,9.200000000000728,0.036559511533137926,62.5,25150.0,58.25,41.25,99.5,0.39525456181364244,1.412121212121212,17.0,0.1708542713567839,94,nifty_1min.csv,0.1498400114618712,0.036559511533137926,0.2482754785261573,0.1708542713567839,0.628140703517588,0.09246231155779626,0.05454545454545454,mild_up,up,SELL CE 25150 58.25 | SELL PE 25150 41.25,-31736.25,94.4,50.18,78.0,-31958.83,-163.8914,-31880.83,-10715.88,-21337.35,-45893.25,14:09,48.75,09:30,-48720.75,1.0,100.0,100.0,BUY CE 25250 23.25 | BUY PE 25050 16.6 | SELL CE 25150 58.25 | SELL PE 25150 41.25,-7975.5,188.8,98.24,156.0,-8418.54,-43.172,-8262.54,-2932.05,-5675.29,-8092.5,14:49,-48.75,09:30,-14400.75,1.0,200.0,200.0,BUY CE 25350 9.9 | BUY PE 24950 7.4 | SELL CE 25150 58.25 | SELL PE 25150 41.25,-23049.0,188.8,68.74,156.0,-23462.54,-120.3207,-23306.54,-7946.71,-15704.63,-23244.0,15:08,58.5,09:30,-28206.75,1.0,231388.03,31958.83,31958.83,0.0,1.0,86345.7,8418.54,8418.54,0.0,0.0,168415.32,23462.54,23462.54,0.0,1.0,3.0,1.0,0.0
2025-06-13,Fri,0,6,2025-06-19,24856.0,25196.2,24825.9,370.2999999999993,1.4897811393627265,24473.0,-383.0,-1.5408754425490827,24473.0,24604.6,24629.15,24641.9,168.90000000000146,0.6901483267274199,180.15000000000146,24650.0,195.8,197.6,393.4,1.5964678048364775,0.9908906882591094,-1.799999999999983,-0.004575495678698483,83,nifty_1min.csv,1.5408754425490827,0.6901483267274199,0.7310718735162526,0.004575495678698483,0.4579308591764145,0.4293340111845487,0.9096385542168675,strong_down,up,SELL CE 24650 195.8 | SELL PE 24650 197.6,5411.25,94.4,140.21,78.0,5098.64,26.1469,5176.64,1636.61,3367.63,448.5,09:30,8687.25,14:01,-2330.25,1.0,400.0,400.0,BUY CE 25050 53.95 | BUY PE 24250 71.6 | SELL CE 24650 195.8 | SELL PE 24650 197.6,1774.5,188.8,180.58,156.0,1249.12,6.4057,1405.12,290.51,769.81,126.75,12:17,2886.0,13:19,-3451.5,1.0,800.0,800.0,BUY CE 25450 12 | BUY PE 23850 27.45 | SELL CE 24650 195.8 | SELL PE 24650 197.6,4641.0,188.8,153.42,156.0,4142.78,21.245,4298.78,1255.06,2698.92,780.0,09:30,6503.25,13:14,-2525.25,1.0,236486.67,26860.19,0.0,1.0,0.0,87594.82,7169.42,0.0,1.0,0.0,172558.1,19319.76,0.0,1.0,0.0,0.0,0.0,0.0
2025-06-16,Mon,0,3,2025-06-19,24735.55,24754.35,24473.0,281.34999999999854,1.137431753084118,24732.35,-3.2000000000007276,-0.012936845956531096,24732.35,24788.3,24800.7,24786.5,54.150000000001455,0.21894401462053326,114.05000000000291,24800.0,141.7,147.65,289.35,1.167369334113328,0.9597019979681678,-5.950000000000017,-0.02056333160532233,83,nifty_1min.csv,0.012936845956531096,0.21894401462053326,0.46012950598109015,0.02056333160532233,0.3941593226196748,0.1871435977190304,0.592814371257485,flat,up,SELL CE 24800 141.7 | SELL PE 24800 147.65,-5333.25,94.4,107.27,78.0,-5612.92,-28.7842,-5534.92,-1933.91,-3773.41,-10110.75,13:41,3880.5,10:23,-11271.0,1.0,300.0,300.0,BUY CE 25100 36.3 | BUY PE 24500 56.55 | SELL CE 24800 141.7 | SELL PE 24800 147.65,-3568.5,188.8,143.42,156.0,-4056.72,-20.8037,-3900.72,-1478.11,-2767.41,-5001.75,13:41,1218.75,10:14,-9106.5,1.0,600.0,600.0,BUY CE 25400 8.8 | BUY PE 24200 22.55 | SELL CE 24800 141.7 | SELL PE 24800 147.65,-5421.0,188.8,118.51,156.0,-5884.31,-30.1759,-5728.31,-2087.3,-3985.8,-9652.5,13:41,2769.0,10:23,-11280.75,1.0,230873.75,32473.11,5612.92,0.0,0.0,83538.1,11226.14,4056.72,0.0,0.0,166673.79,25204.07,5884.31,0.0,0.0,3.0,1.0,0.0
2025-06-17,Tue,0,2,2025-06-19,24940.95,24967.1,24703.6,263.5,1.056495442234558,24977.85,36.89999999999782,0.14794945661651948,24977.85,24896.05,24889.45,24882.7,-95.14999999999782,-0.3809375106344134,114.09999999999854,24900.0,112.65,139.05,251.70000000000002,1.0115461746514647,0.8101402373247033,-26.400000000000006,-0.10488676996424316,83,nifty_1min.csv,0.14794945661651948,0.3809375106344134,0.4585515237494265,0.10488676996424316,0.45331744139848446,0.37802940007945096,0.4583333333333333,mild_up,down,SELL CE 24900 112.65 | SELL PE 24900 139.05,6054.75,94.4,88.55,78.0,5793.8,29.7118,5871.8,1868.33,3831.06,809.25,09:30,10559.25,14:06,-2096.25,1.0,250.0,250.0,BUY CE 25150 32.05 | BUY PE 24650 55.2 | SELL CE 24900 112.65 | SELL PE 24900 139.05,2505.75,188.8,115.16,156.0,2045.79,10.4912,2201.79,556.06,1300.92,341.25,09:32,4299.75,14:06,-3198.0,1.0,500.0,500.0,BUY CE 25400 9.05 | BUY PE 24400 23.8 | SELL CE 24900 112.65 | SELL PE 24900 139.05,4524.0,188.8,98.3,156.0,4080.9,20.9277,4236.9,1234.43,2657.67,653.25,09:30,8287.5,14:06,-2320.5,1.0,236667.55,26679.31,0.0,1.0,0.0,85583.89,9180.35,0.0,1.0,0.0,170754.69,21123.17,0.0,1.0,0.0,0.0,0.0,0.0
2025-06-18,Wed,0,1,2025-06-19,24841.5,24982.05,24813.7,168.34999999999854,0.6776965964213053,24788.35,-53.150000000001455,-0.21395648410925852,24788.35,24831.45,24880.25,24897.05,108.70000000000073,0.43851244637097964,123.39999999999782,24900.0,96.5,98.9,195.4,0.7848319379203561,0.9757330637007078,-2.4000000000000057,-0.012282497441146395,83,nifty_1min.csv,0.21395648410925852,0.43851244637097964,0.49564104984324575,0.012282497441146395,0.6315250767655978,0.5562947799385912,0.27218934911242604,mild_down,up,SELL CE 24900 96.5 | SELL PE 24900 98.9,2369.25,94.4,69.78,78.0,2127.07,10.9081,2205.07,646.09,1386.58,-4231.5,11:35,4475.25,10:38,-5489.25,1.0,200.0,200.0,BUY CE 25100 27.6 | BUY PE 24700 36.05 | SELL CE 24900 96.5 | SELL PE 24900 98.9,1014.0,188.8,90.94,156.0,578.26,2.9654,734.26,66.89,322.57,-1335.75,09:45,1784.25,10:38,-4475.25,1.0,400.0,400.0,BUY CE 25300 7.05 | BUY PE 24500 14.05 | SELL CE 24900 96.5 | SELL PE 24900 98.9,2115.75,188.8,77.07,156.0,1693.88,8.6866,1849.88,438.76,1066.32,-3139.5,11:35,3480.75,10:38,-4845.75,1.0,238794.62,24552.24,0.0,1.0,0.0,86162.15,8602.09,0.0,1.0,0.0,172448.57,19429.29,0.0,1.0,0.0,0.0,0.0,0.0
2025-06-19,Thu,1,0,2025-06-19,24798.75,24947.55,24750.45,197.09999999999854,0.7947981249054833,24803.25,4.5,0.018146075911084227,24803.25,24755.3,24809.4,24816.3,13.049999999999272,0.052614072752559735,87.15000000000146,24800.0,54.25,41.3,95.55,0.3850291945213428,1.3135593220338984,12.950000000000003,0.13553113553113558,83,nifty_1min.csv,0.018146075911084227,0.052614072752559735,0.351180474123868,0.13553113553113558,0.9120879120879274,0.13657770800627184,0.052941176470588235,flat,up,SELL CE 24800 54.25 | SELL PE 24800 41.3,17306.25,94.4,26.95,78.0,17106.9,87.7277,17184.9,5639.37,11373.14,-409.5,09:46,18144.75,15:21,-2427.75,1.0,100.0,100.0,BUY CE 24900 19.95 | BUY PE 24700 16.1 | SELL CE 24800 54.25 | SELL PE 24800 41.3,10296.0,188.8,30.1,156.0,9921.1,50.8774,10077.1,3181.17,6551.13,-1296.75,09:46,11154.0,15:21,-4075.5,1.0,200.0,200.0,BUY CE 25000 8.4 | BUY PE 24600 7.15 | SELL CE 24800 54.25 | SELL PE 24800 41.3,14293.5,188.8,28.32,156.0,13920.38,71.3866,14076.38,4514.26,9217.32,-789.75,09:46,15151.5,15:21,-3051.75,1.0,255901.52,7445.34,0.0,1.0,0.0,96083.25,0.0,0.0,1.0,0.0,186368.95,5508.91,0.0,1.0,0.0,0.0,0.0,0.0
2025-06-20,Fri,0,6,2025-06-26,24744.7,24863.1,24733.4,129.6999999999971,0.5241526468294103,24787.65,42.95000000000073,0.1735725226008023,24787.65,24861.15,24840.35,24831.6,43.94999999999709,0.17730603748236354,97.84999999999854,24850.0,159.1,161.1,320.2,1.2894859775447414,0.9875853507138423,-2.0,-0.006246096189881325,140,nifty_1min.csv,0.1735725226008023,0.17730603748236354,0.3940543501022832,0.006246096189881325,0.3055902560899392,0.13725796377263302,0.6842105263157895,mild_up,up,SELL CE 24850 159.1 | SELL PE 24850 161.1,-15229.5,94.4,122.85,78.0,-15524.75,-79.6141,-15446.75,-5237.85,-10381.3,-22298.25,15:11,1413.75,09:59,-23000.25,1.0,300.0,300.0,BUY CE 25150 46.4 | BUY PE 24550 64.95 | SELL CE 24850 159.1 | SELL PE 24850 161.1,-4923.75,188.8,177.79,156.0,-5446.34,-27.9299,-5290.34,-1941.31,-3693.83,-6815.25,15:12,165.75,09:58,-9896.25,1.0,650.0,650.0,BUY CE 25500 9.15 | BUY PE 24200 23.5 | SELL CE 24850 159.1 | SELL PE 24850 161.1,-12772.5,188.8,138.16,156.0,-13255.46,-67.9767,-13099.46,-4544.35,-8899.91,-18593.25,15:11,711.75,09:57,-19617.0,1.0,240376.77,22970.09,15524.75,0.0,0.0,90636.91,5446.34,5446.34,0.0,0.0,173113.49,18764.37,13255.46,0.0,0.0,3.0,1.0,0.0
2025-06-23,Mon,0,3,2025-06-26,25079.75,25136.2,24783.65,352.5499999999993,1.4057157667042106,24939.75,-140.0,-0.5582192804952203,24939.75,24930.95,24925.85,24908.9,-30.849999999998545,-0.1236981124510011,97.09999999999854,24900.0,148.15,140.05,288.20000000000005,1.1570161669122283,1.0578364869689396,8.099999999999994,0.028105482303955563,140,nifty_1min.csv,0.5582192804952203,0.1236981124510011,0.3898205059235797,0.028105482303955563,0.33691880638445015,0.10704371963913442,0.5813953488372093,strong_down,down,SELL CE 24900 148.15 | SELL PE 24900 140.05,877.5,94.4,104.09,78.0,601.01,3.0821,679.01,137.4,369.21,-10861.5,14:04,1511.25,15:23,-13591.5,1.0,300.0,300.0,BUY CE 25200 37.75 | BUY PE 24600 53.05 | SELL CE 24900 148.15 | SELL PE 24900 140.05,-1023.75,188.8,134.31,156.0,-1502.86,-7.707,-1346.86,-626.82,-1064.84,-5265.0,14:04,429.0,09:32,-9077.25,1.0,600.0,600.0,BUY CE 25500 8.3 | BUY PE 24300 22.75 | SELL CE 24900 148.15 | SELL PE 24900 140.05,-828.75,188.8,112.93,156.0,-1286.48,-6.5973,-1130.48,-554.69,-920.59,-10598.25,14:04,487.5,10:35,-13591.5,1.0,240977.78,22369.08,0.0,1.0,0.0,89134.05,6949.2,1502.86,0.0,0.0,171827.01,20050.85,1286.48,0.0,0.0,2.0,0.0,0.0
2025-06-24,Tue,0,2,2025-06-26,24958.9,25057.0,24824.85,232.15000000000146,0.9301291322934963,25179.9,221.0,0.8854556891529675,25179.9,25234.8,25229.4,25199.9,20.0,0.07942843299615963,100.84999999999854,25200.0,124.0,109.15,233.15,0.9252020841352544,1.136051305542831,14.849999999999994,0.06369290156551574,140,nifty_1min.csv,0.8854556891529675,0.07942843299615963,0.40020000079364815,0.06369290156551574,0.43255414968903516,0.08578168561012224,0.3583815028901734,strong_up,up,SELL CE 25200 124 | SELL PE 25200 109.15,1872.0,94.4,83.69,78.0,1615.91,8.2867,1693.91,475.7,1045.81,-9233.25,12:12,1881.75,15:27,-10725.0,1.0,250.0,250.0,BUY CE 25450 32.65 | BUY PE 24950 38.55 | SELL CE 25200 124 | SELL PE 25200 109.15,438.75,188.8,107.47,156.0,-13.52,-0.0693,142.48,-130.37,-71.95,-4251.0,12:12,604.5,15:27,-7634.25,1.0,450.0,450.0,BUY CE 25650 9.6 | BUY PE 24750 18.3 | SELL CE 25200 124 | SELL PE 25200 109.15,916.5,188.8,92.45,156.0,479.25,2.4577,635.25,33.88,256.57,-8063.25,12:12,1111.5,15:27,-9321.0,1.0,242593.69,20753.17,0.0,1.0,0.0,89120.53,6962.72,13.52,0.0,0.0,172306.26,19571.6,0.0,1.0,0.0,1.0,0.0,1.0
2025-06-25,Wed,0,1,2025-06-26,25071.55,25317.7,24999.7,318.0,1.2683699252738663,25150.35,78.79999999999927,0.31430047204899286,25150.35,25161.9,25155.2,25159.45,9.100000000002183,0.03618239905210935,59.900000000001455,25150.0,99.85,75.5,175.35,0.6969548221443632,1.3225165562913908,24.349999999999994,0.13886512688907895,140,nifty_1min.csv,0.31430047204899286,0.03618239905210935,0.23808151609038136,0.13886512688907895,0.3416025092671882,0.05189620758484279,0.20689655172413793,mild_up,up,SELL CE 25150 99.85 | SELL PE 25150 75.5,2388.75,94.4,62.51,78.0,2153.84,11.0453,2231.84,655.01,1404.43,-6240.0,13:29,3217.5,12:51,-7575.75,1.0,200.0,200.0,BUY CE 25350 27.5 | BUY PE 24950 23.5 | SELL CE 25150 99.85 | SELL PE 25150 75.5,253.5,188.8,77.97,156.0,-169.27,-0.8681,-13.27,-182.29,-175.78,-3822.0,13:29,828.75,12:51,-6357.0,1.0,350.0,350.0,BUY CE 25500 10.15 | BUY PE 24800 10.65 | SELL CE 25150 99.85 | SELL PE 25150 75.5,1384.5,188.8,68.63,156.0,971.07,4.9798,1127.07,197.82,584.45,-6064.5,13:29,2057.25,12:51,-7809.75,1.0,244747.53,18599.33,0.0,1.0,0.0,88951.26,7131.99,169.27,0.0,0.0,173277.33,18600.53,0.0,1.0,0.0,1.0,0.0,1.0
2025-06-26,Thu,1,0,2025-06-26,25236.35,25266.8,25125.05,141.75,0.5616897847747396,25268.95,32.60000000000218,0.12917874415278827,25268.95,25282.75,25331.8,25350.45,81.5,0.3225302198943763,91.94999999999709,25350.0,72.75,60.3,133.05,0.5248427542706343,1.2064676616915424,12.450000000000003,0.09357384441939122,140,nifty_1min.csv,0.12917874415278827,0.3225302198943763,0.36271545475522954,0.09357384441939122,0.6910935738443975,0.6125516723036452,0.10857142857142857,mild_up,up,SELL CE 25350 72.75 | SELL PE 25350 60.3,-13006.5,94.4,54.01,78.0,-13232.91,-67.8611,-13154.91,-4473.9,-8853.41,-14712.75,14:01,4202.25,11:15,-16662.75,1.0,150.0,150.0,BUY CE 25500 20.55 | BUY PE 25200 19.75 | SELL CE 25350 72.75 | SELL PE 25350 60.3,-11261.25,188.8,71.09,156.0,-11677.14,-59.8828,-11521.14,-4018.25,-7847.7,-11300.25,15:22,1316.25,11:22,-15424.5,1.0,250.0,250.0,BUY CE 25600 7.4 | BUY PE 25100 10.5 | SELL CE 25350 72.75 | SELL PE 25350 60.3,-16477.5,188.8,55.59,156.0,-16877.89,-86.5533,-16721.89,-5751.83,-11314.86,-17511.0,15:04,2574.0,11:15,-18642.0,1.0,231514.62,31832.24,13232.91,0.0,0.0,77274.12,18809.13,11677.14,0.0,1.0,156399.44,35478.42,16877.89,0.0,0.0,3.0,1.0,0.0
2025-06-27,Fri,0,6,2025-07-03,25530.4,25565.3,25259.9,305.3999999999978,1.1962209757778874,25576.65,46.25,0.1811565819571961,25576.65,25597.8,25586.95,25537.3,-39.35000000000218,-0.15385126668270543,85.15000000000146,25550.0,174.55,163.35,337.9,1.3231625896238053,1.0685644322007959,11.200000000000017,0.03314590115418768,93,nifty_1min.csv,0.1811565819571961,0.15385126668270543,0.33343383991260417,0.03314590115418768,0.25199763243563617,0.11645457235869247,0.7215909090909091,mild_up,down,SELL CE 25550 174.55 | SELL PE 25550 163.35,8970.0,94.4,118.51,78.0,8679.09,44.5082,8757.09,2830.1,5754.6,-585.0,09:31,8970.0,15:29,-3412.5,1.0,350.0,350.0,BUY CE 25900 45.3 | BUY PE 25200 56.85 | SELL CE 25550 174.55 | SELL PE 25550 163.35,3412.5,188.8,147.68,156.0,2920.02,14.9745,3076.02,847.47,1883.75,-224.25,09:32,3412.5,15:29,-4572.75,1.0,700.0,700.0,BUY CE 26250 9.2 | BUY PE 24850 20.8 | SELL CE 25550 174.55 | SELL PE 25550 163.35,6756.75,188.8,126.25,156.0,6285.7,32.2344,6441.7,1969.37,4127.53,-438.75,09:31,6756.75,15:29,-3851.25,1.0,240193.71,23153.15,0.0,1.0,0.0,80194.14,15889.11,0.0,1.0,0.0,162685.14,29192.72,0.0,1.0,0.0,0.0,0.0,0.0
2025-06-30,Mon,0,3,2025-07-03,25632.45,25654.2,25523.55,130.65000000000146,0.5097054709947799,25661.65,29.200000000000728,0.11391809990851724,25661.65,25610.55,25635.7,25631.85,-29.80000000000291,-0.11612659357446972,77.79999999999927,25650.0,136.0,134.75,270.75,1.0563029980278442,1.0092764378478665,1.25,0.0046168051708217915,93,nifty_1min.csv,0.11391809990851724,0.11612659357446972,0.30352861771584677,0.0046168051708217915,0.2873499538319456,0.11006463527240225,0.5028248587570622,mild_up,down,SELL CE 25650 136 | SELL PE 25650 134.75,1014.0,94.4,97.7,78.0,743.9,3.8149,821.9,185.03,464.47,-5333.25,14:06,2437.5,12:29,-6571.5,1.0,250.0,250.0,BUY CE 25900 43 | BUY PE 25400 50.9 | SELL CE 25650 136 | SELL PE 25650 134.75,702.0,188.8,131.3,156.0,225.9,1.1585,381.9,-50.57,87.67,-994.5,14:58,1140.75,12:51,-4494.75,1.0,550.0,550.0,BUY CE 26200 8.85 | BUY PE 25100 16.75 | SELL CE 25650 136 | SELL PE 25650 134.75,624.0,188.8,106.43,156.0,172.77,0.886,328.77,-68.28,52.25,-4056.0,14:06,1930.5,12:13,-5547.75,1.0,240937.61,22409.25,0.0,1.0,0.0,80420.04,15663.21,0.0,1.0,0.0,162857.91,29019.95,0.0,1.0,0.0,0.0,0.0,0.0
2025-07-01,Tue,0,2,2025-07-03,25507.45,25669.35,25473.3,196.04999999999927,0.7685989779456561,25551.35,43.89999999999782,0.17210658062643586,25551.35,25538.75,25557.45,25574.2,22.850000000002183,0.08942776017706378,65.90000000000146,25550.0,126.75,103.95,230.7,0.9020810035113512,1.2193362193362194,22.799999999999997,0.09882964889466839,93,nifty_1min.csv,0.17210658062643586,0.08942776017706378,0.257681569706976,0.09882964889466839,0.2856523623753856,0.09904638058085038,0.34269662921348315,mild_up,up,SELL CE 25550 126.75 | SELL PE 25550 103.95,10364.25,94.4,79.03,78.0,10112.82,51.8606,10190.82,3308.01,6710.42,-390.0,09:34,10559.25,15:27,-2291.25,1.0,250.0,250.0,BUY CE 25800 37.4 | BUY PE 25300 30.85 | SELL CE 25550 126.75 | SELL PE 25550 103.95,4104.75,188.8,94.91,156.0,3665.04,18.7951,3821.04,1095.81,2380.42,-58.5,09:34,4465.5,15:27,-3207.75,1.0,450.0,450.0,BUY CE 26000 13.15 | BUY PE 25100 12.5 | SELL CE 25550 126.75 | SELL PE 25550 103.95,7371.0,188.8,84.09,156.0,6942.11,35.6006,7098.11,2188.17,4565.14,-156.0,09:34,7751.25,15:27,-2554.5,1.0,251050.43,12296.43,0.0,1.0,0.0,84085.08,11998.17,0.0,1.0,0.0,169800.02,22077.84,0.0,1.0,0.0,0.0,0.0,0.0
2025-07-02,Wed,0,1,2025-07-03,25533.0,25593.4,25501.8,91.60000000000218,0.3587514197313366,25588.3,55.29999999999927,0.21658246191203256,25588.3,25591.35,25584.4,25567.85,-20.450000000000728,-0.07991933813500986,49.04999999999927,25550.0,94.0,64.8,158.8,0.6210925048449518,1.4506172839506173,29.200000000000003,0.18387909319899245,93,nifty_1min.csv,0.21658246191203256,0.07991933813500986,0.19184248968919668,0.18387909319899245,0.3088790931989878,0.1287783375314907,0.17318435754189945,mild_up,down,SELL CE 25550 94 | SELL PE 25550 64.8,19.5,94.4,57.56,78.0,-210.46,-1.0793,-132.46,-133.09,-171.77,-7926.75,13:42,2866.5,13:03,-9447.75,1.0,150.0,150.0,BUY CE 25700 32.6 | BUY PE 25400 22.75 | SELL CE 25550 94 | SELL PE 25550 64.8,-780.0,188.8,76.49,156.0,-1201.29,-6.1605,-1045.29,-526.3,-863.8,-2583.75,14:42,1228.5,13:02,-5762.25,1.0,300.0,300.0,BUY CE 25850 10.25 | BUY PE 25250 8.3 | SELL CE 25550 94 | SELL PE 25550 64.8,-643.5,188.8,63.35,156.0,-1051.65,-5.3931,-895.65,-476.42,-764.03,-5421.0,13:42,2223.0,13:02,-7605.0,1.0,250839.97,12506.89,210.46,0.0,0.0,82883.79,13199.46,1201.29,0.0,0.0,168748.37,23129.49,1051.65,0.0,0.0,3.0,1.0,0.0
2025-07-03,Thu,1,0,2025-07-03,25442.85,25608.1,25378.75,229.34999999999854,0.9014320329679991,25505.1,62.25,0.24466598671139436,25505.1,25522.75,25465.4,25434.85,-70.25,-0.27543510905662005,107.29999999999927,25450.0,39.4,63.3,102.69999999999999,0.40377670794205583,0.6224328593996841,-23.9,-0.23271665043816944,93,nifty_1min.csv,0.24466598671139436,0.27543510905662005,0.4218621301088832,0.23271665043816944,1.044790652385582,0.6840311587147031,0.07222222222222222,mild_up,down,SELL CE 25450 39.4 | SELL PE 25450 63.3,11300.25,94.4,32.21,78.0,11095.64,56.9007,11173.64,3635.61,7365.63,-10374.0,13:40,12879.75,15:10,-12899.25,1.0,100.0,100.0,BUY CE 25550 14.75 | BUY PE 25350 24.05 | SELL CE 25450 39.4 | SELL PE 25450 63.3,3753.75,188.8,35.6,156.0,3373.35,17.2992,3529.35,998.58,2185.97,-3549.0,13:41,5499.0,14:46,-8970.0,1.0,200.0,200.0,BUY CE 25650 6.3 | BUY PE 25250 9 | SELL CE 25450 39.4 | SELL PE 25450 63.3,8336.25,188.8,33.56,156.0,7957.89,40.8097,8113.89,2526.76,5242.33,-8034.0,13:40,9945.0,15:10,-11934.0,1.0,261935.61,1411.25,0.0,1.0,0.0,86257.14,9826.11,0.0,1.0,0.0,176706.26,15171.6,0.0,1.0,0.0,0.0,0.0,0.0
2025-07-04,Fri,0,6,2025-07-10,25397.4,25587.5,25384.35,203.15000000000146,0.7998850276012562,25428.85,31.44999999999709,0.12383157331064237,25428.85,25411.95,25415.0,25424.55,-4.299999999999272,-0.016909927110346213,64.85000000000218,25400.0,168.0,130.8,298.8,1.1752420396821184,1.2844036697247705,37.19999999999999,0.12449799196787144,90,nifty_1min.csv,0.12383157331064237,0.016909927110346213,0.2550684279564523,0.12449799196787144,0.21703480589023488,0.014390896921014968,0.6132596685082873,mild_up,down,SELL CE 25400 168 | SELL PE 25400 130.8,3656.25,94.4,106.7,78.0,3377.15,17.3187,3455.15,1062.78,2219.97,-1004.25,09:43,5196.75,14:27,-3139.5,1.0,300.0,300.0,BUY CE 25700 51.25 | BUY PE 25100 41.75 | SELL CE 25400 168 | SELL PE 25400 130.8,2067.0,188.8,138.16,156.0,1584.04,8.1233,1740.04,402.15,993.09,-399.75,09:43,2340.0,14:27,-3480.75,1.0,600.0,600.0,BUY CE 26000 12.95 | BUY PE 24800 13.35 | SELL CE 25400 168 | SELL PE 25400 130.8,3305.25,188.8,115.73,156.0,2844.72,14.5883,3000.72,822.37,1833.54,-653.25,09:43,4436.25,14:05,-3149.25,1.0,265312.76,0.0,0.0,1.0,0.0,87841.18,8242.07,0.0,1.0,0.0,179550.98,12326.88,0.0,1.0,0.0,0.0,0.0,0.0
2025-07-07,Mon,0,3,2025-07-10,25467.8,25470.25,25331.65,138.59999999999854,0.5442166186321494,25450.45,-17.349999999998545,-0.06812524049976262,25450.45,25445.2,25450.7,25441.4,-9.049999999999272,-0.03555929266476338,73.65000000000146,25450.0,119.15,122.95,242.10000000000002,0.9515985755500878,0.9690931272875153,-3.799999999999997,-0.015695993391160665,90,nifty_1min.csv,0.06812524049976262,0.03555929266476338,0.28948878599448713,0.015695993391160665,0.3042131350681596,0.03738124741841913,0.41208791208791207,flat,down,SELL CE 25450 119.15 | SELL PE 25450 122.95,1842.75,94.4,86.95,78.0,1583.4,8.12,1661.4,464.87,1024.14,-2262.0,09:36,3510.0,15:07,-3851.25,1.0,250.0,250.0,BUY CE 25700 34.75 | BUY PE 25200 39.8 | SELL CE 25450 119.15 | SELL PE 25450 122.95,1170.0,188.8,113.02,156.0,712.18,3.6522,868.18,111.53,411.85,-663.0,09:37,1969.5,15:07,-3763.5,1.0,500.0,500.0,BUY CE 25950 9.4 | BUY PE 24950 13.15 | SELL CE 25450 119.15 | SELL PE 25450 122.95,1647.75,188.8,94.85,156.0,1208.1,6.1954,1364.1,276.83,742.47,-1667.25,09:37,3071.25,14:34,-3539.25,1.0,266896.16,0.0,0.0,1.0,0.0,88553.36,7529.89,0.0,1.0,0.0,180759.08,11118.78,0.0,1.0,0.0,0.0,0.0,0.0
2025-07-08,Tue,0,2,2025-07-10,25454.95,25489.8,25407.25,82.54999999999927,0.32429841740014914,25427.85,-27.100000000002183,-0.10646259371950124,25427.85,25457.5,25485.3,25475.9,48.05000000000291,0.18896603527236047,66.0,25500.0,94.1,109.35,203.45,0.7985978905553875,0.8605395518975766,-15.25,-0.07495699188989924,90,nifty_1min.csv,0.10646259371950124,0.18896603527236047,0.259068374424456,0.07495699188989924,0.32440403047431804,0.2361759646104837,0.2896174863387978,mild_down,up,SELL CE 25500 94.1 | SELL PE 25500 109.35,5235.75,94.4,71.43,78.0,4991.92,25.5996,5069.92,1601.04,3296.48,-458.25,09:30,7361.25,14:07,-2447.25,1.0,200.0,200.0,BUY CE 25700 29.7 | BUY PE 25300 38 | SELL CE 25500 94.1 | SELL PE 25500 109.35,2262.0,188.8,91.76,156.0,1825.44,9.3612,1981.44,482.61,1154.02,-175.5,09:30,2525.25,14:05,-3100.5,1.0,400.0,400.0,BUY CE 25900 9.05 | BUY PE 25100 13.3 | SELL CE 25500 94.1 | SELL PE 25500 109.35,4007.25,188.8,77.79,156.0,3584.66,18.3829,3740.66,1069.02,2326.84,-370.5,09:30,5469.75,14:07,-2613.0,1.0,271888.08,0.0,0.0,1.0,0.0,90378.8,5704.45,0.0,1.0,0.0,184343.74,7534.12,0.0,1.0,0.0,0.0,0.0,0.0
2025-07-09,Wed,0,1,2025-07-10,25523.1,25548.05,25424.15,123.89999999999782,0.485442599057316,25514.6,-8.5,-0.033303164584239375,25514.6,25488.8,25487.45,25483.35,-31.25,-0.12247889443691064,48.39999999999782,25500.0,69.7,71.9,141.60000000000002,0.5556569289359524,0.9694019471488178,-2.200000000000003,-0.015536723163841826,90,nifty_1min.csv,0.033303164584239375,0.12247889443691064,0.1899279333368565,0.015536723163841826,0.3418079096045043,0.22069209039548018,0.14130434782608695,flat,down,SELL CE 25500 69.7 | SELL PE 25500 71.9,3851.25,94.4,49.62,78.0,3629.23,18.6114,3707.23,1146.81,2388.02,-1647.75,10:15,3851.25,15:29,-2973.75,1.0,150.0,150.0,BUY CE 25650 21.15 | BUY PE 25350 23.95 | SELL CE 25500 69.7 | SELL PE 25500 71.9,2008.5,188.8,63.36,156.0,1600.34,8.2069,1756.34,407.58,1003.96,-633.75,12:39,2281.5,15:28,-3081.0,1.0,300.0,300.0,BUY CE 25800 6.9 | BUY PE 25200 8.5 | SELL CE 25500 69.7 | SELL PE 25500 71.9,3363.75,188.8,54.51,156.0,2964.44,15.2023,3120.44,862.28,1913.36,-1296.75,10:25,3373.5,15:28,-2934.75,1.0,275517.31,0.0,0.0,1.0,0.0,91979.14,4104.11,0.0,1.0,0.0,187308.18,4569.68,0.0,1.0,0.0,0.0,0.0,0.0
2025-07-10,Thu,1,0,2025-07-10,25464.65,25548.7,25424.35,124.35000000000218,0.48832400995105835,25511.65,47.0,0.18456958960755399,25511.65,25470.6,25453.0,25451.9,-59.75,-0.23420672516281776,77.70000000000073,25450.0,49.2,46.15,95.35,0.3746282202900373,1.0660888407367282,3.0500000000000043,0.03198741478762459,90,nifty_1min.csv,0.18456958960755399,0.23420672516281776,0.30528172749382454,0.03198741478762459,0.8148925013109674,0.6266386995280546,0.043243243243243246,mild_up,down,SELL CE 25450 49.2 | SELL PE 25450 46.15,185.25,94.4,34.48,78.0,-21.63,-0.1109,56.37,-70.14,-45.89,-2593.5,11:23,9457.5,14:45,-3695.25,1.0,100.0,100.0,BUY CE 25550 17.65 | BUY PE 25350 15.25 | SELL CE 25450 49.2 | SELL PE 25450 46.15,-6210.75,188.8,37.36,156.0,-6592.91,-33.8098,-6436.91,-2323.5,-4458.21,-6230.25,15:27,3666.0,14:45,-8472.75,1.0,200.0,200.0,BUY CE 25650 6.95 | BUY PE 25250 5.45 | SELL CE 25450 49.2 | SELL PE 25450 46.15,-2213.25,188.8,35.59,156.0,-2593.64,-13.3007,-2437.64,-990.41,-1792.02,-3432.0,15:00,7293.0,14:45,-5313.75,1.0,275495.68,21.63,21.63,0.0,0.0,85386.23,10697.02,6592.91,0.0,0.0,184714.54,7163.32,2593.64,0.0,0.0,3.0,1.0,0.0
2025-07-11,Fri,0,6,2025-07-17,25348.15,25524.05,25340.45,183.59999999999854,0.7243132141793327,25255.5,-92.65000000000146,-0.3655099090071719,25255.5,25288.45,25300.5,25309.9,54.400000000001455,0.21539862604185803,74.04999999999927,25300.0,143.9,115.8,259.7,1.0260807035981967,1.2426597582037997,28.10000000000001,0.1082017712745476,90,nifty_1min.csv,0.3655099090071719,0.21539862604185803,0.2925732618461522,0.1082017712745476,0.2851366961879063,0.20947246823258167,0.489247311827957,mild_down,up,SELL CE 25300 143.9 | SELL PE 25300 115.8,-1101.75,94.4,94.64,78.0,-1368.79,-7.0194,-1290.79,-519.2,-943.99,-4514.25,11:09,2876.25,10:08,-6259.5,1.0,250.0,250.0,BUY CE 25550 47.55 | BUY PE 25050 39.9 | SELL CE 25300 143.9 | SELL PE 25300 115.8,204.75,188.8,128.19,156.0,-268.24,-1.3756,-112.24,-215.28,-241.76,-809.25,11:09,1238.25,10:08,-3627.0,1.0,500.0,500.0,BUY CE 25800 13.75 | BUY PE 24800 14.5 | SELL CE 25300 143.9 | SELL PE 25300 115.8,-175.5,188.8,106.19,156.0,-626.49,-3.2128,-470.49,-334.7,-480.59,-2574.0,11:09,2496.0,10:08,-4719.0,1.0,274126.89,1390.42,1368.79,0.0,0.0,85117.99,10965.26,268.24,0.0,0.0,184088.05,7789.81,626.49,0.0,0.0,3.0,1.0,0.0
2025-07-14,Mon,0,3,2025-07-17,25140.55,25322.45,25129.0,193.45000000000073,0.7694740170760016,25149.5,8.950000000000728,0.03559985760057249,25149.5,25100.6,25054.7,25071.9,-77.59999999999854,-0.3085548420445677,99.89999999999782,25050.0,133.4,94.4,227.8,0.9085869040639122,1.4131355932203389,39.0,0.17120280948200176,90,nifty_1min.csv,0.03559985760057249,0.3085548420445677,0.39845404616322583,0.17120280948200176,0.4385425812115795,0.34064969271289963,0.3582887700534759,flat,down,SELL CE 25050 133.4 | SELL PE 25050 94.4,3792.75,94.4,80.9,78.0,3539.45,18.151,3617.45,1116.88,2328.17,-2593.5,10:00,4114.5,14:37,-3861.0,1.0,250.0,250.0,BUY CE 25300 40.35 | BUY PE 24800 28 | SELL CE 25050 133.4 | SELL PE 25050 94.4,2184.0,188.8,103.4,156.0,1735.8,8.9015,1891.8,452.73,1094.27,-1140.75,10:14,2184.0,15:29,-3354.0,1.0,450.0,450.0,BUY CE 25500 15.55 | BUY PE 24600 11.75 | SELL CE 25050 133.4 | SELL PE 25050 94.4,3207.75,188.8,89.96,156.0,2772.99,14.2205,2928.99,798.46,1785.72,-2047.5,10:00,3217.5,14:37,-3753.75,1.0,277666.34,0.0,0.0,1.0,0.0,86853.79,9229.46,0.0,1.0,0.0,186861.04,5016.82,0.0,1.0,0.0,0.0,0.0,0.0
2025-07-15,Tue,0,2,2025-07-17,25087.1,25151.1,25001.95,149.14999999999782,0.5945286621410918,25089.5,2.400000000001455,0.009566669722691962,25089.5,25140.0,25147.8,25147.95,58.45000000000073,0.23296598178521186,62.70000000000073,25150.0,99.85,81.4,181.25,0.7207346920921983,1.2266584766584765,18.44999999999999,0.1017931034482758,90,nifty_1min.csv,0.009566669722691962,0.23296598178521186,0.24932449762306957,0.1017931034482758,0.34593103448276263,0.32248275862069364,0.23404255319148937,flat,up,SELL CE 25150 99.85 | SELL PE 25150 81.4,3549.0,94.4,64.13,78.0,3312.47,16.987,3390.47,1041.22,2176.85,-4046.25,11:11,5791.5,14:37,-5118.75,1.0,200.0,200.0,BUY CE 25350 30.4 | BUY PE 24950 25.95 | SELL CE 25150 99.85 | SELL PE 25150 81.4,1257.75,188.8,81.32,156.0,831.63,4.2648,987.63,151.34,491.49,-1530.75,11:11,2817.75,14:37,-3695.25,1.0,350.0,350.0,BUY CE 25500 13.5 | BUY PE 24800 10.95 | SELL CE 25150 99.85 | SELL PE 25150 81.4,1969.5,188.8,70.76,156.0,1553.94,7.9689,1709.94,392.11,973.03,-2886.0,11:11,4358.25,14:37,-4455.75,1.0,280978.81,0.0,0.0,1.0,0.0,87685.42,8397.83,0.0,1.0,0.0,188414.98,3462.88,0.0,1.0,0.0,0.0,0.0,0.0
2025-07-16,Wed,0,1,2025-07-17,25219.65,25245.2,25088.45,156.75,0.6215391569668889,25196.6,-23.05000000000291,-0.09139698608031004,25196.6,25159.7,25146.75,25147.15,-49.44999999999709,-0.1962566378003266,91.20000000000073,25150.0,68.4,65.5,133.9,0.5324659056791724,1.0442748091603054,2.9000000000000057,0.02165795369678869,90,nifty_1min.csv,0.09139698608031004,0.1962566378003266,0.36266535173966324,0.02165795369678869,0.6811053024645312,0.3693054518297019,0.13756613756613756,flat,down,SELL CE 25150 68.4 | SELL PE 25150 65.5,3695.25,94.4,46.9,78.0,3475.95,17.8254,3553.95,1095.72,2285.83,-2271.75,14:12,3695.25,15:29,-2837.25,1.0,150.0,150.0,BUY CE 25300 22.05 | BUY PE 25000 21.05 | SELL CE 25150 68.4 | SELL PE 25150 65.5,1404.0,188.8,59.28,156.0,999.92,5.1278,1155.92,207.44,603.68,-1540.5,14:19,1657.5,11:24,-2847.0,1.0,250.0,250.0,BUY CE 25400 10.6 | BUY PE 24900 9.65 | SELL CE 25150 68.4 | SELL PE 25150 65.5,2408.25,188.8,52.42,156.0,2011.03,10.313,2167.03,544.48,1277.75,-1930.5,14:19,2408.25,15:29,-2866.5,1.0,284454.76,0.0,0.0,1.0,0.0,88685.34,7397.91,0.0,1.0,0.0,190426.01,1451.85,0.0,1.0,0.0,0.0,0.0,0.0
2025-07-17,Thu,1,0,2025-07-17,25198.55,25255.3,25121.05,134.25,0.5327687505828709,25230.75,32.20000000000073,0.12778513049362256,25230.75,25216.6,25216.85,25209.9,-20.849999999998545,-0.08263725810766047,40.599999999998545,25200.0,43.55,28.8,72.35,0.28699042836346034,1.5121527777777777,14.749999999999996,0.20387007601935034,90,nifty_1min.csv,0.12778513049362256,0.08263725810766047,0.1610478423159098,0.20387007601935034,0.5611610228057851,0.28818244644089214,0.010526315789473684,mild_up,down,SELL CE 25200 43.55 | SELL PE 25200 28.8,-3139.5,94.4,27.62,78.0,-3339.52,-17.1257,-3261.52,-1176.11,-2257.82,-4728.75,15:02,8180.25,14:05,-4816.5,1.0,50.0,50.0,BUY CE 25250 22.85 | BUY PE 25150 14.7 | SELL CE 25200 43.55 | SELL PE 25200 28.8,-2973.75,188.8,41.47,156.0,-3360.02,-17.2309,-3204.02,-1245.87,-2302.95,-2973.75,15:28,2408.25,14:05,-6025.5,1.0,150.0,150.0,BUY CE 25350 7.55 | BUY PE 25050 5.15 | SELL CE 25200 43.55 | SELL PE 25200 28.8,-5596.5,188.8,28.75,156.0,-5970.05,-30.6156,-5814.05,-2115.88,-4042.97,-7078.5,15:02,6171.75,14:05,-7185.75,1.0,281115.24,3339.52,3339.52,0.0,0.0,85325.32,10757.93,3360.02,0.0,0.0,184455.96,7421.9,5970.05,0.0,0.0,3.0,1.0,0.0
2025-07-18,Fri,0,6,2025-07-24,25109.5,25238.35,25101.0,137.34999999999854,0.5470041219458712,25108.55,-0.9500000000007276,-0.0037834285828102017,25108.55,25087.3,25081.45,25071.85,-36.70000000000073,-0.14616535005008544,83.5,25050.0,154.2,103.2,257.4,1.0266494095968186,1.4941860465116277,50.999999999999986,0.1981351981351981,88,nifty_1min.csv,0.0037834285828102017,0.14616535005008544,0.3330428348925189,0.1981351981351981,0.32439782439782444,0.14257964257964542,0.5026178010471204,flat,down,SELL CE 25050 154.2 | SELL PE 25050 103.2,-78.0,94.4,93.35,78.0,-343.75,-1.7628,-265.75,-177.52,-260.63,-5850.0,10:20,1940.25,14:57,-7371.0,1.0,250.0,250.0,BUY CE 25300 49.8 | BUY PE 24800 34.2 | SELL CE 25050 154.2 | SELL PE 25050 103.2,1287.0,188.8,125.73,156.0,816.47,4.187,972.47,146.29,481.38,-926.25,10:20,1930.5,14:57,-3734.25,1.0,500.0,500.0,BUY CE 25550 13.95 | BUY PE 24550 12.05 | SELL CE 25050 154.2 | SELL PE 25050 103.2,1053.0,188.8,104.37,156.0,603.83,3.0966,759.83,75.41,339.62,-3188.25,10:20,2466.75,14:57,-5216.25,1.0,280771.49,3683.27,343.75,0.0,0.0,86141.79,9941.46,0.0,1.0,0.0,185059.79,6818.07,0.0,1.0,0.0,1.0,0.0,1.0
2025-07-21,Mon,0,3,2025-07-24,24967.45,25144.6,24918.65,225.9499999999971,0.9049782817227914,24999.0,31.549999999999272,0.12636452661364805,24999.0,24955.2,24925.8,24901.9,-97.09999999999854,-0.38841553662145906,142.65000000000146,24900.0,118.4,100.15,218.55,0.8776438745637882,1.182226660009985,18.25,0.08350491878288721,88,nifty_1min.csv,0.12636452661364805,0.38841553662145906,0.5728478549829589,0.08350491878288721,0.6527110501029579,0.4442919240448343,0.34375,mild_up,down,SELL CE 24900 118.4 | SELL PE 24900 100.15,-9954.75,94.4,83.65,78.0,-10210.8,-52.3631,-10132.8,-3466.53,-6838.67,-13552.5,10:11,380.25,09:32,-14322.75,1.0,200.0,200.0,BUY CE 25100 45 | BUY PE 24700 36.35 | SELL CE 24900 118.4 | SELL PE 24900 100.15,-4972.5,188.8,120.19,156.0,-5437.49,-27.8846,-5281.49,-1938.36,-3687.93,-4972.5,15:20,243.75,09:35,-6961.5,1.0,450.0,450.0,BUY CE 25350 13.7 | BUY PE 24450 10.85 | SELL CE 24900 118.4 | SELL PE 24900 100.15,-9623.25,188.8,93.02,156.0,-10061.07,-51.5952,-9905.07,-3479.56,-6770.31,-10647.0,10:11,321.75,09:32,-11875.5,1.0,270560.69,13894.07,10210.8,0.0,0.0,80704.3,15378.95,5437.49,0.0,0.0,174998.72,16879.14,10061.07,0.0,0.0,3.0,1.0,0.0
2025-07-22,Tue,0,2,2025-07-24,25093.3,25111.4,24882.3,229.10000000000218,0.9129927112018036,25166.65,73.35000000000218,0.29230910242974095,25166.65,25129.55,25139.15,25124.85,-41.80000000000291,-0.16609282522704813,66.40000000000146,25100.0,98.1,68.65,166.75,0.663685554341618,1.4289876183539691,29.44999999999999,0.17661169415292347,88,nifty_1min.csv,0.29230910242974095,0.16609282522704813,0.26428018475732773,0.17661169415292347,0.39820089955023363,0.2506746626686831,0.20207253886010362,mild_up,down,SELL CE 25100 98.1 | SELL PE 25100 68.65,6386.25,94.4,57.61,78.0,6156.24,31.5705,6234.24,1989.15,4072.69,-360.75,09:31,6386.25,15:29,-1803.75,1.0,150.0,150.0,BUY CE 25250 37.35 | BUY PE 24950 27.7 | SELL CE 25100 98.1 | SELL PE 25100 68.65,2193.75,188.8,75.26,156.0,1773.69,9.0958,1929.69,465.36,1119.53,-156.0,09:31,2193.75,15:29,-3003.0,1.0,350.0,350.0,BUY CE 25450 10.6 | BUY PE 24750 10 | SELL CE 25100 98.1 | SELL PE 25100 68.65,4309.5,188.8,62.14,156.0,3902.56,20.0131,4058.56,1174.99,2538.77,-380.25,11:19,4338.75,14:55,-2203.5,1.0,276716.93,7737.83,0.0,1.0,0.0,82477.99,13605.26,0.0,1.0,0.0,178901.28,12976.58,0.0,1.0,0.0,0.0,0.0,0.0
2025-07-23,Wed,0,1,2025-07-24,25064.9,25182.0,25035.55,146.45000000000073,0.5842832008106983,25139.35,74.44999999999709,0.2970289129419909,25139.35,25132.55,25124.2,25114.35,-25.0,-0.09944568972547023,44.79999999999927,25100.0,76.7,48.65,125.35,0.4991170386651457,1.5765673175745119,28.050000000000004,0.2237734343837256,88,nifty_1min.csv,0.2970289129419909,0.09944568972547023,0.17838407125806272,0.2237734343837256,0.3573992820103652,0.1994415636218588,0.10824742268041238,mild_up,down,SELL CE 25100 76.7 | SELL PE 25100 48.65,-5986.5,94.4,48.1,78.0,-6207.0,-31.8308,-6129.0,-2131.93,-4169.47,-6249.75,15:12,2359.5,11:42,-6688.5,1.0,150.0,150.0,BUY CE 25250 20.85 | BUY PE 24950 14.65 | SELL CE 25100 76.7 | SELL PE 25100 48.65,-4114.5,188.8,63.62,156.0,-4522.92,-23.1945,-4366.92,-1633.51,-3078.21,-4485.0,15:26,1218.75,11:42,-4914.0,1.0,250.0,250.0,BUY CE 25350 8.4 | BUY PE 24850 7 | SELL CE 25100 76.7 | SELL PE 25100 48.65,-5508.75,188.8,54.36,156.0,-5907.91,-30.297,-5751.91,-2095.17,-4001.54,-5918.25,15:12,1686.75,11:42,-6425.25,1.0,270509.93,13944.83,6207.0,0.0,0.0,77955.07,18128.18,4522.92,0.0,0.0,172993.37,18884.49,5907.91,0.0,0.0,3.0,1.0,0.0
2025-07-24,Thu,1,0,2025-07-24,25209.2,25233.5,25085.5,148.0,0.587087253859702,25243.3,34.099999999998545,0.13526807673388502,25243.3,25204.1,25199.3,25188.8,-54.5,-0.21589887217598333,62.900000000001455,25200.0,30.0,35.35,65.35,0.2594407038048656,0.8486562942008486,-5.350000000000001,-0.08186687069625098,88,nifty_1min.csv,0.13526807673388502,0.21589887217598333,0.24971415867370203,0.08186687069625098,0.9625095638867859,0.8339709257842388,0.005128205128205128,mild_up,down,SELL CE 25200 30 | SELL PE 25200 35.35,-14176.5,94.4,29.99,78.0,-14378.89,-73.7379,-14300.89,-4855.9,-9617.4,-25759.5,12:05,1725.75,10:34,-25974.0,1.0,50.0,50.0,BUY CE 25250 14.7 | BUY PE 25150 17.1 | SELL CE 25200 30 | SELL PE 25200 35.35,-3207.75,188.8,57.04,156.0,-3609.59,-18.5107,-3453.59,-1329.06,-2469.32,-3266.25,15:12,243.75,10:34,-7926.75,1.0,150.0,150.0,BUY CE 25350 4.5 | BUY PE 25050 5.45 | SELL CE 25200 30 | SELL PE 25200 35.35,-16097.25,188.8,30.88,156.0,-16472.93,-84.4766,-16316.93,-5616.84,-11044.89,-17433.0,14:59,1131.0,10:34,-19266.0,1.0,256131.04,28323.72,14378.89,0.0,0.0,74345.48,21737.77,3609.59,0.0,0.0,156520.44,35357.42,16472.93,0.0,0.0,3.0,1.0,0.0
2025-07-25,Fri,0,6,2025-07-31,25051.9,25246.25,25018.7,227.54999999999927,0.9083143394313375,25010.35,-41.55000000000291,-0.16585568360085626,25010.35,24935.05,24931.6,24991.55,-18.799999999999272,-0.07516888008364246,102.89999999999782,25000.0,138.6,119.3,257.9,1.0319487986939584,1.1617770326906958,19.299999999999997,0.07483520744474602,104,nifty_1min.csv,0.16585568360085626,0.07516888008364246,0.4117391678387208,0.07483520744474602,0.3989918573090261,0.0728964715005788,0.5153061224489796,mild_down,down,SELL CE 25000 138.6 | SELL PE 25000 119.3,-3198.0,94.4,94.92,78.0,-3465.32,-17.7709,-3387.32,-1218.04,-2341.68,-7995.0,12:23,1842.75,10:03,-9194.25,1.0,250.0,250.0,BUY CE 25250 46.6 | BUY PE 24750 41.85 | SELL CE 25000 138.6 | SELL PE 25000 119.3,-1355.25,188.8,129.59,156.0,-1829.64,-9.3828,-1673.64,-735.75,-1282.69,-2164.5,12:23,780.0,10:03,-5567.25,1.0,500.0,500.0,BUY CE 25500 14.65 | BUY PE 24500 16.25 | SELL CE 25000 138.6 | SELL PE 25000 119.3,-2827.5,188.8,106.64,156.0,-3278.94,-16.8151,-3122.94,-1218.85,-2248.89,-5674.5,12:23,1394.25,10:03,-7390.5,1.0,252665.72,31789.04,3465.32,0.0,0.0,72515.84,23567.41,1829.64,0.0,0.0,153241.5,38636.36,3278.94,0.0,0.0,3.0,1.0,0.0
2025-07-28,Mon,0,3,2025-07-31,24832.2,25010.35,24806.35,204.0,0.8215140019812984,24782.45,-49.75,-0.20034471371847842,24782.45,24787.8,24783.45,24784.05,1.5999999999985448,0.006456181693087426,67.09999999999854,24800.0,116.1,109.7,225.8,0.9110698211147896,1.0583409298085686,6.3999999999999915,0.028343666961913157,104,nifty_1min.csv,0.20034471371847842,0.006456181693087426,0.2707386403755583,0.028343666961913157,0.29716563330380225,0.007085916740471854,0.38071065989847713,mild_down,up,SELL CE 24800 116.1 | SELL PE 24800 109.7,487.5,94.4,81.64,78.0,233.46,1.1972,311.46,14.89,124.17,-5791.5,13:35,2759.25,12:24,-7380.75,1.0,250.0,250.0,BUY CE 25050 35.4 | BUY PE 24550 31.7 | SELL CE 24800 116.1 | SELL PE 24800 109.7,575.25,188.8,106.09,156.0,124.36,0.6377,280.36,-84.41,19.97,-1745.25,10:30,1852.5,12:46,-5830.5,1.0,450.0,450.0,BUY CE 25250 13.95 | BUY PE 24350 12.35 | SELL CE 24800 116.1 | SELL PE 24800 109.7,448.5,188.8,91.12,156.0,12.58,0.0645,168.58,-121.67,-54.55,-3675.75,13:35,2554.5,12:24,-6561.75,1.0,252899.18,31555.58,0.0,1.0,0.0,72640.2,23443.05,0.0,1.0,0.0,153254.08,38623.78,0.0,1.0,0.0,0.0,0.0,0.0
2025-07-29,Tue,0,2,2025-07-31,24673.95,24889.2,24646.6,242.60000000000218,0.9832231969344275,24609.65,-64.29999999999927,-0.2605987286186414,24609.65,24684.5,24663.05,24710.0,100.34999999999854,0.40776687193844097,113.55000000000291,24700.0,121.0,83.8,204.8,0.8288142452448402,1.4439140811455848,37.2,0.181640625,104,nifty_1min.csv,0.2605987286186414,0.40776687193844097,0.45953055443141605,0.181640625,0.5544433593750142,0.4899902343749929,0.3282828282828283,mild_down,up,SELL CE 24700 121 | SELL PE 24700 83.8,585.0,94.4,73.98,78.0,338.62,1.7365,416.62,49.94,194.28,-1140.75,15:23,6581.25,12:47,-2544.75,1.0,200.0,200.0,BUY CE 24900 45.25 | BUY PE 24500 28.75 | SELL CE 24700 121 | SELL PE 24700 83.8,-1560.0,188.8,97.78,156.0,-2002.58,-10.2696,-1846.58,-793.39,-1397.98,-2203.5,15:23,2710.5,12:58,-3597.75,1.0,400.0,400.0,BUY CE 25100 18.55 | BUY PE 24300 10.8 | SELL CE 24700 121 | SELL PE 24700 83.8,-1530.75,188.8,81.63,156.0,-1957.18,-10.0368,-1801.18,-778.26,-1367.72,-2739.75,15:23,5021.25,12:47,-3315.0,1.0,253237.8,31216.96,0.0,1.0,0.0,70637.62,25445.63,2002.58,0.0,0.0,151296.9,40580.96,1957.18,0.0,0.0,2.0,0.0,0.0
2025-07-30,Wed,0,1,2025-07-31,24830.4,24847.15,24598.6,248.5500000000029,1.0009907210516258,24890.4,60.0,0.24163928088150008,24890.4,24862.0,24840.5,24832.65,-57.75,-0.2320171632436602,78.14999999999782,24850.0,63.25,80.0,143.25,0.5768615109543282,0.790625,-16.75,-0.1169284467713787,104,nifty_1min.csv,0.24163928088150008,0.2320171632436602,0.31470664629025824,0.1169284467713787,0.5455497382198801,0.4031413612565445,0.1658291457286432,mild_up,down,SELL CE 24850 63.25 | SELL PE 24850 80,5031.0,94.4,49.69,78.0,4808.91,24.6611,4886.91,1540.04,3174.47,-1404.0,09:37,5645.25,15:08,-3305.25,1.0,150.0,150.0,BUY CE 25000 21.9 | BUY PE 24700 25.45 | SELL CE 24850 63.25 | SELL PE 24850 80,2583.75,188.8,63.4,156.0,2175.55,11.1567,2331.55,599.32,1387.43,-380.25,09:54,2730.0,15:28,-4358.25,1.0,300.0,300.0,BUY CE 25150 7.65 | BUY PE 24550 8.65 | SELL CE 24850 63.25 | SELL PE 24850 80,4212.0,188.8,54.44,156.0,3812.76,19.5526,3968.76,1145.05,2478.9,-897.0,09:37,4660.5,15:08,-3578.25,1.0,258046.71,26408.05,0.0,1.0,0.0,72813.17,23270.08,0.0,1.0,0.0,155109.66,36768.2,0.0,1.0,0.0,0.0,0.0,0.0
2025-07-31,Thu,1,0,2025-07-31,24844.55,24902.3,24771.95,130.34999999999854,0.5246623504953745,24642.25,-202.29999999999927,-0.8142630878804377,24642.25,24680.35,24717.6,24708.4,66.15000000000146,0.26844139638223563,93.95000000000073,24700.0,54.6,56.3,110.9,0.4488352139353418,0.9698046181172292,-1.6999999999999957,-0.015329125338142431,104,nifty_1min.csv,0.8142630878804377,0.26844139638223563,0.3802350617603759,0.015329125338142431,0.8471596032461742,0.5964833183047922,0.095,strong_down,up,SELL CE 24700 54.6 | SELL PE 24700 56.3,8297.25,94.4,36.51,78.0,8088.34,41.4787,8166.34,2633.18,5360.76,-32116.5,13:38,9828.0,15:09,-32916.0,1.0,100.0,100.0,BUY CE 24800 20.9 | BUY PE 24600 24.05 | SELL CE 24700 54.6 | SELL PE 24700 56.3,-448.5,188.8,40.44,156.0,-833.74,-4.2756,-677.74,-403.78,-618.76,-6581.25,14:08,1267.5,10:58,-13884.0,1.0,200.0,200.0,BUY CE 24900 9.1 | BUY PE 24500 11.05 | SELL CE 24700 54.6 | SELL PE 24700 56.3,4397.25,188.8,38.3,156.0,4014.15,20.5854,4170.15,1212.18,2613.16,-19509.75,14:08,6025.5,15:09,-22629.75,1.0,266135.05,18319.71,0.0,1.0,0.0,71979.43,24103.82,833.74,0.0,0.0,159123.81,32754.05,0.0,1.0,0.0,1.0,0.0,1.0
2025-08-01,Fri,0,6,2025-08-07,24765.6,24956.5,24635.0,321.5,1.2981716574603483,24734.9,-30.69999999999709,-0.1239622702458131,24734.9,24726.7,24712.6,24685.5,-49.400000000001455,-0.19971780763213698,80.45000000000073,24700.0,150.0,154.3,304.3,1.2327074598448482,0.9721322099805573,-4.300000000000011,-0.014130791981597146,90,nifty_1min.csv,0.1239622702458131,0.19971780763213698,0.3258998197322344,0.014130791981597146,0.2643772592836041,0.1623397962537018,0.6766169154228856,mild_down,down,SELL CE 24700 150 | SELL PE 24700 154.3,-1852.5,94.4,111.14,78.0,-2136.04,-10.9541,-2058.04,-774.95,-1455.49,-4329.0,15:16,3441.75,14:52,-6366.75,1.0,300.0,300.0,BUY CE 25000 46.1 | BUY PE 24400 53.9 | SELL CE 24700 150 | SELL PE 24700 154.3,-312.0,188.8,149.57,156.0,-806.37,-4.1352,-650.37,-394.66,-600.51,-897.0,15:10,1745.25,14:52,-8238.75,1.0,600.0,600.0,BUY CE 25300 12.15 | BUY PE 24100 18.75 | SELL CE 24700 150 | SELL PE 24700 154.3,-1238.25,188.8,123.21,156.0,-1706.26,-8.7501,-1550.26,-694.62,-1200.44,-2895.75,15:10,3071.25,14:52,-6883.5,1.0,263999.01,20455.75,2136.04,0.0,0.0,71173.06,24910.19,806.37,0.0,0.0,157417.55,34460.31,1706.26,0.0,0.0,3.0,1.0,0.0
2025-08-04,Mon,0,3,2025-08-07,24572.15,24784.15,24535.05,249.10000000000218,1.0137493056163265,24596.05,23.899999999997817,0.0972645861269682,24596.05,24642.75,24647.35,24659.65,63.60000000000218,0.25857810502093703,103.55000000000291,24650.0,148.4,120.65,269.05,1.0910536037616105,1.2300041442188148,27.75,0.10314068017097193,90,nifty_1min.csv,0.0972645861269682,0.25857810502093703,0.4199167465880615,0.10314068017097193,0.3848727002416016,0.2363872886080735,0.5891089108910891,flat,up,SELL CE 24650 148.4 | SELL PE 24650 120.65,6015.75,94.4,94.86,78.0,5748.49,29.4794,5826.49,1853.23,3800.86,-3334.5,09:48,6015.75,15:29,-6503.25,1.0,250.0,250.0,BUY CE 24900 50.75 | BUY PE 24400 43.7 | SELL CE 24650 148.4 | SELL PE 24650 120.65,1696.5,188.8,122.99,156.0,1228.71,6.3011,1384.71,283.7,756.21,-429.0,09:48,1696.5,15:29,-7488.0,1.0,550.0,550.0,BUY CE 25200 11.8 | BUY PE 24100 13.05 | SELL CE 24650 148.4 | SELL PE 24650 120.65,4231.5,188.8,101.35,156.0,3785.35,19.4121,3941.35,1135.92,2460.64,-1998.75,09:48,4231.5,15:29,-6191.25,1.0,269747.5,14707.26,0.0,1.0,0.0,72401.77,23681.48,0.0,1.0,0.0,161202.9,30674.96,0.0,1.0,0.0,0.0,0.0,0.0
2025-08-05,Tue,0,2,2025-08-07,24726.9,24736.25,24554.0,182.25,0.7370515511447047,24720.25,-6.650000000001455,-0.026893787737247512,24720.25,24686.95,24679.95,24672.75,-47.5,-0.19215016029368634,68.89999999999782,24650.0,121.8,93.6,215.39999999999998,0.8730279356780252,1.3012820512820513,28.200000000000003,0.13091922005571033,90,nifty_1min.csv,0.026893787737247512,0.19215016029368634,0.2792554538914301,0.13091922005571033,0.31987000928504095,0.22051996285979575,0.35467980295566504,flat,down,SELL CE 24650 121.8 | SELL PE 24650 93.6,7644.0,94.4,74.69,78.0,7396.91,37.9329,7474.91,2402.7,4899.81,-1706.25,09:40,7644.0,15:29,-2866.5,1.0,200.0,200.0,BUY CE 24850 42.2 | BUY PE 24450 34.85 | SELL CE 24650 121.8 | SELL PE 24650 93.6,2515.5,188.8,95.37,156.0,2075.33,10.6427,2231.33,565.91,1320.62,-224.25,09:40,2515.5,15:29,-3666.0,1.0,450.0,450.0,BUY CE 25100 9.45 | BUY PE 24200 10.8 | SELL CE 24650 121.8 | SELL PE 24650 93.6,5625.75,188.8,79.17,156.0,5201.78,26.6758,5357.78,1608.06,3404.92,-1072.5,09:40,5655.0,15:06,-2876.25,1.0,277144.41,7310.35,0.0,1.0,0.0,74477.1,21606.15,0.0,1.0,0.0,166404.68,25473.18,0.0,1.0,0.0,0.0,0.0,0.0
2025-08-06,Wed,0,1,2025-08-07,24649.5,24733.1,24590.3,142.79999999999927,0.579322095782873,24641.35,-8.150000000001455,-0.033063550984812895,24641.35,24650.25,24662.45,24650.65,9.30000000000291,0.037741438679304955,37.05000000000291,24650.0,95.5,82.95,178.45,0.7239160022149517,1.1512959614225438,12.549999999999997,0.07032782291958531,90,nifty_1min.csv,0.033063550984812895,0.037741438679304955,0.1503002963410819,0.07032782291958531,0.20762118240405106,0.052115438498195076,0.2549019607843137,flat,up,SELL CE 24650 95.5 | SELL PE 24650 82.95,3558.75,94.4,63.11,78.0,3323.24,17.0423,3401.24,1044.81,2184.03,-955.5,09:49,7702.5,13:49,-3558.75,1.0,200.0,200.0,BUY CE 24850 25.65 | BUY PE 24450 23.8 | SELL CE 24650 95.5 | SELL PE 24650 82.95,2037.75,188.8,78.88,156.0,1614.07,8.2773,1770.07,412.16,1013.11,-341.25,09:49,3831.75,13:49,-4884.75,1.0,350.0,350.0,BUY CE 25000 8.35 | BUY PE 24300 8.35 | SELL CE 24650 95.5 | SELL PE 24650 82.95,3597.75,188.8,69.22,156.0,3183.73,16.3268,3339.73,935.38,2059.55,-702.0,09:49,6376.5,13:49,-3900.0,1.0,280467.65,3987.11,0.0,1.0,0.0,76091.17,19992.08,0.0,1.0,0.0,169588.41,22289.45,0.0,1.0,0.0,0.0,0.0,0.0
2025-08-07,Thu,1,0,2025-08-07,24569.6,24671.4,24539.2,132.20000000000073,0.5380632977337878,24464.2,-105.39999999999782,-0.4289854128679255,24464.2,24519.2,24505.3,24526.25,62.04999999999927,0.25363592514776395,69.39999999999782,24550.0,41.55,56.2,97.75,0.3985525712247082,0.73932384341637,-14.650000000000006,-0.1498721227621484,90,nifty_1min.csv,0.4289854128679255,0.25363592514776395,0.2829621324091446,0.1498721227621484,0.7099744245524073,0.6347826086956447,0.07317073170731707,mild_down,up,SELL CE 24550 41.55 | SELL PE 24550 56.2,10052.25,94.4,30.97,78.0,9848.88,50.5071,9926.88,3220.03,6534.45,-21479.25,13:38,14849.25,15:00,-23185.5,1.0,100.0,100.0,BUY CE 24650 15.4 | BUY PE 24450 19.1 | SELL CE 24550 41.55 | SELL PE 24550 56.2,3344.25,188.8,33.99,156.0,2965.46,15.2075,3121.46,862.62,1914.04,-6756.75,13:38,8307.0,15:00,-10783.5,1.0,200.0,200.0,BUY CE 24750 6.05 | BUY PE 24350 7 | SELL CE 24550 41.55 | SELL PE 24550 56.2,7527.0,188.8,32.13,156.0,7150.07,36.667,7306.07,2257.49,4703.78,-17296.5,13:38,12421.5,15:00,-20231.25,1.0,290316.53,0.0,0.0,1.0,0.0,79056.63,17026.62,0.0,1.0,0.0,176738.48,15139.38,0.0,1.0,0.0,0.0,0.0,0.0
2025-08-08,Fri,0,6,2025-08-14,24626.65,24634.2,24344.15,290.0499999999993,1.177789102456076,24544.25,-82.40000000000146,-0.3345968696513795,24544.25,24573.0,24560.4,24514.95,-29.299999999999272,-0.11937622864825477,71.15000000000146,24500.0,156.5,117.3,273.8,1.1168695020793433,1.3341858482523445,39.2,0.14317019722425128,91,nifty_1min.csv,0.3345968696513795,0.11937622864825477,0.2902310630860004,0.14317019722425128,0.2598612125639206,0.10701241782322597,0.6019417475728155,mild_down,down,SELL CE 24500 156.5 | SELL PE 24500 117.3,126.75,94.4,99.2,78.0,-144.85,-0.7428,-66.85,-111.22,-128.03,-2739.75,15:13,3110.25,13:44,-4972.5,1.0,250.0,250.0,BUY CE 24750 53.7 | BUY PE 24250 43.8 | SELL CE 24500 156.5 | SELL PE 24500 117.3,360.75,188.8,134.88,156.0,-118.93,-0.6099,37.07,-165.51,-142.22,-253.5,09:35,1482.0,14:33,-5304.0,1.0,550.0,550.0,BUY CE 25050 11.8 | BUY PE 23950 14.75 | SELL CE 24500 156.5 | SELL PE 24500 117.3,263.25,188.8,109.02,156.0,-190.57,-0.9773,-34.57,-189.39,-189.98,-1433.25,15:13,2739.75,14:43,-4865.25,1.0,290171.68,144.85,144.85,0.0,0.0,78937.7,17145.55,118.93,0.0,0.0,176547.91,15329.95,190.57,0.0,0.0,3.0,1.0,0.0
2025-08-11,Mon,0,3,2025-08-14,24350.85,24585.5,24337.5,248.0,1.0184449413470167,24371.5,20.650000000001455,0.08480196789845716,24371.5,24400.05,24409.1,24400.85,29.349999999998545,0.12042754857107091,80.95000000000073,24400.0,136.7,109.9,246.6,1.0106205316618069,1.24385805277525,26.799999999999983,0.10867802108678014,91,nifty_1min.csv,0.08480196789845716,0.12042754857107091,0.3317507381915004,0.10867802108678014,0.32826439578264693,0.11901865369018064,0.5024154589371981,flat,up,SELL CE 24400 136.7 | SELL PE 24400 109.9,-692.25,94.4,89.7,78.0,-954.35,-4.8941,-876.35,-381.05,-667.7,-6045.0,15:07,2671.5,12:33,-7341.75,1.0,250.0,250.0,BUY CE 24650 44.5 | BUY PE 24150 34.9 | SELL CE 24400 136.7 | SELL PE 24400 109.9,-1462.5,188.8,117.4,156.0,-1924.7,-9.8703,-1768.7,-767.43,-1346.07,-3549.0,15:07,945.75,12:05,-5635.5,1.0,500.0,500.0,BUY CE 24900 12.4 | BUY PE 23900 11 | SELL CE 24400 136.7 | SELL PE 24400 109.9,-1540.5,188.8,96.99,156.0,-1982.29,-10.1656,-1826.29,-786.63,-1384.46,-5947.5,15:07,1959.75,12:05,-7322.25,1.0,289217.33,1099.2,954.35,0.0,0.0,77013.0,19070.25,1924.7,0.0,0.0,174565.62,17312.24,1982.29,0.0,0.0,3.0,1.0,0.0
2025-08-12,Tue,0,2,2025-08-14,24562.15,24600.85,24347.45,253.39999999999782,1.0316686446422556,24563.35,1.1999999999970896,0.004885565799399033,24563.35,24578.45,24609.9,24618.85,55.5,0.22594637946371324,97.15000000000146,24600.0,110.75,80.4,191.15,0.7764375671487499,1.3774875621890545,30.349999999999994,0.1587758304996076,91,nifty_1min.csv,0.004885565799399033,0.22594637946371324,0.39461632042114664,0.1587758304996076,0.5082396024064947,0.29034789432382946,0.2932692307692308,flat,up,SELL CE 24600 110.75 | SELL PE 24600 80.4,2905.5,94.4,68.0,78.0,2665.1,13.6672,2743.1,825.43,1745.26,-5869.5,10:01,5372.25,13:57,-6678.75,1.0,200.0,200.0,BUY CE 24800 34 | BUY PE 24400 27.5 | SELL CE 24600 110.75 | SELL PE 24600 80.4,458.25,188.8,86.84,156.0,26.61,0.1365,182.61,-117.0,-45.19,-2340.0,10:01,2505.75,13:57,-5528.25,1.0,400.0,400.0,BUY CE 25000 9.65 | BUY PE 24200 10.45 | SELL CE 24600 110.75 | SELL PE 24600 80.4,1716.0,188.8,73.61,156.0,1297.59,6.6543,1453.59,306.66,802.13,-4962.75,10:01,4329.0,13:57,-6513.0,1.0,291882.43,0.0,0.0,1.0,0.0,77039.61,19043.64,0.0,1.0,0.0,175863.21,16014.65,0.0,1.0,0.0,0.0,0.0,0.0
2025-08-13,Wed,0,1,2025-08-14,24485.85,24702.6,24465.65,236.9499999999971,0.9677017542784796,24586.2,100.35000000000218,0.4098285336224889,24586.2,24566.2,24562.1,24546.85,-39.35000000000218,-0.1600491332536227,56.349999999998545,24550.0,88.6,67.55,156.14999999999998,0.6361305014696387,1.311621021465581,21.049999999999997,0.13480627601665066,91,nifty_1min.csv,0.4098285336224889,0.1600491332536227,0.22956102310479165,0.13480627601665066,0.3608709574127349,0.25200128081973866,0.20095693779904306,mild_up,down,SELL CE 24550 88.6 | SELL PE 24550 67.55,2525.25,94.4,55.48,78.0,2297.37,11.7814,2375.37,702.86,1500.11,-3295.5,13:53,3237.0,12:05,-4787.25,1.0,150.0,150.0,BUY CE 24700 29.7 | BUY PE 24400 23.85 | SELL CE 24550 88.6 | SELL PE 24550 67.55,390.0,188.8,71.88,156.0,-26.68,-0.1368,129.32,-134.76,-80.72,-1764.75,13:53,1140.75,12:00,-3968.25,1.0,300.0,300.0,BUY CE 24850 8.15 | BUY PE 24250 7.75 | SELL CE 24550 88.6 | SELL PE 24550 67.55,1628.25,188.8,59.98,156.0,1223.47,6.2742,1379.47,281.96,752.71,-3246.75,13:53,2613.0,12:00,-4943.25,1.0,294179.8,0.0,0.0,1.0,0.0,77012.93,19070.32,26.68,0.0,0.0,177086.68,14791.18,0.0,1.0,0.0,1.0,0.0,1.0
2025-08-14,Thu,1,0,2025-08-14,24630.4,24664.55,24535.25,129.29999999999927,0.5249610237754939,24607.25,-23.150000000001455,-0.09398954137976424,24607.25,24640.15,24635.05,24634.0,26.75,0.10870779953062613,59.75,24650.0,44.1,56.5,100.6,0.4083786636356256,0.7805309734513275,-12.399999999999999,-0.12326043737574552,91,nifty_1min.csv,0.09398954137976424,0.10870779953062613,0.24255094584720305,0.12326043737574552,0.5939363817097416,0.26590457256461236,0.08571428571428572,flat,up,SELL CE 24650 44.1 | SELL PE 24650 56.5,15970.5,94.4,29.37,78.0,15768.73,80.8653,15846.73,5193.31,10481.02,380.25,10:06,17725.5,15:06,-897.0,1.0,100.0,100.0,BUY CE 24750 14.75 | BUY PE 24550 21 | SELL CE 24650 44.1 | SELL PE 24650 56.5,9018.75,188.8,32.5,156.0,8641.45,44.3151,8797.45,2754.62,5698.04,-9.75,10:06,10832.25,15:06,-2203.5,1.0,200.0,200.0,BUY CE 24850 4.9 | BUY PE 24450 8.15 | SELL CE 24650 44.1 | SELL PE 24650 56.5,13445.25,188.8,30.53,156.0,13069.92,67.0252,13225.92,4230.77,8650.35,117.0,09:46,15239.25,15:06,-1511.25,1.0,309948.53,0.0,0.0,1.0,0.0,85654.38,10428.87,0.0,1.0,0.0,190156.6,1721.26,0.0,1.0,0.0,0.0,0.0,0.0
2025-08-18,Mon,0,3,2025-08-21,24616.05,24673.65,24596.9,76.75,0.3117884469685429,24938.2,322.15000000000146,1.308698999230183,24938.2,24945.05,24942.05,24963.75,25.549999999999272,0.10245326446976635,84.54999999999927,24950.0,155.7,108.8,264.5,1.0595363276751288,1.431066176470588,46.89999999999999,0.17731568998109637,88,nifty_1min.csv,1.308698999230183,0.10245326446976635,0.33869110209803927,0.17731568998109637,0.3196597353497137,0.09659735349716171,0.5639810426540285,strong_up,up,SELL CE 24950 155.7 | SELL PE 24950 108.8,10335.0,94.4,91.29,78.0,10071.31,51.6477,10149.31,3294.17,6682.74,-3987.75,09:50,10335.0,15:29,-4660.5,1.0,250.0,250.0,BUY CE 25200 52.65 | BUY PE 24700 36.7 | SELL CE 24950 155.7 | SELL PE 24950 108.8,3841.5,188.8,114.5,156.0,3382.2,17.3446,3538.2,1001.53,2191.87,-994.5,09:50,3851.25,15:27,-2934.75,1.0,550.0,550.0,BUY CE 25500 10.45 | BUY PE 24400 9.9 | SELL CE 24950 155.7 | SELL PE 24950 108.8,8716.5,188.8,96.38,156.0,8275.32,42.4375,8431.32,2632.57,5453.95,-3100.5,09:50,8716.5,15:29,-4221.75,1.0,320019.84,0.0,0.0,1.0,0.0,89036.58,7046.67,0.0,1.0,0.0,198431.92,0.0,0.0,1.0,0.0,0.0,0.0,0.0
2025-08-19,Tue,0,2,2025-08-21,24884.05,25022.0,24852.85,169.15000000000146,0.6797526929900939,24891.35,7.299999999999272,0.02933606064928849,24891.35,24905.5,24927.95,24921.55,30.200000000000728,0.12132728839536919,49.5,24900.0,113.65,75.6,189.25,0.7593829436772592,1.5033068783068786,38.05000000000001,0.20105680317040958,88,nifty_1min.csv,0.02933606064928849,0.12132728839536919,0.19862327985217612,0.20105680317040958,0.261558784676354,0.15957727873184005,0.28773584905660377,flat,up,SELL CE 24900 113.65 | SELL PE 24900 75.6,1491.75,94.4,67.94,78.0,1251.41,6.4175,1329.41,354.2,802.8,-4231.5,12:21,4728.75,14:06,-5294.25,1.0,200.0,200.0,BUY CE 25100 33.7 | BUY PE 24700 22.4 | SELL CE 24900 113.65 | SELL PE 24900 75.6,-48.75,188.8,86.1,156.0,-479.65,-2.4597,-323.65,-285.75,-382.7,-1326.0,12:21,1842.75,11:26,-3383.25,1.0,400.0,400.0,BUY CE 25300 8.2 | BUY PE 24500 7.3 | SELL CE 24900 113.65 | SELL PE 24900 75.6,516.75,188.8,72.18,156.0,99.77,0.5116,255.77,-92.61,3.58,-3432.0,12:21,3919.5,14:06,-4797.0,1.0,321271.25,0.0,0.0,1.0,0.0,88556.93,7526.32,479.65,0.0,0.0,198531.69,0.0,0.0,1.0,0.0,1.0,0.0,1.0
2025-08-20,Wed,0,1,2025-08-21,24989.7,25012.65,24873.95,138.70000000000073,0.5550286718127898,24965.8,-23.900000000001455,-0.09563940343422071,24965.8,24942.9,24943.4,24937.65,-28.149999999997817,-0.11275424781099672,51.599999999998545,24950.0,62.3,75.6,137.89999999999998,0.5529791299500955,0.8240740740740741,-13.299999999999997,-0.09644670050761421,88,nifty_1min.csv,0.09563940343422071,0.11275424781099672,0.20691604862526558,0.09644670050761421,0.3741841914430642,0.2041334300217391,0.1596244131455399,flat,down,SELL CE 24950 62.3 | SELL PE 24950 75.6,-828.75,94.4,50.36,78.0,-1051.51,-5.3924,-973.51,-413.44,-732.47,-4894.5,13:06,487.5,09:57,-5723.25,1.0,150.0,150.0,BUY CE 25100 17.3 | BUY PE 24800 23.55 | SELL CE 24950 62.3 | SELL PE 24950 75.6,-1374.75,188.8,64.4,156.0,-1783.95,-9.1485,-1627.95,-720.52,-1252.23,-2486.25,14:50,292.5,11:00,-3724.5,1.0,300.0,300.0,BUY CE 25250 4.4 | BUY PE 24650 6.95 | SELL CE 24950 62.3 | SELL PE 24950 75.6,-1082.25,188.8,54.12,156.0,-1481.17,-7.5957,-1325.17,-619.59,-1050.38,-4426.5,14:10,321.75,09:57,-5226.0,1.0,320219.74,1051.51,1051.51,0.0,0.0,86772.98,9310.27,1783.95,0.0,0.0,197050.52,1481.17,1481.17,0.0,0.0,3.0,1.0,0.0
2025-08-21,Thu,1,0,2025-08-21,25047.15,25088.7,24929.7,159.0,0.6348027619908851,25142.0,94.84999999999854,0.378685798583865,25142.0,25074.7,25065.4,25065.7,-76.29999999999927,-0.3034762548723223,86.25,25050.0,48.2,30.9,79.1,0.3155706802522969,1.5598705501618124,17.300000000000004,0.2187104930467763,88,nifty_1min.csv,0.378685798583865,0.3034762548723223,0.3440957164571506,0.2187104930467763,1.09039190897598,0.9646017699114953,0.037383177570093455,mild_up,down,SELL CE 25050 48.2 | SELL PE 25050 30.9,8862.75,94.4,24.74,78.0,8665.61,44.439,8743.61,2825.6,5745.61,-6561.75,10:35,9174.75,15:21,-7488.0,1.0,100.0,100.0,BUY CE 25150 12.6 | BUY PE 24950 9.9 | SELL CE 25050 48.2 | SELL PE 25050 30.9,4494.75,188.8,26.71,156.0,4123.24,21.1448,4279.24,1248.55,2685.89,-4806.75,14:17,4816.5,15:21,-6474.0,1.0,150.0,150.0,BUY CE 25200 6.65 | BUY PE 24900 5.95 | SELL CE 25050 48.2 | SELL PE 25050 30.9,6425.25,188.8,25.86,156.0,6054.59,31.0492,6210.59,1892.33,3973.46,-5206.5,10:35,6747.0,15:21,-6474.0,1.0,328885.35,0.0,0.0,1.0,0.0,90896.22,5187.03,0.0,1.0,0.0,203105.11,0.0,0.0,1.0,0.0,0.0,0.0,0.0
2025-08-22,Fri,0,6,2025-08-28,25076.95,25153.65,25054.9,98.75,0.39378792077983965,25064.15,-12.799999999999272,-0.05104288998462441,25064.15,25022.25,24996.85,24986.9,-77.25,-0.3082091353586696,99.44999999999709,25000.0,119.5,116.2,235.7,0.9432942862059719,1.0283993115318417,3.299999999999997,0.014000848536274915,97,nifty_1min.csv,0.05104288998462441,0.3082091353586696,0.39800855648358574,0.014000848536274915,0.4219346627068184,0.3277471361900721,0.44651162790697674,flat,down,SELL CE 25000 119.5 | SELL PE 25000 116.2,-2310.75,94.4,86.47,78.0,-2569.62,-13.1775,-2491.62,-919.47,-1744.55,-2310.75,15:29,3276.0,13:38,-4085.25,1.0,250.0,250.0,BUY CE 25250 33.35 | BUY PE 24750 36.65 | SELL CE 25000 119.5 | SELL PE 25000 116.2,-604.5,188.8,114.26,156.0,-1063.56,-5.4542,-907.56,-480.39,-771.98,-604.5,15:29,1745.25,13:38,-4212.0,1.0,450.0,450.0,BUY CE 25450 11 | BUY PE 24550 14.6 | SELL CE 25000 119.5 | SELL PE 25000 116.2,-1296.75,188.8,97.19,156.0,-1738.74,-8.9166,-1582.74,-705.45,-1222.09,-1296.75,15:29,2808.0,13:38,-4036.5,1.0,326315.73,2569.62,2569.62,0.0,0.0,89832.66,6250.59,1063.56,0.0,0.0,201366.37,1738.74,1738.74,0.0,0.0,3.0,1.0,0.0
2025-08-25,Mon,0,3,2025-08-28,24869.45,25084.85,24859.15,225.6999999999971,0.9075391695433437,24949.15,79.70000000000073,0.32047351268323476,24949.15,24922.9,24933.25,24947.8,-1.3500000000021828,-0.0054110059861846305,46.349999999998545,24950.0,99.85,85.2,185.05,0.7417487714347558,1.1719483568075115,14.649999999999991,0.07916779248851656,97,nifty_1min.csv,0.32047351268323476,0.0054110059861846305,0.18578792518778628,0.07916779248851656,0.2504728451769713,0.007295325587690801,0.2777777777777778,mild_up,down,SELL CE 24950 99.85 | SELL PE 24950 85.2,5372.25,94.4,64.7,78.0,5135.15,26.3341,5213.15,1648.78,3391.97,-165.75,10:00,5655.0,14:40,-1043.25,1.0,200.0,200.0,BUY CE 25150 30.05 | BUY PE 24750 26 | SELL CE 24950 99.85 | SELL PE 24950 85.2,2028.0,188.8,80.28,156.0,1602.92,8.2201,1758.92,408.44,1005.68,-175.5,10:00,2037.75,15:14,-2554.5,1.0,350.0,350.0,BUY CE 25300 11.55 | BUY PE 24600 10.9 | SELL CE 24950 99.85 | SELL PE 24950 85.2,3705.0,188.8,70.48,156.0,3289.72,16.8704,3445.72,970.71,2130.22,-195.0,10:00,3948.75,14:40,-1657.5,1.0,331450.88,0.0,0.0,1.0,0.0,91435.58,4647.67,0.0,1.0,0.0,204656.09,0.0,0.0,1.0,0.0,0.0,0.0,0.0
2025-08-26,Tue,0,2,2025-08-28,24978.55,25021.55,24894.35,127.20000000000073,0.5092369252818948,24899.5,-79.04999999999927,-0.3164715325749464,24899.5,24846.6,24806.35,24799.75,-99.75,-0.40061045402518125,123.05000000000291,24800.0,84.25,72.9,157.15,0.6336757426990192,1.1556927297668038,11.349999999999994,0.07222398981864457,97,nifty_1min.csv,0.3164715325749464,0.40061045402518125,0.4961743565963484,0.07222398981864457,0.7830098631880554,0.6347438752783964,0.2073732718894009,mild_down,down,SELL CE 24800 84.25 | SELL PE 24800 72.9,643.5,94.4,56.68,78.0,414.42,2.1252,492.42,75.21,244.81,-789.75,15:13,6717.75,13:48,-1784.25,1.0,150.0,150.0,BUY CE 24950 29.75 | BUY PE 24650 26.7 | SELL CE 24800 84.25 | SELL PE 24800 72.9,97.5,188.8,76.38,156.0,-323.68,-1.6599,-167.68,-233.76,-278.72,-526.5,15:14,3061.5,14:07,-2574.0,1.0,300.0,300.0,BUY CE 25100 10.45 | BUY PE 24500 11.1 | SELL CE 24800 84.25 | SELL PE 24800 72.9,165.75,188.8,63.82,156.0,-242.87,-1.2455,-86.87,-206.82,-224.85,-604.5,15:13,5752.5,14:07,-1872.0,1.0,331865.3,0.0,0.0,1.0,0.0,91111.9,4971.35,323.68,0.0,0.0,204413.22,242.87,242.87,0.0,0.0,2.0,0.0,0.0
2025-08-28,Thu,1,0,2025-08-28,24710.7,24919.65,24689.6,230.0500000000029,0.9309732221264589,24695.8,-14.900000000001455,-0.060297765745209383,24695.8,24575.55,24521.15,24529.35,-166.45000000000073,-0.674001247175636,188.3000000000029,24550.0,46.1,53.1,99.2,0.40441348833132557,0.8681732580037664,-7.0,-0.07056451612903225,97,nifty_1min.csv,0.060297765745209383,0.674001247175636,0.767651813032155,0.07056451612903225,1.898185483870997,1.6779233870967816,0.0871559633027523,flat,down,SELL CE 24550 46.1 | SELL PE 24550 53.1,9759.75,94.4,31.62,78.0,9555.73,49.0037,9633.73,3122.31,6339.02,-12441.0,11:06,12753.0,14:37,-13162.5,1.0,100.0,100.0,BUY CE 24650 16.25 | BUY PE 24450 18.1 | SELL CE 24550 46.1 | SELL PE 24550 53.1,3090.75,188.8,34.64,156.0,2711.31,13.9042,2867.31,777.9,1744.61,-4046.25,11:36,6532.5,14:37,-9321.0,1.0,200.0,200.0,BUY CE 24750 7.3 | BUY PE 24350 6.35 | SELL CE 24550 46.1 | SELL PE 24550 53.1,7127.25,188.8,32.85,156.0,6749.6,34.6133,6905.6,2124.0,4436.8,-9496.5,11:06,10335.0,14:37,-12012.0,1.0,341421.03,0.0,0.0,1.0,0.0,93823.21,2260.04,0.0,1.0,0.0,211162.82,0.0,0.0,1.0,0.0,0.0,0.0,0.0
2025-08-29,Fri,0,4,2025-09-02,24533.1,24702.65,24481.6,221.0500000000029,0.9010275912950378,24466.7,-66.39999999999782,-0.27065474807504075,24466.7,24508.7,24553.4,24532.55,65.84999999999854,0.2691413226957397,97.75,24550.0,116.95,96.0,212.95,0.8680304330369244,1.2182291666666667,20.950000000000003,0.09837990138530173,86,nifty_1min.csv,0.27065474807504075,0.2691413226957397,0.3984502222557378,0.09837990138530173,0.45902794083118104,0.309227518196753,0.3789954337899543,mild_down,up,SELL CE 24550 116.95 | SELL PE 24550 96,6152.25,94.4,74.46,78.0,5905.39,30.2841,5983.39,1905.53,3905.46,-1647.75,09:35,8853.0,14:23,-3139.5,1.0,200.0,200.0,BUY CE 24750 37.35 | BUY PE 24350 34.5 | SELL CE 24550 116.95 | SELL PE 24550 96,2427.75,188.8,95.24,156.0,1987.71,10.1934,2143.71,536.7,1262.21,-19.5,09:35,3539.25,14:58,-3861.0,1.0,450.0,450.0,BUY CE 25000 7.95 | BUY PE 24100 9.15 | SELL CE 24550 116.95 | SELL PE 24550 96,5206.5,188.8,79.32,156.0,4782.38,24.525,4938.38,1468.26,3125.32,-975.0,09:35,7536.75,14:23,-3159.0,1.0,347326.42,0.0,0.0,1.0,0.0,95810.92,272.33,0.0,1.0,0.0,215945.2,0.0,0.0,1.0,0.0,0.0,0.0,0.0
2025-09-01,Mon,0,1,2025-09-02,24433.65,24572.45,24404.7,167.75,0.6865531756409705,24432.7,-0.9500000000007276,-0.003888080577403407,24432.7,24522.55,24529.0,24529.25,96.54999999999927,0.39516713257232833,100.84999999999854,24550.0,71.7,62.5,134.2,0.54710192932927,1.1472,9.200000000000003,0.06855439642324891,86,nifty_1min.csv,0.003888080577403407,0.39516713257232833,0.41114180009579804,0.06855439642324891,0.751490312965712,0.7194485842026772,0.1590909090909091,flat,up,SELL CE 24550 71.7 | SELL PE 24550 62.5,750.75,94.4,48.32,78.0,530.03,2.7181,608.03,113.74,321.89,-1482.0,15:10,4114.5,12:04,-2301.0,1.0,150.0,150.0,BUY CE 24700 19.15 | BUY PE 24400 19.4 | SELL CE 24550 71.7 | SELL PE 24550 62.5,-263.25,188.8,60.86,156.0,-668.91,-3.4303,-512.91,-348.84,-508.87,-1647.75,15:10,1735.5,12:04,-3090.75,1.0,250.0,250.0,BUY CE 24800 7.4 | BUY PE 24300 8.7 | SELL CE 24550 71.7 | SELL PE 24550 62.5,-48.75,188.8,53.02,156.0,-446.57,-2.2901,-290.57,-274.72,-360.65,-2008.5,15:10,2983.5,12:04,-2934.75,1.0,347856.45,0.0,0.0,1.0,0.0,95142.01,941.24,668.91,0.0,0.0,215498.63,446.57,446.57,0.0,0.0,2.0,0.0,0.0
2025-09-02,Tue,1,0,2025-09-02,24624.3,24635.6,24432.7,202.89999999999782,0.8239828137246452,24653.0,28.700000000000728,0.11655153649038034,24653.0,24662.05,24640.8,24653.9,0.9000000000014552,0.0036506713178982484,54.5,24650.0,42.65,34.6,77.25,0.31333784918410473,1.232658959537572,8.049999999999997,0.1042071197411003,86,nifty_1min.csv,0.11655153649038034,0.0036506713178982484,0.22106035961855933,0.1042071197411003,0.7055016181229773,0.011650485436912042,0.03167420814479638,mild_up,up,SELL CE 24650 42.65 | SELL PE 24650 34.6,1345.5,94.4,27.41,78.0,1145.69,5.8753,1223.69,318.96,732.33,-10588.5,10:08,6191.25,13:53,-11904.75,1.0,100.0,100.0,BUY CE 24750 10.6 | BUY PE 24550 9.9 | SELL CE 24650 42.65 | SELL PE 24650 34.6,-2632.5,188.8,29.21,156.0,-3006.51,-15.418,-2850.51,-1128.04,-2067.27,-6054.75,12:42,3246.75,13:53,-9360.0,1.0,150.0,150.0,BUY CE 24800 5.15 | BUY PE 24500 5.85 | SELL CE 24650 42.65 | SELL PE 24650 34.6,-780.0,188.8,28.39,156.0,-1153.19,-5.9138,-997.19,-510.26,-831.73,-8365.5,12:42,4611.75,13:53,-11173.5,1.0,349002.14,0.0,0.0,1.0,0.0,92135.5,3947.75,3006.51,0.0,0.0,214345.44,1599.76,1153.19,0.0,0.0,2.0,0.0,0.0
2025-09-03,Wed,0,6,2025-09-09,24575.0,24756.1,24522.35,233.75,0.9511698880976602,24616.5,41.5,0.1688708036622584,24616.5,24541.2,24560.05,24598.55,-17.950000000000728,-0.07291857087726009,97.5,24600.0,138.5,111.0,249.5,1.0142874275109712,1.2477477477477477,27.5,0.11022044088176353,86,nifty_1min.csv,0.1688708036622584,0.07291857087726009,0.39636482638204285,0.11022044088176353,0.3907815631262525,0.07194388777555402,0.536036036036036,mild_up,down,SELL CE 24600 138.5 | SELL PE 24600 111,-682.5,94.4,90.75,78.0,-945.65,-4.8495,-867.65,-378.15,-661.9,-3880.5,15:11,4514.25,13:34,-4563.0,1.0,250.0,250.0,BUY CE 24850 42.75 | BUY PE 24350 37.45 | SELL CE 24600 138.5 | SELL PE 24600 111,-653.25,188.8,119.87,156.0,-1117.92,-5.7329,-961.92,-498.51,-808.21,-1950.0,15:12,1355.25,13:34,-3958.5,1.0,500.0,500.0,BUY CE 25100 11 | BUY PE 24100 13.2 | SELL CE 24600 138.5 | SELL PE 24600 111,-1228.5,188.8,98.75,156.0,-1672.05,-8.5746,-1516.05,-683.22,-1177.63,-3851.25,15:11,3344.25,13:34,-4670.25,1.0,348056.49,945.65,945.65,0.0,0.0,91017.58,5065.67,1117.92,0.0,0.0,212673.39,3271.81,1672.05,0.0,0.0,3.0,1.0,0.0
2025-09-04,Thu,0,5,2025-09-09,24713.6,24737.05,24533.2,203.84999999999854,0.8248494755923805,24980.75,267.15000000000146,1.0809837498381518,24980.75,24864.85,24874.65,24898.45,-82.29999999999927,-0.32945367933308356,133.5,24900.0,116.5,93.6,210.1,0.8438276278242219,1.2446581196581197,22.900000000000006,0.1089957163255593,86,nifty_1min.csv,1.0809837498381518,0.32945367933308356,0.5361779548526113,0.1089957163255593,0.6354117087101381,0.391718229414561,0.36771300448430494,strong_up,down,SELL CE 24900 116.5 | SELL PE 24900 93.6,-3890.25,94.4,77.89,78.0,-4140.54,-21.2335,-4062.54,-1443.11,-2791.83,-6727.5,14:29,1589.25,10:08,-7575.75,1.0,200.0,200.0,BUY CE 25100 38.35 | BUY PE 24700 35.15 | SELL CE 24900 116.5 | SELL PE 24900 93.6,-1491.75,188.8,107.93,156.0,-1944.48,-9.9717,-1788.48,-774.03,-1359.25,-2174.25,15:12,536.25,10:25,-5723.25,1.0,400.0,400.0,BUY CE 25300 11.65 | BUY PE 24500 15.25 | SELL CE 24900 116.5 | SELL PE 24900 93.6,-3636.75,188.8,88.0,156.0,-4069.55,-20.8695,-3913.55,-1482.38,-2775.97,-5372.25,15:12,1355.25,10:08,-6444.75,1.0,343915.95,5086.19,4140.54,0.0,0.0,89073.1,7010.15,1944.48,0.0,0.0,208603.84,7341.36,4069.55,0.0,0.0,3.0,1.0,0.0
2025-09-05,Fri,0,4,2025-09-09,24739.8,24980.75,24708.2,272.5499999999993,1.1016661411975817,24818.85,79.04999999999927,0.3195256226808595,24818.85,24826.25,24793.3,24784.45,-34.39999999999782,-0.13860432695309338,52.94999999999709,24800.0,90.7,82.1,172.8,0.6972113563141406,1.1047503045066993,8.600000000000009,0.049768518518518566,86,nifty_1min.csv,0.3195256226808595,0.13860432695309338,0.21364202150944278,0.049768518518518566,0.30642361111109423,0.19907407407406144,0.25892857142857145,mild_up,down,SELL CE 24800 90.7 | SELL PE 24800 82.1,1881.75,94.4,61.81,78.0,1647.54,8.4489,1725.54,486.25,1066.9,-13269.75,10:21,1940.25,09:46,-15268.5,1.0,150.0,150.0,BUY CE 24950 34.35 | BUY PE 24650 32.25 | SELL CE 24800 90.7 | SELL PE 24800 82.1,906.75,188.8,84.57,156.0,477.38,2.4481,633.38,33.26,255.32,-2544.75,10:21,1111.5,15:26,-8492.25,1.0,350.0,350.0,BUY CE 25150 8.05 | BUY PE 24450 9.8 | SELL CE 24800 90.7 | SELL PE 24800 82.1,1638.0,188.8,67.93,156.0,1225.27,6.2834,1381.27,282.56,753.91,-8355.75,10:21,1862.25,15:26,-11514.75,1.0,345563.49,3438.65,0.0,1.0,0.0,89550.48,6532.77,0.0,1.0,0.0,209829.11,6116.09,0.0,1.0,0.0,0.0,0.0,0.0
2025-09-08,Mon,0,1,2025-09-09,24743.95,24832.35,24621.6,210.75,0.8517233505563986,24802.6,58.64999999999782,0.23702763705874694,24802.6,24788.95,24766.45,24787.75,-14.849999999998545,-0.059872755275650724,72.84999999999854,24800.0,68.55,64.6,133.14999999999998,0.5371604925820213,1.0611455108359134,3.950000000000003,0.029665790461885118,86,nifty_1min.csv,0.23702763705874694,0.059872755275650724,0.2938951699932368,0.029665790461885118,0.5471273000375408,0.11152835148327861,0.16,mild_up,down,SELL CE 24800 68.55 | SELL PE 24800 64.6,5781.75,94.4,45.7,78.0,5563.65,28.5315,5641.65,1791.62,3677.63,-2496.0,12:41,5781.75,15:25,-3354.0,1.0,150.0,150.0,BUY CE 24950 19.05 | BUY PE 24650 20.35 | SELL CE 24800 68.55 | SELL PE 24800 64.6,3022.5,188.8,56.08,156.0,2621.62,13.4442,2777.62,748.01,1684.81,-1228.5,12:41,3285.75,15:27,-3490.5,1.0,250.0,250.0,BUY CE 25050 7.1 | BUY PE 24550 10.05 | SELL CE 24800 68.55 | SELL PE 24800 64.6,4748.25,188.8,50.45,156.0,4353.0,22.3231,4509.0,1325.13,2839.06,-2067.0,12:41,4992.0,15:25,-3217.5,1.0,351127.14,0.0,0.0,1.0,0.0,92172.1,3911.15,0.0,1.0,0.0,214182.11,1763.09,0.0,1.0,0.0,0.0,0.0,0.0
2025-09-09,Tue,1,0,2025-09-09,24791.2,24885.5,24751.55,133.95000000000073,0.5403126916002482,24864.1,72.89999999999782,0.29405595533898243,24864.1,24851.85,24850.85,24850.15,-13.94999999999709,-0.05610498670773159,38.14999999999782,24850.0,48.65,39.6,88.25,0.3551286410746011,1.2285353535353534,9.049999999999997,0.10254957507082149,86,nifty_1min.csv,0.29405595533898243,0.05610498670773159,0.1535202000792664,0.10254957507082149,0.4322946175637146,0.15807365439090187,0.048672566371681415,mild_up,down,SELL CE 24850 48.65 | SELL PE 24850 39.6,13581.75,94.4,25.95,78.0,13383.4,68.6328,13461.4,4398.2,8890.8,-438.75,10:21,14976.0,15:06,-2076.75,1.0,100.0,100.0,BUY CE 24950 14.5 | BUY PE 24750 13.25 | SELL CE 24850 48.65 | SELL PE 24850 39.6,8190.0,188.8,28.39,156.0,7816.81,40.0862,7972.81,2479.74,5148.27,-204.75,10:21,9623.25,15:06,-2544.75,1.0,200.0,200.0,BUY CE 25050 4.45 | BUY PE 24650 5.4 | SELL CE 24850 48.65 | SELL PE 24850 39.6,11680.5,188.8,26.84,156.0,11308.86,57.9942,11464.86,3643.75,7476.31,-331.5,09:30,13113.75,15:06,-2232.75,1.0,364510.54,0.0,0.0,1.0,0.0,99988.91,0.0,0.0,1.0,0.0,225490.97,0.0,0.0,1.0,0.0,0.0,0.0,0.0
2025-09-10,Wed,0,6,2025-09-16,24878.8,24891.8,24814.0,77.79999999999927,0.3127160473977815,24991.0,112.20000000000073,0.4509863819798412,24991.0,24963.0,24965.05,24990.9,-0.09999999999854481,-0.00040014405185284625,34.70000000000073,25000.0,123.05,109.75,232.8,0.9315390802252019,1.1211845102505695,13.299999999999997,0.05713058419243985,84,nifty_1min.csv,0.4509863819798412,0.00040014405185284625,0.13885054159714427,0.05713058419243985,0.14905498281787252,0.00042955326459856013,0.44933920704845814,mild_up,down,SELL CE 25000 123.05 | SELL PE 25000 109.75,2603.25,94.4,83.24,78.0,2347.61,12.039,2425.61,719.6,1533.61,-4777.5,10:32,3646.5,14:58,-5479.5,1.0,250.0,250.0,BUY CE 25250 33.15 | BUY PE 24750 35.85 | SELL CE 25000 123.05 | SELL PE 25000 109.75,1121.25,188.8,106.15,156.0,670.3,3.4374,826.3,97.57,383.93,-1862.25,10:32,1813.5,14:56,-4290.0,1.0,450.0,450.0,BUY CE 25450 9.95 | BUY PE 24550 15.45 | SELL CE 25000 123.05 | SELL PE 25000 109.75,1969.5,188.8,91.55,156.0,1533.15,7.8623,1689.15,385.18,959.17,-3578.25,10:32,3188.25,14:58,-4914.0,1.0,366858.15,0.0,0.0,1.0,0.0,100659.21,0.0,0.0,1.0,0.0,227024.12,0.0,0.0,1.0,0.0,0.0,0.0,0.0
2025-09-11,Thu,0,5,2025-09-16,24977.55,25035.7,24915.05,120.65000000000146,0.48303376432036554,24945.5,-32.04999999999927,-0.12831522707390947,24945.5,25002.35,25003.55,24985.2,39.70000000000073,0.15914694032992213,68.79999999999927,25000.0,114.0,89.2,203.2,0.8132814626258745,1.2780269058295963,24.799999999999997,0.12204724409448818,84,nifty_1min.csv,0.12831522707390947,0.15914694032992213,0.27536301490482074,0.12204724409448818,0.3385826771653508,0.1953740157480351,0.35526315789473684,mild_down,up,SELL CE 25000 114 | SELL PE 25000 89.2,2564.25,94.4,72.52,78.0,2319.33,11.894,2397.33,710.18,1514.75,-594.75,09:38,3178.5,14:31,-1891.5,1.0,200.0,200.0,BUY CE 25200 36.05 | BUY PE 24800 32.35 | SELL CE 25000 114 | SELL PE 25000 89.2,409.5,188.8,94.27,156.0,-29.57,-0.1516,126.43,-135.72,-82.65,-253.5,09:38,828.75,11:42,-2447.25,1.0,400.0,400.0,BUY CE 25400 9.95 | BUY PE 24600 12.45 | SELL CE 25000 114 | SELL PE 25000 89.2,1267.5,188.8,78.81,156.0,843.89,4.3276,999.89,155.43,499.66,-438.75,09:38,2232.75,14:31,-1969.5,1.0,369177.48,0.0,0.0,1.0,0.0,100629.64,29.57,29.57,0.0,0.0,227868.01,0.0,0.0,1.0,0.0,1.0,0.0,1.0
2025-09-12,Fri,0,4,2025-09-16,25008.1,25037.3,24940.15,97.14999999999782,0.38847413438045203,25074.45,66.35000000000218,0.2653140382516152,25074.45,25055.35,25046.5,25060.0,-14.450000000000728,-0.057628382676392614,51.70000000000073,25050.0,101.25,66.45,167.7,0.669193934557063,1.5237020316027088,34.8,0.2075134168157424,84,nifty_1min.csv,0.2653140382516152,0.057628382676392614,0.20630486831604442,0.2075134168157424,0.3082886106141964,0.08616577221228819,0.24017467248908297,mild_up,down,SELL CE 25050 101.25 | SELL PE 25050 66.45,48.75,94.4,60.77,78.0,-184.42,-0.9457,-106.42,-124.41,-154.42,-3909.75,11:30,1082.25,09:59,-4485.0,1.0,150.0,150.0,BUY CE 25200 35.15 | BUY PE 24900 25.35 | SELL CE 25050 101.25 | SELL PE 25050 66.45,175.5,188.8,82.88,156.0,-252.18,-1.2932,-96.18,-209.93,-231.06,-867.75,11:30,516.75,15:06,-2457.0,1.0,350.0,350.0,BUY CE 25400 6.85 | BUY PE 24700 7.55 | SELL CE 25050 101.25 | SELL PE 25050 66.45,39.0,188.8,65.98,156.0,-371.78,-1.9066,-215.78,-249.79,-310.79,-3081.0,11:30,780.0,09:59,-3978.0,1.0,368993.06,184.42,184.42,0.0,0.0,100377.46,281.75,252.18,0.0,0.0,227496.23,371.78,371.78,0.0,0.0,3.0,1.0,0.0
2025-09-15,Mon,0,1,2025-09-16,25107.7,25139.45,25038.05,101.40000000000146,0.403860170385983,25118.9,11.200000000000728,0.04460782947064338,25118.9,25091.05,25097.7,25114.3,-4.600000000002183,-0.018312903829396123,53.20000000000073,25100.0,72.6,49.75,122.35,0.4871726466594729,1.4592964824120602,22.849999999999994,0.1867592970984879,84,nifty_1min.csv,0.04460782947064338,0.018312903829396123,0.2118315063529572,0.1867592970984879,0.4348181446669451,0.037597057621595285,0.12608695652173912,flat,down,SELL CE 25100 72.6 | SELL PE 25100 49.75,6240.0,94.4,41.58,78.0,6026.02,30.9027,6104.02,1945.74,3985.88,-136.5,09:37,6327.75,15:28,-1092.0,1.0,100.0,100.0,BUY CE 25200 28.8 | BUY PE 25000 21.6 | SELL CE 25100 72.6 | SELL PE 25100 49.75,2827.5,188.8,55.02,156.0,2427.68,12.4496,2583.68,683.36,1555.52,-29.25,09:30,2954.25,15:27,-1998.75,1.0,250.0,250.0,BUY CE 25350 5.55 | BUY PE 24850 6.7 | SELL CE 25100 72.6 | SELL PE 25100 49.75,5859.75,188.8,45.48,156.0,5469.47,28.0486,5625.47,1697.29,3583.38,-9.75,09:30,6025.5,15:27,-1248.0,1.0,375019.08,0.0,0.0,1.0,0.0,102805.14,0.0,0.0,1.0,0.0,232965.7,0.0,0.0,1.0,0.0,0.0,0.0,0.0
2025-09-16,Tue,1,0,2025-09-16,25069.7,25138.45,25048.75,89.70000000000073,0.35780244677838474,25073.6,3.899999999997817,0.015556628120790504,25073.6,25107.25,25117.2,25113.6,40.0,0.15953034267117608,51.54999999999927,25100.0,46.65,27.0,73.65,0.2932673929663609,1.7277777777777776,19.65,0.2668024439918533,84,nifty_1min.csv,0.015556628120790504,0.15953034267117608,0.20526726554535898,0.2668024439918533,0.6999321113373967,0.5431093007467752,0.017316017316017316,flat,up,SELL CE 25100 46.65 | SELL PE 25100 27,-12723.75,94.4,32.36,78.0,-12928.51,-66.3001,-12850.51,-4372.44,-8650.47,-12928.5,15:13,19.5,09:30,-13162.5,1.0,50.0,50.0,BUY CE 25150 23.1 | BUY PE 25050 13.55 | SELL CE 25100 46.65 | SELL PE 25100 27,-2496.0,188.8,60.11,156.0,-2900.91,-14.8765,-2744.91,-1092.84,-1996.87,-2603.25,14:41,136.5,09:32,-5703.75,1.0,150.0,150.0,BUY CE 25250 5.05 | BUY PE 24950 4.4 | SELL CE 25100 46.65 | SELL PE 25100 27,-14547.0,188.8,33.2,156.0,-14925.0,-76.5385,-14769.0,-5100.87,-10012.93,-14673.75,15:27,97.5,09:32,-14839.5,1.0,362090.57,12928.51,12928.51,0.0,0.0,99904.23,2900.91,2900.91,0.0,0.0,218040.7,14925.0,14925.0,0.0,0.0,3.0,1.0,0.0
2025-09-17,Wed,0,6,2025-09-23,25254.45,25261.4,25070.45,190.95000000000073,0.7561043697249424,25276.6,22.149999999997817,0.08770731494844598,25276.6,25296.45,25321.05,25302.6,26.0,0.10286193554512871,49.0,25300.0,135.65,87.85,223.5,0.8833084347063148,1.5441092771770064,47.80000000000001,0.21387024608501123,90,nifty_1min.csv,0.08770731494844598,0.10286193554512871,0.19365598792218983,0.21387024608501123,0.21923937360178972,0.116331096196868,0.41379310344827586,flat,up,SELL CE 25300 135.65 | SELL PE 25300 87.85,-1287.0,94.4,81.59,78.0,-1540.99,-7.9025,-1462.99,-576.6,-1058.8,-1950.0,09:39,1833.0,14:28,-2622.75,1.0,200.0,200.0,BUY CE 25500 48 | BUY PE 25100 34 | SELL CE 25300 135.65 | SELL PE 25300 87.85,-380.25,188.8,112.6,156.0,-837.65,-4.2956,-681.65,-405.08,-621.37,-585.0,12:34,536.25,14:28,-2154.75,1.0,450.0,450.0,BUY CE 25750 10.85 | BUY PE 24850 12.15 | SELL CE 25300 135.65 | SELL PE 25300 87.85,-1062.75,188.8,90.25,156.0,-1497.8,-7.681,-1341.8,-625.13,-1061.47,-1472.25,09:39,1394.25,14:28,-2379.0,1.0,360549.58,14469.5,1540.99,0.0,0.0,99066.58,3738.56,837.65,0.0,0.0,216542.9,16422.8,1497.8,0.0,0.0,3.0,1.0,0.0
2025-09-18,Thu,0,5,2025-09-23,25330.15,25346.5,25275.35,71.15000000000146,0.28089055927423034,25441.05,110.89999999999782,0.4378181732046506,25441.05,25410.65,25427.85,25424.75,-16.299999999999272,-0.06406968265853522,55.150000000001455,25400.0,128.45,58.55,187.0,0.7355037905977443,2.193851409052092,69.89999999999999,0.3737967914438502,90,nifty_1min.csv,0.4378181732046506,0.06406968265853522,0.21691462059607844,0.3737967914438502,0.29491978609626446,0.08716577540106563,0.30042918454935624,mild_up,down,SELL CE 25400 128.45 | SELL PE 25400 58.55,3032.25,94.4,66.44,78.0,2793.41,14.3252,2871.41,868.2,1830.8,-0.0,11:00,3734.25,14:53,-965.25,1.0,200.0,200.0,BUY CE 25600 36.1 | BUY PE 25200 19.95 | SELL CE 25400 128.45 | SELL PE 25400 58.55,799.5,188.8,83.6,156.0,371.1,1.9031,527.1,-2.17,184.46,-321.75,11:00,1491.75,14:51,-2281.5,1.0,350.0,350.0,BUY CE 25750 12.2 | BUY PE 25050 10.95 | SELL CE 25400 128.45 | SELL PE 25400 58.55,1657.5,188.8,72.89,156.0,1239.81,6.358,1395.81,287.4,763.61,-438.75,11:00,2730.0,14:51,-1423.5,1.0,363342.99,11676.09,0.0,1.0,0.0,99437.68,3367.46,0.0,1.0,0.0,217782.71,15182.99,0.0,1.0,0.0,0.0,0.0,0.0
2025-09-19,Fri,0,4,2025-09-23,25420.75,25448.95,25329.75,119.20000000000073,0.46890827375274424,25410.2,-10.549999999999272,-0.041501529262509065,25410.2,25382.0,25362.6,25364.8,-45.400000000001455,-0.17866840874924816,72.0,25350.0,91.2,59.4,150.6,0.5937362013499022,1.5353535353535355,31.800000000000004,0.2111553784860558,90,nifty_1min.csv,0.041501529262509065,0.17866840874924816,0.28385794486847915,0.2111553784860558,0.47808764940239046,0.30146082337318364,0.2094017094017094,flat,down,SELL CE 25350 91.2 | SELL PE 25350 59.4,3354.0,94.4,53.1,78.0,3128.5,16.0436,3206.5,979.9,2054.2,-3773.25,10:03,3354.0,15:29,-5206.5,1.0,150.0,150.0,BUY CE 25500 29.1 | BUY PE 25200 21.05 | SELL CE 25350 91.2 | SELL PE 25350 59.4,1345.5,188.8,68.44,156.0,932.26,4.7808,1088.26,184.89,558.57,-936.0,10:03,1365.0,15:28,-3675.75,1.0,300.0,300.0,BUY CE 25650 8.2 | BUY PE 25050 8.9 | SELL CE 25350 91.2 | SELL PE 25350 59.4,2535.0,188.8,58.14,156.0,2132.06,10.9336,2288.06,584.82,1358.44,-2535.0,10:03,2535.0,15:29,-4309.5,1.0,366471.49,8547.59,0.0,1.0,0.0,100369.94,2435.2,0.0,1.0,0.0,219914.77,13050.93,0.0,1.0,0.0,0.0,0.0,0.0
2025-09-22,Mon,0,1,2025-09-23,25352.5,25428.75,25286.3,142.45000000000073,0.5618775268711201,25238.1,-114.40000000000146,-0.4512375505374281,25238.1,25257.5,25275.85,25288.0,49.900000000001455,0.1977169438269975,79.30000000000291,25300.0,60.15,56.2,116.35,0.46009965200885794,1.0702846975088967,3.9499999999999957,0.03394929093253112,90,nifty_1min.csv,0.4512375505374281,0.1977169438269975,0.31358747231889794,0.03394929093253112,0.6815642458100809,0.42887838418565927,0.11914893617021277,mild_down,up,SELL CE 25300 60.15 | SELL PE 25300 56.2,546.0,94.4,41.94,78.0,331.66,1.7008,409.66,47.62,189.64,-4660.5,14:46,3685.5,14:27,-5733.0,1.0,100.0,100.0,BUY CE 25400 22.9 | BUY PE 25200 24.5 | SELL CE 25300 60.15 | SELL PE 25300 56.2,185.25,188.8,58.61,156.0,-218.16,-1.1188,-62.16,-198.59,-208.37,-1316.25,14:47,1745.25,14:29,-3900.0,1.0,250.0,250.0,BUY CE 25550 5.85 | BUY PE 25050 7.5 | SELL CE 25300 60.15 | SELL PE 25300 56.2,575.25,188.8,46.82,156.0,183.63,0.9417,339.63,-64.66,59.49,-3120.0,14:46,3168.75,14:27,-4836.0,1.0,366803.15,8215.93,0.0,1.0,0.0,100151.78,2653.36,218.16,0.0,0.0,220098.4,12867.3,0.0,1.0,0.0,1.0,0.0,1.0
2025-09-23,Tue,1,0,2025-09-23,25200.2,25331.7,25151.05,180.65000000000146,0.716859390004847,25209.0,8.799999999999272,0.03492035777493541,25209.0,25224.95,25209.7,25186.25,-22.75,-0.09024554722519736,65.84999999999854,25200.0,35.4,38.15,73.55,0.2920244180852648,0.927916120576671,-2.75,-0.037389530931339225,90,nifty_1min.csv,0.03492035777493541,0.09024554722519736,0.26145218124968406,0.037389530931339225,0.8953093133922304,0.30931339225016996,0.01694915254237288,flat,down,SELL CE 25200 35.4 | SELL PE 25200 38.15,8394.75,94.4,22.93,78.0,8199.42,42.0483,8277.42,2670.21,5434.81,-9545.25,11:19,10793.25,15:00,-10617.75,1.0,50.0,50.0,BUY CE 25250 17.25 | BUY PE 25150 18.8 | SELL CE 25200 35.4 | SELL PE 25200 38.15,1384.5,188.8,26.08,156.0,1013.62,5.1981,1169.62,212.01,612.81,-1511.25,11:38,4017.0,15:00,-5187.0,1.0,150.0,150.0,BUY CE 25350 5.35 | BUY PE 25050 4.65 | SELL CE 25200 35.4 | SELL PE 25200 38.15,6464.25,188.8,23.83,156.0,6095.62,31.2596,6251.62,1906.01,4000.82,-6961.5,11:19,8940.75,15:00,-8872.5,1.0,375002.57,16.51,0.0,1.0,0.0,101165.4,1639.74,0.0,1.0,0.0,226194.02,6771.68,0.0,1.0,0.0,0.0,0.0,0.0
2025-09-24,Wed,0,6,2025-09-30,25185.8,25261.9,25084.65,177.25,0.7037695844483797,25108.75,-77.04999999999927,-0.3059263553272053,25108.75,25092.5,25081.9,25072.3,-36.45000000000073,-0.1451685169512649,88.34999999999854,25050.0,157.6,82.15,239.75,0.9562345696246456,1.9184418746195981,75.44999999999999,0.31470281543274237,106,nifty_1min.csv,0.3059263553272053,0.1451685169512649,0.35238091439556224,0.31470281543274237,0.3685088633993683,0.1520333680917653,0.5147679324894515,mild_down,down,SELL CE 25050 157.6 | SELL PE 25050 82.15,4787.25,94.4,84.79,78.0,4530.06,23.2311,4608.06,1447.09,2988.58,-2447.25,13:37,4836.0,15:02,-3207.75,1.0,250.0,250.0,BUY CE 25300 47.8 | BUY PE 24800 25.6 | SELL CE 25050 157.6 | SELL PE 25050 82.15,1521.0,188.8,106.77,156.0,1069.43,5.4843,1225.43,230.61,650.02,-1959.75,13:37,1638.0,15:02,-3451.5,1.0,500.0,500.0,BUY CE 25550 12.65 | BUY PE 24550 9.4 | SELL CE 25050 157.6 | SELL PE 25050 82.15,3568.5,188.8,91.06,156.0,3132.64,16.0648,3288.64,918.35,2025.5,-2749.5,13:37,3773.25,15:02,-3500.25,1.0,379532.63,0.0,0.0,1.0,0.0,102234.83,570.31,0.0,1.0,0.0,229326.66,3639.04,0.0,1.0,0.0,0.0,0.0,0.0
2025-09-25,Thu,0,5,2025-09-30,25060.9,25149.85,25027.45,122.39999999999782,0.48841023267319933,25034.5,-26.400000000001455,-0.10534338351775656,25034.5,25054.4,25082.4,25059.3,24.799999999999272,0.09906329265613163,88.79999999999927,25050.0,125.6,76.65,202.25,0.8070855929734669,1.638617090671885,48.94999999999999,0.24202719406674902,106,nifty_1min.csv,0.10534338351775656,0.09906329265613163,0.3543594593623895,0.24202719406674902,0.43906056860321024,0.12262051915945252,0.3697478991596639,mild_down,up,SELL CE 25050 125.6 | SELL PE 25050 76.65,-234.0,94.4,73.42,78.0,-479.82,-2.4606,-401.82,-222.87,-351.35,-1335.75,15:03,3100.5,13:49,-3198.0,1.0,200.0,200.0,BUY CE 25250 40.65 | BUY PE 24850 26.25 | SELL CE 25050 125.6 | SELL PE 25050 76.65,380.25,188.8,98.54,156.0,-63.09,-0.3235,92.91,-146.9,-105.0,-321.75,09:40,1511.25,13:49,-3802.5,1.0,400.0,400.0,BUY CE 25450 12.25 | BUY PE 24650 9.95 | SELL CE 25050 125.6 | SELL PE 25050 76.65,-78.0,188.8,81.69,156.0,-504.49,-2.5871,-348.49,-294.03,-399.26,-624.0,15:03,2700.75,13:49,-3295.5,1.0,379052.81,479.82,479.82,0.0,0.0,102171.74,633.4,63.09,0.0,0.0,228822.17,4143.53,504.49,0.0,0.0,3.0,1.0,0.0
2025-09-26,Fri,0,4,2025-09-30,24904.55,25092.7,24878.3,214.40000000000146,0.8608868660546023,24818.55,-86.0,-0.34531842574951166,24818.55,24815.15,24813.45,24790.9,-27.649999999997817,-0.11140860364524849,83.44999999999709,24800.0,114.35,67.8,182.14999999999998,0.7347454106143785,1.6865781710914454,46.55,0.25555860554488063,106,nifty_1min.csv,0.34531842574951166,0.11140860364524849,0.33661545163748424,0.25555860554488063,0.45813889651384626,0.15179796870709755,0.3054393305439331,mild_down,down,SELL CE 24800 114.35 | SELL PE 24800 67.8,-1638.0,94.4,66.76,78.0,-1877.16,-9.6265,-1799.16,-688.65,-1282.91,-8053.5,14:24,4173.0,13:15,-9057.75,1.0,200.0,200.0,BUY CE 25000 33.65 | BUY PE 24600 19.8 | SELL CE 24800 114.35 | SELL PE 24800 67.8,234.0,188.8,88.79,156.0,-199.59,-1.0235,-43.59,-192.4,-195.99,-2135.25,14:24,2340.0,13:15,-4543.5,1.0,350.0,350.0,BUY CE 25150 14.15 | BUY PE 24450 8.85 | SELL CE 24800 114.35 | SELL PE 24800 67.8,-877.5,188.8,76.17,156.0,-1298.47,-6.6588,-1142.47,-558.69,-928.58,-5206.5,14:24,3422.25,13:15,-6844.5,1.0,377175.65,2356.98,1877.16,0.0,0.0,101972.15,832.99,199.59,0.0,0.0,227523.7,5442.0,1298.47,0.0,0.0,3.0,1.0,0.0
2025-09-29,Mon,0,1,2025-09-30,24673.1,24868.6,24629.45,239.14999999999782,0.9692742298292385,24728.55,55.45000000000073,0.22473868301916147,24728.55,24672.75,24703.4,24712.9,-15.649999999997817,-0.06328717211481392,75.59999999999854,24700.0,107.75,47.95,155.7,0.6300353256801102,2.2471324296141812,59.8,0.3840719332048812,106,nifty_1min.csv,0.22473868301916147,0.06328717211481392,0.30591310611056793,0.3840719332048812,0.4855491329479676,0.10051380860628015,0.22916666666666666,mild_up,down,SELL CE 24700 107.75 | SELL PE 24700 47.95,10598.25,94.4,51.73,78.0,10374.12,53.2006,10452.12,3395.11,6884.61,-6366.75,10:21,10598.25,15:29,-7478.25,1.0,150.0,150.0,BUY CE 24850 34.75 | BUY PE 24550 17.3 | SELL CE 24700 107.75 | SELL PE 24700 47.95,5450.25,188.8,63.32,156.0,5042.13,25.8571,5198.13,1554.84,3298.49,-3149.25,10:21,5450.25,15:29,-5460.0,1.0,300.0,300.0,BUY CE 25000 11.3 | BUY PE 24400 6.55 | SELL CE 24700 107.75 | SELL PE 24700 47.95,9038.25,188.8,56.0,156.0,8637.45,44.2946,8793.45,2753.28,5695.37,-5996.25,10:21,9038.25,15:29,-7176.0,1.0,387549.77,0.0,0.0,1.0,0.0,107014.28,0.0,0.0,1.0,0.0,236161.15,0.0,0.0,1.0,0.0,0.0,0.0,0.0
2025-09-30,Tue,1,0,2025-09-30,24677.55,24791.3,24606.2,185.09999999999854,0.7500744603901058,24691.95,14.400000000001455,0.05835263225077634,24691.95,24712.55,24707.3,24668.6,-23.350000000002183,-0.09456523279855249,63.70000000000073,24650.0,71.5,37.5,109.0,0.44185725983639124,1.9066666666666667,34.0,0.3119266055045872,106,nifty_1min.csv,0.05835263225077634,0.09456523279855249,0.2582230041429215,0.3119266055045872,0.5844036697247773,0.21422018348625857,0.11203319502074689,flat,down,SELL CE 24650 71.5 | SELL PE 24650 37.5,13679.25,94.4,33.43,78.0,13473.42,69.0945,13551.42,4428.21,8950.81,-770.25,09:33,16974.75,15:00,-2837.25,1.0,100.0,100.0,BUY CE 24750 25.55 | BUY PE 24550 13.7 | SELL CE 24650 71.5 | SELL PE 24650 37.5,6054.75,188.8,36.88,156.0,5673.07,29.0927,5829.07,1765.16,3719.12,-253.5,09:33,9516.0,15:00,-3422.25,1.0,200.0,200.0,BUY CE 24850 8.65 | BUY PE 24450 5.2 | SELL CE 24650 71.5 | SELL PE 24650 37.5,11017.5,188.8,34.69,156.0,10638.01,54.5539,10794.01,3420.14,7029.07,-565.5,10:40,14430.0,15:00,-2847.0,1.0,401023.19,0.0,0.0,1.0,0.0,112687.35,0.0,0.0,1.0,0.0,246799.16,0.0,0.0,1.0,0.0,0.0,0.0,0.0
2025-10-01,Wed,0,6,2025-10-07,24633.6,24731.8,24587.7,144.09999999999854,0.5849733697064113,24620.55,-13.049999999999272,-0.052976422447385985,24620.55,24621.8,24639.6,24652.2,31.650000000001455,0.1285511493447606,55.89999999999782,24650.0,137.35,104.1,241.45,0.9794257713307534,1.31940441882805,33.25,0.1377096707392835,87,nifty_1min.csv,0.052976422447385985,0.1285511493447606,0.22675461013620615,0.1377096707392835,0.23151791261129767,0.13108303996687287,0.5413223140495868,flat,up,SELL CE 24650 137.35 | SELL PE 24650 104.1,-8667.75,94.4,91.38,78.0,-8931.53,-45.8027,-8853.53,-3040.11,-5985.82,-10968.75,12:11,3705.0,10:46,-11631.75,1.0,250.0,250.0,BUY CE 24900 39 | BUY PE 24400 34.7 | SELL CE 24650 137.35 | SELL PE 24650 104.1,-5235.75,188.8,122.96,156.0,-5703.51,-29.2488,-5547.51,-2027.04,-3865.27,-5742.75,15:02,1287.0,10:45,-7215.0,1.0,500.0,500.0,BUY CE 25150 9.7 | BUY PE 24150 12.15 | SELL CE 24650 137.35 | SELL PE 24650 104.1,-9369.75,188.8,98.31,156.0,-9812.86,-50.3224,-9656.86,-3396.82,-6604.84,-10637.25,14:49,2788.5,10:45,-11339.25,1.0,392091.66,8931.53,8931.53,0.0,0.0,106983.84,5703.51,5703.51,0.0,0.0,236986.3,9812.86,9812.86,0.0,0.0,3.0,1.0,0.0
2025-10-03,Fri,0,4,2025-10-07,24853.4,24867.95,24605.95,262.0,1.0541817216155536,24759.55,-93.85000000000218,-0.37761433043367176,24759.55,24783.65,24783.85,24779.45,19.900000000001455,0.08037302778120546,108.15000000000146,24800.0,89.05,79.1,168.14999999999998,0.6785864900149113,1.1257901390644753,9.950000000000003,0.05917335712161763,87,nifty_1min.csv,0.37761433043367176,0.08037302778120546,0.4364503651211042,0.05917335712161763,0.6431757359500534,0.11834671424324388,0.2674897119341564,mild_down,up,SELL CE 24800 89.05 | SELL PE 24800 79.1,-1111.5,94.4,61.45,78.0,-1345.35,-6.8992,-1267.35,-511.38,-928.37,-3100.5,15:06,3295.5,14:27,-3763.5,1.0,150.0,150.0,BUY CE 24950 31.1 | BUY PE 24650 33.4 | SELL CE 24800 89.05 | SELL PE 24800 79.1,-1755.0,188.8,83.92,156.0,-2183.72,-11.1986,-2027.72,-853.77,-1518.75,-2369.25,15:22,711.75,14:28,-4260.75,1.0,350.0,350.0,BUY CE 25150 6.45 | BUY PE 24450 10.45 | SELL CE 24800 89.05 | SELL PE 24800 79.1,-2184.0,188.8,66.06,156.0,-2594.86,-13.307,-2438.86,-990.82,-1792.84,-3724.5,15:05,2457.0,14:27,-4465.5,1.0,390746.31,10276.88,1345.35,0.0,0.0,104800.12,7887.23,2183.72,0.0,0.0,234391.44,12407.72,2594.86,0.0,0.0,3.0,1.0,0.0
2025-10-06,Mon,0,1,2025-10-07,24895.0,24904.8,24747.55,157.25,0.6316529423579031,24916.55,21.549999999999272,0.08656356698131863,24916.55,24927.5,24917.8,24900.45,-16.099999999998545,-0.06461568716374677,45.20000000000073,24900.0,62.7,58.65,121.35,0.487340590230297,1.0690537084398977,4.050000000000004,0.03337453646477136,87,nifty_1min.csv,0.08656356698131863,0.06461568716374677,0.18152282388471183,0.03337453646477136,0.3724763081994292,0.13267408323031352,0.13934426229508196,flat,down,SELL CE 24900 62.7 | SELL PE 24900 58.65,-16711.5,94.4,51.42,78.0,-16935.32,-86.8478,-16857.32,-5708.04,-11321.68,-22171.5,13:36,672.75,09:43,-23078.25,1.0,100.0,100.0,BUY CE 25000 24.85 | BUY PE 24800 25.8 | SELL CE 24900 62.7 | SELL PE 24900 58.65,-4387.5,188.8,87.21,156.0,-4819.51,-24.7154,-4663.51,-1732.37,-3275.94,-4816.5,15:19,97.5,09:43,-7800.0,1.0,250.0,250.0,BUY CE 25150 4.9 | BUY PE 24650 8.25 | SELL CE 24900 62.7 | SELL PE 24900 58.65,-14322.75,188.8,59.57,156.0,-14727.12,-75.5237,-14571.12,-5034.91,-9881.01,-16321.5,13:36,399.75,09:43,-17618.25,1.0,373810.99,27212.2,16935.32,0.0,0.0,99980.61,12706.74,4819.51,0.0,0.0,219664.32,27134.84,14727.12,0.0,0.0,3.0,1.0,0.0
2025-10-07,Tue,1,0,2025-10-07,25072.55,25095.95,24881.65,214.29999999999927,0.8547196037100306,25085.3,12.75,0.05085242625899639,25085.3,25083.7,25110.6,25119.9,34.60000000000218,0.13792938493859824,63.400000000001455,25100.0,56.05,33.3,89.35,0.3556940911388978,1.6831831831831832,22.75,0.25461667599328486,87,nifty_1min.csv,0.05085242625899639,0.13792938493859824,0.2523895397672819,0.25461667599328486,0.7095691102406431,0.38724118634585547,0.05714285714285714,flat,up,SELL CE 25100 56.05 | SELL PE 25100 33.3,15804.75,94.4,25.37,78.0,15606.98,80.0358,15684.98,5139.39,10373.19,-8901.75,09:55,16194.75,15:23,-9691.5,1.0,100.0,100.0,BUY CE 25200 16 | BUY PE 25000 10.55 | SELL CE 25100 56.05 | SELL PE 25100 33.3,10647.0,188.8,27.69,156.0,10274.51,52.6898,10430.51,3298.97,6786.74,-5382.0,14:15,11046.75,15:23,-7039.5,1.0,200.0,200.0,BUY CE 25300 4.05 | BUY PE 24900 4.4 | SELL CE 25100 56.05 | SELL PE 25100 33.3,14176.5,188.8,26.13,156.0,13805.57,70.7978,13961.57,4475.99,9140.78,-8141.25,13:45,14566.5,15:23,-9243.0,1.0,389417.97,11605.22,0.0,1.0,0.0,110255.12,2432.23,0.0,1.0,0.0,233469.89,13329.27,0.0,1.0,0.0,0.0,0.0,0.0
2025-10-08,Wed,0,6,2025-10-14,25112.8,25220.9,25076.3,144.60000000000218,0.5758019814596628,25079.75,-33.04999999999927,-0.1316061928578226,25079.75,25147.0,25172.4,25175.3,95.54999999999927,0.38098465893798494,101.04999999999927,25200.0,117.15,97.8,214.95,0.853813062803621,1.1978527607361964,19.35000000000001,0.09002093510118636,87,nifty_1min.csv,0.1316061928578226,0.38098465893798494,0.4013854849793221,0.09002093510118636,0.4701093277506363,0.44452198185624225,0.4146341463414634,mild_down,up,SELL CE 25200 117.15 | SELL PE 25200 97.8,-3987.75,94.4,79.7,78.0,-4239.85,-21.7428,-4161.85,-1476.22,-2858.03,-9155.25,12:24,1550.25,14:00,-10822.5,1.0,200.0,200.0,BUY CE 25400 40 | BUY PE 25000 36.35 | SELL CE 25200 117.15 | SELL PE 25200 97.8,-1228.5,188.8,111.28,156.0,-1684.58,-8.6389,-1528.58,-687.39,-1185.98,-2369.25,12:24,799.5,14:06,-5703.75,1.0,450.0,450.0,BUY CE 25650 9.4 | BUY PE 24750 11.85 | SELL CE 25200 117.15 | SELL PE 25200 97.8,-3539.25,188.8,88.03,156.0,-3972.08,-20.3696,-3816.08,-1449.89,-2710.99,-6610.5,12:24,1472.25,14:06,-8648.25,1.0,385178.12,15845.07,4239.85,0.0,0.0,108570.54,4116.81,1684.58,0.0,0.0,229497.81,17301.35,3972.08,0.0,0.0,3.0,1.0,0.0
2025-10-09,Thu,0,5,2025-10-14,25023.8,25192.5,25008.5,184.0,0.7352999944053261,25074.3,50.5,0.2018078788992879,25074.3,25059.6,25105.5,25107.35,33.04999999999927,0.13180826583393862,72.40000000000146,25100.0,118.55,81.75,200.3,0.7977743569114224,1.4501529051987767,36.8,0.1837244133799301,87,nifty_1min.csv,0.2018078788992879,0.13180826583393862,0.2883617745401305,0.1837244133799301,0.36145781328008714,0.16500249625561295,0.3724696356275304,mild_up,up,SELL CE 25100 118.55 | SELL PE 25100 81.75,936.0,94.4,72.2,78.0,691.4,3.5456,769.4,167.53,429.47,-3471.0,11:37,3890.25,14:27,-4455.75,1.0,200.0,200.0,BUY CE 25300 37.7 | BUY PE 24900 27.75 | SELL CE 25100 118.55 | SELL PE 25100 81.75,-273.0,188.8,94.21,156.0,-712.01,-3.6513,-556.01,-363.2,-537.61,-1433.25,11:37,1053.0,14:27,-3529.5,1.0,400.0,400.0,BUY CE 25500 11.25 | BUY PE 24700 10.4 | SELL CE 25100 118.55 | SELL PE 25100 81.75,-282.75,188.8,78.32,156.0,-705.87,-3.6198,-549.87,-361.16,-533.51,-3061.5,11:37,2700.75,14:27,-4231.5,1.0,385869.52,15153.67,0.0,1.0,0.0,107858.53,4828.82,712.01,0.0,0.0,228791.94,18007.22,705.87,0.0,0.0,2.0,0.0,0.0
2025-10-10,Fri,0,4,2025-10-14,25170.3,25199.25,25024.3,174.95000000000073,0.6950652157503118,25167.65,-2.649999999997817,-0.010528281347452423,25167.65,25221.1,25236.2,25231.45,63.79999999999927,0.25350002880681854,85.20000000000073,25250.0,93.9,74.5,168.4,0.6674210162317267,1.2604026845637584,19.400000000000006,0.11520190023752973,87,nifty_1min.csv,0.010528281347452423,0.25350002880681854,0.33767381581320427,0.11520190023752973,0.5059382422802894,0.37885985748218093,0.25806451612903225,flat,up,SELL CE 25250 93.9 | SELL PE 25250 74.5,702.0,94.4,60.74,78.0,468.86,2.4044,546.86,93.35,281.11,-7488.0,11:14,702.0,15:29,-9018.75,1.0,150.0,150.0,BUY CE 25400 32.15 | BUY PE 25100 30.05 | SELL CE 25250 93.9 | SELL PE 25250 74.5,-243.75,188.8,81.95,156.0,-670.5,-3.4385,-514.5,-349.37,-509.93,-2574.0,13:39,9.75,09:41,-5060.25,1.0,350.0,350.0,BUY CE 25600 6.45 | BUY PE 24900 9.9 | SELL CE 25250 93.9 | SELL PE 25250 74.5,-19.5,188.8,65.64,156.0,-429.94,-2.2048,-273.94,-269.18,-349.56,-6737.25,11:14,-19.5,15:29,-8316.75,1.0,386338.38,14684.81,0.0,1.0,0.0,107188.03,5499.32,670.5,0.0,0.0,228362.0,18437.16,429.94,0.0,0.0,2.0,0.0,0.0
2025-10-13,Mon,0,1,2025-10-14,25278.2,25330.75,25156.85,173.90000000000146,0.6879445530140653,25177.3,-100.90000000000146,-0.3991581679075308,25177.3,25213.85,25216.6,25196.2,18.900000000001455,0.0750676204358746,66.15000000000146,25200.0,83.15,74.1,157.25,0.6241020471340917,1.1221322537112013,9.050000000000011,0.05755166931637527,87,nifty_1min.csv,0.3991581679075308,0.0750676204358746,0.26253958930315463,0.05755166931637527,0.42066772655008877,0.12019077901431768,0.23293172690763053,mild_down,up,SELL CE 25200 83.15 | SELL PE 25200 74.1,7244.25,94.4,53.79,78.0,7018.06,35.9901,7096.06,2276.42,4647.24,-750.75,09:31,7507.5,15:04,-2301.0,1.0,150.0,150.0,BUY CE 25350 25.5 | BUY PE 25050 28.55 | SELL CE 25200 83.15 | SELL PE 25200 74.1,3237.0,188.8,67.71,156.0,2824.49,14.4846,2980.49,815.63,1820.06,-302.25,09:47,3344.25,15:18,-2895.75,1.0,300.0,300.0,BUY CE 25500 6.9 | BUY PE 24900 11.45 | SELL CE 25200 83.15 | SELL PE 25200 74.1,5801.25,188.8,58.4,156.0,5398.05,27.6823,5554.05,1673.48,3535.77,-546.0,09:47,6035.25,15:04,-2427.75,1.0,393356.44,7666.75,0.0,1.0,0.0,110012.52,2674.83,0.0,1.0,0.0,233760.05,13039.11,0.0,1.0,0.0,0.0,0.0,0.0
2025-10-14,Tue,1,0,2025-10-14,25237.15,25267.3,25152.3,115.0,0.4556774437684128,25277.55,40.39999999999782,0.16008146720211203,25277.55,25290.75,25300.7,25291.8,14.25,0.0563741343603316,54.94999999999709,25300.0,49.85,44.0,93.85,0.3710688839861141,1.1329545454545455,5.850000000000001,0.06233351092168356,87,nifty_1min.csv,0.16008146720211203,0.0563741343603316,0.2172640935006488,0.06233351092168356,0.5855087906233042,0.15183803942461374,0.064,mild_up,up,SELL CE 25300 49.85 | SELL PE 25300 44,-11748.75,94.4,39.25,78.0,-11960.4,-61.3354,-11882.4,-4049.73,-8005.06,-27953.25,13:12,409.5,09:35,-29864.25,1.0,100.0,100.0,BUY CE 25400 14 | BUY PE 25200 15.2 | SELL CE 25300 49.85 | SELL PE 25300 44,-6854.25,188.8,56.75,156.0,-7255.8,-37.2092,-7099.8,-2544.47,-4900.14,-7068.75,15:18,195.0,09:34,-11992.5,1.0,200.0,200.0,BUY CE 25500 3.95 | BUY PE 25100 5.75 | SELL CE 25300 49.85 | SELL PE 25300 44,-13620.75,188.8,40.11,156.0,-14005.66,-71.8239,-13849.66,-4794.42,-9400.04,-18291.0,13:12,253.5,09:35,-21849.75,1.0,381396.04,19627.15,11960.4,0.0,0.0,102756.72,9930.63,7255.8,0.0,0.0,219754.39,27044.77,14005.66,0.0,0.0,3.0,1.0,0.0
2025-10-15,Wed,0,5,2025-10-20,25123.35,25310.35,25060.55,249.79999999999927,0.994294152650818,25181.95,58.60000000000218,0.23324914870032135,25181.95,25242.0,25243.2,25253.3,71.34999999999854,0.2833378670039395,97.90000000000146,25250.0,156.1,83.55,239.64999999999998,0.9489848851437237,1.8683423099940155,72.55,0.30273315251408306,93,nifty_1min.csv,0.23324914870032135,0.2833378670039395,0.3876721062197869,0.30273315251408306,0.40851241393699755,0.2977258501981997,0.5179282868525896,mild_up,up,SELL CE 25250 156.1 | SELL PE 25250 83.55,-3071.25,94.4,88.24,78.0,-3331.89,-17.0866,-3253.89,-1173.56,-2252.73,-7166.25,13:34,2379.0,10:04,-7663.5,1.0,250.0,250.0,BUY CE 25500 43.85 | BUY PE 25000 28.55 | SELL CE 25250 156.1 | SELL PE 25250 83.55,-2525.25,188.8,115.26,156.0,-2985.31,-15.3093,-2829.31,-1120.97,-2053.14,-3997.5,13:34,1014.0,10:04,-5304.0,1.0,500.0,500.0,BUY CE 25750 9.15 | BUY PE 24750 11.4 | SELL CE 25250 156.1 | SELL PE 25250 83.55,-3695.25,188.8,94.81,156.0,-4134.86,-21.2044,-3978.86,-1504.15,-2819.51,-7351.5,13:34,2057.25,10:04,-8014.5,1.0,378064.15,22959.04,3331.89,0.0,0.0,99771.41,12915.94,2985.31,0.0,0.0,215619.53,31179.63,4134.86,0.0,0.0,3.0,1.0,0.0
2025-10-16,Thu,0,4,2025-10-20,25327.75,25365.15,25159.35,205.8000000000029,0.8125475022455722,25394.9,67.15000000000146,0.2651242214567084,25394.9,25412.5,25412.8,25424.75,29.849999999998545,0.11754328625038311,53.45000000000073,25400.0,144.25,62.4,206.65,0.8127906862407693,2.311698717948718,81.85,0.39608032905879503,93,nifty_1min.csv,0.2651242214567084,0.11754328625038311,0.21022822249973244,0.39608032905879503,0.25864989112025516,0.14444713283328597,0.39285714285714285,mild_up,up,SELL CE 25400 144.25 | SELL PE 25400 62.4,-11865.75,94.4,80.19,78.0,-12118.34,-62.1453,-12040.34,-4102.38,-8110.36,-19412.25,14:37,1355.25,09:39,-20007.0,1.0,200.0,200.0,BUY CE 25600 41.45 | BUY PE 25200 24.8 | SELL CE 25400 144.25 | SELL PE 25400 62.4,-4056.0,188.8,115.25,156.0,-4516.05,-23.1592,-4360.05,-1631.22,-3073.64,-5996.25,15:00,848.25,09:39,-8258.25,1.0,400.0,400.0,BUY CE 25800 8.4 | BUY PE 25000 11.65 | SELL CE 25400 144.25 | SELL PE 25400 62.4,-10296.0,188.8,89.68,156.0,-10730.48,-55.0281,-10574.48,-3702.69,-7216.59,-15015.0,14:37,1443.0,09:39,-16341.0,1.0,365945.81,35077.38,12118.34,0.0,0.0,95255.36,17431.99,4516.05,0.0,0.0,204889.05,41910.11,10730.48,0.0,0.0,3.0,1.0,0.0
2025-10-17,Fri,0,3,2025-10-20,25566.3,25625.4,25376.85,248.5500000000029,0.9721782189835952,25546.85,-19.450000000000728,-0.07607671035699623,25546.85,25553.2,25556.5,25604.55,57.70000000000073,0.2258595482417626,96.05000000000291,25600.0,101.5,80.35,181.85,0.7102253310446777,1.2632233976353455,21.150000000000006,0.11630464668682984,93,nifty_1min.csv,0.07607671035699623,0.2258595482417626,0.37512863924577045,0.11630464668682984,0.5281825680506071,0.3172944734671473,0.2964426877470356,flat,up,SELL CE 25600 101.5 | SELL PE 25600 80.35,-2730.0,94.4,67.14,78.0,-2969.54,-15.2284,-2891.54,-1052.78,-2011.16,-19119.75,11:33,1131.0,09:50,-20153.25,1.0,200.0,200.0,BUY CE 25800 23.85 | BUY PE 25400 26.7 | SELL CE 25600 101.5 | SELL PE 25600 80.35,-1638.0,188.8,87.01,156.0,-2069.81,-10.6144,-1913.81,-815.8,-1442.8,-6240.0,11:33,780.0,09:50,-9145.5,1.0,350.0,350.0,BUY CE 25950 6.65 | BUY PE 25250 12.7 | SELL CE 25600 101.5 | SELL PE 25600 80.35,-2749.5,188.8,74.12,156.0,-3168.42,-16.2483,-3012.42,-1182.01,-2175.22,-13630.5,11:33,1189.5,09:50,-14839.5,1.0,362976.27,38046.92,2969.54,0.0,0.0,93185.55,19501.8,2069.81,0.0,0.0,201720.63,45078.53,3168.42,0.0,0.0,3.0,1.0,0.0
2025-10-20,Mon,1,0,2025-10-20,25704.7,25781.5,25508.6,272.90000000000146,1.0616735460830178,25824.6,119.89999999999782,0.4664516605912452,25824.6,25903.25,25859.95,25879.4,54.80000000000291,0.21220076980864336,116.60000000000218,25900.0,56.15,60.55,116.69999999999999,0.45093781154122575,0.9273327828241124,-4.399999999999999,-0.03770351328191944,93,nifty_1min.csv,0.4664516605912452,0.21220076980864336,0.45055140381926234,0.03770351328191944,0.9991431019708843,0.46958011996574905,0.1220472440944882,mild_up,up,SELL CE 25900 56.15 | SELL PE 25900 60.55,11690.25,94.4,37.11,78.0,11480.74,58.8756,11558.74,3763.98,7622.36,-8853.0,09:50,13845.0,14:15,-12723.75,1.0,100.0,100.0,BUY CE 26000 22 | BUY PE 25800 24.35 | SELL CE 25900 56.15 | SELL PE 25900 60.55,2671.5,188.8,41.15,156.0,2285.55,11.7208,2441.55,635.98,1460.76,-2769.0,14:46,5752.5,14:15,-10734.75,1.0,250.0,250.0,BUY CE 26150 4.8 | BUY PE 25650 7.05 | SELL CE 25900 56.15 | SELL PE 25900 60.55,9399.0,188.8,38.16,156.0,9016.04,46.2361,9172.04,2879.48,5947.76,-6308.25,09:50,11826.75,14:15,-12060.75,1.0,374457.01,26566.18,0.0,1.0,0.0,95471.1,17216.25,0.0,1.0,0.0,210736.67,36062.49,0.0,1.0,0.0,0.0,0.0,0.0
2025-10-23,Thu,0,5,2025-10-28,25833.3,25934.35,25826.3,108.04999999999927,0.4182586042046478,26057.2,223.90000000000146,0.8667107957558712,26057.2,26003.2,26029.3,26055.25,-1.9500000000007276,-0.007483536220318099,75.20000000000073,26050.0,177.8,91.85,269.65,1.034916187716487,1.935764833968427,85.95000000000002,0.3187465232709068,103,nifty_1min.csv,0.8667107957558712,0.007483536220318099,0.2886174571343615,0.3187465232709068,0.278880029668091,0.007231596514002328,0.615686274509804,strong_up,down,SELL CE 26050 177.8 | SELL PE 26050 91.85,5469.75,94.4,95.32,78.0,5202.03,26.6771,5280.03,1671.08,3436.55,-2125.5,09:36,11602.5,14:42,-3490.5,1.0,250.0,250.0,BUY CE 26300 58.1 | BUY PE 25800 34.8 | SELL CE 26050 177.8 | SELL PE 26050 91.85,2262.0,188.8,124.46,156.0,1792.74,9.1935,1948.74,471.71,1132.23,-760.5,09:36,4748.25,14:42,-3168.75,1.0,550.0,550.0,BUY CE 26600 10.35 | BUY PE 25500 14.05 | SELL CE 26050 177.8 | SELL PE 26050 91.85,4475.25,188.8,102.76,156.0,4027.69,20.6548,4183.69,1216.7,2622.19,-1677.0,09:36,10266.75,14:42,-3178.5,1.0,379659.04,21364.15,0.0,1.0,0.0,97263.84,15423.51,0.0,1.0,0.0,214764.36,32034.8,0.0,1.0,0.0,0.0,0.0,0.0
2025-10-24,Fri,0,4,2025-10-28,25870.3,26104.2,25862.45,241.75,0.9344692562513771,25935.1,64.79999999999927,0.25048028047606435,25935.1,25851.15,25886.3,25885.85,-49.25,-0.18989708927283874,103.85000000000218,25900.0,141.3,85.2,226.5,0.874995412551645,1.6584507042253522,56.10000000000001,0.24768211920529806,103,nifty_1min.csv,0.25048028047606435,0.18989708927283874,0.40118443087633665,0.24768211920529806,0.45849889624725026,0.217439293598234,0.4453125,mild_up,down,SELL CE 25900 141.3 | SELL PE 25900 85.2,4982.25,94.4,79.9,78.0,4729.95,24.2562,4807.95,1513.72,3121.84,-3588.0,13:50,6815.25,12:29,-5898.75,1.0,250.0,250.0,BUY CE 26150 37.8 | BUY PE 25650 25.9 | SELL CE 25900 141.3 | SELL PE 25900 85.2,2242.5,188.8,99.11,156.0,1798.59,9.2235,1954.59,473.66,1136.12,-828.75,13:50,3480.75,12:32,-4641.0,1.0,450.0,450.0,BUY CE 26350 10.85 | BUY PE 25450 11.5 | SELL CE 25900 141.3 | SELL PE 25900 85.2,4173.0,188.8,86.85,156.0,3741.35,19.1864,3897.35,1121.25,2431.3,-2301.0,13:50,5742.75,12:29,-4943.25,1.0,384388.99,16634.2,0.0,1.0,0.0,99062.43,13624.92,0.0,1.0,0.0,218505.71,28293.45,0.0,1.0,0.0,0.0,0.0,0.0
2025-10-27,Mon,0,1,2025-10-28,25797.45,25944.15,25718.2,225.95000000000073,0.8758617615306967,25843.2,45.75,0.17734310949338014,25843.2,25862.85,25880.1,25889.15,45.95000000000073,0.17780305844477745,64.5,25900.0,108.45,57.8,166.25,0.6421609052440888,1.8762975778546713,50.650000000000006,0.30466165413533836,103,nifty_1min.csv,0.17734310949338014,0.17780305844477745,0.24913911812477427,0.30466165413533836,0.3879699248120301,0.2763909774436134,0.2529182879377432,mild_up,up,SELL CE 25900 108.45 | SELL PE 25900 57.8,-3461.25,94.4,61.81,78.0,-3695.46,-18.9511,-3617.46,-1294.75,-2495.1,-11212.5,10:25,663.0,13:21,-12480.0,1.0,150.0,150.0,BUY CE 26050 39 | BUY PE 25750 22.05 | SELL CE 25900 108.45 | SELL PE 25900 57.8,-1686.75,188.8,86.45,156.0,-2118.0,-10.8615,-1962.0,-831.87,-1474.93,-3695.25,12:15,117.0,09:30,-6600.75,1.0,350.0,350.0,BUY CE 26250 9.45 | BUY PE 25550 7.55 | SELL CE 25900 108.45 | SELL PE 25900 57.8,-3461.25,188.8,67.97,156.0,-3874.02,-19.8668,-3718.02,-1417.21,-2645.61,-9486.75,12:15,214.5,13:21,-10637.25,1.0,380693.53,20329.66,3695.46,0.0,0.0,96944.43,15742.92,2118.0,0.0,0.0,214631.69,32167.47,3874.02,0.0,0.0,3.0,1.0,0.0
2025-10-28,Tue,1,0,2025-10-28,25974.0,26005.95,25827.0,178.95000000000073,0.6889581889581917,25939.95,-34.04999999999927,-0.13109263109262828,25939.95,25968.05,25971.85,25987.45,47.5,0.18311523345264735,76.19999999999709,26000.0,69.25,61.65,130.9,0.5037046728324633,1.1232765612327655,7.600000000000001,0.05805958747135218,103,nifty_1min.csv,0.13109263109262828,0.18311523345264735,0.29321845737075813,0.05805958747135218,0.5821237585943245,0.3628724216959511,0.1511627906976744,mild_down,up,SELL CE 26000 69.25 | SELL PE 26000 61.65,13113.75,94.4,41.62,78.0,12899.73,66.1525,12977.73,4236.98,8568.35,-10247.25,14:26,13659.75,15:15,-11202.75,1.0,150.0,150.0,BUY CE 26150 18.05 | BUY PE 25850 18.55 | SELL CE 26000 69.25 | SELL PE 26000 61.65,6006.0,188.8,44.84,156.0,5616.36,28.8018,5772.36,1746.25,3681.31,-9243.0,14:50,6591.0,15:15,-12470.25,1.0,250.0,250.0,BUY CE 26250 6.75 | BUY PE 25750 7.75 | SELL CE 26000 69.25 | SELL PE 26000 61.65,10315.5,188.8,42.92,156.0,9927.78,50.9117,10083.78,3183.39,6555.59,-11232.0,14:26,10900.5,15:15,-12977.25,1.0,393593.26,7429.93,0.0,1.0,0.0,102560.79,10126.56,0.0,1.0,0.0,224559.47,22239.69,0.0,1.0,0.0,0.0,0.0,0.0
2025-10-29,Wed,0,6,2025-11-04,25965.4,26041.7,25810.05,231.65000000000146,0.8921487826107106,25982.0,16.599999999998545,0.06393123156199614,25982.0,25980.55,25990.3,26010.75,28.75,0.1106535293664845,56.849999999998545,26000.0,201.9,117.75,319.65,1.2289149678498312,1.7146496815286625,84.15,0.2632566870014078,100,nifty_1min.csv,0.06393123156199614,0.1106535293664845,0.2185634785617429,0.2632566870014078,0.177850774284369,0.08994212419834194,0.7451737451737451,flat,up,SELL CE 26000 201.9 | SELL PE 26000 117.75,78.0,94.4,115.84,78.0,-210.24,-1.0782,-132.24,-133.01,-171.63,-2720.25,10:34,4485.0,14:03,-3529.5,1.0,300.0,300.0,BUY CE 26300 70.7 | BUY PE 25700 38.6 | SELL CE 26000 201.9 | SELL PE 26000 117.75,-438.75,188.8,154.74,156.0,-938.29,-4.8117,-782.29,-438.63,-688.46,-1053.0,10:34,994.5,09:53,-3792.75,1.0,650.0,650.0,BUY CE 26650 15 | BUY PE 25350 10.9 | SELL CE 26000 201.9 | SELL PE 26000 117.75,-526.5,188.8,124.38,156.0,-995.68,-5.1061,-839.68,-457.76,-726.72,-2349.75,10:34,3558.75,14:03,-3558.75,1.0,393383.02,7640.17,210.24,0.0,0.0,101622.5,11064.85,938.29,0.0,0.0,223563.79,23235.37,995.68,0.0,0.0,3.0,1.0,0.0
2025-10-30,Thu,0,5,2025-11-04,26068.3,26097.85,25960.3,137.54999999999927,0.5276523593790131,25984.4,-83.89999999999782,-0.3218468407989697,25984.4,25982.05,25983.25,25978.85,-5.55000000000291,-0.021358969227701658,68.20000000000073,26000.0,142.55,119.0,261.55,1.0067805156887237,1.1978991596638657,23.55000000000001,0.09004014528770793,100,nifty_1min.csv,0.3218468407989697,0.021358969227701658,0.2625212432421017,0.09004014528770793,0.26075320206461755,0.021219652074184324,0.5846153846153846,mild_down,down,SELL CE 26000 142.55 | SELL PE 26000 119,3588.0,94.4,93.22,78.0,3322.38,17.0378,3400.38,1044.53,2183.45,-5274.75,09:55,3588.0,15:29,-6366.75,1.0,250.0,250.0,BUY CE 26250 47.75 | BUY PE 25750 41.35 | SELL CE 26000 142.55 | SELL PE 26000 119,897.0,188.8,121.72,156.0,430.48,2.2076,586.48,17.63,224.06,-1306.5,09:55,1014.0,13:20,-4221.75,1.0,500.0,500.0,BUY CE 26500 14.8 | BUY PE 25500 14.1 | SELL CE 26000 142.55 | SELL PE 26000 119,1891.5,188.8,101.3,156.0,1445.4,7.4123,1601.4,355.93,900.67,-3763.5,09:55,1891.5,14:30,-5245.5,1.0,396705.4,4317.79,0.0,1.0,0.0,102052.98,10634.37,0.0,1.0,0.0,225009.19,21789.97,0.0,1.0,0.0,0.0,0.0,0.0
2025-10-31,Fri,0,4,2025-11-04,25891.2,26032.05,25845.25,186.79999999999927,0.7214806575206992,25863.8,-27.400000000001455,-0.10582746261278525,25863.8,25863.65,25895.8,25914.9,51.10000000000218,0.19757344241759597,105.70000000000073,25900.0,150.2,85.8,236.0,0.9106730105074686,1.7505827505827505,64.39999999999999,0.27288135593220336,100,nifty_1min.csv,0.10582746261278525,0.19757344241759597,0.4078734627569496,0.27288135593220336,0.44788135593220646,0.2165254237288228,0.47509578544061304,mild_down,up,SELL CE 25900 150.2 | SELL PE 25900 85.8,4260.75,94.4,83.66,78.0,4004.69,20.5369,4082.69,1271.96,2638.33,-1287.0,09:35,5265.0,13:04,-2369.25,1.0,250.0,250.0,BUY CE 26150 45.45 | BUY PE 25650 23.45 | SELL CE 25900 150.2 | SELL PE 25900 85.8,1901.25,188.8,105.3,156.0,1451.15,7.4418,1607.15,357.85,904.5,-828.75,09:38,2232.75,13:18,-3344.25,1.0,450.0,450.0,BUY CE 26350 14.35 | BUY PE 25450 8.75 | SELL CE 25900 150.2 | SELL PE 25900 85.8,3315.0,188.8,90.7,156.0,2879.5,14.7667,3035.5,833.97,1856.74,-1218.75,09:35,4251.0,13:04,-2778.75,1.0,400710.09,313.1,0.0,1.0,0.0,103504.13,9183.22,0.0,1.0,0.0,227888.69,18910.47,0.0,1.0,0.0,0.0,0.0,0.0
2025-11-03,Mon,0,1,2025-11-04,25732.55,25953.75,25711.2,242.54999999999927,0.9425805060128097,25696.85,-35.70000000000073,-0.13873479309279776,25696.85,25687.45,25675.3,25677.7,-19.149999999997817,-0.07452275278875745,79.54999999999927,25700.0,95.65,85.55,181.2,0.7056706792275009,1.1180596142606665,10.100000000000009,0.05573951434878592,100,nifty_1min.csv,0.13873479309279776,0.07452275278875745,0.30980189035622063,0.05573951434878592,0.4390176600441461,0.10568432671080474,0.29770992366412213,mild_down,down,SELL CE 25700 95.65 | SELL PE 25700 85.55,4719.0,94.4,63.59,78.0,4483.01,22.9898,4561.01,1431.4,2957.21,-4290.0,09:59,6015.75,15:04,-6357.0,1.0,200.0,200.0,BUY CE 25900 30 | BUY PE 25500 21.7 | SELL CE 25700 95.65 | SELL PE 25700 85.55,1755.0,188.8,78.14,156.0,1332.06,6.8311,1488.06,318.15,825.11,-1618.5,09:59,2535.0,14:46,-5128.5,1.0,350.0,350.0,BUY CE 26050 12.6 | BUY PE 25350 7.55 | SELL CE 25700 95.65 | SELL PE 25700 85.55,3373.5,188.8,68.99,156.0,2959.71,15.178,3115.71,860.7,1910.21,-3198.0,09:59,4416.75,14:50,-5713.5,1.0,405193.1,0.0,0.0,1.0,0.0,104836.19,7851.16,0.0,1.0,0.0,230848.4,15950.76,0.0,1.0,0.0,0.0,0.0,0.0
2025-11-04,Tue,1,0,2025-11-04,25774.3,25803.1,25645.5,157.59999999999854,0.6114618049762692,25744.75,-29.549999999999272,-0.1146490884330487,25744.75,25754.6,25752.0,25729.85,-14.900000000001455,-0.05787587760611952,65.0,25750.0,41.9,69.8,111.69999999999999,0.43412612199449274,0.6002865329512894,-27.9,-0.24977618621307074,100,nifty_1min.csv,0.1146490884330487,0.05787587760611952,0.25262486955812025,0.24977618621307074,0.5819158460161147,0.13339301700986084,0.10646387832699619,mild_down,down,SELL CE 25750 41.9 | SELL PE 25750 69.8,-7887.75,94.4,44.0,78.0,-8104.15,-41.5597,-8026.15,-2764.32,-5434.23,-8950.5,15:18,5811.0,13:43,-9603.75,1.0,100.0,100.0,BUY CE 25850 15.25 | BUY PE 25650 26 | SELL CE 25750 41.9 | SELL PE 25750 69.8,-5733.0,188.8,62.0,156.0,-6139.8,-31.4862,-5983.8,-2172.47,-4156.13,-5840.25,15:16,838.5,11:00,-8531.25,1.0,200.0,200.0,BUY CE 25950 6.05 | BUY PE 25550 7.7 | SELL CE 25750 41.9 | SELL PE 25750 69.8,-10539.75,188.8,45.23,156.0,-10929.78,-56.0502,-10773.78,-3769.13,-7349.46,-11583.0,15:18,3656.25,13:43,-11836.5,1.0,397088.95,8104.15,8104.15,0.0,0.0,98696.39,13990.96,6139.8,0.0,0.0,219918.62,26880.54,10929.78,0.0,0.0,3.0,1.0,0.0
2025-11-06,Thu,0,5,2025-11-11,25586.25,25787.4,25578.4,209.0,0.8168449850994186,25593.35,7.099999999998545,0.027749279398108534,25593.35,25664.1,25659.85,25625.6,32.25,0.12600929538337108,91.95000000000073,25650.0,135.7,116.35,252.04999999999998,0.9835867257742258,1.166308551783412,19.349999999999994,0.07677048204721283,91,nifty_1min.csv,0.027749279398108534,0.12600929538337108,0.3588208666333695,0.07677048204721283,0.36480856972823145,0.12795080341202145,0.571969696969697,flat,up,SELL CE 25650 135.7 | SELL PE 25650 116.35,6123.0,94.4,88.65,78.0,5861.95,30.0613,5939.95,1891.05,3876.5,-643.5,10:37,6669.0,14:58,-3022.5,1.0,250.0,250.0,BUY CE 25900 40.65 | BUY PE 25400 40.1 | SELL CE 25650 135.7 | SELL PE 25650 116.35,1911.0,188.8,111.97,156.0,1454.23,7.4576,1610.23,358.88,906.56,-224.25,09:34,2291.25,14:36,-4007.25,1.0,500.0,500.0,BUY CE 26150 10.35 | BUY PE 25150 13.55 | SELL CE 25650 135.7 | SELL PE 25650 116.35,4329.0,188.8,94.78,156.0,3889.42,19.9457,4045.42,1170.61,2530.02,-253.5,09:34,4982.25,14:58,-3227.25,1.0,402950.9,2242.2,0.0,1.0,0.0,100150.62,12536.73,0.0,1.0,0.0,223808.04,22991.12,0.0,1.0,0.0,0.0,0.0,0.0
2025-11-07,Fri,0,4,2025-11-11,25519.95,25679.15,25491.55,187.60000000000218,0.7351111581331553,25433.8,-86.15000000000146,-0.3375790313068852,25433.8,25374.2,25328.55,25350.1,-83.70000000000073,-0.32908963662528107,121.94999999999709,25350.0,118.7,88.0,206.7,0.8153813988899452,1.3488636363636364,30.700000000000003,0.1485244315432995,91,nifty_1min.csv,0.3375790313068852,0.32908963662528107,0.4810631910722131,0.1485244315432995,0.5899854862118873,0.4049346879535594,0.4037735849056604,mild_down,down,SELL CE 25350 118.7 | SELL PE 25350 88,-5284.5,94.4,77.28,78.0,-5534.18,-28.3804,-5456.18,-1907.66,-3720.92,-11690.25,13:28,4387.5,11:05,-13611.0,1.0,200.0,200.0,BUY CE 25550 40.05 | BUY PE 25150 29.4 | SELL CE 25350 118.7 | SELL PE 25350 88,-2232.75,188.8,106.78,156.0,-2684.33,-13.7658,-2528.33,-1020.64,-1852.48,-4143.75,13:28,1521.0,11:05,-10832.25,1.0,400.0,400.0,BUY CE 25750 12.95 | BUY PE 24950 10.15 | SELL CE 25350 118.7 | SELL PE 25350 88,-5226.0,188.8,85.74,156.0,-5656.54,-29.0079,-5500.54,-2011.38,-3833.96,-9662.25,13:42,3217.5,11:05,-12548.25,1.0,397416.72,7776.38,5534.18,0.0,0.0,97466.29,15221.06,2684.33,0.0,0.0,218151.5,28647.66,5656.54,0.0,0.0,3.0,1.0,0.0
2025-11-10,Mon,0,1,2025-11-11,25510.05,25551.25,25318.45,232.79999999999927,0.9125815119923296,25503.5,-6.549999999999272,-0.025676155083973855,25503.5,25551.65,25524.45,25539.6,36.099999999998545,0.14154919912952554,87.95000000000073,25550.0,87.55,70.55,158.1,0.6190386693605225,1.2409638554216869,17.0,0.10752688172043011,91,nifty_1min.csv,0.025676155083973855,0.14154919912952554,0.34436717881251366,0.10752688172043011,0.5562934851359945,0.22833649588866886,0.22932330827067668,flat,up,SELL CE 25550 87.55 | SELL PE 25550 70.55,5508.75,94.4,54.87,78.0,5281.48,27.0845,5359.48,1697.56,3489.52,-2135.25,11:27,5508.75,15:29,-2817.75,1.0,150.0,150.0,BUY CE 25700 28.2 | BUY PE 25400 24.75 | SELL CE 25550 87.55 | SELL PE 25550 70.55,1716.0,188.8,68.7,156.0,1302.5,6.6795,1458.5,308.3,805.4,-906.75,11:29,1716.0,15:29,-3188.25,1.0,300.0,300.0,BUY CE 25850 6.95 | BUY PE 25250 7.65 | SELL CE 25550 87.55 | SELL PE 25550 70.55,4280.25,188.8,58.42,156.0,3877.03,19.8822,4033.03,1166.48,2521.75,-1959.75,11:27,4280.25,15:29,-2866.5,1.0,402698.2,2494.9,0.0,1.0,0.0,98768.79,13918.56,0.0,1.0,0.0,222028.53,24770.63,0.0,1.0,0.0,0.0,0.0,0.0
2025-11-11,Tue,1,0,2025-11-11,25574.25,25653.45,25503.5,149.95000000000073,0.5863319549937954,25617.0,42.75,0.167160327282325,25617.0,25544.65,25532.5,25527.25,-89.75,-0.3503532810243198,124.25,25550.0,46.35,64.15,110.5,0.4328707557610005,0.7225253312548714,-17.800000000000004,-0.16108597285067877,91,nifty_1min.csv,0.167160327282325,0.3503532810243198,0.48673476383080827,0.16108597285067877,1.1244343891402715,0.8122171945701357,0.10486891385767791,mild_up,down,SELL CE 25550 46.35 | SELL PE 25550 64.15,-6649.5,94.4,43.01,78.0,-6864.91,-35.2047,-6786.91,-2351.24,-4608.08,-7663.5,15:05,9662.25,12:56,-8316.75,1.0,100.0,100.0,BUY CE 25650 16.35 | BUY PE 25450 24.15 | SELL CE 25550 46.35 | SELL PE 25550 64.15,-5772.0,188.8,58.94,156.0,-6175.74,-31.6705,-6019.74,-2184.45,-4180.09,-5859.75,15:23,3627.0,12:56,-10032.75,1.0,200.0,200.0,BUY CE 25750 5.55 | BUY PE 25350 8.05 | SELL CE 25550 46.35 | SELL PE 25550 64.15,-9282.0,188.8,44.22,156.0,-9671.02,-49.595,-9515.02,-3349.54,-6510.28,-10237.5,15:05,7507.5,12:56,-10890.75,1.0,395833.29,9359.81,6864.91,0.0,0.0,92593.05,20094.3,6175.74,0.0,0.0,212357.51,34441.65,9671.02,0.0,0.0,3.0,1.0,0.0
2025-11-12,Wed,0,6,2025-11-18,25705.55,25715.8,25449.25,266.5499999999993,1.0369356034008193,25834.3,128.75,0.5008645992791441,25834.3,25808.6,25839.4,25792.75,-41.54999999999927,-0.16083269142186657,59.10000000000218,25800.0,184.0,115.2,299.2,1.1600158959397504,1.597222222222222,68.8,0.22994652406417113,89,nifty_1min.csv,0.5008645992791441,0.16083269142186657,0.22913415591591507,0.22994652406417113,0.19752673796792175,0.13887032085561254,0.7238805970149254,strong_up,down,SELL CE 25800 184 | SELL PE 25800 115.2,1316.25,94.4,107.88,78.0,1035.97,5.3127,1113.97,282.39,659.18,-3354.0,12:36,2798.25,10:27,-4202.25,1.0,300.0,300.0,BUY CE 26100 54.55 | BUY PE 25500 38.55 | SELL CE 25800 184 | SELL PE 25800 115.2,477.75,188.8,140.44,156.0,-7.49,-0.0384,148.51,-128.36,-67.93,-1579.5,12:36,780.0,10:27,-3597.75,1.0,600.0,600.0,BUY CE 26400 11.8 | BUY PE 25200 13.9 | SELL CE 25800 184 | SELL PE 25800 115.2,955.5,188.8,116.69,156.0,494.01,2.5334,650.01,38.8,266.41,-3081.0,12:36,2028.0,10:27,-4026.75,1.0,396869.26,8323.84,0.0,1.0,0.0,92585.56,20101.79,7.49,0.0,0.0,212851.52,33947.64,0.0,1.0,0.0,1.0,0.0,1.0
2025-11-13,Thu,0,5,2025-11-18,25874.0,25934.55,25781.15,153.39999999999782,0.5928731545180406,25906.1,32.099999999998545,0.12406276571074648,25906.1,25842.75,25847.35,25875.8,-30.299999999999272,-0.11696087021975239,98.39999999999782,25900.0,137.75,119.15,256.9,0.9928195456758824,1.156105749055812,18.599999999999994,0.07240171272868819,89,nifty_1min.csv,0.12406276571074648,0.11696087021975239,0.3802780976819956,0.07240171272868819,0.383028415725955,0.11794472557415055,0.5799256505576208,mild_up,down,SELL CE 25900 137.75 | SELL PE 25900 119.15,-3675.75,94.4,94.76,78.0,-3942.91,-20.2201,-3864.91,-1377.24,-2660.08,-6396.0,13:41,1911.0,09:55,-7585.5,1.0,250.0,250.0,BUY CE 26150 43.6 | BUY PE 25650 43.4 | SELL CE 25900 137.75 | SELL PE 25900 119.15,-867.75,188.8,130.28,156.0,-1342.83,-6.8863,-1186.83,-573.48,-958.15,-2330.25,13:41,731.25,09:55,-6084.0,1.0,500.0,500.0,BUY CE 26400 11.85 | BUY PE 25400 17.4 | SELL CE 25900 137.75 | SELL PE 25900 119.15,-2544.75,188.8,106.97,156.0,-2996.52,-15.3668,-2840.52,-1124.71,-2060.61,-4865.25,13:41,1638.0,09:55,-6883.5,1.0,392926.35,12266.75,3942.91,0.0,0.0,91242.73,21444.62,1342.83,0.0,0.0,209855.0,36944.16,2996.52,0.0,0.0,3.0,1.0,0.0
2025-11-14,Fri,0,4,2025-11-18,25884.1,26010.7,25808.4,202.29999999999927,0.7815608810041658,25767.9,-116.19999999999709,-0.4489242430681271,25767.9,25811.1,25788.55,25824.0,56.099999999998545,0.21771273561290808,60.45000000000073,25800.0,168.45,94.45,262.9,1.0180452292441138,1.7834833245103228,73.99999999999999,0.2814758463294028,89,nifty_1min.csv,0.4489242430681271,0.21771273561290808,0.23408457249070913,0.2814758463294028,0.2299353366299001,0.2133891213389066,0.6074074074074074,mild_down,up,SELL CE 25800 168.45 | SELL PE 25800 94.45,6240.0,94.4,92.53,78.0,5975.07,30.6414,6053.07,1928.76,3951.91,-4494.75,09:34,9126.0,14:28,-6045.0,1.0,250.0,250.0,BUY CE 26050 58.8 | BUY PE 25550 30.2 | SELL CE 25800 168.45 | SELL PE 25800 94.45,2388.75,188.8,119.35,156.0,1924.6,9.8697,2080.6,515.67,1220.13,-1160.25,09:34,3276.0,14:28,-5352.75,1.0,550.0,550.0,BUY CE 26350 13.1 | BUY PE 25250 8.4 | SELL CE 25800 168.45 | SELL PE 25800 94.45,4680.0,188.8,98.12,156.0,4237.08,21.7286,4393.08,1286.49,2761.79,-3549.0,09:34,7380.75,14:28,-5703.75,1.0,398901.42,6291.68,0.0,1.0,0.0,93167.33,19520.02,0.0,1.0,0.0,214092.08,32707.08,0.0,1.0,0.0,0.0,0.0,0.0
2025-11-17,Mon,0,1,2025-11-18,25916.8,25940.2,25740.8,199.40000000000146,0.7693851092727554,25948.2,31.400000000001455,0.12115693295469138,25948.2,25952.45,25944.0,25966.45,18.25,0.07033243153667691,69.30000000000291,25950.0,106.85,62.45,169.3,0.6519951706914114,1.7109687750200158,44.39999999999999,0.26225634967513284,89,nifty_1min.csv,0.12115693295469138,0.07033243153667691,0.26688284305325877,0.26225634967513284,0.4093325457767449,0.10779681039574719,0.26199261992619927,mild_up,up,SELL CE 25950 106.85 | SELL PE 25950 62.45,4836.0,94.4,59.22,78.0,4604.38,23.6122,4682.38,1471.86,3038.12,-663.0,09:30,6210.75,14:44,-1950.0,1.0,150.0,150.0,BUY CE 26100 39.4 | BUY PE 25800 22.2 | SELL CE 25950 106.85 | SELL PE 25950 62.45,1540.5,188.8,76.89,156.0,1118.81,5.7375,1274.81,247.07,682.94,-243.75,09:30,2028.0,14:44,-3880.5,1.0,350.0,350.0,BUY CE 26300 6.65 | BUY PE 25600 6.35 | SELL CE 25950 106.85 | SELL PE 25950 62.45,4065.75,188.8,62.85,156.0,3658.1,18.7595,3814.1,1093.5,2375.8,-536.25,09:30,5333.25,14:44,-2018.25,1.0,403505.8,1687.3,0.0,1.0,0.0,94286.14,18401.21,0.0,1.0,0.0,217750.18,29048.98,0.0,1.0,0.0,0.0,0.0,0.0
2025-11-18,Tue,1,0,2025-11-18,26014.3,26024.2,25906.35,117.85000000000218,0.4530200697308872,26021.8,7.5,0.02883029718270336,26021.8,25946.1,25959.15,25963.2,-58.599999999998545,-0.22519579736989195,99.69999999999709,25950.0,57.1,52.2,109.30000000000001,0.42098046465766936,1.0938697318007662,4.899999999999999,0.04483074107959742,89,nifty_1min.csv,0.02883029718270336,0.22519579736989195,0.3840050533062068,0.04483074107959742,0.9121683440072926,0.5361390667886418,0.10294117647058823,flat,down,SELL CE 25950 57.1 | SELL PE 25950 52.2,13513.5,94.4,33.62,78.0,13307.48,68.2435,13385.48,4372.89,8840.19,-1784.25,09:59,17793.75,14:56,-3870.75,1.0,100.0,100.0,BUY CE 26050 21.45 | BUY PE 25850 17.95 | SELL CE 25950 57.1 | SELL PE 25950 52.2,5850.0,188.8,37.06,156.0,5468.14,28.0417,5624.14,1696.85,3582.49,-555.75,09:59,10296.0,14:56,-3617.25,1.0,200.0,200.0,BUY CE 26150 6.4 | BUY PE 25750 5.4 | SELL CE 25950 57.1 | SELL PE 25950 52.2,11241.75,188.8,34.68,156.0,10862.27,55.7039,11018.27,3494.89,7178.58,-1238.25,09:59,15658.5,14:56,-3617.25,1.0,416813.28,0.0,0.0,1.0,0.0,99754.28,12933.07,0.0,1.0,0.0,228612.45,18186.71,0.0,1.0,0.0,0.0,0.0,0.0
2025-11-19,Wed,0,6,2025-11-25,25894.7,26029.85,25876.5,153.34999999999854,0.592206127122533,25918.1,23.399999999997817,0.09036598222801506,25918.1,25858.6,25900.5,25903.65,-14.44999999999709,-0.055752543589217926,77.45000000000073,25900.0,167.5,131.6,299.1,1.1546635319732934,1.2727963525835866,35.900000000000006,0.12002674690738885,106,nifty_1min.csv,0.09036598222801506,0.055752543589217926,0.2989926130101384,0.12002674690738885,0.2589434971581435,0.04831160147107017,0.7142857142857143,flat,down,SELL CE 25900 167.5 | SELL PE 25900 131.6,-5421.0,94.4,110.84,78.0,-5704.24,-29.2525,-5626.24,-1964.35,-3834.29,-6981.0,15:00,2964.0,11:15,-7868.25,1.0,300.0,300.0,BUY CE 26200 50.05 | BUY PE 25600 42.9 | SELL CE 25900 167.5 | SELL PE 25900 131.6,-1959.75,188.8,149.43,156.0,-2453.98,-12.5845,-2297.98,-943.86,-1698.92,-2866.5,15:00,721.5,11:15,-5664.75,1.0,600.0,600.0,BUY CE 26500 11.35 | BUY PE 25300 14 | SELL CE 25900 167.5 | SELL PE 25900 131.6,-4845.75,188.8,120.84,156.0,-5311.39,-27.2379,-5155.39,-1896.33,-3603.86,-6288.75,15:00,2067.0,11:15,-7507.5,1.0,411109.04,5704.24,5704.24,0.0,0.0,97300.3,15387.05,2453.98,0.0,0.0,223301.06,23498.1,5311.39,0.0,0.0,3.0,1.0,0.0
2025-11-20,Thu,0,5,2025-11-25,26052.7,26074.65,25856.2,218.45000000000073,0.8384927473927873,26132.1,79.39999999999782,0.30476687636981126,26132.1,26099.45,26096.4,26103.7,-28.399999999997817,-0.1086785983522098,55.5,26100.0,143.2,118.15,261.35,1.00119906373426,1.2120186203977992,25.049999999999983,0.09584847905108085,106,nifty_1min.csv,0.30476687636981126,0.1086785983522098,0.21261353754448603,0.09584847905108085,0.21235890568203555,0.10866653912377201,0.5875912408759124,mild_up,down,SELL CE 26100 143.2 | SELL PE 26100 118.15,-780.0,94.4,95.09,78.0,-1047.49,-5.3717,-969.49,-412.1,-729.79,-6230.25,14:18,2262.0,11:53,-7283.25,1.0,250.0,250.0,BUY CE 26350 43.4 | BUY PE 25850 42.55 | SELL CE 26100 143.2 | SELL PE 26100 118.15,-438.75,188.8,126.73,156.0,-910.28,-4.6681,-754.28,-429.29,-669.79,-2174.25,14:21,682.5,11:53,-4465.5,1.0,500.0,500.0,BUY CE 26600 9.9 | BUY PE 25600 15.1 | SELL CE 26100 143.2 | SELL PE 26100 118.15,-1023.75,188.8,103.81,156.0,-1472.36,-7.5506,-1316.36,-616.65,-1044.51,-4923.75,14:18,1569.75,11:53,-6132.75,1.0,410061.55,6751.73,1047.49,0.0,0.0,96390.02,16297.33,910.28,0.0,0.0,221828.7,24970.46,1472.36,0.0,0.0,3.0,1.0,0.0
2025-11-21,Fri,0,4,2025-11-25,26197.4,26246.65,26063.2,183.45000000000073,0.7002603311779059,26109.55,-87.85000000000218,-0.3353386213899172,26109.55,26136.5,26159.7,26158.55,49.0,0.18767079478581591,75.5,26150.0,125.5,105.15,230.65,0.8817384755653506,1.1935330480266286,20.349999999999994,0.08822891827444176,106,nifty_1min.csv,0.3353386213899172,0.18767079478581591,0.28862456061211345,0.08822891827444176,0.32733579015824843,0.212443095599393,0.45454545454545453,mild_down,up,SELL CE 26150 125.5 | SELL PE 26150 105.15,3402.75,94.4,82.1,78.0,3148.25,16.1449,3226.25,986.48,2067.37,-312.0,09:32,5996.25,14:08,-2476.5,1.0,250.0,250.0,BUY CE 26400 31.8 | BUY PE 25900 31.5 | SELL CE 26150 125.5 | SELL PE 26150 105.15,1920.75,188.8,102.95,156.0,1473.0,7.5538,1629.0,365.13,919.06,-97.5,09:32,2652.0,13:38,-3022.5,1.0,450.0,450.0,BUY CE 26600 8.3 | BUY PE 25700 11.75 | SELL CE 26150 125.5 | SELL PE 26150 105.15,2915.25,188.8,88.68,156.0,2481.77,12.727,2637.77,701.39,1591.58,-224.25,09:32,4748.25,14:08,-2574.0,1.0,413209.8,3603.48,0.0,1.0,0.0,97863.02,14824.33,0.0,1.0,0.0,224310.47,22488.69,0.0,1.0,0.0,0.0,0.0,0.0
2025-11-24,Mon,0,1,2025-11-25,26063.95,26179.2,26052.2,127.0,0.4872630587458923,26122.8,58.849999999998545,0.2257907953322445,26122.8,26096.95,26099.25,26113.95,-8.849999999998545,-0.033878451008309,55.25,26100.0,104.6,61.4,166.0,0.6356755680393047,1.7035830618892507,43.199999999999996,0.26024096385542167,106,nifty_1min.csv,0.2257907953322445,0.033878451008309,0.21157274177211796,0.26024096385542167,0.3328313253012048,0.05331325301203943,0.2463768115942029,mild_up,down,SELL CE 26100 104.6 | SELL PE 26100 61.4,-2652.0,94.4,61.36,78.0,-2885.76,-14.7988,-2807.76,-1024.85,-1955.3,-3139.5,15:27,5333.25,13:51,-4602.0,1.0,150.0,150.0,BUY CE 26250 35.3 | BUY PE 25950 21.25 | SELL CE 26100 104.6 | SELL PE 26100 61.4,-175.5,188.8,85.36,156.0,-605.66,-3.1059,-449.66,-327.75,-466.71,-585.0,15:27,2174.25,13:52,-4260.75,1.0,350.0,350.0,BUY CE 26450 5.15 | BUY PE 25750 5.25 | SELL CE 26100 104.6 | SELL PE 26100 61.4,-2164.5,188.8,65.82,156.0,-2575.12,-13.2057,-2419.12,-984.24,-1779.68,-2583.75,15:27,4865.25,13:51,-4202.25,1.0,410324.04,6489.24,2885.76,0.0,0.0,97257.36,15429.99,605.66,0.0,0.0,221735.35,25063.81,2575.12,0.0,0.0,3.0,1.0,0.0
2025-11-25,Tue,1,0,2025-11-25,25943.35,26142.8,25912.15,230.64999999999782,0.8890524932207977,25998.5,55.150000000001455,0.21257856059453178,25998.5,25963.75,25955.1,25954.85,-43.650000000001455,-0.16789430159432836,81.29999999999927,25950.0,55.7,48.6,104.30000000000001,0.40185167704687186,1.146090534979424,7.100000000000001,0.06807286673058485,106,nifty_1min.csv,0.21257856059453178,0.16789430159432836,0.31323625449578507,0.06807286673058485,0.7794822627037321,0.41850431447748276,0.08303249097472924,mild_up,down,SELL CE 25950 55.7 | SELL PE 25950 48.6,7644.0,94.4,34.41,78.0,7437.19,38.1394,7515.19,2416.13,4926.66,-5284.5,10:13,14264.25,14:51,-5967.0,1.0,100.0,100.0,BUY CE 26050 20.85 | BUY PE 25850 15.25 | SELL CE 25950 55.7 | SELL PE 25950 48.6,624.0,188.8,37.57,156.0,241.63,1.2391,397.63,-45.32,98.15,-2174.25,15:01,7536.75,14:51,-3948.75,1.0,200.0,200.0,BUY CE 26150 7.9 | BUY PE 25750 4.45 | SELL CE 25950 55.7 | SELL PE 25950 48.6,5265.0,188.8,35.52,156.0,4884.68,25.0496,5040.68,1502.36,3193.52,-4036.5,10:13,12002.25,14:51,-5196.75,1.0,417761.23,0.0,0.0,1.0,0.0,97498.99,15188.36,0.0,1.0,0.0,226620.03,20179.13,0.0,1.0,0.0,0.0,0.0,0.0
2025-11-26,Wed,0,6,2025-12-02,25860.3,26032.6,25857.5,175.09999999999854,0.677099646949179,25842.95,-17.349999999998545,-0.06709125570855151,25842.95,25969.85,25968.3,25979.6,136.64999999999782,0.5287709027026629,140.95000000000073,26000.0,154.7,114.1,268.79999999999995,1.0346579624012686,1.3558282208588956,40.599999999999994,0.15104166666666666,85,nifty_1min.csv,0.06709125570855151,0.5287709027026629,0.5425410706862336,0.15104166666666666,0.5243675595238123,0.5083705357142777,0.6330935251798561,flat,up,SELL CE 26000 154.7 | SELL PE 26000 114.1,-14264.25,94.4,103.79,78.0,-14540.44,-74.5664,-14462.44,-4909.75,-9725.09,-17316.0,14:03,-0.0,09:31,-18203.25,1.0,250.0,250.0,BUY CE 26250 51.3 | BUY PE 25750 39.9 | SELL CE 26000 154.7 | SELL PE 26000 114.1,-4026.75,188.8,151.33,156.0,-4522.88,-23.1943,-4366.88,-1633.49,-3078.19,-5040.75,14:03,-39.0,09:33,-6990.75,1.0,550.0,550.0,BUY CE 26550 9.5 | BUY PE 25450 10.4 | SELL CE 26000 154.7 | SELL PE 26000 114.1,-11475.75,188.8,114.94,156.0,-11935.49,-61.2076,-11779.49,-4104.36,-8019.93,-13601.25,14:03,-0.0,09:30,-14625.0,1.0,403220.79,14540.44,14540.44,0.0,0.0,92976.11,19711.24,4522.88,0.0,0.0,214684.54,32114.62,11935.49,0.0,0.0,3.0,1.0,0.0
2025-11-27,Thu,0,5,2025-12-02,26203.5,26215.15,25842.95,372.2000000000007,1.4204209361344886,26261.25,57.75,0.22039040586181236,26261.25,26250.85,26274.2,26282.55,21.299999999999272,0.08110809653005578,86.64999999999782,26300.0,128.3,113.15,241.45000000000002,0.9186703725475649,1.1338930623066725,15.150000000000006,0.06274591012632016,85,nifty_1min.csv,0.22039040586181236,0.08110809653005578,0.32968642692584177,0.06274591012632016,0.3588734727686801,0.08821702215779363,0.4874551971326165,mild_up,up,SELL CE 26300 128.3 | SELL PE 26300 113.15,5547.75,94.4,85.06,78.0,5290.29,27.1297,5368.29,1700.5,3495.39,-2037.75,13:26,6123.0,15:20,-3471.0,1.0,250.0,250.0,BUY CE 26550 35.15 | BUY PE 26050 41.2 | SELL CE 26300 128.3 | SELL PE 26300 113.15,1257.75,188.8,106.67,156.0,806.28,4.1348,962.28,142.89,474.58,-711.75,13:42,1511.25,15:20,-3451.5,1.0,500.0,500.0,BUY CE 26800 8.55 | BUY PE 25800 15.7 | SELL CE 26300 128.3 | SELL PE 26300 113.15,3373.5,188.8,90.78,156.0,2937.92,15.0663,3093.92,853.44,1895.68,-1940.25,13:26,3919.5,15:20,-3607.5,1.0,408511.08,9250.15,0.0,1.0,0.0,93782.39,18904.96,0.0,1.0,0.0,217622.46,29176.7,0.0,1.0,0.0,0.0,0.0,0.0
2025-11-28,Fri,0,4,2025-12-02,26219.85,26310.45,26141.9,168.54999999999927,0.6428335783766852,26237.45,17.600000000002183,0.06712471657924124,26237.45,26242.95,26215.9,26231.0,-6.450000000000728,-0.024583181673526685,79.34999999999854,26250.0,106.85,97.4,204.25,0.7786588387785445,1.0970225872689938,9.449999999999989,0.04626682986536102,85,nifty_1min.csv,0.06712471657924124,0.024583181673526685,0.3025046700468855,0.04626682986536102,0.3884944920440565,0.03157894736842461,0.3678571428571429,flat,down,SELL CE 26250 106.85 | SELL PE 26250 97.4,6815.25,94.4,71.01,78.0,6571.84,33.7017,6649.84,2127.68,4349.76,-9.75,09:32,6815.25,15:29,-1589.25,1.0,200.0,200.0,BUY CE 26450 30 | BUY PE 26050 34.9 | SELL CE 26250 106.85 | SELL PE 26250 97.4,2847.0,188.8,88.93,156.0,2413.27,12.3757,2569.27,678.56,1545.91,-136.5,09:59,2847.0,15:29,-2544.75,1.0,400.0,400.0,BUY CE 26650 6.45 | BUY PE 25850 11.5 | SELL CE 26250 106.85 | SELL PE 26250 97.4,5655.0,188.8,75.88,156.0,5234.32,26.8427,5390.32,1618.91,3426.61,-58.5,09:32,5655.0,15:29,-1823.25,1.0,415082.92,2678.31,0.0,1.0,0.0,96195.66,16491.69,0.0,1.0,0.0,222856.78,23942.38,0.0,1.0,0.0,0.0,0.0,0.0
2025-12-01,Mon,0,1,2025-12-02,26204.55,26280.75,26172.4,108.34999999999854,0.4134778120593506,26325.8,121.25,0.4627059041273367,26325.8,26285.3,26292.5,26284.75,-41.04999999999927,-0.15593068396781587,55.45000000000073,26300.0,81.3,71.8,153.1,0.582467019849913,1.1323119777158774,9.5,0.06205094709340301,85,nifty_1min.csv,0.4627059041273367,0.15593068396781587,0.21095882593519333,0.06205094709340301,0.362181580666236,0.2681254082299103,0.20640569395017794,mild_up,down,SELL CE 26300 81.3 | SELL PE 26300 71.8,-253.5,94.4,55.61,78.0,-481.51,-2.4693,-403.51,-223.44,-352.48,-5031.0,12:43,3178.5,11:40,-7244.25,1.0,150.0,150.0,BUY CE 26450 22.3 | BUY PE 26150 25.55 | SELL CE 26300 81.3 | SELL PE 26300 71.8,-107.25,188.8,73.17,156.0,-525.22,-2.6934,-369.22,-300.94,-413.08,-1218.75,14:53,1443.0,11:40,-4036.5,1.0,300.0,300.0,BUY CE 26600 4.35 | BUY PE 26000 9 | SELL CE 26300 81.3 | SELL PE 26300 71.8,-136.5,188.8,60.62,156.0,-541.92,-2.7791,-385.92,-306.51,-424.21,-3198.0,14:55,2798.25,11:40,-5362.5,1.0,414601.41,3159.82,481.51,0.0,0.0,95670.44,17016.91,525.22,0.0,0.0,222314.86,24484.3,541.92,0.0,0.0,3.0,1.0,0.0
2025-12-02,Tue,1,0,2025-12-02,26175.95,26325.8,26124.2,201.59999999999854,0.7701726202869372,26087.95,-88.0,-0.3361864612363639,26087.95,26141.55,26144.45,26131.25,43.29999999999927,0.16597701237544257,77.14999999999782,26150.0,46.1,52.7,98.80000000000001,0.37809136570198526,0.8747628083491461,-6.600000000000001,-0.06680161943319839,85,nifty_1min.csv,0.3361864612363639,0.16597701237544257,0.29524037311647094,0.06680161943319839,0.7808704453441073,0.43825910931173345,0.06382978723404255,mild_down,up,SELL CE 26150 46.1 | SELL PE 26150 52.7,-3685.5,94.4,37.46,78.0,-3895.36,-19.9762,-3817.36,-1361.39,-2628.37,-9915.75,14:58,2983.5,12:35,-10968.75,1.0,100.0,100.0,BUY CE 26250 13.95 | BUY PE 26050 17.9 | SELL CE 26150 46.1 | SELL PE 26150 52.7,-6435.0,188.8,45.11,156.0,-6824.91,-34.9995,-6668.91,-2400.84,-4612.87,-6464.25,15:20,555.75,12:35,-9477.0,1.0,200.0,200.0,BUY CE 26350 4.05 | BUY PE 25950 5.55 | SELL CE 26150 46.1 | SELL PE 26150 52.7,-5538.0,188.8,38.31,156.0,-5921.11,-30.3647,-5765.11,-2099.57,-4010.34,-11544.0,14:58,1901.25,12:35,-12645.75,1.0,410706.05,7055.18,3895.36,0.0,0.0,88845.53,23841.82,6824.91,0.0,0.0,216393.75,30405.41,5921.11,0.0,0.0,3.0,1.0,0.0
2025-12-03,Wed,0,6,2025-12-09,26057.0,26154.6,25997.85,156.75,0.6015657980581034,26004.9,-52.099999999998545,-0.19994627163525558,26004.9,26029.75,26008.25,25962.85,-42.05000000000291,-0.1617002949444255,112.10000000000218,25950.0,167.95,107.8,275.75,1.06209449270785,1.5579777365491652,60.14999999999999,0.2181323662737987,85,nifty_1min.csv,0.19994627163525558,0.1617002949444255,0.43177078017244713,0.2181323662737987,0.4065276518585755,0.15249320036265787,0.6678445229681979,mild_down,down,SELL CE 25950 167.95 | SELL PE 25950 107.8,5070.0,94.4,97.71,78.0,4799.89,24.6148,4877.89,1537.03,3168.46,-507.0,09:39,5655.0,14:36,-2369.25,1.0,300.0,300.0,BUY CE 26250 47 | BUY PE 25650 28.85 | SELL CE 25950 167.95 | SELL PE 25950 107.8,2330.25,188.8,121.33,156.0,1864.12,9.5596,2020.12,495.51,1179.81,-78.0,09:37,2447.25,13:49,-3168.75,1.0,550.0,550.0,BUY CE 26500 12.65 | BUY PE 25400 9.85 | SELL CE 25950 167.95 | SELL PE 25950 107.8,4212.0,188.8,104.65,156.0,3762.55,19.2951,3918.55,1128.32,2445.43,-126.75,09:39,4602.0,14:36,-2515.5,1.0,415505.94,2255.29,0.0,1.0,0.0,90709.65,21977.7,0.0,1.0,0.0,220156.3,26642.86,0.0,1.0,0.0,0.0,0.0,0.0
2025-12-04,Thu,0,5,2025-12-09,25985.1,26066.45,25891.0,175.45000000000073,0.6751946307691744,25981.85,-3.25,-0.012507167569106912,25981.85,25949.5,25990.35,25994.45,12.600000000002183,0.04849539197556057,57.89999999999782,26000.0,131.0,104.6,235.6,0.9063473164463952,1.2523900573613767,26.400000000000006,0.11205432937181667,85,nifty_1min.csv,0.012507167569106912,0.04849539197556057,0.2227398540842288,0.11205432937181667,0.24575551782681587,0.053480475382012664,0.4788732394366197,flat,up,SELL CE 26000 131 | SELL PE 26000 104.6,4904.25,94.4,83.23,78.0,4648.62,23.8391,4726.62,1486.61,3067.61,-3363.75,10:41,5070.0,13:37,-4085.25,1.0,250.0,250.0,BUY CE 26250 39.05 | BUY PE 25750 30.3 | SELL CE 26000 131 | SELL PE 26000 104.6,1482.0,188.8,103.53,156.0,1033.67,5.3009,1189.67,218.69,626.18,-1511.25,10:41,1940.25,13:37,-3159.0,1.0,450.0,450.0,BUY CE 26450 13.15 | BUY PE 25550 11.1 | SELL CE 26000 131 | SELL PE 26000 104.6,3042.0,188.8,89.39,156.0,2607.81,13.3734,2763.81,743.4,1675.61,-2847.0,10:46,3773.25,13:37,-3695.25,1.0,420154.56,0.0,0.0,1.0,0.0,91743.32,20944.03,0.0,1.0,0.0,222764.11,24035.05,0.0,1.0,0.0,0.0,0.0,0.0
2025-12-05,Fri,0,4,2025-12-09,26017.1,26098.25,25938.95,159.29999999999927,0.6122896095260397,25999.8,-17.299999999999272,-0.06649472846704388,25999.8,26051.35,26040.8,26036.6,36.79999999999927,0.14153955030423032,76.60000000000218,26050.0,108.0,96.85,204.85,0.7867770753477797,1.1151264842540012,11.150000000000006,0.05443007078350015,85,nifty_1min.csv,0.06649472846704388,0.14153955030423032,0.29420123979322255,0.05443007078350015,0.37393214547230746,0.1796436416890372,0.3824561403508772,flat,up,SELL CE 26050 108 | SELL PE 26050 96.85,-146.25,94.4,74.33,78.0,-392.98,-2.0153,-314.98,-193.93,-293.45,-7195.5,12:52,4387.5,10:34,-7956.0,1.0,200.0,200.0,BUY CE 26250 33.95 | BUY PE 25850 31 | SELL CE 26050 108 | SELL PE 26050 96.85,-721.5,188.8,97.06,156.0,-1163.36,-5.9659,-1007.36,-513.65,-838.51,-3012.75,12:52,1482.0,10:30,-7000.5,1.0,400.0,400.0,BUY CE 26450 8.5 | BUY PE 25650 8 | SELL CE 26050 108 | SELL PE 26050 96.85,-1033.5,188.8,79.05,156.0,-1457.35,-7.4736,-1301.35,-611.65,-1034.5,-6493.5,12:52,3500.25,10:30,-7449.0,1.0,419761.58,392.98,392.98,0.0,0.0,90579.96,22107.39,1163.36,0.0,0.0,221306.76,25492.4,1457.35,0.0,0.0,3.0,1.0,0.0
2025-12-08,Mon,0,1,2025-12-09,26176.65,26202.6,25985.35,217.25,0.829938131884714,26159.8,-16.850000000002183,-0.06437034532685497,26159.8,26157.35,26167.5,26139.6,-20.200000000000728,-0.07721771573177444,51.45000000000073,26150.0,77.55,67.6,145.14999999999998,0.5552877626283493,1.147189349112426,9.950000000000003,0.06854977609369621,85,nifty_1min.csv,0.06437034532685497,0.07721771573177444,0.1968278014965827,0.06854977609369621,0.35446090251464507,0.13916637960730782,0.1958041958041958,flat,down,SELL CE 26150 77.55 | SELL PE 26150 67.6,-15814.5,94.4,59.65,78.0,-16046.55,-82.29,-15968.55,-5411.78,-10729.17,-20543.25,13:33,1794.0,11:49,-21742.5,1.0,150.0,150.0,BUY CE 26300 21.4 | BUY PE 26000 20.7 | SELL CE 26150 77.55 | SELL PE 26150 67.6,-4845.75,188.8,90.43,156.0,-5280.98,-27.0819,-5124.98,-1886.19,-3583.58,-5226.0,15:27,916.5,11:44,-10773.75,1.0,300.0,300.0,BUY CE 26450 4.4 | BUY PE 25850 5.4 | SELL CE 26150 77.55 | SELL PE 26150 67.6,-12294.75,188.8,68.18,156.0,-12707.73,-65.1678,-12551.73,-4361.78,-8534.75,-13396.5,13:33,1667.25,11:49,-16662.75,1.0,403715.03,16439.53,16046.55,0.0,0.0,85298.98,27388.37,5280.98,0.0,0.0,208599.03,38200.13,12707.73,0.0,0.0,3.0,1.0,0.0
2025-12-09,Tue,1,0,2025-12-09,25932.8,26178.7,25892.25,286.4500000000007,1.104585698420536,25867.1,-65.70000000000073,-0.2533471125370216,25867.1,25819.6,25827.1,25799.25,-67.84999999999854,-0.2623023067912466,93.90000000000146,25800.0,60.2,48.1,108.30000000000001,0.4197796447571151,1.2515592515592515,12.100000000000001,0.11172668513388735,85,nifty_1min.csv,0.2533471125370216,0.2623023067912466,0.36396406872293363,0.11172668513388735,0.8670360110803458,0.6265004616805036,0.10452961672473868,mild_down,down,SELL CE 25800 60.2 | SELL PE 25800 48.1,13416.0,94.4,33.3,78.0,13210.3,67.7451,13288.3,4340.5,8775.4,-7829.25,12:24,15960.75,14:57,-8404.5,1.0,100.0,100.0,BUY CE 25900 23.35 | BUY PE 25700 15.35 | SELL CE 25800 60.2 | SELL PE 25800 48.1,5889.0,188.8,36.68,156.0,5507.52,28.2437,5663.52,1709.97,3608.75,-3110.25,12:24,8619.0,14:55,-6103.5,1.0,200.0,200.0,BUY CE 26000 8.9 | BUY PE 25600 4.55 | SELL CE 25800 60.2 | SELL PE 25800 48.1,10812.75,188.8,34.49,156.0,10433.46,53.5049,10589.46,3351.95,6892.71,-7215.0,12:24,13503.75,14:57,-8541.0,1.0,416925.33,3229.23,0.0,1.0,0.0,90806.5,21880.85,0.0,1.0,0.0,219032.49,27766.67,0.0,1.0,0.0,0.0,0.0,0.0
2025-12-10,Wed,0,6,2025-12-16,25841.75,25923.65,25728.0,195.65000000000146,0.7571081679839851,25864.05,22.299999999999272,0.08629446535160844,25864.05,25880.4,25855.35,25888.05,24.0,0.09279289206446786,60.79999999999927,25900.0,138.1,122.3,260.4,1.005869503496787,1.1291905151267374,15.799999999999997,0.06067588325652841,81,nifty_1min.csv,0.08629446535160844,0.09279289206446786,0.23485739559371707,0.06067588325652841,0.23348694316435975,0.09216589861751152,0.6041666666666666,flat,up,SELL CE 25900 138.1 | SELL PE 25900 122.3,-2769.0,94.4,95.63,78.0,-3037.03,-15.5745,-2959.03,-1075.28,-2056.15,-3568.5,14:29,2525.25,13:36,-4767.75,1.0,250.0,250.0,BUY CE 26150 44.15 | BUY PE 25650 42.45 | SELL CE 25900 138.1 | SELL PE 25900 122.3,-731.25,188.8,129.91,156.0,-1205.96,-6.1844,-1049.96,-527.85,-866.9,-1101.75,14:57,858.0,13:36,-3237.0,1.0,500.0,500.0,BUY CE 26400 11.7 | BUY PE 25400 14.25 | SELL CE 25900 138.1 | SELL PE 25900 122.3,-1862.25,188.8,106.32,156.0,-2313.37,-11.8634,-2157.37,-896.99,-1605.18,-2691.0,14:29,1813.5,13:36,-4036.5,1.0,413888.3,6266.26,3037.03,0.0,0.0,89600.54,23086.81,1205.96,0.0,0.0,216719.12,30080.04,2313.37,0.0,0.0,3.0,1.0,0.0
2025-12-11,Thu,0,5,2025-12-16,25742.65,25947.65,25734.55,213.10000000000218,0.827809102792456,25771.4,28.75,0.11168236370381449,25771.4,25755.95,25774.9,25801.35,29.94999999999709,0.11621409779832328,75.89999999999782,25800.0,140.25,99.65,239.9,0.9297963091078568,1.4074259909683893,40.599999999999994,0.16923718215923297,81,nifty_1min.csv,0.11168236370381449,0.11621409779832328,0.29417065386112673,0.16923718215923297,0.31638182576072454,0.12484368486868315,0.5121107266435986,mild_up,up,SELL CE 25800 140.25 | SELL PE 25800 99.65,1979.25,94.4,86.09,78.0,1720.76,8.8244,1798.76,510.65,1115.71,-3841.5,12:30,3783.0,14:50,-5557.5,1.0,250.0,250.0,BUY CE 26050 43.6 | BUY PE 25550 29.9 | SELL CE 25800 140.25 | SELL PE 25800 99.65,-419.25,188.8,109.34,156.0,-873.39,-4.4789,-717.39,-417.0,-645.19,-2184.0,12:28,819.0,11:12,-4728.75,1.0,500.0,500.0,BUY CE 26300 11.6 | BUY PE 25300 10.1 | SELL CE 25800 140.25 | SELL PE 25800 99.65,312.0,188.8,91.6,156.0,-124.4,-0.6379,31.6,-167.33,-145.86,-3997.5,12:30,2057.25,14:50,-5898.75,1.0,415609.06,4545.5,0.0,1.0,0.0,88727.15,23960.2,873.39,0.0,0.0,216594.72,30204.44,124.4,0.0,0.0,2.0,0.0,0.0
2025-12-12,Fri,0,4,2025-12-16,25898.4,25922.8,25693.25,229.54999999999927,0.8863481913940601,25971.2,72.79999999999927,0.28109844623605806,25971.2,26003.3,25992.1,26010.15,38.95000000000073,0.14997381715130886,50.75,26000.0,114.85,78.55,193.39999999999998,0.7435558810695054,1.4621260343730107,36.3,0.187693898655636,81,nifty_1min.csv,0.28109844623605806,0.14997381715130886,0.19511613735407138,0.187693898655636,0.2624095139607032,0.2013960703205829,0.3448275862068966,mild_up,up,SELL CE 26000 114.85 | SELL PE 26000 78.55,6142.5,94.4,67.38,78.0,5902.72,30.2704,5980.72,1904.64,3903.68,-682.5,09:31,6142.5,15:29,-2106.0,1.0,200.0,200.0,BUY CE 26200 32.15 | BUY PE 25800 24.3 | SELL CE 26000 114.85 | SELL PE 26000 78.55,3100.5,188.8,83.54,156.0,2672.16,13.7034,2828.16,764.85,1718.51,-253.5,09:36,3100.5,15:29,-2944.5,1.0,400.0,400.0,BUY CE 26400 6.8 | BUY PE 25600 7.5 | SELL CE 26000 114.85 | SELL PE 26000 78.55,5538.0,188.8,71.71,156.0,5121.49,26.2641,5277.49,1581.3,3351.39,-555.75,09:31,5538.0,15:29,-2184.0,1.0,421511.78,0.0,0.0,1.0,0.0,91399.31,21288.04,0.0,1.0,0.0,221716.21,25082.95,0.0,1.0,0.0,0.0,0.0,0.0
2025-12-15,Mon,0,1,2025-12-16,26043.0,26057.6,25938.45,119.14999999999782,0.4575125753561334,25930.05,-112.95000000000073,-0.4337057942633365,25930.05,25952.3,25928.05,25918.75,-11.299999999999272,-0.04357878214658002,93.54999999999927,25900.0,91.75,66.65,158.4,0.6111405835543766,1.3765941485371342,25.099999999999994,0.1584595959595959,81,nifty_1min.csv,0.4337057942633365,0.04357878214658002,0.3609356161080271,0.1584595959595959,0.5905934343434297,0.07133838383837925,0.23367697594501718,mild_down,down,SELL CE 25900 91.75 | SELL PE 25900 66.65,-741.0,94.4,57.75,78.0,-971.15,-4.9803,-893.15,-386.65,-678.9,-4485.0,13:14,2613.0,11:36,-5479.5,1.0,150.0,150.0,BUY CE 26050 29.65 | BUY PE 25750 22.1 | SELL CE 25900 91.75 | SELL PE 25900 66.65,-653.25,188.8,76.64,156.0,-1074.69,-5.5112,-918.69,-484.1,-779.39,-1696.5,14:03,897.0,11:36,-3675.75,1.0,300.0,300.0,BUY CE 26200 7.2 | BUY PE 25600 6.9 | SELL CE 25900 91.75 | SELL PE 25900 66.65,-1004.25,188.8,62.49,156.0,-1411.54,-7.2387,-1255.54,-596.38,-1003.96,-3851.25,13:14,1930.5,11:35,-4962.75,1.0,420540.63,971.15,971.15,0.0,0.0,90324.62,22362.73,1074.69,0.0,0.0,220304.67,26494.49,1411.54,0.0,0.0,3.0,1.0,0.0
2025-12-16,Tue,1,0,2025-12-16,26014.0,26047.15,25904.75,142.40000000000146,0.5473975551626103,25951.5,-62.5,-0.24025524717459829,25951.5,25938.35,25930.85,25922.75,-28.75,-0.11078357705720286,60.650000000001455,25900.0,61.65,38.0,99.65,0.3844113761078589,1.6223684210526315,23.65,0.23733065730055192,81,nifty_1min.csv,0.24025524717459829,0.11078357705720286,0.2339643749216478,0.23733065730055192,0.6086302057200347,0.28850978424485696,0.06506849315068493,mild_down,down,SELL CE 25900 61.65 | SELL PE 25900 38,11661.0,94.4,30.94,78.0,11457.66,58.7572,11535.66,3756.29,7606.97,204.75,09:33,15522.0,14:59,-1062.75,1.0,100.0,100.0,BUY CE 26000 20.25 | BUY PE 25800 10.7 | SELL CE 25900 61.65 | SELL PE 25900 38,5645.25,188.8,33.65,156.0,5266.8,27.0092,5422.8,1629.73,3448.27,97.5,09:30,9613.5,14:59,-2223.0,1.0,200.0,200.0,BUY CE 26100 5.4 | BUY PE 25700 3.15 | SELL CE 25900 61.65 | SELL PE 25900 38,10013.25,188.8,31.71,156.0,9636.74,49.4192,9792.74,3086.38,6361.56,156.0,09:33,13932.75,14:59,-1209.0,1.0,431998.29,0.0,0.0,1.0,0.0,95591.42,17095.93,0.0,1.0,0.0,229941.41,16857.75,0.0,1.0,0.0,0.0,0.0,0.0
2025-12-17,Wed,0,6,2025-12-23,25851.35,25980.75,25834.35,146.40000000000146,0.5663147185736972,25902.4,51.05000000000291,0.1974751802130369,25902.4,25873.45,25921.9,25903.9,1.5,0.005790969176601396,69.25,25900.0,146.7,104.45,251.14999999999998,0.9695451264095366,1.404499760651029,42.249999999999986,0.16822615966553847,80,nifty_1min.csv,0.1974751802130369,0.005790969176601396,0.2673342624083632,0.16822615966553847,0.27573163448138566,0.005972526378658173,0.5733788395904437,mild_up,up,SELL CE 25900 146.7 | SELL PE 25900 104.45,3792.75,94.4,89.36,78.0,3530.99,18.1076,3608.99,1114.06,2322.53,-370.5,10:28,3851.25,15:23,-1872.0,1.0,250.0,250.0,BUY CE 26150 44 | BUY PE 25650 33.3 | SELL CE 25900 146.7 | SELL PE 25900 104.45,1569.75,188.8,114.24,156.0,1110.71,5.6959,1266.71,244.37,677.54,-68.25,09:38,1628.25,15:21,-2564.25,1.0,500.0,500.0,BUY CE 26400 9.8 | BUY PE 25400 10.55 | SELL CE 25900 146.7 | SELL PE 25900 104.45,3198.0,188.8,95.9,156.0,2757.3,14.14,2913.3,793.23,1775.27,-146.25,09:32,3305.25,15:23,-1989.0,1.0,435529.28,0.0,0.0,1.0,0.0,96702.13,15985.22,0.0,1.0,0.0,232698.71,14100.45,0.0,1.0,0.0,0.0,0.0,0.0
2025-12-18,Thu,0,5,2025-12-23,25821.8,25929.15,25770.35,158.8000000000029,0.6149842381243869,25764.7,-57.099999999998545,-0.22113098234824274,25764.7,25777.8,25796.3,25780.15,15.450000000000728,0.059965767115474765,64.70000000000073,25800.0,115.85,101.3,217.14999999999998,0.8423147266404577,1.1436327739387957,14.549999999999997,0.06700437485609026,80,nifty_1min.csv,0.22113098234824274,0.059965767115474765,0.2509682837376847,0.06700437485609026,0.29795072530509203,0.07114897536265591,0.43197278911564624,mild_down,up,SELL CE 25800 115.85 | SELL PE 25800 101.3,2067.0,94.4,77.8,78.0,1816.8,9.3169,1894.8,542.67,1179.73,-3695.25,10:34,4290.0,14:53,-5099.25,1.0,200.0,200.0,BUY CE 26000 41.9 | BUY PE 25600 35.15 | SELL CE 25800 115.85 | SELL PE 25800 101.3,575.25,188.8,103.62,156.0,126.83,0.6504,282.83,-83.59,21.62,-1579.5,12:46,1189.5,14:53,-4563.0,1.0,450.0,450.0,BUY CE 26250 9.6 | BUY PE 25350 8.9 | SELL CE 25800 115.85 | SELL PE 25800 101.3,1638.0,188.8,83.9,156.0,1209.3,6.2015,1365.3,277.23,743.27,-3402.75,12:46,3422.25,14:53,-4709.25,1.0,437346.08,0.0,0.0,1.0,0.0,96828.96,15858.39,0.0,1.0,0.0,233908.01,12891.15,0.0,1.0,0.0,0.0,0.0,0.0
2025-12-19,Fri,0,4,2025-12-23,25815.65,25902.35,25726.3,176.04999999999927,0.6819506772054907,25911.5,95.84999999999854,0.3712864096003724,25911.5,25924.1,25944.9,25951.25,39.75,0.1534067884915964,70.39999999999782,25950.0,103.5,82.0,185.5,0.7148017918212032,1.2621951219512195,21.5,0.11590296495956873,80,nifty_1min.csv,0.3712864096003724,0.1534067884915964,0.27127787678820026,0.11590296495956873,0.3795148247978319,0.21428571428571427,0.3152542372881356,mild_up,up,SELL CE 25950 103.5 | SELL PE 25950 82,5889.0,94.4,64.63,78.0,5651.97,28.9845,5729.97,1821.06,3736.51,-575.25,09:38,6123.0,15:04,-2174.25,1.0,200.0,200.0,BUY CE 26150 27.85 | BUY PE 25750 24.85 | SELL CE 25950 103.5 | SELL PE 25950 82,2388.75,188.8,78.78,156.0,1965.17,10.0778,2121.17,529.19,1247.18,-409.5,09:38,2544.75,15:04,-2661.75,1.0,350.0,350.0,BUY CE 26300 8.55 | BUY PE 25600 10.3 | SELL CE 25950 103.5 | SELL PE 25950 82,4446.0,188.8,69.42,156.0,4031.78,20.6758,4187.78,1218.06,2624.92,-575.25,09:38,4650.75,15:04,-2320.5,1.0,442998.05,0.0,0.0,1.0,0.0,98794.13,13893.22,0.0,1.0,0.0,237939.79,8859.37,0.0,1.0,0.0,0.0,0.0,0.0
2025-12-22,Mon,0,1,2025-12-23,25961.4,25993.35,25880.45,112.89999999999782,0.43487639341483053,26055.85,94.44999999999709,0.3638093477239174,26055.85,26094.55,26119.35,26125.5,69.65000000000146,0.26731041205718276,84.70000000000073,26150.0,57.55,75.55,133.1,0.5094639337046181,0.7617471872931834,-18.0,-0.135236664162284,80,nifty_1min.csv,0.3638093477239174,0.26731041205718276,0.3242043214483961,0.135236664162284,0.6363636363636419,0.5232907588279598,0.15878378378378377,mild_up,up,SELL CE 26150 57.55 | SELL PE 26150 75.55,4524.0,94.4,46.24,78.0,4305.36,22.0788,4383.36,1372.19,2838.77,9.75,09:30,5684.25,14:38,-672.75,1.0,150.0,150.0,BUY CE 26300 11.95 | BUY PE 26000 24.55 | SELL CE 26150 57.55 | SELL PE 26150 75.55,2496.0,188.8,56.6,156.0,2094.6,10.7415,2250.6,572.33,1333.46,-78.0,09:37,2788.5,15:18,-1433.25,1.0,250.0,250.0,BUY CE 26400 4 | BUY PE 25900 11.75 | SELL CE 26150 57.55 | SELL PE 26150 75.55,3500.25,188.8,50.5,156.0,3104.95,15.9228,3260.95,909.12,2007.03,-48.75,09:31,4338.75,14:38,-965.25,1.0,447303.41,0.0,0.0,1.0,0.0,100888.73,11798.62,0.0,1.0,0.0,241044.74,5754.42,0.0,1.0,0.0,0.0,0.0,0.0
2025-12-23,Tue,1,0,2025-12-23,26162.75,26180.7,26047.8,132.90000000000146,0.5079741235153088,26205.2,42.45000000000073,0.1622535857278028,26205.2,26166.65,26150.8,26150.0,-55.20000000000073,-0.21064521545342424,65.0,26150.0,40.35,45.3,85.65,0.3275334608030593,0.8907284768211922,-4.949999999999996,-0.05779334500875651,80,nifty_1min.csv,0.1622535857278028,0.21064521545342424,0.248565965583174,0.05779334500875651,0.7589025102159953,0.6444833625218999,0.04040404040404041,mild_up,down,SELL CE 26150 40.35 | SELL PE 26150 45.3,11397.75,94.4,25.98,78.0,11199.37,57.4327,11277.37,3670.19,7434.78,-87.75,09:43,12168.0,15:07,-1413.75,1.0,100.0,100.0,BUY CE 26250 9.75 | BUY PE 26050 13.15 | SELL CE 26150 40.35 | SELL PE 26150 45.3,6961.5,188.8,28.01,156.0,6588.69,33.7882,6744.69,2070.36,4329.53,-1384.5,14:23,7761.0,15:07,-2525.25,1.0,150.0,150.0,BUY CE 26300 4.3 | BUY PE 26000 7.25 | SELL CE 26150 40.35 | SELL PE 26150 45.3,9165.0,188.8,27.01,156.0,8793.19,45.0933,8949.19,2805.2,5799.19,-78.0,14:25,9964.5,15:07,-1745.25,1.0,458502.78,0.0,0.0,1.0,0.0,107477.42,5209.93,0.0,1.0,0.0,249837.93,0.0,0.0,1.0,0.0,0.0,0.0,0.0
2025-12-24,Wed,0,6,2025-12-30,26165.95,26233.55,26119.05,114.5,0.43759160282733855,26170.65,4.700000000000728,0.017962275399902267,26170.65,26200.65,26205.6,26217.6,46.94999999999709,0.1793994417410232,81.04999999999927,26200.0,127.9,81.95,209.85000000000002,0.8004165140974004,1.5607077486272116,45.95,0.21896592804384082,115,nifty_1min.csv,0.017962275399902267,0.1793994417410232,0.30914347613816395,0.21896592804384082,0.3862282582797201,0.2237312365975558,0.40939597315436244,flat,up,SELL CE 26200 127.9 | SELL PE 26200 81.95,8123.7,94.4,72.46,78.0,7878.84,40.4043,7956.84,2563.35,5221.09,146.25,09:30,8123.7,15:29,-1014.0,1.0,200.0,200.0,BUY CE 26400 40.65 | BUY PE 26000 29.1 | SELL CE 26200 127.9 | SELL PE 26200 81.95,2566.2,188.8,89.89,156.0,2131.51,10.9308,2287.51,584.64,1358.07,29.25,09:30,2566.2,15:29,-1639.95,1.0,400.0,400.0,BUY CE 26600 10.55 | BUY PE 25800 10.65 | SELL CE 26200 127.9 | SELL PE 26200 81.95,6056.7,188.8,77.22,156.0,5634.68,28.8958,5790.68,1752.36,3693.52,156.0,09:30,6056.7,15:29,-1201.2,1.0,466381.62,0.0,0.0,1.0,0.0,109608.93,3078.42,0.0,1.0,0.0,255472.61,0.0,0.0,1.0,0.0,0.0,0.0,0.0
2025-12-26,Fri,0,4,2025-12-30,26141.65,26236.4,26123.0,113.40000000000146,0.4337905220213776,26121.25,-20.400000000001455,-0.07803639020490846,26121.25,26128.8,26134.35,26131.85,10.599999999998545,0.04057998755801711,48.54999999999927,26150.0,68.05,81.75,149.8,0.5732468233209667,0.8324159021406727,-13.700000000000003,-0.09145527369826437,115,nifty_1min.csv,0.07803639020490846,0.04057998755801711,0.18578860662371502,0.09145527369826437,0.32409879839785893,0.0707610146862386,0.21070234113712374,flat,up,SELL CE 26150 68.05 | SELL PE 26150 81.75,-1053.0,94.4,54.77,78.0,-1280.17,-6.565,-1202.17,-489.66,-884.92,-2152.8,12:36,1384.5,11:01,-2603.25,1.0,150.0,150.0,BUY CE 26300 19.6 | BUY PE 26000 26.85 | SELL CE 26150 68.05 | SELL PE 26150 81.75,-664.95,188.8,72.16,156.0,-1081.91,-5.5483,-925.91,-486.5,-784.21,-694.2,15:28,760.5,11:03,-1716.0,1.0,300.0,300.0,BUY CE 26450 5.09 | BUY PE 25850 7.55 | SELL CE 26150 68.05 | SELL PE 26150 81.75,-955.5,188.8,59.49,156.0,-1359.79,-6.9733,-1203.79,-579.13,-969.46,-1499.55,14:21,1288.95,11:01,-2152.8,1.0,465101.45,1280.17,1280.17,0.0,0.0,108527.02,4160.33,1081.91,0.0,0.0,254112.82,1359.79,1359.79,0.0,0.0,3.0,1.0,0.0
2025-12-29,Mon,0,1,2025-12-30,26047.65,26144.2,26008.6,135.60000000000218,0.52058439053044,26063.35,15.69999999999709,0.06027415141096064,26063.35,26050.85,26057.9,26054.05,-9.299999999999272,-0.0356822894984692,62.64999999999782,26050.0,64.15,45.25,109.4,0.419896330896732,1.41767955801105,18.900000000000006,0.1727605118829982,115,nifty_1min.csv,0.06027415141096064,0.0356822894984692,0.24046165567348576,0.1727605118829982,0.5726691042047333,0.08500914076781785,0.11,flat,down,SELL CE 26050 64.15 | SELL PE 26050 45.25,-3861.0,94.4,41.38,78.0,-4074.78,-20.8963,-3996.78,-1421.19,-2747.98,-7273.5,14:54,1959.75,10:24,-8273.85,1.0,100.0,100.0,BUY CE 26150 24.3 | BUY PE 25950 15.5 | SELL CE 26050 64.15 | SELL PE 26050 45.25,-1521.0,188.8,59.11,156.0,-1924.91,-9.8713,-1768.91,-767.5,-1346.21,-2291.25,14:54,672.75,10:36,-4972.5,1.0,200.0,200.0,BUY CE 26250 7.95 | BUY PE 25850 4.95 | SELL CE 26050 64.15 | SELL PE 26050 45.25,-3012.75,188.8,47.25,156.0,-3404.8,-17.4605,-3248.8,-1260.8,-2332.8,-5325.45,14:54,1503.45,10:39,-6743.1,1.0,461026.67,5354.95,4074.78,0.0,0.0,106602.11,6085.24,1924.91,0.0,0.0,250708.02,4764.59,3404.8,0.0,0.0,3.0,1.0,0.0
2025-12-30,Tue,1,0,2025-12-30,25949.8,26106.8,25920.3,186.5,0.7186953271316157,25940.9,-8.899999999997817,-0.03429698880144671,25940.9,25908.65,25886.0,25884.75,-56.150000000001455,-0.2164535540401507,78.15000000000146,25900.0,30.45,45.3,75.75,0.2926433517804885,0.6721854304635762,-14.849999999999998,-0.19603960396039602,115,nifty_1min.csv,0.03429698880144671,0.2164535540401507,0.30191522035175716,0.19603960396039602,1.0316831683168508,0.7412541254125604,0.016611295681063124,flat,down,SELL CE 25900 30.45 | SELL PE 25900 45.3,7176.0,94.4,24.27,78.0,6979.33,35.7914,7057.33,2263.51,4621.42,-4836.0,10:24,8209.5,15:01,-6035.25,1.0,100.0,100.0,BUY CE 26000 7.95 | BUY PE 25800 9.55 | SELL CE 25900 30.45 | SELL PE 25900 45.3,3783.0,188.8,25.82,156.0,3412.38,17.4994,3568.38,1011.59,2211.99,-2476.5,10:24,4923.75,15:01,-4974.45,1.0,150.0,150.0,BUY CE 26050 4.34 | BUY PE 25750 3.95 | SELL CE 25900 30.45 | SELL PE 25900 45.3,5578.95,188.8,25.02,156.0,5209.13,26.7135,5365.13,1610.51,3409.82,-3683.55,10:24,6700.2,15:01,-5467.8,1.0,468006.0,0.0,0.0,1.0,0.0,110014.49,2672.86,0.0,1.0,0.0,255917.15,0.0,0.0,1.0,0.0,0.0,0.0,0.0
2025-12-31,Wed,0,6,2026-01-06,25970.55,25976.75,25878.0,98.75,0.38023838540192645,25971.05,0.5,0.0019252576476046907,25971.05,26012.55,26003.65,26013.1,42.04999999999927,0.1619110509586608,57.25,26000.0,142.3,78.8,221.10000000000002,0.8499563681375925,1.805837563451777,63.500000000000014,0.2872003618272275,83,nifty_1min.csv,0.0019252576476046907,0.1619110509586608,0.2200814205150482,0.2872003618272275,0.2589326096788783,0.19018543645408986,0.45364238410596025,flat,up,SELL CE 26000 142.3 | SELL PE 26000 78.8,-6844.5,94.4,83.2,78.0,-7100.1,-36.4108,-7022.1,-2429.63,-4764.86,-11212.5,13:58,2886.0,10:02,-11992.5,1.0,200.0,200.0,BUY CE 26200 48.6 | BUY PE 25800 27.25 | SELL CE 26000 142.3 | SELL PE 26000 78.8,-1901.25,188.8,117.68,156.0,-2363.73,-12.1217,-2207.73,-913.78,-1638.76,-3149.25,13:58,1072.5,10:04,-4572.75,1.0,450.0,450.0,BUY CE 26450 8.6 | BUY PE 25550 7.8 | SELL CE 26000 142.3 | SELL PE 26000 78.8,-6064.5,188.8,90.24,156.0,-6499.54,-33.331,-6343.54,-2292.38,-4395.96,-9077.25,13:58,2535.0,10:04,-10062.0,1.0,460905.9,7100.1,7100.1,0.0,0.0,107650.76,5036.59,2363.73,0.0,0.0,249417.61,6499.54,6499.54,0.0,0.0,3.0,1.0,0.0
2026-01-01,Thu,0,5,2026-01-06,26141.85,26187.95,25969.0,218.95000000000073,0.8375459273157819,26173.3,31.450000000000728,0.12030518115588885,26173.3,26166.45,26160.35,26184.0,10.700000000000728,0.04088135619123583,46.099999999998545,26200.0,87.2,90.4,177.60000000000002,0.6782768102658113,0.9646017699115044,-3.200000000000003,-0.018018018018018032,83,nifty_1min.csv,0.12030518115588885,0.04088135619123583,0.17606171707912674,0.018018018018018032,0.25957207207206384,0.06024774774775184,0.30033003300330036,mild_up,up,SELL CE 26200 87.2 | SELL PE 26200 90.4,4280.25,94.4,62.48,78.0,4045.37,20.7455,4123.37,1285.52,2665.45,-175.5,10:22,4933.5,14:34,-2145.0,1.0,200.0,200.0,BUY CE 26400 19.55 | BUY PE 26000 28.25 | SELL CE 26200 87.2 | SELL PE 26200 90.4,1647.75,188.8,76.09,156.0,1226.86,6.2916,1382.86,283.09,754.98,-9.75,09:30,2193.75,14:34,-2817.75,1.0,350.0,350.0,BUY CE 26550 6.1 | BUY PE 25850 11.6 | SELL CE 26200 87.2 | SELL PE 26200 90.4,2993.25,188.8,67.08,156.0,2581.37,13.2378,2737.37,734.59,1657.98,39.0,09:33,3753.75,14:34,-2301.0,1.0,464951.27,3054.73,0.0,1.0,0.0,108877.62,3809.73,0.0,1.0,0.0,251998.98,3918.17,0.0,1.0,0.0,0.0,0.0,0.0
2026-01-02,Fri,0,4,2026-01-06,26140.25,26197.55,26113.4,84.14999999999782,0.3219173496810391,26155.1,14.849999999998545,0.05680894406135575,26155.1,26181.75,26192.6,26207.0,51.900000000001455,0.1984316634232003,92.0,26200.0,89.4,58.75,148.15,0.5653069790513985,1.5217021276595746,30.650000000000006,0.2068849139385758,83,nifty_1min.csv,0.05680894406135575,0.1984316634232003,0.3510512458503453,0.2068849139385758,0.62099223759703,0.3503206209922474,0.2138157894736842,flat,up,SELL CE 26200 89.4 | SELL PE 26200 58.75,-8882.25,94.4,57.66,78.0,-9112.31,-46.7298,-9034.31,-3100.37,-6106.34,-9252.75,15:28,380.25,09:30,-10032.75,1.0,150.0,150.0,BUY CE 26350 24.6 | BUY PE 26050 20.05 | SELL CE 26200 89.4 | SELL PE 26200 58.75,-3042.0,188.8,82.1,156.0,-3468.9,-17.7892,-3312.9,-1282.17,-2375.54,-3334.5,15:28,175.5,09:30,-5040.75,1.0,300.0,300.0,BUY CE 26500 5.15 | BUY PE 25900 7.45 | SELL CE 26200 89.4 | SELL PE 26200 58.75,-7283.25,188.8,64.49,156.0,-7692.54,-39.4489,-7536.54,-2690.05,-5191.29,-7616.7,15:28,302.25,09:30,-8736.0,1.0,455838.96,12167.04,9112.31,0.0,0.0,105408.72,7278.63,3468.9,0.0,0.0,244306.44,11610.71,7692.54,0.0,0.0,3.0,1.0,0.0
2026-01-05,Mon,0,1,2026-01-06,26335.7,26340.0,26118.4,221.59999999999854,0.8414433639508293,26333.7,-2.0,-0.007594254187281903,26333.7,26340.95,26300.2,26301.2,-32.5,-0.1234160030683117,70.59999999999854,26300.0,60.85,61.55,122.4,0.46537800556628595,0.9886271324126726,-0.6999999999999957,-0.005718954248365978,83,nifty_1min.csv,0.007594254187281903,0.1234160030683117,0.2684288169361038,0.005718954248365978,0.5767973856209031,0.26552287581699346,0.14426229508196722,flat,down,SELL CE 26300 60.85 | SELL PE 26300 61.55,2369.25,94.4,43.32,78.0,2153.53,11.0437,2231.53,654.91,1404.22,-3890.25,10:24,4494.75,13:44,-4582.5,1.0,100.0,100.0,BUY CE 26400 23 | BUY PE 26200 27.2 | SELL CE 26300 60.85 | SELL PE 26300 61.55,195.0,188.8,58.44,156.0,-208.24,-1.0679,-52.24,-195.28,-201.76,-1179.75,10:26,1530.75,13:44,-3685.5,1.0,250.0,250.0,BUY CE 26550 4.3 | BUY PE 26050 8.4 | SELL CE 26300 60.85 | SELL PE 26300 61.55,1599.0,188.8,46.83,156.0,1207.37,6.1916,1363.37,276.59,741.98,-3227.25,10:24,3675.75,13:44,-4231.5,1.0,457992.49,10013.51,0.0,1.0,0.0,105200.48,7486.87,208.24,0.0,0.0,245513.81,10403.34,0.0,1.0,0.0,1.0,0.0,1.0
2026-01-06,Tue,1,0,2026-01-06,26244.65,26373.2,26210.05,163.15000000000146,0.6216505078177893,26189.7,-54.95000000000073,-0.2093760061574482,26189.7,26194.95,26193.65,26171.85,-17.850000000002183,-0.06815656536730921,93.89999999999782,26150.0,57.8,31.15,88.94999999999999,0.33986898136738514,1.85553772070626,26.65,0.2996065205171445,83,nifty_1min.csv,0.2093760061574482,0.06815656536730921,0.35878243226977774,0.2996065205171445,1.0556492411466871,0.20067453625634835,0.0457516339869281,mild_down,down,SELL CE 26150 57.8 | SELL PE 26150 31.15,11748.75,94.4,27.02,78.0,11549.33,59.2273,11627.33,3786.84,7668.08,-8492.25,10:02,13981.5,14:52,-10052.25,1.0,100.0,100.0,BUY CE 26250 16.89 | BUY PE 26050 7.5 | SELL CE 26150 57.8 | SELL PE 26150 31.15,7012.2,188.8,29.17,156.0,6638.23,34.0422,6794.23,2086.88,4362.56,-3430.05,10:02,9352.2,14:52,-6082.05,1.0,200.0,200.0,BUY CE 26350 4.25 | BUY PE 25950 2.2 | SELL CE 26150 57.8 | SELL PE 26150 31.15,10510.5,188.8,27.61,156.0,10138.09,51.9902,10294.09,3253.5,6695.79,-7410.0,10:02,12821.25,14:52,-9350.25,1.0,469541.82,0.0,0.0,1.0,0.0,111838.71,848.64,0.0,1.0,0.0,255651.9,265.25,0.0,1.0,0.0,0.0,0.0,0.0
2026-01-07,Wed,0,6,2026-01-13,26174.65,26273.95,26124.75,149.20000000000073,0.5700171731045142,26143.1,-31.55000000000291,-0.1205364732670844,26143.1,26128.5,26155.65,26121.75,-21.349999999998545,-0.08166590802161391,61.70000000000073,26100.0,132.69,83.25,215.94,0.8266674323121537,1.5938738738738738,49.44,0.2289524868018894,84,nifty_1min.csv,0.1205364732670844,0.08166590802161391,0.2362016327390038,0.2289524868018894,0.28572751690284676,0.0988700564971684,0.44299674267100975,mild_down,down,SELL CE 26100 132.69 | SELL PE 26100 83.25,3137.55,94.4,76.89,78.0,2888.26,14.8116,2966.26,899.82,1894.04,-3999.45,10:15,4658.55,14:33,-5023.2,1.0,200.0,200.0,BUY CE 26300 46.6 | BUY PE 25900 27.55 | SELL CE 26100 132.69 | SELL PE 26100 83.25,963.3,188.8,100.69,156.0,517.81,2.6554,673.81,46.74,282.27,-1230.45,10:15,1421.55,14:18,-3531.45,1.0,450.0,450.0,BUY CE 26550 9.94 | BUY PE 25650 7.35 | SELL CE 26100 132.69 | SELL PE 26100 83.25,2145.0,188.8,81.75,156.0,1718.45,8.8126,1874.45,446.95,1082.7,-3334.5,10:15,3695.25,14:33,-4592.25,1.0,472430.08,0.0,0.0,1.0,0.0,112356.52,330.83,0.0,1.0,0.0,257370.35,0.0,0.0,1.0,0.0,0.0,0.0,0.0
2026-01-08,Thu,0,5,2026-01-13,26142.9,26187.15,26067.9,119.25,0.4561467932019783,26106.5,-36.400000000001455,-0.1392347444239218,26106.5,26119.85,26096.6,26065.0,-41.5,-0.15896424262156933,69.45000000000073,26050.0,112.0,71.7,183.7,0.7047765202378669,1.5620641562064155,40.3,0.21937942297223734,84,nifty_1min.csv,0.1392347444239218,0.15896424262156933,0.2664492614617331,0.21937942297223734,0.37806205770278023,0.22591181273816005,0.3246753246753247,mild_down,down,SELL CE 26050 112 | SELL PE 26050 71.7,-8375.25,94.4,70.32,78.0,-8617.97,-44.1947,-8539.97,-2935.59,-5776.78,-12684.75,12:05,604.5,10:10,-15141.75,1.0,200.0,200.0,BUY CE 26250 33.35 | BUY PE 25850 18.95 | SELL CE 26050 112 | SELL PE 26050 71.7,-2010.45,188.8,98.28,156.0,-2453.53,-12.5822,-2297.53,-943.71,-1698.62,-3354.0,12:05,370.5,10:20,-6680.7,1.0,350.0,350.0,BUY CE 26400 11.9 | BUY PE 25700 6.95 | SELL CE 26050 112 | SELL PE 26050 71.7,-4933.5,188.8,82.02,156.0,-5360.32,-27.4888,-5204.32,-1912.64,-3636.48,-6717.75,12:05,585.0,10:20,-9722.7,1.0,463812.11,8617.97,8617.97,0.0,0.0,109902.99,2784.36,2453.53,0.0,0.0,252010.03,5360.32,5360.32,0.0,0.0,3.0,1.0,0.0
2026-01-09,Fri,0,4,2026-01-13,25868.9,26133.2,25858.45,274.75,1.0620861343157226,25840.4,-28.5,-0.11017090019289572,25840.4,25938.85,25862.3,25841.1,0.6999999999970896,0.002708936394162202,101.44999999999709,25850.0,112.35,76.75,189.1,0.7317799938857092,1.463843648208469,35.599999999999994,0.1882601797990481,84,nifty_1min.csv,0.11017090019289572,0.002708936394162202,0.3925916466404182,0.1882601797990481,0.5364886303542945,0.003701745108392859,0.35275080906148865,mild_down,up,SELL CE 25850 112.35 | SELL PE 25850 76.75,-4085.25,94.4,70.37,78.0,-4328.02,-22.195,-4250.02,-1505.61,-2916.81,-10939.5,14:42,3022.5,11:31,-12499.5,1.0,200.0,200.0,BUY CE 26050 32.7 | BUY PE 25650 24.3 | SELL CE 25850 112.35 | SELL PE 25850 76.75,-575.25,188.8,96.0,156.0,-1016.05,-5.2105,-860.05,-464.55,-740.3,-3365.7,14:42,1482.0,11:32,-6386.25,1.0,400.0,400.0,BUY CE 26250 8.8 | BUY PE 25450 9.4 | SELL CE 25850 112.35 | SELL PE 25850 76.75,-2146.95,188.8,79.71,156.0,-2571.46,-13.187,-2415.46,-983.02,-1777.24,-7868.25,14:42,2622.75,11:32,-9759.75,1.0,459484.09,12945.99,4328.02,0.0,0.0,108886.94,3800.41,1016.05,0.0,0.0,249438.57,7931.78,2571.46,0.0,0.0,3.0,1.0,0.0
2026-01-12,Mon,0,1,2026-01-13,25703.7,25940.6,25623.0,317.59999999999854,1.2356197745849762,25669.05,-34.650000000001455,-0.13480549492875132,25669.05,25610.65,25558.85,25532.35,-136.70000000000073,-0.5325479517161746,171.90000000000146,25550.0,98.15,75.84,173.99,0.6814492203028707,1.2941719409282701,22.310000000000002,0.12822576010115525,84,nifty_1min.csv,0.13480549492875132,0.5325479517161746,0.6732635264674088,0.12822576010115525,0.9879878153916974,0.7856773377780374,0.31290322580645163,mild_down,down,SELL CE 25550 98.15 | SELL PE 25550 75.84,-19940.7,94.4,71.94,78.0,-20185.04,-103.513,-20107.04,-6791.28,-13488.16,-24737.7,14:57,5187.0,11:13,-25205.7,1.0,150.0,150.0,BUY CE 25700 35.65 | BUY PE 25400 31.6 | SELL CE 25550 98.15 | SELL PE 25550 75.84,-6107.4,188.8,115.89,156.0,-6568.09,-33.6825,-6412.09,-2315.23,-4441.66,-6163.95,15:26,1780.35,11:29,-12218.7,1.0,350.0,350.0,BUY CE 25900 9.55 | BUY PE 25200 11.45 | SELL CE 25550 98.15 | SELL PE 25550 75.84,-17629.95,188.8,82.82,156.0,-18057.57,-92.6029,-17901.57,-6145.06,-12101.31,-19765.2,14:57,3927.3,11:28,-21830.25,1.0,439299.05,33131.03,20185.04,0.0,1.0,102318.85,10368.5,6568.09,0.0,0.0,231381.0,25989.35,18057.57,0.0,1.0,3.0,1.0,0.0
2026-01-13,Tue,1,0,2026-01-13,25806.1,25813.15,25473.4,339.75,1.3165491879826863,25897.35,91.25,0.35359856778048604,25897.35,25845.75,25836.75,25761.4,-135.9499999999971,-0.5249571867391726,139.75,25750.0,72.8,60.35,133.15,0.5168585558238294,1.2062966031483016,12.449999999999996,0.09350356740518209,84,nifty_1min.csv,0.35359856778048604,0.5249571867391726,0.5424782814598585,0.09350356740518209,1.0495681562147954,1.02102891475777,0.17363344051446947,mild_up,down,SELL CE 25750 72.8 | SELL PE 25750 60.35,22514.7,94.4,38.26,78.0,22304.04,114.3797,22382.04,7371.75,14837.89,-1443.0,14:24,24209.25,15:12,-2964.0,1.0,150.0,150.0,BUY CE 25900 20.5 | BUY PE 25600 16.89 | SELL CE 25750 72.8 | SELL PE 25750 60.35,15243.15,188.8,41.53,156.0,14856.82,76.1888,15012.82,4826.41,9841.61,-5331.3,14:24,16957.2,15:12,-8188.05,1.0,250.0,250.0,BUY CE 26000 8.44 | BUY PE 25500 7.45 | SELL CE 25750 72.8 | SELL PE 25750 60.35,19435.65,188.8,39.67,156.0,19051.18,97.6984,19207.18,6224.53,12637.86,-4093.05,14:24,21159.45,15:12,-5779.8,1.0,461603.09,10826.99,0.0,1.0,0.0,117175.67,0.0,0.0,1.0,0.0,250432.18,6938.17,0.0,1.0,0.0,0.0,0.0,0.0
2026-01-14,Wed,0,6,2026-01-20,25714.2,25899.8,25603.3,296.5,1.1530593990868858,25648.55,-65.65000000000146,-0.25530640657691644,25648.55,25684.2,25704.6,25737.7,89.15000000000146,0.34758300176813683,106.45000000000073,25750.0,141.3,129.8,271.1,1.0533186726086636,1.088597842835131,11.5,0.04241977130210254,86,nifty_1min.csv,0.25530640657691644,0.34758300176813683,0.413595620432287,0.04241977130210254,0.3926595352268562,0.32884544448543507,0.6858974358974359,mild_down,up,SELL CE 25750 141.3 | SELL PE 25750 129.8,2915.25,94.4,96.98,78.0,2645.87,13.5686,2723.87,819.02,1732.44,312.0,09:31,6610.5,13:22,-2162.55,1.0,250.0,250.0,BUY CE 26000 48.15 | BUY PE 25500 50.6 | SELL CE 25750 141.3 | SELL PE 25750 129.8,711.75,188.8,129.66,156.0,237.29,1.2169,393.29,-46.77,95.26,50.7,14:28,2125.5,13:21,-4095.0,1.0,550.0,550.0,BUY CE 26300 12.1 | BUY PE 25200 17.3 | SELL CE 25750 141.3 | SELL PE 25750 129.8,1755.0,188.8,106.0,156.0,1304.2,6.6882,1460.2,308.87,806.53,263.25,14:32,5109.0,13:23,-2601.3,1.0,464248.96,8181.12,0.0,1.0,0.0,117412.96,0.0,0.0,1.0,0.0,251736.38,5633.97,0.0,1.0,0.0,0.0,0.0,0.0
2026-01-16,Fri,0,4,2026-01-20,25669.1,25791.75,25603.95,187.79999999999927,0.731618950411192,25696.05,26.950000000000728,0.10499004639820145,25696.05,25730.35,25714.3,25725.75,29.700000000000728,0.1155819668781806,64.84999999999854,25750.0,109.85,109.4,219.25,0.8522589234521831,1.0041133455210236,0.44999999999998863,0.0020524515393386027,86,nifty_1min.csv,0.10499004639820145,0.1155819668781806,0.2520820578603094,0.0020524515393386027,0.2957810718357972,0.13546180159635451,0.4696485623003195,mild_up,up,SELL CE 25750 109.85 | SELL PE 25750 109.4,3948.75,94.4,77.73,78.0,3698.62,18.9673,3776.62,1169.94,2434.28,-9087.0,10:40,3948.75,15:29,-10393.5,1.0,200.0,200.0,BUY CE 25950 37.1 | BUY PE 25550 40.5 | SELL CE 25750 109.85 | SELL PE 25750 109.4,1355.25,188.8,102.19,156.0,908.26,4.6577,1064.26,176.89,542.57,-2496.0,10:36,1355.25,15:29,-5489.25,1.0,450.0,450.0,BUY CE 26200 7.3 | BUY PE 25300 10.45 | SELL CE 25750 109.85 | SELL PE 25750 109.4,3246.75,188.8,83.17,156.0,2818.78,14.4553,2974.78,813.73,1816.25,-7166.25,10:40,3246.75,15:29,-8698.95,1.0,467947.58,4482.5,0.0,1.0,0.0,118321.22,0.0,0.0,1.0,0.0,254555.16,2815.19,0.0,1.0,0.0,0.0,0.0,0.0
2026-01-19,Mon,0,1,2026-01-20,25701.9,25873.5,25662.4,211.09999999999854,0.8213400565716874,25653.1,-48.80000000000291,-0.18986923145760784,25653.1,25597.65,25575.7,25556.35,-96.75,-0.37714740128873314,125.0,25550.0,87.25,84.05,171.3,0.670283510751731,1.0380725758477096,3.200000000000003,0.01868067717454759,86,nifty_1min.csv,0.18986923145760784,0.37714740128873314,0.48911522967872956,0.01868067717454759,0.7297139521307647,0.5647985989492119,0.2961783439490446,mild_down,down,SELL CE 25550 87.25 | SELL PE 25550 84.05,10198.5,94.4,57.57,78.0,9968.53,51.1207,10046.53,3259.91,6614.22,-436.8,09:34,10198.5,15:29,-2769.0,1.0,150.0,150.0,BUY CE 25700 32.95 | BUY PE 25400 31.3 | SELL CE 25550 87.25 | SELL PE 25550 84.05,3110.25,188.8,70.83,156.0,2694.62,13.8186,2850.62,772.34,1733.48,-224.25,09:36,3110.25,15:29,-3831.75,1.0,350.0,350.0,BUY CE 25900 8.65 | BUY PE 25200 8 | SELL CE 25550 87.25 | SELL PE 25550 84.05,8248.5,188.8,60.84,156.0,7842.86,40.2198,7998.86,2488.42,5165.64,-475.8,09:34,8248.5,15:29,-3090.75,1.0,477916.11,0.0,0.0,1.0,0.0,121015.84,0.0,0.0,1.0,0.0,262398.02,0.0,0.0,1.0,0.0,0.0,0.0,0.0
2026-01-20,Tue,1,0,2026-01-20,25555.5,25653.3,25494.35,158.95000000000073,0.6219796129991615,25580.3,24.799999999999272,0.09704368922540851,25580.3,25559.3,25514.95,25488.75,-91.54999999999927,-0.3578925970375612,100.90000000000146,25500.0,55.45,62.45,117.9,0.4625570104457849,0.8879103282626101,-7.0,-0.05937234944868532,86,nifty_1min.csv,0.09704368922540851,0.3578925970375612,0.3958609190329124,0.05937234944868532,0.8558100084817765,0.7765055131467283,0.14285714285714285,flat,down,SELL CE 25500 55.45 | SELL PE 25500 62.45,-29043.3,94.4,55.65,78.0,-29271.35,-150.1095,-29193.35,-9820.05,-19545.7,-30381.0,15:18,7731.75,11:54,-31022.55,1.0,100.0,100.0,BUY CE 25600 22.55 | BUY PE 25400 23.15 | SELL CE 25500 55.45 | SELL PE 25500 62.45,-5370.3,188.8,105.7,156.0,-5820.8,-29.8503,-5664.8,-2066.13,-3943.47,-5508.75,15:22,2484.3,11:54,-9672.0,1.0,250.0,250.0,BUY CE 25750 5.35 | BUY PE 25250 4.05 | SELL CE 25500 55.45 | SELL PE 25500 62.45,-27444.3,188.8,61.32,156.0,-27850.42,-142.8227,-27694.42,-9409.34,-18629.88,-27600.3,15:17,6620.25,11:54,-29657.55,1.0,448644.76,29271.35,29271.35,0.0,1.0,115195.04,5820.8,5820.8,0.0,0.0,234547.6,27850.42,27850.42,0.0,1.0,3.0,1.0,0.0
2026-01-21,Wed,0,6,2026-01-27,25225.35,25585.0,25171.35,413.65000000000146,1.6398186744683483,25141.0,-84.34999999999854,-0.3343858459842918,25141.0,25239.2,25222.65,25201.95,60.95000000000073,0.24243267968657065,147.59999999999854,25200.0,188.55,127.1,315.65,1.2524824467947915,1.4834775767112511,61.45000000000002,0.1946776492951054,97,nifty_1min.csv,0.3343858459842918,0.24243267968657065,0.5856689660919038,0.1946776492951054,0.4676065262157407,0.19309361634722233,0.8037974683544303,mild_down,up,SELL CE 25200 188.55 | SELL PE 25200 127.1,3695.25,94.4,112.79,78.0,3410.06,17.4875,3488.06,1073.75,2241.91,-18154.5,10:56,3695.25,15:29,-19636.5,1.0,300.0,300.0,BUY CE 25500 59 | BUY PE 24900 51.1 | SELL CE 25200 188.55 | SELL PE 25200 127.1,1462.5,188.8,149.54,156.0,968.16,4.9649,1124.16,196.85,582.51,-2973.75,10:56,1862.25,10:24,-9633.0,1.0,650.0,650.0,BUY CE 25850 14.1 | BUY PE 24550 21.7 | SELL CE 25200 188.55 | SELL PE 25200 127.1,2613.0,188.8,124.23,156.0,2143.97,10.9947,2299.97,588.79,1366.38,-10149.75,10:56,3149.25,10:21,-14118.0,1.0,452054.82,25861.29,0.0,1.0,0.0,116163.2,4852.64,0.0,1.0,0.0,236691.57,25706.45,0.0,1.0,0.0,0.0,0.0,0.0
2026-01-22,Thu,0,5,2026-01-27,25168.1,25300.95,24919.8,381.15000000000146,1.514417059690646,25344.15,176.0500000000029,0.6994965849627224,25344.15,25317.05,25336.85,25385.2,41.04999999999927,0.16197031662138706,93.29999999999927,25400.0,138.0,130.4,268.4,1.0573089831870537,1.058282208588957,7.599999999999994,0.028315946348733214,97,nifty_1min.csv,0.6994965849627224,0.16197031662138706,0.3675369900571958,0.028315946348733214,0.3476154992548408,0.15294336810729983,0.6908517350157729,strong_up,up,SELL CE 25400 138 | SELL PE 25400 130.4,7273.5,94.4,94.07,78.0,7007.03,35.9335,7085.03,2272.74,4639.89,-12099.75,11:47,8443.5,15:21,-14040.0,1.0,250.0,250.0,BUY CE 25650 46.2 | BUY PE 25150 50.6 | SELL CE 25400 138 | SELL PE 25400 130.4,1872.0,188.8,121.52,156.0,1405.68,7.2086,1561.68,342.69,874.19,-2700.75,12:02,2466.75,15:21,-7575.75,1.0,550.0,550.0,BUY CE 25950 11.6 | BUY PE 24850 18.35 | SELL CE 25400 138 | SELL PE 25400 130.4,4602.0,188.8,101.15,156.0,4156.05,21.3131,4312.05,1259.48,2707.77,-8170.5,11:47,5889.0,15:21,-10842.0,1.0,459061.85,18854.26,0.0,1.0,0.0,117568.88,3446.96,0.0,1.0,0.0,240847.62,21550.4,0.0,1.0,0.0,0.0,0.0,0.0
2026-01-23,Fri,0,4,2026-01-27,25320.45,25435.75,25168.5,267.25,1.0554709730672243,25344.6,24.149999999997817,0.09537745182253007,25344.6,25274.8,25320.45,25344.2,-0.3999999999978172,-0.001578245464508484,98.85000000000218,25350.0,127.85,107.65,235.5,0.9292066823967614,1.1876451463074778,20.19999999999999,0.08577494692144369,97,nifty_1min.csv,0.09537745182253007,0.001578245464508484,0.39003006605062374,0.08577494692144369,0.4197452229299456,0.0016985138004153597,0.5408805031446541,flat,down,SELL CE 25350 127.85 | SELL PE 25350 107.65,-15366.0,94.4,92.2,78.0,-15630.6,-80.1569,-15552.6,-5273.13,-10451.87,-20016.75,15:09,6054.75,11:29,-22766.25,1.0,250.0,250.0,BUY CE 25600 34.05 | BUY PE 25100 35.7 | SELL CE 25350 127.85 | SELL PE 25350 107.65,-5606.25,188.8,131.29,156.0,-6082.34,-31.1915,-5926.34,-2153.31,-4117.83,-6561.75,15:18,2837.25,11:29,-11602.5,1.0,450.0,450.0,BUY CE 25800 9.8 | BUY PE 24900 14.75 | SELL CE 25350 127.85 | SELL PE 25350 107.65,-11417.25,188.8,106.69,156.0,-11868.74,-60.8653,-11712.74,-4082.11,-7975.43,-13747.5,15:18,5079.75,11:29,-17774.25,1.0,443431.25,34484.86,15630.6,0.0,0.0,111486.54,9529.3,6082.34,0.0,0.0,228978.88,33419.14,11868.74,0.0,0.0,3.0,1.0,0.0
2026-01-27,Tue,1,0,2026-01-27,25064.75,25347.95,25025.3,322.65000000000146,1.2872659811089338,25063.35,-1.4000000000014552,-0.005585533468322864,25063.35,25007.5,24946.3,24958.4,-104.94999999999709,-0.41873891558788867,193.75,24950.0,109.2,84.1,193.3,0.7744887492787998,1.2984542211652796,25.10000000000001,0.12984997413347132,97,nifty_1min.csv,0.005585533468322864,0.41873891558788867,0.7762917494711199,0.12984997413347132,1.002327987584066,0.5429384376616507,0.3887147335423197,flat,down,SELL CE 24950 109.2 | SELL PE 24950 84.1,-6093.75,94.4,72.78,78.0,-6338.93,-32.5073,-6260.93,-2175.91,-4257.42,-16838.25,10:19,16682.25,14:33,-18700.5,1.0,200.0,200.0,BUY CE 25150 34.65 | BUY PE 24750 21.25 | SELL CE 24950 109.2 | SELL PE 24950 84.1,-12041.25,188.8,84.64,156.0,-12470.69,-63.9523,-12314.69,-4282.76,-8376.72,-12265.5,15:28,7068.75,14:33,-15687.75,1.0,400.0,400.0,BUY CE 25350 8.65 | BUY PE 24550 4.1 | SELL CE 24950 109.2 | SELL PE 24950 84.1,-8560.5,188.8,73.92,156.0,-8979.22,-46.0473,-8823.22,-3118.94,-6049.08,-14800.5,10:19,14547.0,14:33,-17355.0,1.0,437092.32,40823.79,6338.93,0.0,0.0,99015.85,21999.99,12470.69,0.0,1.0,219999.66,42398.36,8979.22,0.0,0.0,3.0,1.0,0.0
2026-01-28,Wed,0,6,2026-02-03,25234.1,25246.65,24932.55,314.1000000000022,1.2447442151691648,25258.85,24.75,0.09808156423252663,25258.85,25335.45,25357.9,25352.1,93.25,0.36917753579438495,146.39999999999782,25350.0,263.05,216.2,479.25,1.8903759451879727,1.2166975023126736,46.85000000000002,0.09775691184141894,101,nifty_1min.csv,0.09808156423252663,0.36917753579438495,0.5774669554001358,0.09775691184141894,0.30547730829420516,0.19457485654668752,0.984375,flat,up,SELL CE 25350 263.05 | SELL PE 25350 216.2,13747.5,94.4,167.63,78.0,13407.47,68.7563,13485.47,4406.22,8906.85,-214.5,09:31,13747.5,15:29,-3071.25,1.0,500.0,500.0,BUY CE 25850 74.05 | BUY PE 24850 75.1 | SELL CE 25350 263.05 | SELL PE 25350 216.2,4007.25,188.8,207.92,156.0,3454.53,17.7155,3610.53,1025.64,2240.09,-175.5,09:31,4758.0,13:17,-4446.0,1.0,950.0,950.0,BUY CE 26300 19.9 | BUY PE 24400 30.2 | SELL CE 25350 263.05 | SELL PE 25350 216.2,9252.75,188.8,179.43,156.0,8728.52,44.7616,8884.52,2783.64,5756.08,-175.5,09:31,9418.5,13:17,-3324.75,1.0,450499.79,27416.32,0.0,1.0,0.0,102470.38,18545.46,0.0,1.0,0.0,228728.18,33669.84,0.0,1.0,0.0,0.0,0.0,0.0
2026-01-29,Thu,0,5,2026-02-03,25348.05,25372.1,25187.65,184.4499999999971,0.7276693867970006,25345.0,-3.0499999999992724,-0.012032483761075399,25345.0,25281.3,25275.05,25270.7,-74.29999999999927,-0.2931544683369472,110.79999999999927,25250.0,225.75,176.2,401.95,1.5905772297561998,1.2812145289443815,49.55000000000001,0.12327403905958456,101,nifty_1min.csv,0.012032483761075399,0.2931544683369472,0.4384524370120308,0.12327403905958456,0.27565617614130933,0.1848488617987294,0.9470404984423676,flat,down,SELL CE 25250 225.75 | SELL PE 25250 176.2,-3032.25,94.4,147.06,78.0,-3351.71,-17.1883,-3273.71,-1180.17,-2265.94,-6220.5,14:51,3890.25,12:34,-7605.0,1.0,400.0,400.0,BUY CE 25650 70.2 | BUY PE 24850 61.6 | SELL CE 25250 225.75 | SELL PE 25250 176.2,-1998.75,188.8,196.3,156.0,-2539.85,-13.0249,-2383.85,-972.48,-1756.17,-3237.0,14:52,1667.25,12:20,-5898.75,1.0,800.0,800.0,BUY CE 26050 19.4 | BUY PE 24450 22.9 | SELL CE 25250 225.75 | SELL PE 25250 176.2,-4104.75,188.8,160.88,156.0,-4610.43,-23.6432,-4454.43,-1662.68,-3136.55,-6191.25,14:52,3071.25,12:28,-7585.5,1.0,447148.08,30768.03,3351.71,0.0,0.0,99930.53,21085.31,2539.85,0.0,0.0,224117.75,38280.27,4610.43,0.0,0.0,3.0,1.0,0.0
2026-01-30,Fri,0,4,2026-02-03,25422.1,25458.15,25159.8,298.3500000000022,1.1735851876910335,25247.55,-174.54999999999927,-0.6866073219757585,25247.55,25257.8,25236.15,25242.5,-5.049999999999272,-0.02000194078237006,61.60000000000218,25250.0,201.7,192.15,393.85,1.5602654253738735,1.0497007546187873,9.549999999999983,0.024247810079979643,101,nifty_1min.csv,0.6866073219757585,0.02000194078237006,0.244032881053787,0.024247810079979643,0.1564047226101363,0.012822140408783222,0.9347826086956522,strong_down,down,SELL CE 25250 201.7 | SELL PE 25250 192.15,2135.25,94.4,141.83,78.0,1821.02,9.3386,1899.02,544.07,1182.55,-8394.75,14:09,2135.25,15:29,-9837.75,1.0,400.0,400.0,BUY CE 25650 62.3 | BUY PE 24850 64.6 | SELL CE 25250 201.7 | SELL PE 25250 192.15,1140.75,188.8,186.43,156.0,609.52,3.1257,765.52,77.31,343.42,-2681.25,14:09,1140.75,15:29,-7371.0,1.0,800.0,800.0,BUY CE 26050 17.7 | BUY PE 24450 21.3 | SELL CE 25250 201.7 | SELL PE 25250 192.15,2583.75,188.8,156.6,156.0,2082.35,10.6787,2238.35,568.25,1325.3,-6298.5,14:09,2583.75,15:29,-8248.5,1.0,448969.1,28947.01,0.0,1.0,0.0,100540.05,20475.79,0.0,1.0,0.0,226200.1,36197.92,0.0,1.0,0.0,0.0,0.0,0.0
2026-02-02,Mon,0,1,2026-02-03,24768.0,25440.9,24571.75,869.1500000000015,3.5091650516795925,24796.5,28.5,0.11506782945736434,24796.5,24810.45,24877.4,24853.1,56.599999999998545,0.22825802028511502,157.85000000000218,24850.0,166.0,167.7,333.7,1.3426896443502019,0.9898628503279667,-1.6999999999999886,-0.005094396164219325,101,nifty_1min.csv,0.11506782945736434,0.22825802028511502,0.63513203584262,0.005094396164219325,0.47302966736590407,0.16961342523224018,0.8421052631578947,mild_up,up,SELL CE 24850 166 | SELL PE 24850 167.7,12060.75,94.4,115.61,78.0,11772.74,60.373,11850.74,3861.31,7817.03,-78.0,09:31,22434.75,13:35,-3773.25,1.0,350.0,350.0,BUY CE 25200 43.65 | BUY PE 24500 56.25 | SELL CE 24850 166 | SELL PE 24850 167.7,1423.5,188.8,136.78,156.0,941.92,4.8304,1097.92,188.11,565.01,-234.0,09:31,9477.0,13:32,-5411.25,1.0,650.0,650.0,BUY CE 25500 12.5 | BUY PE 24200 19.75 | SELL CE 24850 166 | SELL PE 24850 167.7,7449.0,188.8,120.78,156.0,6983.42,35.8124,7139.42,2201.94,4592.68,-204.75,09:31,17920.5,13:35,-4280.25,1.0,460741.84,17174.27,0.0,1.0,0.0,101481.97,19533.87,0.0,1.0,0.0,233183.52,29214.5,0.0,1.0,0.0,0.0,0.0,0.0
2026-02-03,Tue,1,0,2026-02-03,25079.9,25108.1,24679.4,428.6999999999971,1.7093369590787726,26308.05,1228.1499999999978,4.896949349877781,26308.05,25811.1,25813.2,25785.3,-522.75,-1.987034386813162,577.2999999999993,25800.0,127.3,147.75,275.05,1.0666930382815014,0.861590524534687,-20.450000000000003,-0.07435011816033449,101,nifty_1min.csv,4.896949349877781,1.987034386813162,2.238872535902236,0.07435011816033449,2.0988911107071413,1.9005635339029268,0.7006172839506173,strong_up,down,SELL CE 25800 127.3 | SELL PE 25800 147.75,39526.5,94.4,82.14,78.0,39271.96,201.3947,39349.96,13027.72,26149.84,-243.75,09:30,44947.5,14:58,-2281.5,1.0,300.0,300.0,BUY CE 26100 38.95 | BUY PE 25500 41.05 | SELL CE 25800 127.3 | SELL PE 25800 147.75,23946.0,188.8,89.1,156.0,23512.1,120.5749,23668.1,7711.5,15611.8,-458.25,09:30,29698.5,14:58,-5674.5,1.0,550.0,550.0,BUY CE 26350 14.75 | BUY PE 25250 14.95 | SELL CE 25800 127.3 | SELL PE 25800 147.75,33754.5,188.8,84.74,156.0,33324.96,170.8972,33480.96,10982.45,22153.71,-526.5,09:30,39370.5,14:58,-3549.0,1.0,500013.8,0.0,0.0,1.0,0.0,124994.07,0.0,0.0,1.0,0.0,266508.48,0.0,0.0,1.0,0.0,0.0,0.0,0.0
2026-02-04,Wed,0,6,2026-02-10,25714.8,26341.2,25641.3,699.9000000000015,2.721778897755384,25675.05,-39.75,-0.15458024172849877,25675.05,25712.55,25754.8,25752.65,77.60000000000218,0.30223894403322366,224.34999999999854,25750.0,184.9,172.0,356.9,1.3858767932620526,1.075,12.900000000000006,0.03614457831325303,98,nifty_1min.csv,0.15458024172849877,0.30223894403322366,0.87117248127862,0.03614457831325303,0.6286074530680823,0.2174278509386444,0.8676923076923077,mild_down,up,SELL CE 25750 184.9 | SELL PE 25750 172,6230.25,94.4,126.61,78.0,5931.24,30.4166,6009.24,1914.15,3922.69,-965.25,09:45,9720.75,13:16,-3344.25,1.0,350.0,350.0,BUY CE 26100 60.4 | BUY PE 25400 62.05 | SELL CE 25750 184.9 | SELL PE 25750 172,2496.0,188.8,165.72,156.0,1985.48,10.1819,2141.48,535.96,1260.72,-399.75,09:45,2622.75,13:12,-4056.0,1.0,700.0,700.0,BUY CE 26450 18.95 | BUY PE 25050 24.4 | SELL CE 25750 184.9 | SELL PE 25750 172,5235.75,188.8,140.92,156.0,4750.03,24.3591,4906.03,1457.48,3103.75,-711.75,09:45,6698.25,13:16,-3490.5,1.0,505945.04,0.0,0.0,1.0,0.0,126979.55,0.0,0.0,1.0,0.0,271258.51,0.0,0.0,1.0,0.0,0.0,0.0,0.0
2026-02-05,Thu,0,5,2026-02-10,25737.5,25818.55,25563.95,254.59999999999854,0.989218067022821,25755.9,18.400000000001455,0.071491015055858,25755.9,25728.3,25682.6,25690.7,-65.20000000000073,-0.25314588113791686,91.5,25700.0,150.35,142.0,292.35,1.137960429260394,1.0588028169014083,8.349999999999994,0.028561655549854605,98,nifty_1min.csv,0.071491015055858,0.25314588113791686,0.3561600112102823,0.028561655549854605,0.3129810159055926,0.22302035231743023,0.7300613496932515,flat,down,SELL CE 25700 150.35 | SELL PE 25700 142,4602.0,94.4,103.94,78.0,4325.66,22.1829,4403.66,1378.95,2852.31,-2681.25,09:54,4875.0,15:14,-4816.5,1.0,300.0,300.0,BUY CE 26000 48.05 | BUY PE 25400 47.35 | SELL CE 25700 150.35 | SELL PE 25700 142,1482.0,188.8,134.11,156.0,1003.09,5.1441,1159.09,208.5,605.8,-965.25,09:54,1521.0,15:26,-3802.5,1.0,600.0,600.0,BUY CE 26300 15.4 | BUY PE 25100 18.5 | SELL CE 25700 150.35 | SELL PE 25700 142,3510.0,188.8,114.68,156.0,3050.52,15.6437,3206.52,890.97,1970.75,-2106.0,09:54,3510.0,15:29,-4436.25,1.0,510270.7,0.0,0.0,1.0,0.0,127982.64,0.0,0.0,1.0,0.0,274309.03,0.0,0.0,1.0,0.0,0.0,0.0,0.0
2026-02-06,Fri,0,4,2026-02-10,25641.6,25757.65,25579.5,178.15000000000146,0.6947694371646133,25605.8,-35.79999999999927,-0.13961687258205133,25605.8,25600.65,25588.1,25574.6,-31.200000000000728,-0.12184739394981109,77.25,25550.0,140.1,101.3,241.39999999999998,0.9439052810210129,1.383020730503455,38.8,0.16072908036454017,98,nifty_1min.csv,0.13961687258205133,0.12184739394981109,0.30205751018588756,0.16072908036454017,0.3200082850041425,0.12924606462303534,0.5565749235474006,mild_down,down,SELL CE 25550 140.1 | SELL PE 25550 101.3,877.5,94.4,87.12,78.0,617.98,3.1691,695.98,143.06,380.52,-643.5,12:00,7478.25,13:32,-2320.5,1.0,250.0,250.0,BUY CE 25800 43.7 | BUY PE 25300 32.45 | SELL CE 25550 140.1 | SELL PE 25550 101.3,692.25,188.8,114.47,156.0,232.98,1.1948,388.98,-48.21,92.39,-68.25,12:00,3422.25,13:32,-2671.5,1.0,500.0,500.0,BUY CE 26050 13.15 | BUY PE 25050 12.75 | SELL CE 25550 140.1 | SELL PE 25550 101.3,1735.5,188.8,97.72,156.0,1292.98,6.6307,1448.98,305.13,799.05,-146.25,12:00,6435.0,13:32,-2096.25,1.0,510888.68,0.0,0.0,1.0,0.0,128215.62,0.0,0.0,1.0,0.0,275602.01,0.0,0.0,1.0,0.0,0.0,0.0,0.0
2026-02-09,Mon,0,1,2026-02-10,25673.6,25703.95,25491.9,212.04999999999927,0.8259457185591397,25888.7,215.10000000000218,0.8378256263243261,25888.7,25814.3,25821.2,25822.0,-66.70000000000073,-0.2576413647653251,128.95000000000073,25800.0,103.85,67.8,171.64999999999998,0.6647432421965764,1.5317109144542773,36.05,0.21002039032915817,98,nifty_1min.csv,0.8378256263243261,0.2576413647653251,0.49938037332507446,0.21002039032915817,0.7512379842703218,0.3885814156714287,0.2804878048780488,strong_up,down,SELL CE 25800 103.85 | SELL PE 25800 67.8,5118.75,94.4,59.95,78.0,4886.4,25.0585,4964.4,1565.87,3226.13,-458.25,10:59,5547.75,14:41,-1550.25,1.0,150.0,150.0,BUY CE 25950 39.6 | BUY PE 25650 26.2 | SELL CE 25800 103.85 | SELL PE 25800 67.8,2466.75,188.8,80.05,156.0,2041.9,10.4713,2197.9,554.77,1298.33,-126.75,10:59,2466.75,15:29,-2106.0,1.0,350.0,350.0,BUY CE 26150 9.85 | BUY PE 25450 10.1 | SELL CE 25800 103.85 | SELL PE 25800 67.8,5772.0,188.8,68.11,156.0,5359.09,27.4825,5515.09,1660.5,3509.8,-341.25,10:59,5772.0,15:29,-1569.75,1.0,515775.08,0.0,0.0,1.0,0.0,130257.52,0.0,0.0,1.0,0.0,280961.1,0.0,0.0,1.0,0.0,0.0,0.0,0.0
2026-02-10,Tue,1,0,2026-02-10,25863.3,25922.25,25780.9,141.34999999999854,0.5465273186329608,25922.65,59.35000000000218,0.22947574362127873,25922.65,25918.1,25914.9,25918.2,-4.450000000000728,-0.017166454818472367,64.5,25900.0,56.7,39.55,96.25,0.37136066547831253,1.433628318584071,17.150000000000006,0.17818181818181825,98,nifty_1min.csv,0.22947574362127873,0.017166454818472367,0.24885987452832373,0.17818181818181825,0.6701298701298701,0.046233766233773795,0.060790273556231005,mild_up,down,SELL CE 25900 56.7 | SELL PE 25900 39.55,11924.25,94.4,29.59,78.0,11722.26,60.1142,11800.26,3844.49,7783.37,-3285.75,09:47,12694.5,15:20,-4212.0,1.0,100.0,100.0,BUY CE 26000 17.55 | BUY PE 25800 13.45 | SELL CE 25900 56.7 | SELL PE 25900 39.55,5898.75,188.8,32.31,156.0,5521.64,28.3161,5677.64,1714.68,3618.16,-1618.5,12:51,6932.25,14:43,-2827.5,1.0,200.0,200.0,BUY CE 26100 4.75 | BUY PE 25700 5.6 | SELL CE 25900 56.7 | SELL PE 25900 39.55,9925.5,188.8,30.52,156.0,9550.18,48.9753,9706.18,3057.53,6303.86,-2388.75,09:47,10783.5,14:43,-3500.25,1.0,527497.34,0.0,0.0,1.0,0.0,135779.16,0.0,0.0,1.0,0.0,290511.28,0.0,0.0,1.0,0.0,0.0,0.0,0.0
2026-02-11,Wed,0,6,2026-02-17,25916.8,25989.45,25870.45,119.0,0.459161624891962,25997.45,80.65000000000146,0.31118810964317145,25997.45,25984.95,25980.85,25980.1,-17.350000000002183,-0.0667373146212501,66.95000000000073,26000.0,134.4,112.4,246.8,0.9499578523562265,1.195729537366548,22.0,0.08914100486223663,93,nifty_1min.csv,0.31118810964317145,0.0667373146212501,0.2576972375010132,0.08914100486223663,0.2712722852512185,0.07029983792545455,0.5636363636363636,mild_up,down,SELL CE 26000 134.4 | SELL PE 26000 112.4,1365.0,94.4,88.86,78.0,1103.74,5.6602,1181.74,304.98,704.36,-2076.75,09:40,3432.0,14:10,-3159.0,1.0,250.0,250.0,BUY CE 26250 40.15 | BUY PE 25750 40.4 | SELL CE 26000 134.4 | SELL PE 26000 112.4,1199.25,188.8,117.83,156.0,736.62,3.7775,892.62,119.67,428.15,-536.25,09:46,1413.75,14:13,-3207.75,1.0,500.0,500.0,BUY CE 26500 12.15 | BUY PE 25500 17.2 | SELL CE 26000 134.4 | SELL PE 26000 112.4,1940.25,188.8,100.32,156.0,1495.13,7.6673,1651.13,372.51,933.82,-1209.0,09:46,3110.25,14:13,-2583.75,1.0,528601.08,0.0,0.0,1.0,0.0,136515.78,0.0,0.0,1.0,0.0,292006.41,0.0,0.0,1.0,0.0,0.0,0.0,0.0
2026-02-12,Thu,0,5,2026-02-17,25945.35,26009.4,25899.8,109.60000000000218,0.42242636927234434,25906.7,-38.64999999999782,-0.14896696325159545,25906.7,25857.7,25845.25,25835.8,-70.90000000000146,-0.2736743776706468,75.45000000000073,25850.0,127.95,108.6,236.55,0.9155899952778702,1.1781767955801106,19.35000000000001,0.08180088776157264,93,nifty_1min.csv,0.14896696325159545,0.2736743776706468,0.29203663134101027,0.08180088776157264,0.3189600507292358,0.2997252166561042,0.513595166163142,mild_down,down,SELL CE 25850 127.95 | SELL PE 25850 108.6,3705.0,94.4,84.11,78.0,3448.49,17.6846,3526.49,1086.56,2267.53,-263.25,09:32,5518.5,13:33,-1725.75,1.0,250.0,250.0,BUY CE 26100 36.95 | BUY PE 25600 36.65 | SELL CE 25850 127.95 | SELL PE 25850 108.6,1482.0,188.8,107.64,156.0,1029.56,5.2798,1185.56,217.32,623.44,0.0,09:38,2213.25,14:36,-2466.75,1.0,450.0,450.0,BUY CE 26300 14.2 | BUY PE 25400 17.9 | SELL CE 25850 127.95 | SELL PE 25850 108.6,2349.75,188.8,93.83,156.0,1911.12,9.8006,2067.12,511.17,1211.15,-78.0,09:32,4036.5,14:23,-1979.25,1.0,532049.57,0.0,0.0,1.0,0.0,137545.34,0.0,0.0,1.0,0.0,293917.53,0.0,0.0,1.0,0.0,0.0,0.0,0.0
2026-02-13,Fri,0,4,2026-02-17,25796.15,25906.7,25752.4,154.29999999999927,0.5981512745118913,25571.15,-225.0,-0.8722231805909021,25571.15,25597.1,25605.0,25586.1,14.94999999999709,0.05846432405268081,72.04999999999927,25600.0,108.95,97.9,206.85000000000002,0.8084467738342305,1.112870275791624,11.049999999999997,0.05342035291273868,93,nifty_1min.csv,0.8722231805909021,0.05846432405268081,0.2815982115289133,0.05342035291273868,0.3483200386753651,0.07227459511722063,0.42168674698795183,strong_down,up,SELL CE 25600 108.95 | SELL PE 25600 97.9,-11953.5,94.4,80.3,78.0,-12206.2,-62.5959,-12128.2,-4131.67,-8168.93,-14625.0,15:27,2574.0,13:19,-15531.75,1.0,200.0,200.0,BUY CE 25800 36.9 | BUY PE 25400 35.6 | SELL CE 25600 108.95 | SELL PE 25600 97.9,-2076.75,188.8,120.55,156.0,-2542.1,-13.0364,-2386.1,-973.23,-1757.67,-2973.75,15:27,1267.5,13:28,-8726.25,1.0,400.0,400.0,BUY CE 26000 15.2 | BUY PE 25200 15.15 | SELL CE 25600 108.95 | SELL PE 25600 97.9,-6717.75,188.8,98.71,156.0,-7161.26,-36.7244,-7005.26,-2512.95,-4837.11,-8492.25,15:27,2203.5,13:37,-11553.75,1.0,519843.37,12206.2,12206.2,0.0,0.0,135003.24,2542.1,2542.1,0.0,0.0,286756.27,7161.26,7161.26,0.0,0.0,3.0,1.0,0.0
2026-02-16,Mon,0,1,2026-02-17,25460.55,25630.35,25444.3,186.04999999999927,0.7307383383312587,25423.6,-36.95000000000073,-0.14512647998570624,25423.6,25473.05,25482.6,25473.55,49.95000000000073,0.1964709954530465,120.64999999999782,25450.0,102.05,74.1,176.14999999999998,0.6915015771260777,1.3771929824561404,27.950000000000003,0.1586715867158672,93,nifty_1min.csv,0.14512647998570624,0.1964709954530465,0.47362852841475894,0.1586715867158672,0.684927618506942,0.2835651433437453,0.3123123123123123,mild_down,up,SELL CE 25450 102.05 | SELL PE 25450 74.1,-22766.25,94.4,73.98,78.0,-23012.63,-118.0135,-22934.63,-7733.81,-15373.22,-23370.75,15:26,1462.5,09:58,-23741.25,1.0,200.0,200.0,BUY CE 25650 27.45 | BUY PE 25250 23.2 | SELL CE 25450 102.05 | SELL PE 25450 74.1,-10032.75,188.8,110.35,156.0,-10487.9,-53.7841,-10331.9,-3621.83,-7054.87,-10149.75,15:26,741.0,09:56,-11524.5,1.0,350.0,350.0,BUY CE 25800 11.3 | BUY PE 25100 11.85 | SELL CE 25450 102.05 | SELL PE 25450 74.1,-18154.5,188.8,88.89,156.0,-18588.19,-95.3241,-18432.19,-6321.93,-12455.06,-18466.5,15:26,1160.25,09:56,-19451.25,1.0,496830.74,35218.83,23012.63,0.0,1.0,124515.34,13030.0,10487.9,0.0,1.0,268168.08,25749.45,18588.19,0.0,1.0,3.0,1.0,0.0
2026-02-17,Tue,1,0,2026-02-17,25682.45,25697.0,25372.7,324.2999999999993,1.2627299965540641,25637.95,-44.5,-0.17327007353270424,25637.95,25610.45,25578.85,25593.1,-44.85000000000218,-0.17493598357123788,94.54999999999927,25600.0,42.65,60.75,103.4,0.4040151447069718,0.7020576131687243,-18.1,-0.17504835589941972,93,nifty_1min.csv,0.17327007353270424,0.17493598357123788,0.3694355119153181,0.17504835589941972,0.9144100580270722,0.4337524177949921,0.09580838323353294,mild_down,down,SELL CE 25600 42.65 | SELL PE 25600 60.75,-4260.75,94.4,39.38,78.0,-4472.53,-22.9361,-4394.53,-1553.78,-3013.15,-12694.5,12:53,4446.0,14:31,-13581.75,1.0,100.0,100.0,BUY CE 25700 14.65 | BUY PE 25500 21.35 | SELL CE 25600 42.65 | SELL PE 25600 60.75,-6318.0,188.8,49.52,156.0,-6712.32,-34.4222,-6556.32,-2363.31,-4537.81,-6376.5,15:11,399.75,09:34,-9828.0,1.0,200.0,200.0,BUY CE 25800 5.75 | BUY PE 25400 7.2 | SELL CE 25600 42.65 | SELL PE 25600 60.75,-6766.5,188.8,40.53,156.0,-7151.83,-36.6761,-6995.83,-2509.81,-4830.82,-11524.5,12:53,2252.25,14:31,-12743.25,1.0,492358.21,39691.36,4472.53,0.0,0.0,117803.02,19742.32,6712.32,0.0,0.0,261016.25,32901.28,7151.83,0.0,0.0,3.0,1.0,0.0
2026-02-18,Wed,0,6,2026-02-24,25716.0,25764.4,25570.3,194.10000000000218,0.7547830144657107,25752.65,36.650000000001455,0.14251827655934615,25752.65,25742.0,25705.4,25730.25,-22.400000000001455,-0.08698133978445502,62.0,25750.0,129.65,139.25,268.9,1.0450734058161113,0.9310592459605027,-9.599999999999994,-0.035701004090740035,101,nifty_1min.csv,0.14251827655934615,0.08698133978445502,0.24096151417106323,0.035701004090740035,0.2305689847526962,0.08330234287839887,0.6776119402985075,mild_up,down,SELL CE 25750 129.65 | SELL PE 25750 139.25,-663.0,94.4,97.78,78.0,-933.18,-4.7855,-855.18,-373.99,-653.58,-4153.5,10:17,3237.0,14:04,-5752.5,1.0,250.0,250.0,BUY CE 26000 43.2 | BUY PE 25500 55.05 | SELL CE 25750 129.65 | SELL PE 25750 139.25,-458.25,188.8,133.68,156.0,-936.73,-4.8037,-780.73,-438.11,-687.42,-1121.25,15:00,1004.25,14:03,-5450.25,1.0,550.0,550.0,BUY CE 26300 11.45 | BUY PE 25200 20.6 | SELL CE 25750 129.65 | SELL PE 25750 139.25,-760.5,188.8,109.26,156.0,-1214.56,-6.2285,-1058.56,-530.72,-872.64,-2798.25,10:17,2642.25,14:04,-5430.75,1.0,491425.03,40624.54,933.18,0.0,0.0,116866.29,20679.05,936.73,0.0,0.0,259801.69,34115.84,1214.56,0.0,0.0,3.0,1.0,0.0
2026-02-19,Thu,0,5,2026-02-24,25805.7,25828.05,25645.15,182.89999999999782,0.7087581425808942,25873.35,67.64999999999782,0.2621513851590843,25873.35,25853.65,25850.25,25817.75,-55.599999999998545,-0.21489293037043347,74.09999999999854,25800.0,128.75,105.0,233.75,0.90538486119046,1.2261904761904763,23.75,0.10160427807486631,101,nifty_1min.csv,0.2621513851590843,0.21489293037043347,0.28701184262764395,0.10160427807486631,0.3170053475935767,0.2378609625668387,0.5029761904761905,mild_up,down,SELL CE 25800 128.75 | SELL PE 25800 105,-42393.0,94.4,103.58,78.0,-42668.98,-218.8153,-42590.98,-14285.93,-28477.46,-43953.0,15:20,-19.5,09:34,-45708.0,1.0,250.0,250.0,BUY CE 26050 35 | BUY PE 25550 37.6 | SELL CE 25800 128.75 | SELL PE 25800 105,-10257.0,188.8,175.36,156.0,-10777.16,-55.2675,-10621.16,-3718.25,-7247.71,-10637.25,15:27,117.0,10:06,-14498.25,1.0,450.0,450.0,BUY CE 26250 11.8 | BUY PE 25350 19 | SELL CE 25800 128.75 | SELL PE 25800 105,-22971.0,188.8,142.22,156.0,-23458.02,-120.2975,-23302.02,-7945.21,-15701.61,-24228.75,15:27,156.0,10:04,-27251.25,1.0,448756.05,83293.52,42668.98,0.0,1.0,106089.13,31456.21,10777.16,0.0,1.0,236343.67,57573.86,23458.02,0.0,1.0,3.0,1.0,0.0
2026-02-20,Fri,0,4,2026-02-24,25416.45,25885.3,25388.75,496.5499999999993,1.9536559983789996,25406.55,-9.900000000001455,-0.03895115171474165,25406.55,25453.25,25432.0,25381.75,-24.799999999999272,-0.09761262351637383,106.09999999999854,25400.0,132.8,135.2,268.0,1.0558767618466023,0.9822485207100593,-2.3999999999999773,-0.00895522388059693,101,nifty_1min.csv,0.03895115171474165,0.09761262351637383,0.41801688220866784,0.00895522388059693,0.39589552238805426,0.09253731343283311,0.6824925816023739,flat,down,SELL CE 25400 132.8 | SELL PE 25400 135.2,-6493.5,94.4,100.04,78.0,-6765.94,-34.6971,-6687.94,-2318.25,-4542.09,-22737.0,12:26,692.25,09:33,-23546.25,1.0,250.0,250.0,BUY CE 25650 43.45 | BUY PE 25150 57.15 | SELL CE 25400 132.8 | SELL PE 25400 135.2,-4319.25,188.8,139.59,156.0,-4803.64,-24.6341,-4647.64,-1727.08,-3265.36,-7722.0,12:29,-68.25,09:31,-11865.75,1.0,550.0,550.0,BUY CE 25950 13.45 | BUY PE 24850 24.9 | SELL CE 25400 132.8 | SELL PE 25400 135.2,-7566.0,188.8,112.43,156.0,-8023.23,-41.1448,-7867.23,-2800.28,-5411.75,-19470.75,12:26,136.5,09:31,-20806.5,1.0,441990.11,90059.46,6765.94,0.0,0.0,101285.49,36259.85,4803.64,0.0,0.0,228320.44,65597.09,8023.23,0.0,0.0,3.0,1.0,0.0
2026-02-23,Mon,0,1,2026-02-24,25565.9,25663.55,25379.75,283.7999999999993,1.1100724011280623,25678.4,112.5,0.4400392710602795,25678.4,25698.15,25734.8,25760.3,81.89999999999782,0.31894510561404843,141.40000000000146,25750.0,111.7,92.4,204.10000000000002,0.7923044374483218,1.2088744588744589,19.299999999999997,0.09456148946594804,101,nifty_1min.csv,0.4400392710602795,0.31894510561404843,0.548906650931866,0.09456148946594804,0.692797648211668,0.4012738853503077,0.40236686390532544,mild_up,up,SELL CE 25750 111.7 | SELL PE 25750 92.4,6932.25,94.4,70.91,78.0,6688.94,34.3023,6766.94,2166.71,4427.83,-3490.5,10:46,6932.25,15:29,-4816.5,1.0,200.0,200.0,BUY CE 25950 34.95 | BUY PE 25550 36.15 | SELL CE 25750 111.7 | SELL PE 25750 92.4,2817.75,188.8,90.86,156.0,2382.09,12.2158,2538.09,668.16,1525.12,-848.25,10:46,2817.75,15:29,-4270.5,1.0,400.0,400.0,BUY CE 26150 10.4 | BUY PE 25350 17.35 | SELL CE 25750 111.7 | SELL PE 25750 92.4,5450.25,188.8,78.87,156.0,5026.58,25.7773,5182.58,1549.66,3288.12,-2271.75,10:46,5450.25,15:29,-4689.75,1.0,448679.05,83370.52,0.0,1.0,0.0,103667.58,33877.76,0.0,1.0,0.0,233347.02,60570.51,0.0,1.0,0.0,0.0,0.0,0.0
2026-02-24,Tue,1,0,2026-02-24,25704.0,25771.45,25609.35,162.10000000000218,0.6306411453470362,25641.8,-62.20000000000073,-0.24198568316215657,25641.8,25571.25,25559.4,25548.6,-93.20000000000073,-0.3634690232355011,94.64999999999782,25550.0,61.3,62.65,123.94999999999999,0.4851537853346171,0.9784517158818835,-1.3500000000000014,-0.010891488503428814,101,nifty_1min.csv,0.24198568316215657,0.3634690232355011,0.37047039759516304,0.010891488503428814,0.7636143606292685,0.7519160951996833,0.1504424778761062,mild_down,down,SELL CE 25550 61.3 | SELL PE 25550 62.65,-165.75,94.4,45.01,78.0,-383.16,-1.9649,-305.16,-190.65,-286.91,-18291.0,13:32,5333.25,11:40,-18564.0,1.0,100.0,100.0,BUY CE 25650 25.4 | BUY PE 25450 25.65 | SELL CE 25550 61.3 | SELL PE 25550 62.65,-5187.0,188.8,56.41,156.0,-5588.21,-28.6575,-5432.21,-1988.6,-3788.41,-5313.75,15:21,1287.0,11:40,-10559.25,1.0,250.0,250.0,BUY CE 25800 6.65 | BUY PE 25300 6.45 | SELL CE 25550 61.3 | SELL PE 25550 62.65,-2700.75,188.8,46.17,156.0,-3091.72,-15.855,-2935.72,-1156.44,-2124.08,-15931.5,13:32,4017.0,11:40,-17608.5,1.0,448295.89,83753.68,383.16,0.0,0.0,98079.37,39465.97,5588.21,0.0,0.0,230255.3,63662.23,3091.72,0.0,0.0,3.0,1.0,0.0
2026-02-25,Wed,0,5,2026-03-02,25460.25,25641.8,25327.6,314.2000000000007,1.2340805765850718,25512.6,52.349999999998545,0.2056146345774238,25512.6,25562.2,25568.8,25584.85,72.25,0.2831934024756395,87.04999999999927,25600.0,161.9,125.8,287.7,1.1244935967965417,1.2869634340222575,36.10000000000001,0.12547792839763647,93,nifty_1min.csv,0.2056146345774238,0.2831934024756395,0.3402404157147659,0.12547792839763647,0.3025721237400044,0.25112964893986794,0.7294117647058823,mild_up,up,SELL CE 25600 161.9 | SELL PE 25600 125.8,-809.25,94.4,104.66,78.0,-1086.31,-5.5708,-1008.31,-425.04,-755.67,-6162.0,13:27,3529.5,12:32,-7848.75,1.0,300.0,300.0,BUY CE 25900 46.75 | BUY PE 25300 45.55 | SELL CE 25600 161.9 | SELL PE 25600 125.8,390.0,188.8,139.81,156.0,-94.61,-0.4852,61.39,-157.4,-126.01,-1443.0,10:36,1267.5,12:32,-4446.0,1.0,600.0,600.0,BUY CE 26200 13.3 | BUY PE 25000 21.05 | SELL CE 25600 161.9 | SELL PE 25600 125.8,-255.45,188.8,117.89,156.0,-718.14,-3.6828,-562.14,-365.25,-541.69,-4026.75,14:53,2445.3,12:32,-5840.25,1.0,447209.58,84839.99,1086.31,0.0,0.0,97984.76,39560.58,94.61,0.0,0.0,229537.16,64380.37,718.14,0.0,0.0,3.0,1.0,0.0
2026-02-26,Thu,0,4,2026-03-02,25478.65,25652.6,25428.2,224.39999999999782,0.8807374017069107,25556.3,77.64999999999782,0.3047649698865435,25556.3,25534.3,25499.1,25505.15,-51.14999999999782,-0.2001463435630268,79.75,25500.0,150.85,117.35,268.2,1.0515523335483226,1.2854708138048572,33.5,0.12490678598061149,93,nifty_1min.csv,0.3047649698865435,0.2001463435630268,0.31268194854764625,0.12490678598061149,0.2973527218493662,0.19071588366889566,0.6774193548387096,mild_up,down,SELL CE 25500 150.85 | SELL PE 25500 117.35,6337.5,94.4,94.41,78.0,6070.69,31.1317,6148.69,1960.63,4015.66,-936.0,10:10,7429.5,14:55,-2778.75,1.0,250.0,250.0,BUY CE 25750 49.5 | BUY PE 25250 48 | SELL CE 25500 150.85 | SELL PE 25500 117.35,2067.0,188.8,123.71,156.0,1598.49,8.1974,1754.49,406.96,1002.72,-858.0,10:10,2320.5,15:02,-4056.0,1.0,550.0,550.0,BUY CE 26050 12.4 | BUY PE 24950 20 | SELL CE 25500 150.85 | SELL PE 25500 117.35,4611.75,188.8,103.71,156.0,4163.24,21.3499,4319.24,1261.88,2712.56,-1355.25,10:10,5401.5,14:55,-3373.5,1.0,453280.27,78769.3,0.0,1.0,0.0,99583.25,37962.09,0.0,1.0,0.0,233700.4,60217.13,0.0,1.0,0.0,0.0,0.0,0.0
2026-02-27,Fri,0,3,2026-03-02,25493.3,25572.95,25400.95,172.0,0.6746870746431416,25459.85,-33.45000000000073,-0.13121094562100916,25459.85,25394.8,25398.45,25365.1,-94.75,-0.37215458849914673,113.0,25350.0,122.7,106.7,229.4,0.9043922555006683,1.1499531396438614,16.0,0.06974716652136007,93,nifty_1min.csv,0.13121094562100916,0.37215458849914673,0.44549400554304935,0.06974716652136007,0.4925893635571055,0.41303400174367916,0.5,mild_down,down,SELL CE 25350 122.7 | SELL PE 25350 106.7,789.75,94.4,82.81,78.0,534.54,2.7412,612.54,115.25,324.89,-8472.75,15:08,6425.25,14:36,-10422.75,1.0,250.0,250.0,BUY CE 25600 33 | BUY PE 25100 36.35 | SELL CE 25350 122.7 | SELL PE 25350 106.7,760.5,188.8,107.91,156.0,307.79,1.5784,463.79,-23.27,142.26,-2388.75,15:08,2886.0,14:36,-7488.0,1.0,450.0,450.0,BUY CE 25800 11.25 | BUY PE 24900 17.35 | SELL CE 25350 122.7 | SELL PE 25350 106.7,1004.25,188.8,93.48,156.0,565.97,2.9024,721.97,62.79,314.38,-5391.75,15:08,5099.25,14:36,-8414.25,1.0,453814.81,78234.76,0.0,1.0,0.0,99891.04,37654.3,0.0,1.0,0.0,234266.37,59651.16,0.0,1.0,0.0,0.0,0.0,0.0
2026-03-02,Mon,1,0,2026-03-02,25181.8,25476.4,25141.3,335.1000000000022,1.3307229824714761,24659.25,-522.5499999999993,-2.0751098015233196,24659.25,24893.1,24896.7,24889.75,230.5,0.9347405131948457,313.7000000000007,24900.0,87.85,102.45,190.3,0.7645717614680743,0.8574914592484137,-14.600000000000009,-0.07672096689437734,93,nifty_1min.csv,2.0751098015233196,0.9347405131948457,1.260358179571915,0.07672096689437734,1.6484498160798775,1.211245401996847,0.3760932944606414,strong_down,up,SELL CE 24900 87.85 | SELL PE 24900 102.45,30410.25,94.4,55.47,78.0,30182.38,154.7814,30260.38,9997.86,20090.12,-23907.0,14:00,33062.25,15:19,-25369.5,1.0,200.0,200.0,BUY CE 25100 19.55 | BUY PE 24700 37.75 | SELL CE 24900 87.85 | SELL PE 24900 102.45,19256.25,188.8,60.46,156.0,18850.99,96.6717,19006.99,6157.8,12504.39,-11524.5,14:00,21937.5,15:19,-21840.0,1.0,400.0,400.0,BUY CE 25300 5.15 | BUY PE 24500 13.05 | SELL CE 24900 87.85 | SELL PE 24900 102.45,26880.75,188.8,57.07,156.0,26478.88,135.7891,26634.88,8700.43,17589.65,-24072.75,14:00,29542.5,15:19,-25876.5,1.0,483997.19,48052.38,0.0,1.0,0.0,118742.03,18803.31,0.0,1.0,0.0,260745.25,33172.28,0.0,1.0,0.0,0.0,0.0,0.0
2026-03-04,Wed,0,6,2026-03-10,24849.75,24989.35,24603.5,385.84999999999854,1.5527319188321755,24388.8,-460.9500000000007,-1.8549482389158873,24388.8,24387.9,24340.55,24344.75,-44.04999999999927,-0.18061569244899,161.5,24350.0,327.0,306.4,633.4,2.6017929943827727,1.0672323759791122,20.600000000000023,0.0325228923271235,126,nifty_1min.csv,1.8549482389158873,0.18061569244899,0.6633873833167315,0.0325228923271235,0.2549731607199242,0.06954531101989149,0.997093023255814,strong_down,down,SELL CE 24350 327 | SELL PE 24350 306.4,-3237.0,94.4,231.06,78.0,-3640.46,-18.669,-3562.46,-1276.42,-2458.44,-18388.5,14:56,3841.5,12:49,-20679.75,1.0,650.0,650.0,BUY CE 25000 78.1 | BUY PE 23700 129 | SELL CE 24350 327 | SELL PE 24350 306.4,-5138.25,188.8,303.45,156.0,-5786.5,-29.6744,-5630.5,-2054.7,-3920.6,-11115.0,14:56,916.5,09:35,-16409.25,1.0,1250.0,1250.0,BUY CE 25600 17.4 | BUY PE 23100 60.85 | SELL CE 24350 327 | SELL PE 24350 306.4,-4777.5,188.8,257.25,156.0,-5379.55,-27.5874,-5223.55,-1919.05,-3649.3,-18554.25,14:56,3432.0,12:49,-20884.5,1.0,480356.73,51692.84,3640.46,0.0,0.0,112955.53,24589.81,5786.5,0.0,0.0,255365.7,38551.83,5379.55,0.0,0.0,3.0,1.0,0.0
2026-03-05,Thu,0,5,2026-03-10,24473.95,24602.45,24305.4,297.0499999999993,1.213739506699978,24615.95,142.0,0.5802087525716119,24615.95,24586.8,24608.3,24570.6,-45.35000000000218,-0.18423014346390118,102.85000000000218,24550.0,256.1,229.2,485.3,1.975124742578529,1.117364746945899,26.900000000000034,0.05542963115598606,126,nifty_1min.csv,0.5802087525716119,0.18423014346390118,0.41858969662931383,0.05542963115598606,0.21193076447558662,0.09344735215331172,0.9855072463768116,strong_up,down,SELL CE 24550 256.1 | SELL PE 24550 229.2,867.75,94.4,175.54,78.0,519.81,2.6657,597.81,110.34,315.07,-11241.75,14:54,9379.5,14:32,-13952.25,1.0,500.0,500.0,BUY CE 25050 60.15 | BUY PE 24050 94.4 | SELL CE 24550 256.1 | SELL PE 24550 229.2,-2983.5,188.8,226.12,156.0,-3554.42,-18.2278,-3398.42,-1310.67,-2432.55,-8794.5,14:54,3139.5,14:31,-13737.75,1.0,950.0,950.0,BUY CE 25500 14.25 | BUY PE 23600 44.8 | SELL CE 24550 256.1 | SELL PE 24550 229.2,-3363.75,188.8,190.97,156.0,-3899.52,-19.9975,-3743.52,-1425.71,-2662.61,-13757.25,14:54,6805.5,14:31,-16711.5,1.0,480876.54,51173.03,0.0,1.0,0.0,109401.11,28144.23,3554.42,0.0,0.0,251466.18,42451.35,3899.52,0.0,0.0,2.0,0.0,0.0
2026-03-06,Fri,0,4,2026-03-10,24737.45,24854.2,24529.4,324.7999999999993,1.3129890105892048,24656.4,-81.04999999999927,-0.3276408845697486,24656.4,24594.9,24647.45,24681.5,25.099999999998545,0.10179912720428994,113.75,24700.0,197.45,229.25,426.7,1.7288252334744647,0.8612868047982551,-31.80000000000001,-0.07452542770096089,126,nifty_1min.csv,0.3276408845697486,0.10179912720428994,0.4608715029475518,0.07452542770096089,0.26658073588000936,0.0588235294117613,0.9682080924855492,mild_down,up,SELL CE 24700 197.45 | SELL PE 24700 229.25,-1589.25,94.4,155.39,78.0,-1917.04,-9.831,-1839.04,-701.95,-1309.5,-13581.75,15:15,4085.25,12:00,-23322.0,1.0,450.0,450.0,BUY CE 25150 43.1 | BUY PE 24250 89.25 | SELL CE 24700 197.45 | SELL PE 24700 229.25,2408.25,188.8,209.03,156.0,1854.42,9.5098,2010.42,492.27,1173.35,-2349.75,15:15,2408.25,15:29,-20124.0,1.0,850.0,850.0,BUY CE 25550 9.85 | BUY PE 23850 40 | SELL CE 24700 197.45 | SELL PE 24700 229.25,1043.25,188.8,177.19,156.0,521.26,2.6731,677.26,47.89,284.57,-7673.25,15:15,3090.75,11:38,-21060.0,1.0,478959.5,53090.07,1917.04,0.0,0.0,111255.53,26289.81,0.0,1.0,0.0,251987.44,41930.09,0.0,1.0,0.0,1.0,0.0,1.0
2026-03-09,Mon,0,1,2026-03-10,24469.4,24700.9,24415.75,285.15000000000146,1.1653330281903171,23868.05,-601.3500000000022,-2.457559237251433,23868.05,23779.0,23720.6,23736.25,-131.79999999999927,-0.5522026307134402,261.90000000000146,23750.0,236.8,227.4,464.20000000000005,1.9556585391542476,1.0413368513632366,9.400000000000006,0.02024989228780699,126,nifty_1min.csv,2.457559237251433,0.5522026307134402,1.1033756385275748,0.02024989228780699,0.564196467040072,0.2839293408013771,0.9827089337175793,strong_down,down,SELL CE 23750 236.8 | SELL PE 23750 227.4,799.5,94.4,167.93,78.0,459.17,2.3547,537.17,90.12,274.65,-8580.0,15:06,10013.25,11:17,-13474.5,1.0,450.0,450.0,BUY CE 24200 71 | BUY PE 23300 83.4 | SELL CE 23750 236.8 | SELL PE 23750 227.4,-4368.0,188.8,216.59,156.0,-4929.39,-25.2789,-4773.39,-1769.0,-3349.19,-7712.25,15:15,3500.25,10:41,-13640.25,1.0,950.0,950.0,BUY CE 24700 16.5 | BUY PE 22800 25.1 | SELL CE 23750 236.8 | SELL PE 23750 227.4,-2642.25,188.8,178.14,156.0,-3165.19,-16.2317,-3009.19,-1180.93,-2173.06,-10754.25,15:06,8326.5,11:16,-16058.25,1.0,479418.67,52630.9,0.0,1.0,0.0,106326.14,31219.2,4929.39,0.0,0.0,248822.25,45095.28,3165.19,0.0,0.0,2.0,0.0,0.0
2026-03-10,Tue,1,0,2026-03-10,24005.8,24078.15,23697.8,380.3500000000022,1.5844087678811045,24280.8,275.0,1.1455564905147924,24280.8,24150.7,24151.65,24159.35,-121.45000000000073,-0.500189450100494,178.64999999999782,24150.0,93.2,81.95,175.15,0.7249781140634993,1.1372788285539963,11.25,0.0642306594347702,126,nifty_1min.csv,1.1455564905147924,0.500189450100494,0.7394652587921356,0.0642306594347702,1.0199828718241382,0.6934056522980344,0.33620689655172414,strong_up,down,SELL CE 24150 93.2 | SELL PE 24150 81.95,12411.75,94.4,57.98,78.0,12181.37,62.4686,12259.37,3997.52,8089.45,-2515.5,09:40,20085.0,15:01,-5850.0,1.0,200.0,200.0,BUY CE 24350 23.65 | BUY PE 23950 23.4 | SELL CE 24150 93.2 | SELL PE 24150 81.95,3256.5,188.8,62.08,156.0,2849.62,14.6134,3005.62,824.01,1836.81,-1979.25,14:11,11056.5,15:01,-7419.75,1.0,350.0,350.0,BUY CE 24500 7.15 | BUY PE 23800 9.2 | SELL CE 24150 93.2 | SELL PE 24150 81.95,9243.0,188.8,59.42,156.0,8838.78,45.3271,8994.78,2820.39,5829.59,-1443.0,09:40,17004.0,15:01,-5869.5,1.0,491600.04,40449.53,0.0,1.0,0.0,109175.76,28369.58,0.0,1.0,0.0,257661.03,36256.5,0.0,1.0,0.0,0.0,0.0,0.0
2026-03-11,Wed,0,6,2026-03-17,24286.15,24303.8,24079.95,223.84999999999854,0.9217187573987583,24231.85,-54.30000000000291,-0.22358422393011204,24231.85,24288.8,24243.6,24237.9,6.05000000000291,0.024967140354545406,85.25,24250.0,251.1,243.8,494.9,2.0418435590542083,1.0299425758818703,7.299999999999983,0.01475045463730043,136,nifty_1min.csv,0.22358422393011204,0.024967140354545406,0.35172189009773946,0.01475045463730043,0.17225702162052942,0.012224691856946678,0.9856733524355301,mild_down,up,SELL CE 24250 251.1 | SELL PE 24250 243.8,-26822.25,94.4,191.33,78.0,-27185.98,-139.4153,-27107.98,-9124.93,-18155.46,-30936.75,14:59,-585.0,09:30,-32467.5,1.0,500.0,500.0,BUY CE 24750 64.45 | BUY PE 23750 97.45 | SELL CE 24250 251.1 | SELL PE 24250 243.8,-3675.75,188.8,282.77,156.0,-4303.32,-22.0683,-4147.32,-1560.31,-2931.81,-6620.25,14:59,-224.25,09:44,-13357.5,1.0,1000.0,1000.0,BUY CE 25250 13.2 | BUY PE 23250 40.35 | SELL CE 24250 251.1 | SELL PE 24250 243.8,-13425.75,188.8,229.7,156.0,-14000.25,-71.7962,-13844.25,-4792.62,-9396.43,-17881.5,14:59,-399.75,09:30,-21157.5,1.0,464414.06,67635.51,27185.98,0.0,1.0,104872.44,32672.9,4303.32,0.0,0.0,243660.78,50256.75,14000.25,0.0,0.0,3.0,1.0,0.0
2026-03-12,Thu,0,5,2026-03-17,23848.2,24299.0,23834.3,464.7000000000007,1.948574735200144,23674.85,-173.35000000000218,-0.7268892411167391,23674.85,23564.5,23601.65,23600.45,-74.39999999999782,-0.3142575348946153,134.54999999999927,23600.0,295.7,263.35,559.05,2.3688107642015295,1.1228403265616098,32.349999999999966,0.057866022717109326,136,nifty_1min.csv,0.7268892411167391,0.3142575348946153,0.5701162477834079,0.057866022717109326,0.24067614703514764,0.1330829085054965,0.9914285714285714,strong_down,down,SELL CE 23600 295.7 | SELL PE 23600 263.35,9779.25,94.4,198.32,78.0,9408.53,48.2489,9486.53,3073.24,6240.89,-5820.75,09:58,11641.5,14:52,-7829.25,1.0,550.0,550.0,BUY CE 24150 81.1 | BUY PE 23050 107.45 | SELL CE 23600 295.7 | SELL PE 23600 263.35,1443.0,188.8,254.88,156.0,843.32,4.3247,999.32,155.24,499.28,-3334.5,13:35,3246.75,14:52,-11436.75,1.0,1100.0,1100.0,BUY CE 24700 18.8 | BUY PE 22500 45.1 | SELL CE 23600 295.7 | SELL PE 23600 263.35,5011.5,188.8,214.74,156.0,4451.96,22.8306,4607.96,1358.12,2905.04,-5616.0,09:58,7595.25,14:52,-9711.0,1.0,473822.59,58226.98,0.0,1.0,0.0,105715.76,31829.58,0.0,1.0,0.0,248112.74,45804.79,0.0,1.0,0.0,0.0,0.0,0.0
2026-03-13,Fri,0,4,2026-03-17,23639.35,23833.15,23556.3,276.8500000000022,1.1711404924416373,23462.5,-176.84999999999854,-0.7481170167538387,23462.5,23448.5,23431.15,23469.8,7.299999999999272,0.031113478955777398,72.65000000000146,23450.0,247.45,215.45,462.9,1.972321877476587,1.148526340218148,32.0,0.06912940159861741,136,nifty_1min.csv,0.7481170167538387,0.031113478955777398,0.3095467366573275,0.06912940159861741,0.15694534456686424,0.015770144739683026,0.9772079772079773,strong_down,up,SELL CE 23450 247.45 | SELL PE 23450 215.45,-11807.25,94.4,173.06,78.0,-12152.71,-62.3216,-12074.71,-4113.84,-8133.27,-22600.5,13:59,253.5,09:36,-24160.5,1.0,450.0,450.0,BUY CE 23900 74.1 | BUY PE 23000 80.85 | SELL CE 23450 247.45 | SELL PE 23450 215.45,-29.25,188.8,245.89,156.0,-619.94,-3.1792,-463.94,-332.51,-476.23,-4650.75,13:59,819.0,12:07,-9935.25,1.0,950.0,950.0,BUY CE 24400 17.6 | BUY PE 22500 26.35 | SELL CE 23450 247.45 | SELL PE 23450 215.45,-6084.0,188.8,197.09,156.0,-6625.89,-33.9789,-6469.89,-2334.5,-4480.19,-14274.0,13:59,546.0,09:36,-16165.5,1.0,461669.88,70379.69,12152.71,0.0,0.0,105095.82,32449.52,619.94,0.0,0.0,241486.85,52430.68,6625.89,0.0,0.0,3.0,1.0,0.0
2026-03-16,Mon,0,1,2026-03-17,23170.9,23492.4,23112.0,380.40000000000146,1.6417143917586345,23116.1,-54.80000000000291,-0.2365035453953144,23116.1,23173.8,23140.85,23159.5,43.400000000001455,0.18774793325864422,150.04999999999927,23150.0,190.4,164.15,354.55,1.5309052440683089,1.159914712153518,26.25,0.07403751233958539,136,nifty_1min.csv,0.2365035453953144,0.18774793325864422,0.6478982706880514,0.07403751233958539,0.4232125229163708,0.12240868706811861,0.9090909090909091,mild_down,up,SELL CE 23150 190.4 | SELL PE 23150 164.15,2067.0,94.4,127.61,78.0,1766.99,9.0615,1844.99,526.06,1146.53,-18661.5,14:53,6591.0,14:08,-22425.0,1.0,350.0,350.0,BUY CE 23500 55.05 | BUY PE 22800 59.7 | SELL CE 23150 190.4 | SELL PE 23150 164.15,-1540.5,188.8,164.11,156.0,-2049.41,-10.5098,-1893.41,-809.0,-1429.21,-7127.25,14:53,2554.5,14:16,-15307.5,1.0,700.0,700.0,BUY CE 23850 14.1 | BUY PE 22450 21.6 | SELL CE 23150 190.4 | SELL PE 23150 164.15,-438.75,188.8,137.01,156.0,-920.56,-4.7208,-764.56,-432.72,-676.64,-16292.25,14:53,5099.25,14:16,-21908.25,1.0,463436.87,68612.7,0.0,1.0,0.0,103046.41,34498.93,2049.41,0.0,0.0,240566.29,53351.24,920.56,0.0,0.0,2.0,0.0,0.0
2026-03-17,Tue,1,0,2026-03-17,23355.6,23502.0,22955.25,546.75,2.3409803216359246,23493.2,137.60000000000218,0.5891520663138698,23493.2,23393.2,23359.15,23376.7,-116.5,-0.49588817189654877,146.60000000000218,23400.0,68.3,102.8,171.1,0.7319253786890365,0.664396887159533,-34.5,-0.2016364699006429,136,nifty_1min.csv,0.5891520663138698,0.49588817189654877,0.6271201666616852,0.2016364699006429,0.8568088836937592,0.6808883693746347,0.33994334277620397,strong_up,down,SELL CE 23400 68.3 | SELL PE 23400 102.8,-1901.25,94.4,62.87,78.0,-2136.52,-10.9565,-2058.52,-775.11,-1455.81,-15122.25,14:59,11378.25,12:41,-15531.75,1.0,150.0,150.0,BUY CE 23550 22.25 | BUY PE 23250 40.3 | SELL CE 23400 68.3 | SELL PE 23400 102.8,-8024.25,188.8,76.89,156.0,-8445.94,-43.3125,-8289.94,-2941.18,-5693.56,-8053.5,15:25,3880.5,12:41,-15453.75,1.0,350.0,350.0,BUY CE 23750 3.95 | BUY PE 23050 9.25 | SELL CE 23400 68.3 | SELL PE 23400 102.8,-4455.75,188.8,64.04,156.0,-4864.59,-24.9466,-4708.59,-1747.4,-3306.0,-17540.25,14:59,9516.0,12:41,-18027.75,1.0,461300.35,70749.22,2136.52,0.0,0.0,94600.47,42944.87,8445.94,0.0,1.0,235701.7,58215.83,4864.59,0.0,0.0,3.0,1.0,0.0
2026-03-18,Wed,0,6,2026-03-24,23558.8,23656.8,23346.6,310.2000000000007,1.3167054349117984,23632.9,74.10000000000218,0.3145321493454768,23632.9,23721.6,23677.0,23714.8,81.89999999999782,0.3465507830185792,120.45000000000073,23700.0,227.15,213.9,441.05,1.8598090643817364,1.0619448340345956,13.25,0.030041945357669197,142,nifty_1min.csv,0.3145321493454768,0.3465507830185792,0.5079106718167589,0.030041945357669197,0.2730982881759454,0.1856932320598522,0.9661016949152542,mild_up,up,SELL CE 23700 227.15 | SELL PE 23700 213.9,2310.75,94.4,158.86,78.0,1979.49,10.1512,2057.49,596.9,1288.19,-9486.75,11:43,2993.25,15:21,-11007.75,1.0,450.0,450.0,BUY CE 24150 57.45 | BUY PE 23250 89.45 | SELL CE 23700 227.15 | SELL PE 23700 213.9,-224.25,188.8,208.53,156.0,-777.58,-3.9876,-621.58,-385.06,-581.32,-4329.0,11:43,838.5,15:21,-7293.0,1.0,900.0,900.0,BUY CE 24600 12.6 | BUY PE 22800 42.8 | SELL CE 23700 227.15 | SELL PE 23700 213.9,692.25,188.8,176.66,156.0,170.79,0.8758,326.79,-68.94,50.93,-8619.0,11:43,1950.0,15:21,-10520.25,1.0,463279.84,68769.73,0.0,1.0,0.0,93822.89,43722.45,777.58,0.0,0.0,235872.49,58045.04,0.0,1.0,0.0,1.0,0.0,1.0
2026-03-19,Thu,0,5,2026-03-24,23764.1,23862.25,23618.45,243.79999999999927,1.025917244919855,23197.75,-566.3499999999985,-2.383216700821822,23197.75,23289.7,23345.45,23317.2,119.45000000000073,0.5149206280781573,197.75,23300.0,227.15,229.7,456.85,1.9592832758650267,0.9888985633434916,-2.549999999999983,-0.005581700777060267,142,nifty_1min.csv,2.383216700821822,0.5149206280781573,0.848086391161889,0.005581700777060267,0.4328554230053628,0.26146437561563035,0.9746478873239437,strong_down,up,SELL CE 23300 227.15 | SELL PE 23300 229.7,-17023.5,94.4,173.18,78.0,-17369.08,-89.0722,-17291.08,-5852.63,-11610.86,-26471.25,14:59,-19.5,09:30,-28489.5,1.0,450.0,450.0,BUY CE 23750 60.75 | BUY PE 22850 97.1 | SELL CE 23300 227.15 | SELL PE 23300 229.7,-2915.25,188.8,250.36,156.0,-3510.41,-18.0021,-3354.41,-1296.0,-2403.21,-5460.0,14:59,107.25,13:01,-14254.5,1.0,900.0,900.0,BUY CE 24200 15.05 | BUY PE 22400 43.4 | SELL CE 23300 227.15 | SELL PE 23300 229.7,-9818.25,188.8,204.57,156.0,-10367.62,-53.1673,-10211.62,-3581.74,-6974.68,-15366.0,14:59,97.5,13:02,-18876.0,1.0,445910.76,86138.81,17369.08,0.0,0.0,90312.48,47232.86,3510.41,0.0,0.0,225504.87,68412.66,10367.62,0.0,0.0,3.0,1.0,0.0
2026-03-20,Fri,0,4,2026-03-24,23087.85,23378.7,22930.35,448.3500000000022,1.9419304959101962,23110.15,22.30000000000291,0.09658759910516965,23110.15,23283.45,23257.4,23287.05,176.89999999999782,0.7654645253276063,193.9499999999971,23300.0,236.3,241.6,477.9,2.0522135693443353,0.9780629139072848,-5.299999999999983,-0.011090186231429135,142,nifty_1min.csv,0.09658759910516965,0.7654645253276063,0.8328663355813514,0.011090186231429135,0.4058380414312557,0.3701611215735464,0.9831460674157303,flat,up,SELL CE 23300 236.3 | SELL PE 23300 241.6,3900.0,94.4,171.51,78.0,3556.09,18.2364,3634.09,1122.43,2339.26,-8853.0,14:50,3900.0,15:29,-12109.5,1.0,500.0,500.0,BUY CE 23800 59.35 | BUY PE 22800 90.05 | SELL CE 23300 236.3 | SELL PE 23300 241.6,2661.75,188.8,223.92,156.0,2093.03,10.7335,2249.03,571.81,1332.42,-1696.5,15:17,2661.75,15:29,-12099.75,1.0,950.0,950.0,BUY CE 24250 14.95 | BUY PE 22350 37.8 | SELL CE 23300 236.3 | SELL PE 23300 241.6,3597.75,188.8,190.21,156.0,3062.74,15.7064,3218.74,895.05,1978.89,-5070.0,14:56,3597.75,15:29,-10608.0,1.0,449466.85,82582.72,0.0,1.0,0.0,92405.51,45139.83,0.0,1.0,0.0,228567.61,65349.92,0.0,1.0,0.0,0.0,0.0,0.0
2026-03-23,Mon,0,1,2026-03-24,23134.65,23345.15,23067.6,277.5500000000029,1.199715578147942,22824.35,-310.3000000000029,-1.3412781261009044,22824.35,22686.25,22701.6,22702.15,-122.19999999999709,-0.5353931218194476,217.15000000000146,22700.0,216.0,222.9,438.9,1.9332970665773945,0.9690444145356661,-6.900000000000006,-0.015721120984278893,142,nifty_1min.csv,1.3412781261009044,0.5353931218194476,0.9565173342612988,0.015721120984278893,0.49475962633857706,0.2784233310549034,0.9663865546218487,strong_down,down,SELL CE 22700 216 | SELL PE 22700 222.9,3110.25,94.4,157.73,78.0,2780.12,14.257,2858.12,863.77,1821.95,-11310.0,12:26,8238.75,15:01,-12431.25,1.0,450.0,450.0,BUY CE 23150 51 | BUY PE 22250 83.1 | SELL CE 22700 216 | SELL PE 22700 222.9,3734.25,188.8,207.22,156.0,3182.23,16.3191,3338.23,934.88,2058.55,-1716.0,12:26,5382.0,15:01,-6698.25,1.0,900.0,900.0,BUY CE 23600 10.5 | BUY PE 21800 27.75 | SELL CE 22700 216 | SELL PE 22700 222.9,3691.35,188.8,172.41,156.0,3174.14,16.2776,3330.14,932.18,2053.16,-6717.75,12:26,7712.25,15:01,-9623.25,1.0,452246.97,79802.6,0.0,1.0,0.0,95587.74,41957.6,0.0,1.0,0.0,231741.75,62175.78,0.0,1.0,0.0,0.0,0.0,0.0
2026-03-24,Tue,1,0,2026-03-24,22492.65,22851.7,22471.25,380.4500000000007,1.691441426421523,22878.45,385.7999999999993,1.715226974144884,22878.45,22789.8,22815.8,22839.6,-38.85000000000218,-0.16981045481666013,136.79999999999927,22850.0,102.0,114.5,216.5,0.9479150247815199,0.8908296943231441,-12.5,-0.057736720554272515,142,nifty_1min.csv,1.715226974144884,0.16981045481666013,0.5989597015709526,0.057736720554272515,0.6318706697459551,0.17944572748268905,0.547486033519553,strong_up,down,SELL CE 22850 102 | SELL PE 22850 114.5,30069.0,94.4,65.12,78.0,29831.48,152.9819,29909.48,9880.89,19856.19,-10617.75,10:39,33774.0,15:00,-12811.5,1.0,200.0,200.0,BUY CE 23050 31.5 | BUY PE 22650 40.55 | SELL CE 22850 102 | SELL PE 22850 114.5,16038.75,188.8,71.39,156.0,15622.56,80.1157,15778.56,5081.65,10352.11,-2720.25,10:39,19909.5,15:00,-9067.5,1.0,450.0,450.0,BUY CE 23300 4.3 | BUY PE 22400 8.15 | SELL CE 22850 102 | SELL PE 22850 114.5,27660.75,188.8,66.23,156.0,27249.72,139.7422,27405.72,8957.37,18103.55,-8648.25,10:39,31463.25,15:00,-11495.25,1.0,482078.45,49971.12,0.0,1.0,0.0,111210.3,26335.04,0.0,1.0,0.0,258991.47,34926.06,0.0,1.0,0.0,0.0,0.0,0.0
2026-03-25,Wed,0,5,2026-03-30,22958.4,23057.3,22624.2,433.09999999999854,1.886455502125577,23064.4,106.0,0.4617046484075545,23064.4,23162.2,23189.65,23214.65,150.25,0.6514368463953105,157.59999999999854,23200.0,307.2,287.6,594.8,2.5621751781741264,1.0681502086230874,19.599999999999966,0.032952252858103506,158,nifty_1min.csv,0.4617046484075545,0.6514368463953105,0.6788816544724927,0.032952252858103506,0.26496301277740175,0.2526059179556154,0.9944289693593314,mild_up,up,SELL CE 23200 307.2 | SELL PE 23200 287.6,4192.5,94.4,213.76,78.0,3806.34,19.5197,3884.34,1205.85,2506.09,-12099.75,11:10,6786.0,15:19,-13035.75,1.0,600.0,600.0,BUY CE 23800 79.1 | BUY PE 22600 108.25 | SELL CE 23200 307.2 | SELL PE 23200 287.6,429.0,188.8,276.36,156.0,-192.16,-0.9854,-36.16,-189.92,-191.04,-5976.75,11:08,2223.0,15:21,-8755.5,1.0,1200.0,1200.0,BUY CE 24400 14.9 | BUY PE 22000 37.6 | SELL CE 23200 307.2 | SELL PE 23200 287.6,2642.25,188.8,230.6,156.0,2066.85,10.5992,2222.85,563.08,1314.97,-11017.5,11:10,5352.75,15:21,-12538.5,1.0,485884.79,46164.78,0.0,1.0,0.0,111018.14,26527.2,192.16,0.0,0.0,261058.32,32859.21,0.0,1.0,0.0,1.0,0.0,1.0
2026-03-27,Fri,0,3,2026-03-30,23309.0,23465.35,23063.2,402.1499999999978,1.7252992406366545,23173.55,-135.45000000000073,-0.5811060105538665,23173.55,23039.95,23072.7,23056.55,-117.0,-0.5048859583447508,160.59999999999854,23050.0,261.75,244.55,506.3,2.195905285049151,1.0703332651809445,17.19999999999999,0.033971953387319745,158,nifty_1min.csv,0.5811060105538665,0.5048859583447508,0.6965482693637971,0.033971953387319745,0.3172032391862503,0.23108828757653566,0.9861111111111112,strong_down,down,SELL CE 23050 261.75 | SELL PE 23050 244.55,9516.0,94.4,179.31,78.0,9164.29,46.9964,9242.29,2991.83,6078.06,-702.0,09:35,12528.75,14:14,-2817.75,1.0,500.0,500.0,BUY CE 23550 64.85 | BUY PE 22550 96.45 | SELL CE 23050 261.75 | SELL PE 23050 244.55,4914.0,188.8,231.28,156.0,4337.92,22.2457,4493.92,1320.11,2829.02,39.0,09:32,5820.75,15:27,-3617.25,1.0,1000.0,1000.0,BUY CE 24050 11.45 | BUY PE 22050 34.35 | SELL CE 23050 261.75 | SELL PE 23050 244.55,7390.5,188.8,192.91,156.0,6852.79,35.1425,7008.79,2158.4,4505.59,-68.25,09:46,9915.75,14:14,-2886.0,1.0,495049.08,37000.49,0.0,1.0,0.0,115356.06,22189.28,0.0,1.0,0.0,267911.11,26006.42,0.0,1.0,0.0,0.0,0.0,0.0
2026-03-30,Mon,1,0,2026-03-30,22839.5,23186.1,22804.55,381.5499999999993,1.6705707217758676,22549.65,-289.84999999999854,-1.2690733159657548,22549.65,22521.2,22526.1,22581.4,31.75,0.14080041153632095,147.89999999999782,22600.0,100.8,132.7,233.5,1.0340368621963207,0.7596081386586285,-31.89999999999999,-0.13661670235546036,158,nifty_1min.csv,1.2690733159657548,0.14080041153632095,0.6549638197808719,0.13661670235546036,0.6334047109207616,0.13597430406852248,0.6343490304709142,strong_down,up,SELL CE 22600 100.8 | SELL PE 22600 132.7,-6708.0,94.4,87.63,78.0,-6968.03,-35.7335,-6890.03,-2385.61,-4676.82,-14030.25,15:08,17491.5,13:39,-15512.25,1.0,250.0,250.0,BUY CE 22850 20.05 | BUY PE 22350 38.45 | SELL CE 22600 100.8 | SELL PE 22600 132.7,-14537.25,188.8,97.76,156.0,-14979.81,-76.8195,-14823.81,-5119.14,-10049.48,-14547.0,15:28,8502.0,13:39,-17472.0,1.0,450.0,450.0,BUY CE 23050 4.85 | BUY PE 22150 8.95 | SELL CE 22600 100.8 | SELL PE 22600 132.7,-9379.5,188.8,88.85,156.0,-9813.15,-50.3238,-9657.15,-3396.92,-6605.04,-16643.25,15:08,15278.25,13:39,-18115.5,1.0,488081.05,43968.52,6968.03,0.0,0.0,100376.25,37169.09,14979.81,0.0,1.0,258097.96,35819.57,9813.15,0.0,0.0,3.0,1.0,0.0
2026-04-01,Wed,0,6,2026-04-07,22379.2,22714.1,22283.85,430.25,1.9225441481375563,22899.0,519.7999999999993,2.322692500178734,22899.0,22888.6,22900.0,22928.55,29.549999999999272,0.12904493646010426,121.40000000000146,22950.0,307.5,314.15,621.65,2.7112486397962368,0.9788317682635684,-6.649999999999977,-0.010697337730234019,131,nifty_1min.csv,2.322692500178734,0.12904493646010426,0.5294708998170466,0.010697337730234019,0.19528673690983908,0.04753478645539978,0.9972375690607734,strong_up,up,SELL CE 22950 307.5 | SELL PE 22950 314.15,1813.5,94.4,285.16,78.0,1355.94,6.9535,1494.55,389.05,872.49,-5684.25,14:48,8541.0,13:21,-8102.25,1.0,600.0,600.0,BUY CE 23550 93.7 | BUY PE 22350 118.4 | SELL CE 22950 307.5 | SELL PE 22950 314.15,780.0,188.8,380.76,156.0,54.44,0.2792,291.22,-107.72,-26.64,-1462.5,14:48,2749.5,13:21,-7624.5,1.0,1250.0,1250.0,BUY CE 24200 20.05 | BUY PE 21700 40.55 | SELL CE 22950 307.5 | SELL PE 22950 314.15,536.25,188.8,310.6,156.0,-119.15,-0.611,102.73,-165.58,-142.36,-4543.5,14:48,6171.75,13:21,-7751.25,1.0,489436.99,42612.58,0.0,1.0,0.0,100430.69,37114.65,0.0,1.0,0.0,257978.81,35938.72,119.15,0.0,0.0,1.0,0.0,1.0
2026-04-02,Thu,0,5,2026-04-07,22703.15,22941.3,22618.6,322.7000000000007,1.4213886619257712,22383.4,-319.75,-1.4083948703153526,22383.4,22226.35,22251.45,22244.35,-139.0500000000029,-0.6212192964429126,185.5,22250.0,309.85,298.65,608.5,2.7355260998860387,1.0375020927507117,11.200000000000045,0.018405916187346008,131,nifty_1min.csv,1.4083948703153526,0.6212192964429126,0.8339196245338705,0.018405916187346008,0.30484798685291703,0.22851273623665228,0.9972451790633609,strong_down,down,SELL CE 22250 309.85 | SELL PE 22250 298.65,-15853.5,94.4,286.97,78.0,-16312.87,-83.6557,-16175.54,-5500.56,-10906.71,-21089.25,14:15,4728.75,12:13,-24940.5,1.0,600.0,600.0,BUY CE 22850 86.45 | BUY PE 21650 108.2 | SELL CE 22250 309.85 | SELL PE 22250 298.65,-9915.75,188.8,387.88,156.0,-10648.43,-54.6073,-10411.15,-3675.34,-7161.89,-10452.0,15:16,1569.75,11:44,-15346.5,1.0,1200.0,1200.0,BUY CE 23450 19.5 | BUY PE 21050 34.4 | SELL CE 22250 309.85 | SELL PE 22250 298.65,-18066.75,188.8,307.53,156.0,-18719.08,-95.9953,-18499.6,-6365.56,-12542.32,-21050.25,15:16,3490.5,11:44,-24277.5,1.0,473124.12,58925.45,16312.87,0.0,0.0,89782.26,47763.08,10648.43,0.0,1.0,239259.73,54657.8,18719.08,0.0,1.0,3.0,1.0,0.0
2026-04-06,Mon,0,1,2026-04-07,22700.7,22782.3,22182.55,599.75,2.641989013554648,22780.3,79.59999999999854,0.3506499799565588,22780.3,22671.3,22657.25,22604.85,-175.45000000000073,-0.7701830090033965,206.54999999999927,22600.0,216.65,219.4,436.05,1.9290108096271377,0.9874658158614403,-2.75,-0.006306616213736956,131,nifty_1min.csv,0.3506499799565588,0.7701830090033965,0.9137419624549568,0.006306616213736956,0.4736842105263141,0.4023621144364195,0.9505494505494505,mild_up,down,SELL CE 22600 216.65 | SELL PE 22600 219.4,-11670.75,94.4,205.78,78.0,-12048.93,-61.7894,-11928.41,-4079.24,-8064.09,-16838.25,15:12,7995.0,12:42,-18037.5,1.0,450.0,450.0,BUY CE 23050 57 | BUY PE 22150 74.35 | SELL CE 22600 216.65 | SELL PE 22600 219.4,-5791.5,188.8,277.46,156.0,-6413.76,-32.8911,-6199.5,-2263.79,-4338.77,-8297.25,15:12,3276.0,11:35,-11066.25,1.0,850.0,850.0,BUY CE 23450 12.85 | BUY PE 21750 24.9 | SELL CE 22600 216.65 | SELL PE 22600 219.4,-10861.5,188.8,224.69,156.0,-11430.99,-58.6205,-11228.39,-3936.2,-7683.6,-15882.75,15:12,6162.0,11:35,-17676.75,1.0,461075.19,70974.38,12048.93,0.0,0.0,83368.5,54176.84,6413.76,0.0,0.0,227828.74,66088.79,11430.99,0.0,0.0,3.0,1.0,0.0
2026-04-07,Tue,1,0,2026-04-07,22959.45,22998.35,22542.95,455.3999999999978,1.9834969914348899,22838.7,-120.75,-0.5259272325774355,22838.7,22773.75,22804.65,22891.45,52.75,0.23096761199192598,174.10000000000218,22900.0,102.75,119.7,222.45,0.9717601986767985,0.8583959899749373,-16.950000000000003,-0.07619689817936616,131,nifty_1min.csv,0.5259272325774355,0.23096761199192598,0.7605459680361103,0.07619689817936616,0.78264778601934,0.23713193976174424,0.5698630136986301,strong_down,up,SELL CE 22900 102.75 | SELL PE 22900 119.7,-136.5,94.4,102.39,78.0,-411.29,-2.1092,-311.6,-200.03,-305.66,-916.5,15:07,23000.25,14:23,-4260.75,1.0,200.0,200.0,BUY CE 23100 33.75 | BUY PE 22700 41.15 | SELL CE 22900 102.75 | SELL PE 22900 119.7,-10130.25,188.8,117.71,156.0,-10592.76,-54.3218,-10412.77,-3656.79,-7124.78,-10257.0,15:28,9720.75,13:26,-12938.25,1.0,450.0,450.0,BUY CE 23350 5.4 | BUY PE 22450 7.2 | SELL CE 22900 102.75 | SELL PE 22900 119.7,-2564.25,188.8,103.54,156.0,-3012.59,-15.4492,-2834.89,-1130.06,-2071.33,-3334.5,15:07,20689.5,14:23,-4582.5,1.0,460663.9,71385.67,411.29,0.0,0.0,72775.74,64769.6,10592.76,0.0,1.0,224816.15,69101.38,3012.59,0.0,0.0,3.0,1.0,0.0
2026-04-08,Wed,0,5,2026-04-13,23129.95,23153.85,22719.3,434.5499999999993,1.8787329847232668,23855.15,725.2000000000007,3.135328870144556,23855.15,23898.0,23862.95,23878.4,23.25,0.09746323121003221,110.34999999999854,23900.0,227.85,251.2,479.04999999999995,2.006206445993031,0.9070461783439491,-23.349999999999994,-0.04874230247364575,122,nifty_1min.csv,3.135328870144556,0.09746323121003221,0.4621331412489888,0.04874230247364575,0.23035173781442136,0.04853355599624257,0.9672131147540983,strong_up,up,SELL CE 23900 227.85 | SELL PE 23900 251.2,8872.5,94.4,216.43,78.0,8483.67,43.506,8608.38,2764.96,5624.31,643.5,09:30,9847.5,11:38,-2184.0,1.0,500.0,500.0,BUY CE 24400 61.65 | BUY PE 23400 88.45 | SELL CE 23900 227.85 | SELL PE 23900 251.2,3373.5,188.8,274.95,156.0,2753.75,14.1218,2968.34,792.05,1772.9,253.5,09:30,3471.0,11:38,-3490.5,1.0,950.0,950.0,BUY CE 24850 15.5 | BUY PE 22950 37.05 | SELL CE 23900 227.85 | SELL PE 23900 251.2,6298.5,188.8,235.67,156.0,5718.03,29.3232,5924.57,1780.14,3749.08,575.25,09:30,7205.25,11:38,-2574.0,1.0,469147.57,62902.0,0.0,1.0,0.0,75529.49,62015.85,0.0,1.0,0.0,230534.18,63383.35,0.0,1.0,0.0,0.0,0.0,0.0
2026-04-09,Thu,0,4,2026-04-13,24012.35,24025.15,23828.5,196.65000000000146,0.818953580136894,23909.05,-103.29999999999927,-0.43019529533760453,23909.05,23932.0,23968.45,23983.6,74.54999999999927,0.31180661715960806,175.59999999999854,24000.0,193.15,209.4,402.55,1.6784385997098017,0.9223973256924546,-16.25,-0.040367656191777415,122,nifty_1min.csv,0.43019529533760453,0.31180661715960806,0.7321669807701869,0.040367656191777415,0.43621910321698804,0.1851943857905832,0.9264305177111717,mild_down,up,SELL CE 24000 193.15 | SELL PE 24000 209.4,-1170.0,94.4,185.7,78.0,-1528.1,-7.8364,-1410.85,-572.3,-1050.2,-11651.25,14:31,2028.0,12:10,-14010.75,1.0,400.0,400.0,BUY CE 24400 55.3 | BUY PE 23600 74.7 | SELL CE 24000 193.15 | SELL PE 24000 209.4,165.75,188.8,248.06,156.0,-427.11,-2.1903,-218.52,-268.24,-347.67,-2369.25,10:00,1228.5,12:36,-7351.5,1.0,800.0,800.0,BUY CE 24800 12.95 | BUY PE 23200 26.4 | SELL CE 24000 193.15 | SELL PE 24000 209.4,-945.75,188.8,204.23,156.0,-1494.78,-7.6655,-1295.58,-624.13,-1059.45,-6600.75,10:00,1862.25,12:10,-10812.75,1.0,467619.47,64430.1,1528.1,0.0,0.0,75102.38,62442.96,427.11,0.0,0.0,229039.4,64878.13,1494.78,0.0,0.0,3.0,1.0,0.0
2026-04-10,Fri,0,3,2026-04-13,23766.05,23990.75,23682.8,307.9500000000007,1.2957559207356744,23880.55,114.5,0.4817796815204883,23880.55,23966.85,23918.45,23938.05,57.5,0.2407817240390192,122.35000000000218,23950.0,156.1,163.1,319.2,1.3334419470257604,0.9570815450643777,-7.0,-0.02192982456140351,122,nifty_1min.csv,0.4817796815204883,0.2407817240390192,0.5111109718627966,0.02192982456140351,0.3833020050125382,0.18013784461152882,0.8043478260869565,mild_up,up,SELL CE 23950 156.1 | SELL PE 23950 163.1,4202.25,94.4,144.97,78.0,3884.88,19.9225,3994.0,1232.03,2558.45,-702.0,09:31,6922.5,14:15,-2866.5,1.0,300.0,300.0,BUY CE 24250 47.85 | BUY PE 23650 62.1 | SELL CE 23950 156.1 | SELL PE 23950 163.1,1813.5,188.8,190.98,156.0,1277.72,6.5524,1474.37,300.04,788.88,-341.25,09:57,2340.0,14:15,-9837.75,1.0,650.0,650.0,BUY CE 24600 9.8 | BUY PE 23300 19.15 | SELL CE 23950 156.1 | SELL PE 23950 163.1,3558.75,188.8,157.06,156.0,3056.89,15.6764,3246.52,893.1,1975.0,-633.75,09:31,5489.25,14:15,-4085.25,1.0,471504.35,60545.22,0.0,1.0,0.0,76380.1,61165.24,0.0,1.0,0.0,232096.29,61821.24,0.0,1.0,0.0,0.0,0.0,0.0
2026-04-13,Mon,1,0,2026-04-13,24050.5,24074.05,23856.35,217.70000000000073,0.905178686513797,23589.6,-460.90000000000146,-1.9163842747552087,23589.6,23579.6,23590.85,23604.3,14.700000000000728,0.0623155967036352,144.10000000000218,23600.0,78.95,84.65,163.60000000000002,0.6930940548967773,0.9326639102185469,-5.700000000000003,-0.03484107579462104,122,nifty_1min.csv,1.9163842747552087,0.0623155967036352,0.610481988451266,0.03484107579462104,0.8808068459657834,0.08985330073350077,0.2899728997289973,strong_down,up,SELL CE 23600 78.95 | SELL PE 23600 84.65,-15395.25,94.4,82.1,78.0,-15649.75,-80.2551,-15555.8,-5279.52,-10464.64,-26315.25,13:56,4095.0,10:17,-28323.75,1.0,150.0,150.0,BUY CE 23750 25.8 | BUY PE 23450 28.45 | SELL CE 23600 78.95 | SELL PE 23600 84.65,-7956.0,188.8,121.3,156.0,-8422.1,-43.1903,-8241.14,-2933.23,-5677.67,-8024.25,15:11,1384.5,10:17,-17452.5,1.0,350.0,350.0,BUY CE 23950 4.25 | BUY PE 23250 4 | SELL CE 23600 78.95 | SELL PE 23600 84.65,-16984.5,188.8,82.86,156.0,-17412.16,-89.2931,-17240.19,-5929.92,-11671.04,-27358.5,14:58,3695.25,10:17,-28323.75,1.0,455854.6,76194.97,15649.75,0.0,0.0,67958.0,69587.34,8422.1,0.0,0.0,214684.13,79233.4,17412.16,0.0,1.0,3.0,1.0,0.0
2026-04-15,Wed,0,6,2026-04-21,23818.9,23907.4,23555.6,351.8000000000029,1.476978365919513,24163.8,344.8999999999978,1.4480097737510875,24163.8,24231.6,24209.2,24193.5,29.700000000000728,0.12291113152732902,118.20000000000073,24200.0,235.05,220.75,455.8,1.883977101287536,1.064779161947905,14.300000000000011,0.031373409390083394,130,nifty_1min.csv,1.4480097737510875,0.12291113152732902,0.48856097712195723,0.031373409390083394,0.25932426502852285,0.0651601579640209,0.9432432432432433,strong_up,up,SELL CE 24200 235.05 | SELL PE 24200 220.75,2184.0,94.4,208.71,78.0,1802.89,9.2456,1925.34,538.03,1170.46,-4494.75,09:39,3549.0,14:38,-6415.5,1.0,450.0,450.0,BUY CE 24650 62.35 | BUY PE 23750 83.1 | SELL CE 24200 235.05 | SELL PE 24200 220.75,302.25,188.8,272.01,156.0,-314.56,-1.6131,-100.88,-230.72,-272.64,-1326.0,09:39,838.5,14:38,-5118.75,1.0,900.0,900.0,BUY CE 25100 10.85 | BUY PE 23300 30 | SELL CE 24200 235.05 | SELL PE 24200 220.75,1160.25,188.8,225.54,156.0,589.91,3.0252,793.82,70.77,330.34,-3061.5,09:39,2622.75,14:38,-5645.25,1.0,457657.49,74392.08,0.0,1.0,0.0,67643.44,69901.9,314.56,0.0,0.0,215274.04,78643.49,0.0,1.0,0.0,1.0,0.0,1.0
2026-04-16,Thu,0,5,2026-04-21,24211.9,24280.9,24145.8,135.10000000000218,0.5579900792585554,24385.2,173.29999999999927,0.7157637360141057,24385.2,24390.8,24388.25,24385.65,0.4500000000007276,0.001845381624923017,67.0,24400.0,176.25,202.0,378.25,1.5511171529157517,0.8725247524752475,-25.75,-0.0680766688697951,130,nifty_1min.csv,0.7157637360141057,0.001845381624923017,0.2747517494920168,0.0680766688697951,0.17713152676801058,0.0011896893588915468,0.8867924528301887,strong_up,up,SELL CE 24400 176.25 | SELL PE 24400 202,-7068.75,94.4,177.14,78.0,-7418.29,-38.0425,-7303.41,-2535.7,-4977.0,-14898.0,13:24,1209.0,11:08,-15882.75,1.0,400.0,400.0,BUY CE 24800 38.75 | BUY PE 24000 71.5 | SELL CE 24400 176.25 | SELL PE 24400 202,-1647.75,188.8,238.24,156.0,-2230.79,-11.4399,-2024.45,-869.46,-1550.13,-3666.0,13:24,1014.0,11:35,-6444.75,1.0,750.0,750.0,BUY CE 25150 7.15 | BUY PE 23650 27.35 | SELL CE 24400 176.25 | SELL PE 24400 202,-5138.25,188.8,196.71,156.0,-5679.76,-29.127,-5482.55,-2019.12,-3849.44,-9555.0,13:24,1267.5,11:21,-11212.5,1.0,450239.2,81810.37,7418.29,0.0,0.0,65412.65,72132.69,2230.79,0.0,0.0,209594.28,84323.25,5679.76,0.0,0.0,3.0,1.0,0.0
2026-04-17,Fri,0,4,2026-04-21,24188.4,24400.95,24102.8,298.15000000000146,1.2326156339402417,24165.9,-22.5,-0.0930197946122935,24165.9,24210.55,24196.8,24232.6,66.69999999999709,0.2760087561398379,139.54999999999927,24250.0,159.15,189.5,348.65,1.438764309236318,0.8398416886543536,-30.349999999999994,-0.08705005019360389,130,nifty_1min.csv,0.0930197946122935,0.2760087561398379,0.5758771242045809,0.08705005019360389,0.4002581385343447,0.19130933601031722,0.8387096774193549,flat,up,SELL CE 24250 159.15 | SELL PE 24250 189.5,1842.75,94.4,159.57,78.0,1510.78,7.7476,1622.78,440.66,975.72,-1813.5,09:36,5001.75,14:29,-4602.0,1.0,350.0,350.0,BUY CE 24600 40.75 | BUY PE 23900 68.75 | SELL CE 24250 159.15 | SELL PE 24250 189.5,-507.0,188.8,205.44,156.0,-1057.24,-5.4217,-857.74,-478.28,-767.76,-828.75,10:26,936.0,13:19,-5323.5,1.0,700.0,700.0,BUY CE 24950 7.7 | BUY PE 23550 22.45 | SELL CE 24250 159.15 | SELL PE 24250 189.5,448.5,188.8,170.77,156.0,-67.07,-0.3439,125.17,-148.22,-107.64,-1092.0,09:36,3071.25,13:19,-4592.25,1.0,451749.98,80299.59,0.0,1.0,0.0,64355.41,73189.93,1057.24,0.0,0.0,209527.21,84390.32,67.07,0.0,0.0,2.0,0.0,0.0
2026-04-20,Mon,0,1,2026-04-21,24366.9,24371.9,24096.05,275.8500000000022,1.1320685027640043,24391.5,24.599999999998545,0.10095662558634272,24391.5,24340.25,24393.0,24383.15,-8.349999999998545,-0.03423323698828914,178.95000000000073,24400.0,121.75,154.05,275.8,1.1311089830477195,0.7903278156442712,-32.30000000000001,-0.11711385061638872,130,nifty_1min.csv,0.10095662558634272,0.03423323698828914,0.7339084572748014,0.11711385061638872,0.6488397389412643,0.030275562001445048,0.6943699731903485,mild_up,down,SELL CE 24400 121.75 | SELL PE 24400 154.05,2544.75,94.4,125.74,78.0,2246.61,11.5211,2351.5,685.94,1466.27,-2349.75,09:48,3480.75,15:03,-3909.75,1.0,300.0,300.0,BUY CE 24700 28.45 | BUY PE 24100 50.05 | SELL CE 24400 121.75 | SELL PE 24400 154.05,1755.0,188.8,160.34,156.0,1249.86,6.4095,1440.01,290.75,770.31,-770.25,11:24,1755.0,15:29,-6415.5,1.0,550.0,550.0,BUY CE 24950 7.15 | BUY PE 23850 18.15 | SELL CE 24400 121.75 | SELL PE 24400 154.05,2437.5,188.8,137.17,156.0,1955.53,10.0284,2140.83,525.98,1240.75,-1355.25,11:24,2525.25,14:34,-4387.5,1.0,453996.59,78052.98,0.0,1.0,0.0,65605.27,71940.07,0.0,1.0,0.0,211482.74,82434.79,0.0,1.0,0.0,0.0,0.0,0.0
2026-04-21,Tue,1,0,2026-04-21,24330.9,24480.65,24241.25,239.40000000000146,0.983934009839346,24374.55,43.64999999999782,0.17940150179400605,24374.55,24468.15,24464.75,24449.75,75.20000000000073,0.3085185162392772,131.09999999999854,24450.0,63.6,69.7,133.3,0.5451998486692093,0.9124820659971306,-6.100000000000001,-0.04576144036009003,130,nifty_1min.csv,0.17940150179400605,0.3085185162392772,0.5362018016544077,0.04576144036009003,0.9834958739684811,0.5641410352588201,0.17647058823529413,mild_up,up,SELL CE 24450 63.6 | SELL PE 24450 69.7,1374.75,94.4,60.71,78.0,1141.64,5.8546,1232.64,317.61,729.63,-1160.25,14:22,9262.5,14:44,-3978.0,1.0,150.0,150.0,BUY CE 24600 15.4 | BUY PE 24300 21.3 | SELL CE 24450 63.6 | SELL PE 24450 69.7,-5762.25,188.8,63.93,156.0,-6170.98,-31.6461,-6001.97,-2182.86,-4176.92,-6922.5,15:00,2944.5,13:43,-8960.25,1.0,250.0,250.0,BUY CE 24700 5.1 | BUY PE 24200 9.2 | SELL CE 24450 63.6 | SELL PE 24450 69.7,-1394.25,188.8,61.99,156.0,-1801.04,-9.2361,-1632.03,-726.21,-1263.62,-3744.0,15:00,6571.5,14:44,-5079.75,1.0,455138.23,76911.34,0.0,1.0,0.0,59434.29,78111.05,6170.98,0.0,0.0,209681.7,84235.83,1801.04,0.0,0.0,2.0,0.0,0.0
2026-04-22,Wed,0,6,2026-04-28,24580.6,24601.7,24354.9,246.79999999999927,1.0040438394506208,24470.85,-109.75,-0.4464903216357616,24470.85,24477.45,24465.35,24439.45,-31.399999999997817,-0.12831593508193553,81.54999999999927,24450.0,215.15,250.55,465.70000000000005,1.9055256971822199,0.858710836160447,-35.400000000000006,-0.07601460167489801,153,nifty_1min.csv,0.4464903216357616,0.12831593508193553,0.3336818136250991,0.07601460167489801,0.17511273351943152,0.06742538114665625,0.9466666666666667,mild_down,down,SELL CE 24450 215.15 | SELL PE 24450 250.55,6532.5,94.4,211.33,78.0,6148.77,31.5322,6272.18,1986.66,4067.72,-4348.5,10:23,6532.5,13:57,-5840.25,1.0,450.0,450.0,BUY CE 24900 59.75 | BUY PE 24000 93.25 | SELL CE 24450 215.15 | SELL PE 24450 250.55,1803.75,188.8,272.66,156.0,1186.29,6.0835,1400.25,269.56,727.93,-1365.0,10:23,2193.75,14:13,-4953.0,1.0,950.0,950.0,BUY CE 25400 10 | BUY PE 23500 27.4 | SELL CE 24450 215.15 | SELL PE 24450 250.55,4533.75,188.8,224.7,156.0,3964.25,20.3295,4168.3,1195.55,2579.9,-3246.75,10:23,4933.5,14:06,-4953.0,1.0,461287.0,70762.57,0.0,1.0,0.0,60620.58,76924.76,0.0,1.0,0.0,213645.95,80271.58,0.0,1.0,0.0,0.0,0.0,0.0
2026-04-23,Thu,0,5,2026-04-28,24367.65,24515.95,24352.9,163.04999999999927,0.6691248437990502,24202.35,-165.3000000000029,-0.678358397301352,24202.35,24202.45,24210.65,24230.5,28.150000000001455,0.11631101938448728,107.70000000000073,24250.0,184.5,232.65,417.15,1.7215905573553991,0.7930367504835589,-48.150000000000006,-0.11542610571736787,153,nifty_1min.csv,0.678358397301352,0.11631101938448728,0.44448112915540633,0.11542610571736787,0.2581805106076968,0.06748172120340755,0.925531914893617,strong_down,up,SELL CE 24250 184.5 | SELL PE 24250 232.65,8482.5,94.4,188.13,78.0,8121.97,41.6511,8240.65,2644.39,5383.18,-614.25,09:32,10413.0,13:51,-2925.0,1.0,400.0,400.0,BUY CE 24650 54.4 | BUY PE 23850 84.4 | SELL CE 24250 184.5 | SELL PE 24250 232.65,2720.25,188.8,240.94,156.0,2134.51,10.9462,2341.83,585.64,1360.07,-448.5,09:56,3627.0,15:02,-4007.25,1.0,850.0,850.0,BUY CE 25100 10.7 | BUY PE 23400 22.2 | SELL CE 24250 184.5 | SELL PE 24250 232.65,6386.25,188.8,199.25,156.0,5842.2,29.96,6041.03,1821.53,3831.87,-653.25,09:53,8346.0,13:51,-3227.25,1.0,469408.97,62640.6,0.0,1.0,0.0,62755.09,74790.25,0.0,1.0,0.0,219488.15,74429.38,0.0,1.0,0.0,0.0,0.0,0.0
2026-04-24,Fri,0,4,2026-04-28,24156.05,24310.2,24134.8,175.40000000000146,0.7261120920018027,24100.55,-55.5,-0.22975610664823098,24100.55,24121.15,24091.3,24058.05,-42.5,-0.17634452325776798,149.40000000000146,24050.0,179.0,163.4,342.4,1.4232242430288407,1.0954712362301102,15.599999999999994,0.045560747663551386,153,nifty_1min.csv,0.22975610664823098,0.17634452325776798,0.6209979611813986,0.045560747663551386,0.43633177570093884,0.12412383177570094,0.8328912466843501,mild_down,down,SELL CE 24050 179 | SELL PE 24050 163.4,-4602.0,94.4,159.56,78.0,-4933.96,-25.3024,-4822.57,-1707.59,-3320.77,-10783.5,14:06,-253.5,09:30,-12031.5,1.0,350.0,350.0,BUY CE 24400 53.1 | BUY PE 23700 51.2 | SELL CE 24050 179 | SELL PE 24050 163.4,-282.75,188.8,215.81,156.0,-843.36,-4.3249,-641.64,-406.99,-625.17,-2457.0,14:06,497.25,11:33,-5664.75,1.0,700.0,700.0,BUY CE 24750 12.7 | BUY PE 23350 13.75 | SELL CE 24050 179 | SELL PE 24050 163.4,-2622.75,188.8,175.51,156.0,-3143.06,-16.1183,-2950.11,-1173.55,-2158.31,-7137.0,14:06,195.0,11:33,-9184.5,1.0,464475.01,67574.56,4933.96,0.0,0.0,61911.73,75633.61,843.36,0.0,0.0,216345.09,77572.44,3143.06,0.0,0.0,3.0,1.0,0.0
2026-04-27,Mon,0,1,2026-04-28,23903.95,24206.0,23813.65,392.34999999999854,1.6413605282808847,23945.45,41.5,0.17361147425425505,23945.45,24020.4,24044.45,24045.05,99.59999999999854,0.4159454092531088,131.29999999999927,24050.0,126.4,103.55,229.95,0.9563298891039944,1.2206663447609851,22.85000000000001,0.09936942813655146,153,nifty_1min.csv,0.17361147425425505,0.4159454092531088,0.5460583363311753,0.09936942813655146,0.5709936942813624,0.4331376386170844,0.544973544973545,mild_up,up,SELL CE 24050 126.4 | SELL PE 24050 103.55,6591.0,94.4,102.85,78.0,6315.75,32.3885,6416.17,2042.32,4179.03,-1248.0,09:41,7497.75,15:06,-4046.25,1.0,250.0,250.0,BUY CE 24300 36 | BUY PE 23800 30.9 | SELL CE 24050 126.4 | SELL PE 24050 103.55,3149.25,188.8,127.04,156.0,2677.41,13.7303,2860.63,766.6,1722.01,-546.0,09:37,3188.25,15:23,-4767.75,1.0,450.0,450.0,BUY CE 24500 12.8 | BUY PE 23600 11.65 | SELL CE 24050 126.4 | SELL PE 24050 103.55,5274.75,188.8,111.58,156.0,4818.37,24.7096,4998.52,1480.26,3149.31,-1023.75,09:41,5606.25,15:06,-4163.25,1.0,470790.76,61258.81,0.0,1.0,0.0,64589.14,72956.2,0.0,1.0,0.0,221163.46,72754.07,0.0,1.0,0.0,0.0,0.0,0.0
2026-04-28,Tue,1,0,2026-04-28,24110.2,24130.7,23936.2,194.5,0.8067125117170326,24049.9,-60.29999999999927,-0.25010161674311815,24049.9,24094.75,24086.8,24116.2,66.29999999999927,0.27567682194104454,134.40000000000146,24100.0,64.85,51.3,116.14999999999999,0.4816264585631235,1.2641325536062378,13.549999999999997,0.11665949203616012,153,nifty_1min.csv,0.25010161674311815,0.27567682194104454,0.55730173078678,0.11665949203616012,1.1571244080929959,0.5708136030994342,0.13192612137203166,mild_down,up,SELL CE 24100 64.85 | SELL PE 24100 51.3,2427.75,94.4,52.35,78.0,2203.0,11.2974,2292.32,671.4,1437.2,-5489.25,13:35,10666.5,14:50,-7302.75,1.0,100.0,100.0,BUY CE 24200 24.7 | BUY PE 24000 20 | SELL CE 24100 64.85 | SELL PE 24100 51.3,-5450.25,188.8,57.83,156.0,-5852.88,-30.0148,-5685.14,-2076.83,-3964.85,-5547.75,15:13,2476.5,14:50,-8082.75,1.0,250.0,250.0,BUY CE 24350 4.85 | BUY PE 23850 4.6 | SELL CE 24100 64.85 | SELL PE 24100 51.3,604.5,188.8,53.21,156.0,206.49,1.0589,373.83,-57.04,74.73,-6191.25,13:35,8931.0,14:50,-8346.0,1.0,472993.76,59055.81,0.0,1.0,0.0,58736.26,78809.08,5852.88,0.0,0.0,221369.95,72547.58,0.0,1.0,0.0,1.0,0.0,1.0
2026-04-29,Wed,0,6,2026-05-05,24016.5,24181.8,23957.05,224.75,0.9358149605479567,24096.9,80.40000000000146,0.33476984573106594,24096.9,24091.0,24079.65,24110.45,13.549999999999272,0.05623129946175347,63.599999999998545,24100.0,206.95,173.3,380.25,1.577116976248888,1.1941719561454125,33.64999999999998,0.08849441157133459,130,nifty_1min.csv,0.33476984573106594,0.05623129946175347,0.2637860346861985,0.08849441157133459,0.1672583826429942,0.03563445101906449,0.8947368421052632,mild_up,up,SELL CE 24100 206.95 | SELL PE 24100 173.3,-175.5,94.4,175.0,78.0,-522.9,-2.6815,-407.83,-237.23,-380.07,-15327.0,12:38,711.75,09:42,-16155.75,1.0,400.0,400.0,BUY CE 24500 56.6 | BUY PE 23700 55.65 | SELL CE 24100 206.95 | SELL PE 24100 173.3,-312.0,188.8,226.38,156.0,-883.18,-4.5291,-679.23,-420.26,-651.72,-6113.25,12:38,175.5,09:30,-8882.25,1.0,750.0,750.0,BUY CE 24850 14.55 | BUY PE 23350 19.45 | SELL CE 24100 206.95 | SELL PE 24100 173.3,-390.0,188.8,190.23,156.0,-925.03,-4.7437,-728.75,-434.21,-679.62,-12655.5,12:38,438.75,09:42,-14049.75,1.0,472470.86,59578.71,522.9,0.0,0.0,57853.08,79692.26,883.18,0.0,0.0,220444.92,73472.61,925.03,0.0,0.0,3.0,1.0,0.0
2026-04-30,Thu,0,5,2026-05-05,24163.6,24334.7,24059.95,274.75,1.137040838285686,23996.95,-166.64999999999782,-0.6896737241139476,23996.95,23945.8,23900.15,23874.1,-122.85000000000218,-0.5119400590491799,146.40000000000146,23850.0,198.85,173.55,372.4,1.5598493765209998,1.14577931431864,25.299999999999983,0.06793770139634797,130,nifty_1min.csv,0.6896737241139476,0.5119400590491799,0.6132168333047171,0.06793770139634797,0.393125671321164,0.32988721804511867,0.884514435695538,strong_down,down,SELL CE 23850 198.85 | SELL PE 23850 173.55,-6961.5,94.4,174.41,78.0,-7308.31,-37.4785,-7194.0,-2499.04,-4903.67,-10725.0,14:43,682.5,09:30,-12031.5,1.0,350.0,350.0,BUY CE 24200 66.7 | BUY PE 23500 60.5 | SELL CE 23850 198.85 | SELL PE 23850 173.55,-1745.25,188.8,242.91,156.0,-2332.96,-11.9639,-2125.64,-903.52,-1618.24,-3461.25,14:43,341.25,12:07,-6834.75,1.0,750.0,750.0,BUY CE 24600 15.95 | BUY PE 23100 16 | SELL CE 23850 198.85 | SELL PE 23850 173.55,-5674.5,188.8,191.57,156.0,-6210.87,-31.8506,-6014.8,-2196.16,-4203.51,-8463.0,14:43,468.0,09:30,-9993.75,1.0,465162.55,66887.02,7308.31,0.0,0.0,55520.12,82025.22,2332.96,0.0,0.0,214234.05,79683.48,6210.87,0.0,0.0,3.0,1.0,0.0
2026-05-04,Mon,0,1,2026-05-05,24043.7,24087.45,23796.85,290.6000000000022,1.2086326147805961,24063.55,19.849999999998545,0.08255800895868166,24063.55,24178.9,24181.85,24215.6,152.04999999999927,0.6318685314510921,184.0,24200.0,158.4,98.95,257.35,1.0627446769850841,1.6008084891359273,59.45,0.2310083543811929,130,nifty_1min.csv,0.08255800895868166,0.6318685314510921,0.7598407638051504,0.2310083543811929,0.7149795997668544,0.5908296094812483,0.6544502617801047,flat,up,SELL CE 24200 158.4 | SELL PE 24200 98.95,8580.0,94.4,114.57,78.0,8293.03,42.5284,8396.12,2701.41,5497.22,-5928.0,13:35,8580.0,15:29,-7478.25,1.0,250.0,250.0,BUY CE 24450 49.8 | BUY PE 23950 34.55 | SELL CE 24200 158.4 | SELL PE 24200 98.95,2106.0,188.8,140.98,156.0,1620.22,8.3088,1806.3,414.21,1017.21,-2096.25,13:35,2515.5,15:26,-6815.25,1.0,500.0,500.0,BUY CE 24700 12.85 | BUY PE 23700 12.65 | SELL CE 24200 158.4 | SELL PE 24200 98.95,5421.0,188.8,120.25,156.0,4955.95,25.4151,5137.94,1526.12,3241.03,-5294.25,13:35,5547.75,15:26,-7244.25,1.0,473455.58,58593.99,0.0,1.0,0.0,57140.34,80405.0,0.0,1.0,0.0,219190.0,74727.53,0.0,1.0,0.0,0.0,0.0,0.0
2026-05-05,Tue,1,0,2026-05-05,24123.8,24290.2,24004.75,285.4500000000007,1.1832712922508093,24052.6,-71.20000000000073,-0.29514421442724914,24052.6,24062.05,24027.9,23990.6,-62.0,-0.2577683909431829,122.69999999999709,24000.0,59.15,68.35,127.5,0.5314581544438238,0.8653986832479883,-9.199999999999996,-0.072156862745098,130,nifty_1min.csv,0.29514421442724914,0.2577683909431829,0.5114503180412208,0.072156862745098,0.9623529411764478,0.48627450980392156,0.1671018276762402,mild_down,down,SELL CE 24000 59.15 | SELL PE 24000 68.35,18466.5,94.4,50.44,78.0,18243.66,93.5572,18334.09,6018.29,12130.97,-3441.75,11:58,21333.0,15:03,-8901.75,1.0,150.0,150.0,BUY CE 24150 16.45 | BUY PE 23850 15.25 | SELL CE 24000 59.15 | SELL PE 24000 68.35,12304.5,188.8,53.23,156.0,11906.47,61.0588,12074.91,3842.96,7874.71,-2661.75,11:58,15219.75,15:03,-10188.75,1.0,250.0,250.0,BUY CE 24250 6.85 | BUY PE 23750 4.55 | SELL CE 24000 59.15 | SELL PE 24000 68.35,16263.0,188.8,51.47,156.0,15866.73,81.3678,16035.17,5163.04,10514.89,-3724.5,11:58,19168.5,15:03,-9876.75,1.0,491699.24,40350.33,0.0,1.0,0.0,69046.81,68498.53,0.0,1.0,0.0,235056.73,58860.8,0.0,1.0,0.0,0.0,0.0,0.0
2026-05-06,Wed,0,6,2026-05-12,24052.15,24081.7,23882.05,199.65000000000146,0.830071324185162,24171.0,118.84999999999854,0.4941346199819914,24171.0,24179.2,24186.15,24174.6,3.599999999998545,0.014893881097176554,93.89999999999782,24150.0,234.35,162.95,397.29999999999995,1.6434604915903468,1.4381712181650814,71.4,0.179713063176441,108,nifty_1min.csv,0.4941346199819914,0.014893881097176554,0.38842421384427384,0.179713063176441,0.23634533098413749,0.009061162849228657,0.9140625,mild_up,up,SELL CE 24150 234.35 | SELL PE 24150 162.95,-9652.5,94.4,187.06,78.0,-10011.96,-51.3434,-9895.22,-3400.25,-6706.1,-13698.75,14:49,3256.5,14:18,-16448.25,1.0,400.0,400.0,BUY CE 24550 68.4 | BUY PE 23750 52.2 | SELL CE 24150 234.35 | SELL PE 24150 162.95,-2184.0,188.8,256.83,156.0,-2785.63,-14.2853,-2575.4,-1054.41,-1920.02,-4611.75,14:49,1404.0,11:58,-10442.25,1.0,800.0,800.0,BUY CE 24950 13 | BUY PE 23350 15.7 | SELL CE 24150 234.35 | SELL PE 24150 162.95,-7127.25,188.8,205.09,156.0,-7677.14,-39.3699,-7478.35,-2684.91,-5181.03,-11193.0,14:49,2652.0,14:18,-14839.5,1.0,481687.28,50362.29,10011.96,0.0,0.0,66261.18,71284.16,2785.63,0.0,0.0,227379.59,66537.94,7677.14,0.0,0.0,3.0,1.0,0.0
2026-05-07,Thu,0,5,2026-05-12,24339.3,24356.5,23997.9,358.59999999999854,1.47333735974329,24398.5,59.20000000000073,0.24322803038707247,24398.5,24318.25,24334.9,24334.8,-63.70000000000073,-0.26108162387032285,122.64999999999782,24350.0,184.45,181.55,366.0,1.5040189358449627,1.0159735610024785,2.8999999999999773,0.0079234972677595,108,nifty_1min.csv,0.24322803038707247,0.26108162387032285,0.5040107171622443,0.0079234972677595,0.3351092896174804,0.17404371584699652,0.8571428571428571,mild_up,down,SELL CE 24350 184.45 | SELL PE 24350 181.55,6630.0,94.4,165.42,78.0,6292.18,32.2676,6405.87,2034.46,4163.32,-3919.5,12:41,6795.75,15:20,-6513.0,1.0,350.0,350.0,BUY CE 24700 57.95 | BUY PE 24000 62.3 | SELL CE 24350 184.45 | SELL PE 24350 181.55,2047.5,188.8,211.96,156.0,1490.74,7.6448,1691.85,371.05,930.89,-819.0,12:41,2427.75,15:20,-9730.5,1.0,750.0,750.0,BUY CE 25100 11.2 | BUY PE 23600 15.75 | SELL CE 24350 184.45 | SELL PE 24350 181.55,4865.25,188.8,174.44,156.0,4346.01,22.2872,4539.44,1322.8,2834.41,-2593.5,12:40,5411.25,15:20,-7244.25,1.0,487979.46,44070.11,0.0,1.0,0.0,67751.92,69793.42,0.0,1.0,0.0,231725.6,62191.93,0.0,1.0,0.0,0.0,0.0,0.0
2026-05-08,Fri,0,4,2026-05-12,24336.4,24482.1,24284.0,198.09999999999854,0.8140070018572941,24233.65,-102.75,-0.4222070643151822,24233.65,24218.4,24216.4,24244.3,10.649999999997817,0.04394715612381055,95.64999999999782,24250.0,170.7,166.25,336.95,1.3898112133573666,1.026766917293233,4.449999999999989,0.013206707226591449,108,nifty_1min.csv,0.4222070643151822,0.04394715612381055,0.3945257235721296,0.013206707226591449,0.28387001038729137,0.031607063362510214,0.8134715025906736,mild_down,up,SELL CE 24250 170.7 | SELL PE 24250 166.25,10130.25,94.4,150.5,78.0,9807.35,50.2941,9918.2,3206.18,6506.77,-1121.25,09:45,10130.25,15:29,-3276.0,1.0,350.0,350.0,BUY CE 24600 48.65 | BUY PE 23900 49.35 | SELL CE 24250 170.7 | SELL PE 24250 166.25,3900.0,188.8,183.65,156.0,3371.55,17.29,3566.84,997.98,2184.76,-234.0,09:47,3900.0,15:29,-3510.0,1.0,650.0,650.0,BUY CE 24900 13.75 | BUY PE 23600 14.6 | SELL CE 24250 170.7 | SELL PE 24250 166.25,7653.75,188.8,158.8,156.0,7150.15,36.6674,7340.53,2257.52,4703.83,-741.0,09:47,7653.75,15:29,-3207.75,1.0,497786.81,34262.76,0.0,1.0,0.0,71123.47,66421.87,0.0,1.0,0.0,238875.75,55041.78,0.0,1.0,0.0,0.0,0.0,0.0
2026-05-11,Mon,0,1,2026-05-12,24179.8,24253.8,24126.65,127.14999999999782,0.5258521575860753,23970.1,-209.70000000000073,-0.8672528308753618,23970.1,23919.05,23936.8,23952.2,-17.899999999997817,-0.07467636764134408,91.25,23950.0,127.65,120.4,248.05,1.0356042451215337,1.060215946843854,7.25,0.029227978230195524,108,nifty_1min.csv,0.8672528308753618,0.07467636764134408,0.38096709279314633,0.029227978230195524,0.36786938117315054,0.07216287038902566,0.6149870801033591,strong_down,down,SELL CE 23950 127.65 | SELL PE 23950 120.4,9184.5,94.4,110.02,78.0,8902.08,45.6517,9004.26,2904.43,5903.25,-1891.5,09:45,9574.5,14:53,-3217.5,1.0,250.0,250.0,BUY CE 24200 39.8 | BUY PE 23700 36.65 | SELL CE 23950 127.65 | SELL PE 23950 120.4,4251.0,188.8,135.75,156.0,3770.45,19.3356,3955.62,1130.95,2450.7,-702.0,09:39,4251.0,15:29,-3636.75,1.0,500.0,500.0,BUY CE 24450 10.95 | BUY PE 23450 9.45 | SELL CE 23950 127.65 | SELL PE 23950 120.4,7663.5,188.8,116.5,156.0,7202.2,36.9344,7383.62,2274.87,4738.54,-1511.25,09:45,7663.5,15:29,-3227.25,1.0,506688.89,25360.68,0.0,1.0,0.0,74893.92,62651.42,0.0,1.0,0.0,246077.95,47839.58,0.0,1.0,0.0,0.0,0.0,0.0
2026-05-12,Tue,1,0,2026-05-12,23820.35,23997.45,23799.1,198.35000000000218,0.8326913752316913,23722.6,-97.75,-0.4103634077584922,23722.6,23737.8,23685.45,23638.95,-83.64999999999782,-0.3526173353679522,124.45000000000073,23650.0,63.65,66.7,130.35,0.5514204311105189,0.9542728635682158,-3.0500000000000043,-0.02339854238588419,108,nifty_1min.csv,0.4103634077584922,0.3526173353679522,0.5264616237184846,0.02339854238588419,0.954737245876492,0.641733793632511,0.18298969072164947,mild_down,down,SELL CE 23650 63.65 | SELL PE 23650 66.7,-27329.25,94.4,72.11,78.0,-27573.76,-141.4039,-27483.05,-9254.19,-18413.97,-30225.0,15:12,4836.0,11:56,-31044.0,1.0,150.0,150.0,BUY CE 23800 18 | BUY PE 23500 15.8 | SELL CE 23650 63.65 | SELL PE 23650 66.7,-10403.25,188.8,120.07,156.0,-10868.12,-55.7339,-10687.65,-3748.57,-7308.34,-10549.5,15:02,2164.5,11:18,-14683.5,1.0,250.0,250.0,BUY CE 23900 7.8 | BUY PE 23400 4.85 | SELL CE 23650 63.65 | SELL PE 23650 66.7,-25818.0,188.8,80.82,156.0,-26243.62,-134.5827,-26072.93,-8873.74,-17558.68,-25818.0,15:29,3695.25,11:18,-28138.5,1.0,479115.13,52934.44,27573.76,0.0,1.0,64025.8,73519.54,10868.12,0.0,1.0,219834.33,74083.2,26243.62,0.0,1.0,3.0,1.0,0.0
2026-05-13,Wed,0,6,2026-05-19,23430.55,23757.55,23348.4,409.1499999999978,1.7462244804325884,23362.45,-68.09999999999854,-0.2906461862824328,23362.45,23405.45,23438.4,23367.7,5.25,0.02247195820643811,141.34999999999854,23350.0,267.15,203.65,470.79999999999995,2.014746851423118,1.311809477043948,63.49999999999997,0.13487680543755307,110,nifty_1min.csv,0.2906461862824328,0.02247195820643811,0.6048947906725888,0.13487680543755307,0.30023364485981,0.01115123194562447,0.9691516709511568,mild_down,up,SELL CE 23350 267.15 | SELL PE 23350 203.65,5489.25,94.4,214.14,78.0,5102.71,26.1677,5226.62,1637.97,3370.34,-9135.75,12:59,5489.25,15:29,-11349.0,1.0,450.0,450.0,BUY CE 23800 86.75 | BUY PE 22900 72.8 | SELL CE 23350 267.15 | SELL PE 23350 203.65,702.0,188.8,278.37,156.0,78.83,0.4043,293.9,-99.59,-10.38,-4026.75,12:59,789.75,15:28,-8765.25,1.0,950.0,950.0,BUY CE 24300 19.75 | BUY PE 22400 22.8 | SELL CE 23350 267.15 | SELL PE 23350 203.65,3139.5,188.8,229.21,156.0,2565.49,13.1564,2770.37,729.3,1647.39,-8687.25,12:59,3139.5,15:29,-11544.0,1.0,484217.84,47831.73,0.0,1.0,0.0,64104.63,73440.71,0.0,1.0,0.0,222399.82,71517.71,0.0,1.0,0.0,0.0,0.0,0.0
2026-05-14,Thu,0,5,2026-05-19,23428.7,23582.95,23262.55,320.40000000000146,1.3675534707431545,23530.25,101.54999999999927,0.4334427433020153,23530.25,23549.9,23569.7,23581.35,51.099999999998545,0.2171672634162346,73.60000000000218,23600.0,199.0,192.65,391.65,1.660846389201636,1.0329613288346742,6.349999999999994,0.016213455891740062,110,nifty_1min.csv,0.4334427433020153,0.2171672634162346,0.3121110538624896,0.016213455891740062,0.18792289033576456,0.13047363717604635,0.9179487179487179,mild_up,up,SELL CE 23600 199 | SELL PE 23600 192.65,4563.0,94.4,178.14,78.0,4212.46,21.6024,4328.65,1341.22,2776.84,-4767.75,13:37,7205.25,15:26,-6171.75,1.0,400.0,400.0,BUY CE 24000 57.2 | BUY PE 23200 65 | SELL CE 23600 199 | SELL PE 23600 192.65,419.25,188.8,226.42,156.0,-151.97,-0.7793,52.06,-176.52,-164.25,-2827.5,13:37,1920.75,11:24,-5664.75,1.0,800.0,800.0,BUY CE 24400 13.7 | BUY PE 22800 19.95 | SELL CE 23600 199 | SELL PE 23600 192.65,2291.25,188.8,189.27,156.0,1757.18,9.0112,1953.51,459.86,1108.52,-4709.25,13:37,4592.25,15:26,-6171.75,1.0,488430.3,43619.27,0.0,1.0,0.0,63952.66,73592.68,151.97,0.0,0.0,224157.0,69760.53,0.0,1.0,0.0,1.0,0.0,1.0
2026-05-15,Fri,0,4,2026-05-19,23713.75,23777.2,23426.55,350.65000000000146,1.4786779821833387,23731.4,17.650000000001455,0.0744293922302523,23731.4,23719.1,23764.95,23787.3,55.89999999999782,0.23555289616288047,133.60000000000218,23800.0,167.3,181.1,348.4,1.4646471016046378,0.9237990060739923,-13.799999999999983,-0.03960964408725598,110,nifty_1min.csv,0.0744293922302523,0.23555289616288047,0.5616442387324421,0.03960964408725598,0.38346727898967337,0.1604477611940236,0.8363171355498721,flat,up,SELL CE 23800 167.3 | SELL PE 23800 181.1,3900.0,94.4,158.54,78.0,3569.06,18.3029,3681.03,1126.75,2347.91,-2964.0,14:49,7185.75,13:29,-5898.75,1.0,350.0,350.0,BUY CE 24150 46.1 | BUY PE 23450 63.5 | SELL CE 23800 167.3 | SELL PE 23800 181.1,2271.75,188.8,205.84,156.0,1721.11,8.8262,1920.95,447.84,1084.48,-302.25,09:56,2652.0,13:30,-5499.0,1.0,700.0,700.0,BUY CE 24500 9.8 | BUY PE 23100 20.4 | SELL CE 23800 167.3 | SELL PE 23800 181.1,3578.25,188.8,171.81,156.0,3061.64,15.7007,3254.39,894.68,1978.16,-1774.5,14:49,5859.75,13:29,-5011.5,1.0,491999.36,40050.21,0.0,1.0,0.0,65673.77,71871.57,0.0,1.0,0.0,227218.64,66698.89,0.0,1.0,0.0,0.0,0.0,0.0
2026-05-18,Mon,0,1,2026-05-19,23659.35,23839.3,23610.3,229.0,0.9679048663636153,23482.2,-177.14999999999782,-0.7487526073201412,23482.2,23399.5,23402.4,23373.15,-109.04999999999927,-0.46439430717734825,131.54999999999927,23350.0,153.35,120.85,274.2,1.1731409758633302,1.2689284236657012,32.5,0.11852662290299053,110,nifty_1min.csv,0.7487526073201412,0.46439430717734825,0.5628252931248003,0.11852662290299053,0.479759299781179,0.39770240700218557,0.7117346938775511,strong_down,down,SELL CE 23350 153.35 | SELL PE 23350 120.85,-14508.0,94.4,132.59,78.0,-14812.99,-75.9641,-14708.25,-5000.6,-9906.79,-20065.5,13:03,5216.25,10:47,-21966.75,1.0,250.0,250.0,BUY CE 23600 51.4 | BUY PE 23100 42.95 | SELL CE 23350 153.35 | SELL PE 23350 120.85,-5138.25,188.8,193.93,156.0,-5676.98,-29.1127,-5480.36,-2018.19,-3847.59,-6201.0,15:03,1569.75,10:47,-20416.5,1.0,550.0,550.0,BUY CE 23900 10.8 | BUY PE 22800 10.25 | SELL CE 23350 153.35 | SELL PE 23350 120.85,-13689.0,188.8,143.84,156.0,-14177.64,-72.7058,-13992.44,-4851.75,-9514.69,-16770.0,15:03,4173.0,10:47,-22210.5,1.0,477186.37,54863.2,14812.99,0.0,0.0,59996.79,77548.55,5676.98,0.0,0.0,213041.0,80876.53,14177.64,0.0,0.0,3.0,1.0,0.0
2026-05-19,Tue,1,0,2026-05-19,23644.45,23695.65,23317.1,378.5500000000029,1.6010099621687242,23675.3,30.849999999998545,0.13047459340351983,23675.3,23736.45,23749.05,23759.6,84.29999999999927,0.35606729376185003,90.40000000000146,23750.0,67.5,61.0,128.5,0.5408340207747605,1.1065573770491803,6.5,0.05058365758754864,110,nifty_1min.csv,0.13047459340351983,0.35606729376185003,0.38047778582131625,0.05058365758754864,0.7035019455253032,0.6560311284046636,0.17302798982188294,mild_up,up,SELL CE 23750 67.5 | SELL PE 23750 61,-575.25,94.4,59.37,78.0,-807.02,-4.1386,-716.49,-331.94,-569.48,-6854.25,09:35,16653.0,14:17,-10725.0,1.0,150.0,150.0,BUY CE 23900 15.4 | BUY PE 23600 18.2 | SELL CE 23750 67.5 | SELL PE 23750 61,-7107.75,188.8,62.32,156.0,-7514.87,-38.5378,-7346.33,-2630.82,-5072.85,-7156.5,15:28,10403.25,14:17,-7566.0,1.0,250.0,250.0,BUY CE 24000 4.85 | BUY PE 23500 8.4 | SELL CE 23750 67.5 | SELL PE 23750 61,-3139.5,188.8,60.55,156.0,-3544.85,-18.1787,-3376.32,-1307.48,-2426.17,-4475.25,09:35,14215.5,14:17,-9077.25,1.0,476379.35,55670.22,807.02,0.0,0.0,52481.92,85063.42,7514.87,0.0,0.0,209496.15,84421.38,3544.85,0.0,0.0,3.0,1.0,0.0
2026-05-20,Wed,0,6,2026-05-26,23606.2,23782.3,23587.2,195.09999999999854,0.8264777897331995,23457.25,-148.95000000000073,-0.6309783023104131,23457.25,23461.45,23458.4,23477.85,20.599999999998545,0.08781933091047989,84.65000000000146,23500.0,203.8,249.2,453.0,1.929478210313125,0.817817014446228,-45.39999999999998,-0.10022075055187633,144,nifty_1min.csv,0.6309783023104131,0.08781933091047989,0.3605526059669069,0.10022075055187633,0.18686534216335862,0.045474613686531,0.949238578680203,strong_down,up,SELL CE 23500 203.8 | SELL PE 23500 249.2,2203.5,94.4,207.41,78.0,1823.69,9.3523,1945.86,544.96,1184.33,-2681.25,11:49,4416.75,13:53,-5421.0,1.0,450.0,450.0,BUY CE 23950 54.8 | BUY PE 23050 88.15 | SELL CE 23500 203.8 | SELL PE 23500 249.2,-867.75,188.8,267.29,156.0,-1479.84,-7.5889,-1267.27,-619.15,-1049.49,-2242.5,11:49,867.75,10:49,-6893.25,1.0,900.0,900.0,BUY CE 24400 11.5 | BUY PE 22600 25.7 | SELL CE 23500 203.8 | SELL PE 23500 249.2,-312.0,188.8,219.71,156.0,-876.51,-4.4949,-673.97,-418.04,-647.27,-3588.0,11:49,2379.0,13:53,-6747.0,1.0,478203.04,53846.53,0.0,1.0,0.0,51002.08,86543.26,1479.84,0.0,0.0,208619.64,85297.89,876.51,0.0,0.0,2.0,0.0,0.0
2026-05-21,Thu,0,5,2026-05-26,23664.15,23690.9,23397.3,293.6000000000022,1.2406953133748821,23830.05,165.89999999999782,0.7010604648804111,23830.05,23768.0,23776.8,23760.15,-69.89999999999782,-0.2933271226875219,109.05000000000291,23750.0,186.0,185.8,371.8,1.5648049359957743,1.0010764262648009,0.19999999999998863,0.0005379236148466612,144,nifty_1min.csv,0.7010604648804111,0.2933271226875219,0.45896174897886965,0.0005379236148466612,0.2933028509951665,0.18800430338891289,0.8810126582278481,strong_up,down,SELL CE 23750 186 | SELL PE 23750 185.8,2603.25,94.4,169.88,78.0,2260.97,11.5947,2375.22,690.72,1475.85,-4309.5,13:02,5781.75,12:08,-6659.25,1.0,350.0,350.0,BUY CE 24100 54.35 | BUY PE 23400 70.8 | SELL CE 23750 186 | SELL PE 23750 185.8,565.5,188.8,223.55,156.0,-2.85,-0.0146,200.59,-126.82,-64.83,-1092.0,13:02,1891.5,13:47,-4826.25,1.0,750.0,750.0,BUY CE 24500 9.5 | BUY PE 23000 21.3 | SELL CE 23750 186 | SELL PE 23750 185.8,1287.0,188.8,181.53,156.0,760.67,3.9009,955.27,127.69,444.18,-3276.0,13:02,4455.75,13:47,-5889.0,1.0,480464.01,51585.56,0.0,1.0,0.0,50999.23,86546.11,2.85,0.0,0.0,209380.31,84537.22,0.0,1.0,0.0,1.0,0.0,1.0
2026-05-22,Fri,0,4,2026-05-26,23648.6,23859.9,23596.6,263.3000000000029,1.113385147535173,23671.2,22.600000000002183,0.09556591087845447,23671.2,23692.85,23753.25,23738.6,67.39999999999782,0.2847341917604423,85.65000000000146,23750.0,156.4,161.05,317.45000000000005,1.3372734702130709,0.9711269791990065,-4.650000000000006,-0.01464797605922194,144,nifty_1min.csv,0.09556591087845447,0.2847341917604423,0.36080476523468724,0.01464797605922194,0.2698062687037374,0.21231690029925282,0.7777777777777778,flat,up,SELL CE 23750 156.4 | SELL PE 23750 161.05,7546.5,94.4,142.68,78.0,7231.42,37.0842,7340.37,2347.54,4789.48,-409.5,09:34,8424.0,15:18,-2847.0,1.0,300.0,300.0,BUY CE 24050 47.6 | BUY PE 23450 58.45 | SELL CE 23750 156.4 | SELL PE 23750 161.05,3100.5,188.8,182.95,156.0,2572.75,13.1936,2767.82,731.72,1652.23,-263.25,09:34,3100.5,15:29,-4455.75,1.0,650.0,650.0,BUY CE 24400 8.9 | BUY PE 23100 15.35 | SELL CE 23750 156.4 | SELL PE 23750 161.05,6698.25,188.8,152.21,156.0,6201.24,31.8012,6390.13,1941.21,4071.23,-438.75,09:34,7000.5,15:23,-3198.0,1.0,487695.43,44354.14,0.0,1.0,0.0,53571.98,83973.36,0.0,1.0,0.0,215581.55,78335.98,0.0,1.0,0.0,0.0,0.0,0.0
2026-05-25,Mon,0,1,2026-05-26,23748.85,23835.65,23671.0,164.65000000000146,0.6932967280521013,23940.25,191.40000000000146,0.8059337610031705,23940.25,23968.75,23979.5,23981.95,41.70000000000073,0.1741836446987844,66.25,24000.0,103.1,112.5,215.6,0.8990094633672407,0.9164444444444444,-9.400000000000006,-0.043599257884972195,144,nifty_1min.csv,0.8059337610031705,0.1741836446987844,0.27624942925825463,0.043599257884972195,0.3072820037105751,0.1934137291280182,0.44584382871536526,strong_up,up,SELL CE 24000 103.1 | SELL PE 24000 112.5,4641.0,94.4,97.12,78.0,4371.48,22.4178,4470.5,1394.23,2882.86,-516.75,09:48,9087.0,14:28,-1842.75,1.0,200.0,200.0,BUY CE 24200 32.9 | BUY PE 23800 41.2 | SELL CE 24000 103.1 | SELL PE 24000 112.5,1657.5,188.8,125.49,156.0,1187.21,6.0883,1369.96,269.87,728.54,-419.25,09:48,3354.0,15:21,-2856.75,1.0,450.0,450.0,BUY CE 24450 6.95 | BUY PE 23550 11.05 | SELL CE 24000 103.1 | SELL PE 24000 112.5,4182.75,188.8,104.52,156.0,3733.43,19.1458,3911.98,1118.61,2426.02,-585.0,09:48,7566.0,14:28,-2135.25,1.0,492066.91,39982.66,0.0,1.0,0.0,54759.19,82786.15,0.0,1.0,0.0,219314.98,74602.55,0.0,1.0,0.0,0.0,0.0,0.0
2026-05-26,Tue,1,0,2026-05-26,24049.9,24054.45,23922.85,131.60000000000218,0.5471956224350296,24004.1,-45.80000000000291,-0.19043738227602988,24004.1,24011.55,24020.95,24034.4,30.30000000000291,0.126228435975533,75.54999999999927,24050.0,48.35,66.05,114.4,0.47598442232799654,0.7320211960635883,-17.699999999999996,-0.15472027972027969,144,nifty_1min.csv,0.19043738227602988,0.126228435975533,0.31434111107412405,0.15472027972027969,0.6604020979020915,0.26486013986016527,0.12311557788944724,mild_down,up,SELL CE 24050 48.35 | SELL PE 24050 66.05,-4251.0,94.4,54.52,78.0,-4477.92,-22.9637,-4388.76,-1555.57,-3016.74,-11495.25,14:53,8872.5,12:20,-12129.0,1.0,100.0,100.0,BUY CE 24150 16.7 | BUY PE 23950 25.3 | SELL CE 24050 48.35 | SELL PE 24050 66.05,-5391.75,188.8,71.65,156.0,-5808.2,-29.7856,-5637.52,-2061.93,-3935.07,-5489.25,15:12,3539.25,12:20,-9896.25,1.0,250.0,250.0,BUY CE 24300 2.9 | BUY PE 23800 4.95 | SELL CE 24050 48.35 | SELL PE 24050 66.05,-5752.5,188.8,55.25,156.0,-6152.55,-31.5515,-5985.38,-2176.72,-4164.63,-12840.75,14:53,7848.75,12:20,-13503.75,1.0,487588.99,44460.58,4477.92,0.0,0.0,48950.99,88594.35,5808.2,0.0,0.0,213162.43,80755.1,6152.55,0.0,0.0,3.0,1.0,0.0
2026-05-27,Wed,0,6,2026-06-02,23933.75,24089.8,23885.45,204.34999999999854,0.853815219094369,23880.35,-53.400000000001455,-0.2231158928291699,23880.35,23928.55,23933.95,23899.9,19.55000000000291,0.08186647180632994,80.5,23900.0,181.0,155.6,336.6,1.4083740936154543,1.1632390745501286,25.400000000000006,0.07546048722519312,106,nifty_1min.csv,0.2231158928291699,0.08186647180632994,0.336821492976958,0.07546048722519312,0.23915626856803326,0.058080808080816726,0.8120300751879699,mild_down,up,SELL CE 23900 181 | SELL PE 23900 155.6,4777.5,94.4,152.72,78.0,4452.38,22.8327,4563.2,1421.19,2936.79,-516.75,09:36,7449.0,14:07,-2242.5,1.0,350.0,350.0,BUY CE 24250 53.5 | BUY PE 23550 45.45 | SELL CE 23900 181 | SELL PE 23900 155.6,1452.75,188.8,191.87,156.0,916.08,4.6978,1112.88,179.49,547.79,-39.0,09:37,2671.5,14:09,-3276.0,1.0,650.0,650.0,BUY CE 24550 14.85 | BUY PE 23250 13.4 | SELL CE 23900 181 | SELL PE 23900 155.6,3188.25,188.8,162.67,156.0,2680.78,13.7476,2871.56,767.73,1724.25,-253.5,09:36,5460.0,14:13,-2574.0,1.0,492041.37,40008.2,0.0,1.0,0.0,49867.07,87678.27,0.0,1.0,0.0,215843.21,78074.32,0.0,1.0,0.0,0.0,0.0,0.0
2026-05-29,Fri,0,4,2026-06-02,23920.65,23983.2,23858.25,124.95000000000073,0.5223520263872459,23902.15,-18.5,-0.07733903551951975,23902.15,23962.05,23932.3,23892.2,-9.950000000000728,-0.04162805438004835,113.64999999999782,23900.0,164.4,122.0,286.4,1.1987175730991702,1.3475409836065575,42.400000000000006,0.1480446927374302,106,nifty_1min.csv,0.07733903551951975,0.04162805438004835,0.4756782548279263,0.1480446927374302,0.39682262569831644,0.034741620111734386,0.7125,flat,down,SELL CE 23900 164.4 | SELL PE 23900 122,-7429.5,94.4,135.05,78.0,-7736.95,-39.6767,-7631.03,-2641.92,-5189.43,-12870.0,15:07,4026.75,11:59,-14205.75,1.0,300.0,300.0,BUY CE 24200 46.2 | BUY PE 23600 34.5 | SELL CE 23900 164.4 | SELL PE 23900 122,-1238.25,188.8,184.03,156.0,-1767.08,-9.0619,-1572.19,-714.89,-1240.99,-2934.75,15:07,1823.25,12:59,-11446.5,1.0,550.0,550.0,BUY CE 24450 12.45 | BUY PE 23350 10 | SELL CE 23900 164.4 | SELL PE 23900 122,-4036.5,188.8,151.88,156.0,-4533.18,-23.2471,-4345.37,-1636.93,-3085.05,-8112.0,15:07,3198.0,11:59,-10705.5,1.0,484304.42,47745.15,7736.95,0.0,0.0,48099.99,89445.35,1767.08,0.0,0.0,211310.03,82607.5,4533.18,0.0,0.0,3.0,1.0,0.0
2026-06-01,Mon,0,1,2026-06-02,23609.3,24002.8,23484.75,518.0499999999993,2.1942624304828997,23654.5,45.20000000000073,0.19144997945725087,23654.5,23633.4,23597.95,23591.95,-62.54999999999927,-0.26443171489568273,145.95000000000073,23600.0,124.6,96.8,221.39999999999998,0.9384557020509112,1.287190082644628,27.799999999999997,0.12556458897922312,106,nifty_1min.csv,0.19144997945725087,0.26443171489568273,0.6186432236419657,0.12556458897922312,0.6592140921409247,0.28252032520324877,0.4937655860349127,mild_up,down,SELL CE 23600 124.6 | SELL PE 23600 96.8,-2544.75,94.4,102.98,78.0,-2820.13,-14.4622,-2720.54,-1002.98,-1911.55,-5391.75,14:58,4280.25,11:41,-8716.5,1.0,200.0,200.0,BUY CE 23800 46.6 | BUY PE 23400 32.2 | SELL CE 23600 124.6 | SELL PE 23600 96.8,-1413.75,188.8,141.39,156.0,-1899.94,-9.7433,-1714.11,-759.18,-1329.56,-2135.25,14:58,1472.25,11:40,-6279.0,1.0,450.0,450.0,BUY CE 24050 11.55 | BUY PE 23150 6.8 | SELL CE 23600 124.6 | SELL PE 23600 96.8,-3090.75,188.8,110.38,156.0,-3545.93,-18.1843,-3366.82,-1307.84,-2426.88,-5167.5,14:58,3597.75,11:41,-8648.25,1.0,481484.29,50565.28,2820.13,0.0,0.0,46200.05,91345.29,1899.94,0.0,0.0,207764.1,86153.43,3545.93,0.0,0.0,3.0,1.0,0.0
2026-06-02,Tue,1,0,2026-06-02,23379.2,23733.7,23357.95,375.75,1.607197851081303,23229.15,-150.04999999999927,-0.6418098138516257,23229.15,23286.5,23281.5,23281.3,52.14999999999782,0.22450240323041443,68.59999999999854,23300.0,49.7,66.4,116.10000000000001,0.498683492760284,0.7484939759036144,-16.700000000000003,-0.1438415159345392,106,nifty_1min.csv,0.6418098138516257,0.22450240323041443,0.29465708530021323,0.1438415159345392,0.5908699397071364,0.44918173987939547,0.13930348258706468,strong_down,up,SELL CE 23300 49.7 | SELL PE 23300 66.4,-13065.0,94.4,59.22,78.0,-13296.62,-68.1878,-13207.3,-4495.14,-8895.88,-29123.25,14:23,9360.0,12:32,-30507.75,1.0,100.0,100.0,BUY CE 23400 18.95 | BUY PE 23200 25.3 | SELL CE 23300 49.7 | SELL PE 23300 66.4,-5401.5,188.8,94.24,156.0,-5840.54,-29.9515,-5665.08,-2072.71,-3956.63,-5596.5,15:18,3256.5,12:32,-12314.25,1.0,250.0,250.0,BUY CE 23550 4.6 | BUY PE 23050 4.8 | SELL CE 23300 49.7 | SELL PE 23300 66.4,-14868.75,188.8,60.09,156.0,-15273.64,-78.3264,-15106.3,-5217.08,-10245.36,-24687.0,14:23,7936.5,12:32,-27680.25,1.0,468187.67,63861.9,13296.62,0.0,0.0,40359.51,97185.83,5840.54,0.0,0.0,192490.46,101427.07,15273.64,0.0,0.0,3.0,1.0,0.0
2026-06-03,Wed,0,6,2026-06-09,23523.3,23556.95,23229.15,327.7999999999993,1.3935119647328362,23415.95,-107.34999999999854,-0.45635603848098927,23415.95,23299.9,23305.8,23293.5,-122.45000000000073,-0.5229341538566692,182.40000000000146,23300.0,213.9,190.7,404.6,1.7369652478159143,1.1216570529627687,23.200000000000017,0.057340583292140423,101,nifty_1min.csv,0.45635603848098927,0.5229341538566692,0.7830510657479617,0.057340583292140423,0.4508156203657969,0.30264458724666515,0.9280397022332506,mild_down,down,SELL CE 23300 213.9 | SELL PE 23300 190.7,1686.75,94.4,185.37,78.0,1328.98,6.8153,1446.42,380.06,854.52,-12372.75,14:40,3695.25,12:54,-14332.5,1.0,400.0,400.0,BUY CE 23700 68.15 | BUY PE 22900 60.5 | SELL CE 23300 213.9 | SELL PE 23300 190.7,653.25,188.8,242.58,156.0,65.87,0.3378,273.35,-103.91,-19.02,-3432.0,14:40,1628.25,12:54,-10627.5,1.0,800.0,800.0,BUY CE 24100 16.95 | BUY PE 22500 16.65 | SELL CE 23300 213.9 | SELL PE 23300 190.7,1647.75,188.8,200.76,156.0,1102.19,5.6523,1300.9,241.53,671.86,-8394.75,14:40,3354.0,12:54,-11992.5,1.0,469516.65,62532.92,0.0,1.0,0.0,40425.38,97119.96,0.0,1.0,0.0,193592.65,100324.88,0.0,1.0,0.0,0.0,0.0,0.0
2026-06-04,Thu,0,5,2026-06-09,23396.95,23459.65,23151.5,308.15000000000146,1.3170520089156983,23282.45,-114.5,-0.4893800260290337,23282.45,23344.5,23339.6,23334.75,52.29999999999927,0.2246327169176752,115.54999999999927,23350.0,197.0,165.85,362.85,1.5549770192524026,1.1878203195658728,31.150000000000006,0.0858481466170594,101,nifty_1min.csv,0.4893800260290337,0.2246327169176752,0.4951842209580101,0.0858481466170594,0.318451150613199,0.14413669560424217,0.8712871287128713,mild_down,up,SELL CE 23350 197 | SELL PE 23350 165.85,4943.25,94.4,164.72,78.0,4606.13,23.6212,4719.51,1472.44,3039.29,-2008.5,10:20,8355.75,15:00,-4914.0,1.0,350.0,350.0,BUY CE 23700 65.65 | BUY PE 23000 54.05 | SELL CE 23350 197 | SELL PE 23350 165.85,1287.0,188.8,212.78,156.0,729.42,3.7406,930.64,117.27,423.34,-877.5,10:20,2681.25,15:00,-5479.5,1.0,750.0,750.0,BUY CE 24100 16.05 | BUY PE 22600 13.05 | SELL CE 23350 197 | SELL PE 23350 165.85,3354.0,188.8,175.06,156.0,2834.14,14.5341,3027.56,818.85,1826.49,-1667.25,10:20,6659.25,15:00,-4504.5,1.0,474122.78,57926.79,0.0,1.0,0.0,41154.8,96390.54,0.0,1.0,0.0,196426.79,97490.74,0.0,1.0,0.0,0.0,0.0,0.0
2026-06-05,Fri,0,4,2026-06-09,23438.0,23465.3,23247.3,218.0,0.9301134909121939,23478.95,40.95000000000073,0.17471627271951842,23478.95,23456.05,23451.0,23462.2,-16.75,-0.07134049861684615,77.04999999999927,23450.0,184.25,136.55,320.8,1.3673057087570646,1.3493225924569754,47.69999999999999,0.14869077306733164,101,nifty_1min.csv,0.17471627271951842,0.07134049861684615,0.32840057624604374,0.14869077306733164,0.24018079800498526,0.05221321695760598,0.7901234567901234,mild_up,down,SELL CE 23450 184.25 | SELL PE 23450 136.55,10325.25,94.4,142.98,78.0,10009.87,51.3327,10119.14,3273.69,6641.78,-3198.0,13:43,10403.25,15:28,-5031.0,1.0,300.0,300.0,BUY CE 23750 63.55 | BUY PE 23150 44.75 | SELL CE 23450 184.25 | SELL PE 23450 136.55,3539.25,188.8,179.81,156.0,3014.64,15.4597,3209.08,879.01,1946.83,-692.25,13:43,3714.75,15:15,-8024.25,1.0,650.0,650.0,BUY CE 24100 14.6 | BUY PE 22800 10.65 | SELL CE 23450 184.25 | SELL PE 23450 136.55,8199.75,188.8,150.53,156.0,7704.42,39.5098,7893.1,2442.27,5073.35,-2505.75,13:43,8287.5,15:28,-5070.0,1.0,484132.65,47916.92,0.0,1.0,0.0,44169.44,93375.9,0.0,1.0,0.0,204131.21,89786.32,0.0,1.0,0.0,0.0,0.0,0.0
2026-06-08,Mon,0,1,2026-06-09,23368.85,23516.35,23282.65,233.6999999999971,1.0000492108083927,23080.7,-288.1499999999978,-1.2330516906052196,23080.7,23133.35,23136.65,23156.1,75.39999999999782,0.3266798667284693,86.89999999999782,23150.0,137.25,111.7,248.95,1.075094683474333,1.2287376902417189,25.549999999999997,0.10263105041172925,101,nifty_1min.csv,1.2330516906052196,0.3266798667284693,0.3752790841290106,0.10263105041172925,0.3490660775255988,0.3028720626631766,0.6502463054187192,strong_down,up,SELL CE 23150 137.25 | SELL PE 23150 111.7,12275.25,94.4,109.06,78.0,11993.79,61.5066,12096.06,3935.0,7964.39,-1930.5,12:51,12275.25,15:29,-4572.75,1.0,250.0,250.0,BUY CE 23400 44.25 | BUY PE 22900 32.4 | SELL CE 23150 137.25 | SELL PE 23150 111.7,5245.5,188.8,130.87,156.0,4769.83,24.4607,4954.06,1464.08,3116.96,-1267.5,12:51,5245.5,15:29,-4699.5,1.0,500.0,500.0,BUY CE 23650 12.55 | BUY PE 22650 7.75 | SELL CE 23150 137.25 | SELL PE 23150 111.7,10052.25,188.8,114.15,156.0,9593.3,49.1964,9774.44,3071.9,6332.6,-2291.25,12:51,10052.25,15:29,-5138.25,1.0,496126.44,35923.13,0.0,1.0,0.0,48939.27,88606.07,0.0,1.0,0.0,213724.51,80193.02,0.0,1.0,0.0,0.0,0.0,0.0
2026-06-09,Tue,1,0,2026-06-09,23103.7,23267.3,23070.15,197.14999999999782,0.8533265234572722,23259.05,155.34999999999854,0.6724031215779227,23259.05,23233.3,23237.3,23224.9,-34.14999999999782,-0.146824569361164,64.54999999999927,23200.0,70.4,44.25,114.65,0.49365121055418965,1.5909604519774012,26.150000000000006,0.2280854775403402,101,nifty_1min.csv,0.6724031215779227,0.146824569361164,0.2779344582753823,0.2280854775403402,0.5630178805058811,0.2978630614914768,0.1375921375921376,strong_up,down,SELL CE 23200 70.4 | SELL PE 23200 44.25,14127.75,94.4,46.46,78.0,13908.89,71.3276,13998.07,4573.36,9241.13,-1589.25,11:24,15288.0,14:36,-3675.75,1.0,100.0,100.0,BUY CE 23300 25.9 | BUY PE 23100 16.55 | SELL CE 23200 70.4 | SELL PE 23200 44.25,5869.5,188.8,50.18,156.0,5474.52,28.0745,5641.71,1698.97,3586.75,-624.0,11:24,7419.75,14:36,-5625.75,1.0,250.0,250.0,BUY CE 23450 4.3 | BUY PE 22950 3.7 | SELL CE 23200 70.4 | SELL PE 23200 44.25,12587.25,188.8,47.19,156.0,12195.26,62.5398,12362.45,3939.22,8067.24,-1540.5,11:24,13845.0,14:36,-4095.0,1.0,510035.33,22014.24,0.0,1.0,0.0,54413.79,83131.55,0.0,1.0,0.0,225919.77,67997.76,0.0,1.0,0.0,0.0,0.0,0.0
2026-06-10,Wed,0,6,2026-06-16,23257.75,23279.4,23104.45,174.95000000000073,0.7522223774870773,23233.95,-23.799999999999272,-0.1023314809042116,23233.95,23326.8,23326.35,23339.45,105.5,0.4540769003979091,132.90000000000146,23350.0,192.25,184.65,376.9,1.614862389645,1.041158949363661,7.599999999999994,0.020164499867338804,103,nifty_1min.csv,0.1023314809042116,0.4540769003979091,0.5694221586198537,0.020164499867338804,0.35261342531175766,0.27991509684266386,0.9019607843137255,mild_down,up,SELL CE 23350 192.25 | SELL PE 23350 184.65,3948.75,94.4,171.63,78.0,3604.72,18.4857,3719.47,1138.64,2371.68,-594.75,09:50,5801.25,14:28,-2028.0,1.0,400.0,400.0,BUY CE 23750 50.55 | BUY PE 22950 56.65 | SELL CE 23350 192.25 | SELL PE 23350 184.65,1696.5,188.8,216.63,156.0,1135.07,5.8209,1337.15,252.49,693.78,-380.25,09:52,2223.0,15:25,-2778.75,1.0,750.0,750.0,BUY CE 24100 12.05 | BUY PE 22600 17.15 | SELL CE 23350 192.25 | SELL PE 23350 184.65,3217.5,188.8,183.66,156.0,2689.04,13.7899,2884.27,770.48,1729.76,-633.75,09:55,4631.25,14:28,-2301.0,1.0,513640.05,18409.52,0.0,1.0,0.0,55548.86,81996.48,0.0,1.0,0.0,228608.81,65308.72,0.0,1.0,0.0,0.0,0.0,0.0
2026-06-11,Thu,0,5,2026-06-16,23216.1,23425.35,23184.6,240.75,1.0369958778606228,23104.4,-111.69999999999709,-0.4811316284819461,23104.4,23115.85,23116.8,23121.9,17.5,0.07574314849119648,76.0,23100.0,181.1,150.35,331.45,1.4334894623711718,1.204522780179581,30.75,0.09277417408357219,103,nifty_1min.csv,0.4811316284819461,0.07574314849119648,0.32869271123912824,0.09277417408357219,0.2292955196862272,0.052798310454065474,0.8166259168704156,mild_down,up,SELL CE 23100 181.1 | SELL PE 23100 150.35,3510.0,94.4,150.91,78.0,3186.69,16.342,3297.0,999.3,2092.99,-11397.75,13:00,6444.75,15:06,-12694.5,1.0,350.0,350.0,BUY CE 23450 52.2 | BUY PE 22750 43.2 | SELL CE 23100 181.1 | SELL PE 23100 150.35,526.5,188.8,189.09,156.0,-7.39,-0.0379,188.74,-128.33,-67.86,-5157.75,13:00,1969.5,15:06,-7741.5,1.0,650.0,650.0,BUY CE 23750 14.1 | BUY PE 22450 12.65 | SELL CE 23100 181.1 | SELL PE 23100 150.35,1813.5,188.8,159.97,156.0,1308.73,6.7114,1498.81,310.38,809.55,-10071.75,13:00,4680.0,15:06,-11700.0,1.0,516826.74,15222.83,0.0,1.0,0.0,55541.47,82003.87,7.39,0.0,0.0,229917.54,63999.99,0.0,1.0,0.0,1.0,0.0,1.0
2026-06-12,Fri,0,4,2026-06-16,23186.55,23327.45,23072.05,255.40000000000146,1.1015006544742596,23412.55,226.0,0.974703006700005,23412.55,23447.05,23423.8,23402.85,-9.700000000000728,-0.04143077110353519,55.400000000001455,23400.0,145.55,132.3,277.85,1.1872485616068131,1.100151171579743,13.25,0.04768760122368184,103,nifty_1min.csv,0.974703006700005,0.04143077110353519,0.23672330506755143,0.04768760122368184,0.19938815907864477,0.03491092315998102,0.7048780487804878,strong_up,down,SELL CE 23400 145.55 | SELL PE 23400 132.3,-16945.5,94.4,135.35,78.0,-17253.25,-88.4782,-17148.16,-5814.02,-11533.63,-19539.0,15:06,6162.0,13:26,-21089.25,1.0,300.0,300.0,BUY CE 23700 34.1 | BUY PE 23100 40.8 | SELL CE 23400 145.55 | SELL PE 23400 132.3,-4319.25,188.8,193.98,156.0,-4858.03,-24.913,-4661.32,-1745.21,-3301.62,-5294.25,15:06,2934.75,13:26,-10237.5,1.0,550.0,550.0,BUY CE 23950 7.7 | BUY PE 22850 13.4 | SELL CE 23400 145.55 | SELL PE 23400 132.3,-11251.5,188.8,155.96,156.0,-11752.26,-60.268,-11564.26,-4043.29,-7897.77,-13045.5,15:06,5352.75,13:26,-15707.25,1.0,499573.49,32476.08,17253.25,0.0,0.0,50683.44,86861.9,4858.03,0.0,0.0,218165.28,75752.25,11752.26,0.0,0.0,3.0,1.0,0.0
2026-06-15,Mon,0,1,2026-06-16,23631.75,23645.35,23313.9,331.4499999999971,1.40256223089698,23984.85,353.09999999999854,1.4941762670982832,23984.85,23948.15,23960.05,23947.05,-37.79999999999927,-0.1575994846746979,77.30000000000291,23950.0,91.65,112.55,204.2,0.852714634996795,0.8143047534429143,-20.89999999999999,-0.10235063663075412,103,nifty_1min.csv,1.4941762670982832,0.1575994846746979,0.32279550090722203,0.10235063663075412,0.37855044074438254,0.18511263467188674,0.41362530413625304,strong_up,down,SELL CE 23950 91.65 | SELL PE 23950 112.55,5547.75,94.4,91.47,78.0,5283.88,27.0968,5381.79,1698.36,3491.12,-1550.25,10:52,5645.25,15:01,-2554.5,1.0,200.0,200.0,BUY CE 24150 28.7 | BUY PE 23750 37.7 | SELL CE 23950 91.65 | SELL PE 23950 112.55,1930.5,188.8,115.09,156.0,1470.61,7.5416,1651.19,364.34,917.47,-136.5,09:35,1930.5,15:29,-4689.75,1.0,400.0,400.0,BUY CE 24350 8.3 | BUY PE 23550 13.3 | SELL CE 23950 91.65 | SELL PE 23950 112.55,4075.5,188.8,98.59,156.0,3632.11,18.6262,3809.39,1084.84,2358.48,-750.75,10:56,4231.5,15:01,-2310.75,1.0,504857.37,27192.2,0.0,1.0,0.0,52154.05,85391.29,0.0,1.0,0.0,221797.39,72120.14,0.0,1.0,0.0,0.0,0.0,0.0
2026-06-16,Tue,1,0,2026-06-16,23856.55,24011.4,23817.8,193.60000000000218,0.8115171724327372,23923.9,67.35000000000218,0.2823124047693492,23923.9,23932.8,23914.95,23938.2,14.299999999999272,0.05977286312014041,52.89999999999782,23950.0,45.35,58.3,103.65,0.43298994911898137,0.7778730703259006,-12.949999999999996,-0.12493970091654602,103,nifty_1min.csv,0.2823124047693492,0.05977286312014041,0.22098570485666347,0.12493970091654602,0.5103714423540552,0.13796430294258824,0.0970873786407767,mild_up,up,SELL CE 23950 45.35 | SELL PE 23950 58.3,12587.25,94.4,42.09,78.0,12372.76,63.4501,12460.87,4061.32,8217.04,-39.0,09:33,14196.0,14:47,-2008.5,1.0,100.0,100.0,BUY CE 24050 14.65 | BUY PE 23850 19.55 | SELL CE 23950 45.35 | SELL PE 23950 58.3,5947.5,188.8,45.11,156.0,5557.59,28.5005,5723.71,1726.66,3642.13,-68.25,09:44,7761.0,14:47,-2866.5,1.0,200.0,200.0,BUY CE 24150 4.5 | BUY PE 23750 5.5 | SELL CE 23950 45.35 | SELL PE 23950 58.3,10666.5,188.8,43.01,156.0,10278.69,52.7112,10444.81,3300.36,6789.53,-78.0,09:44,12363.0,14:47,-2281.5,1.0,517230.13,14819.44,0.0,1.0,0.0,57711.64,79833.7,0.0,1.0,0.0,232076.08,61841.45,0.0,1.0,0.0,0.0,0.0,0.0
2026-06-17,Wed,0,6,2026-06-23,23995.0,24002.6,23888.2,114.39999999999782,0.47676599291518157,24044.5,49.5,0.20629297770368826,24044.5,23982.3,23989.65,24022.75,-21.75,-0.09045727713198444,78.34999999999854,24000.0,165.6,159.8,325.4,1.354549333444339,1.0362953692115142,5.799999999999983,0.01782421634910874,103,nifty_1min.csv,0.20629297770368826,0.09045727713198444,0.3261491710982237,0.01782421634910874,0.24078057775045653,0.06684081130915796,0.7796610169491526,mild_up,down,SELL CE 24000 165.6 | SELL PE 24000 159.8,5079.75,94.4,147.43,78.0,4759.92,24.4098,4869.64,1523.71,3141.81,-2886.0,09:58,5079.75,15:29,-3831.75,1.0,350.0,350.0,BUY CE 24350 45.8 | BUY PE 23650 46.2 | SELL CE 24000 165.6 | SELL PE 24000 159.8,2203.5,188.8,184.25,156.0,1674.45,8.5869,1869.71,432.28,1053.37,-1023.75,09:58,2203.5,15:29,-2642.25,1.0,650.0,650.0,BUY CE 24650 12.6 | BUY PE 23350 14.55 | SELL CE 24000 165.6 | SELL PE 24000 159.8,4143.75,188.8,158.13,156.0,3640.82,18.6709,3830.73,1087.74,2364.28,-2067.0,09:58,4143.75,15:29,-3227.25,1.0,521990.05,10059.52,0.0,1.0,0.0,59386.09,78159.25,0.0,1.0,0.0,235716.9,58200.63,0.0,1.0,0.0,0.0,0.0,0.0
2026-06-18,Thu,0,5,2026-06-23,24081.95,24108.2,23969.7,138.5,0.5751195397382687,24073.8,-8.150000000001455,-0.03384277436005579,24073.8,24085.1,24094.7,24092.2,18.400000000001455,0.07643163937559279,74.5,24100.0,122.4,142.65,265.05,1.1001485958110924,0.8580441640378549,-20.25,-0.07640067911714771,103,nifty_1min.csv,0.03384277436005579,0.07643163937559279,0.30922871302745286,0.07640067911714771,0.2810790416902471,0.06942086398793229,0.6545893719806763,flat,up,SELL CE 24100 122.4 | SELL PE 24100 142.65,4338.75,94.4,120.0,78.0,4046.35,20.7505,4150.19,1285.85,2666.1,-1482.0,11:20,7293.0,15:02,-2915.25,1.0,250.0,250.0,BUY CE 24350 38.75 | BUY PE 23850 49.65 | SELL CE 24100 122.4 | SELL PE 24100 142.65,1813.5,188.8,155.83,156.0,1312.87,6.7327,1502.07,311.76,812.31,-214.5,11:22,2759.25,15:02,-2359.5,1.0,550.0,550.0,BUY CE 24650 9.45 | BUY PE 23550 11.5 | SELL CE 24100 122.4 | SELL PE 24100 142.65,3490.5,188.8,128.01,156.0,3017.69,15.4753,3201.15,880.03,1948.86,-1072.5,11:20,6113.25,15:02,-2671.5,1.0,526036.4,6013.17,0.0,1.0,0.0,60698.96,76846.38,0.0,1.0,0.0,238734.59,55182.94,0.0,1.0,0.0,0.0,0.0,0.0
2026-06-19,Fri,0,4,2026-06-23,24179.4,24189.25,24036.95,152.29999999999927,0.6298750175769426,23991.2,-188.20000000000073,-0.7783485115428865,23991.2,23978.9,23963.75,23955.45,-35.75,-0.14901297142285505,59.0,23950.0,136.3,118.55,254.85000000000002,1.0638497711376744,1.1497258540700128,17.750000000000014,0.069648813027271,103,nifty_1min.csv,0.7783485115428865,0.14901297142285505,0.2462905100926929,0.069648813027271,0.23150873062585833,0.14027859525210906,0.6337349397590362,strong_down,down,SELL CE 23950 136.3 | SELL PE 23950 118.55,9779.25,94.4,112.89,78.0,9493.96,48.687,9596.81,3101.72,6297.84,-858.0,09:30,9779.25,15:29,-2018.25,1.0,250.0,250.0,BUY CE 24200 44.85 | BUY PE 23700 36.35 | SELL CE 23950 136.3 | SELL PE 23950 118.55,3919.5,188.8,139.02,156.0,3435.68,17.6189,3621.51,1019.36,2227.52,-331.5,09:30,3919.5,15:29,-7312.5,1.0,500.0,500.0,BUY CE 24450 12.6 | BUY PE 23450 9.65 | SELL CE 23950 136.3 | SELL PE 23950 118.55,8024.25,188.8,119.76,156.0,7559.69,38.7676,7741.83,2394.03,4976.86,-672.75,09:30,8024.25,15:29,-2866.5,1.0,535530.36,0.0,0.0,1.0,0.0,64134.64,73410.7,0.0,1.0,0.0,246294.28,47623.25,0.0,1.0,0.0,0.0,0.0,0.0
2026-06-22,Mon,0,1,2026-06-23,24042.7,24047.2,23901.9,145.29999999999927,0.6043414425168524,24106.6,63.89999999999782,0.2657771381749879,24106.6,24121.35,24137.7,24130.25,23.650000000001455,0.09810591290352624,69.34999999999854,24150.0,72.2,95.2,167.4,0.6937350421151873,0.7584033613445378,-23.0,-0.13739545997610514,103,nifty_1min.csv,0.2657771381749879,0.09810591290352624,0.287398597196459,0.13739545997610514,0.414277180406204,0.14127837514935157,0.28125,mild_up,up,SELL CE 24150 72.2 | SELL PE 24150 95.2,9174.75,94.4,72.93,78.0,8929.42,45.7919,9023.74,2913.54,5921.48,-58.5,09:31,9174.75,15:29,-848.25,1.0,150.0,150.0,BUY CE 24300 23.4 | BUY PE 24000 36.25 | SELL CE 24150 72.2 | SELL PE 24150 95.2,3714.75,188.8,89.92,156.0,3280.03,16.8207,3455.44,967.48,2123.76,9.75,09:32,3714.75,15:29,-2632.5,1.0,350.0,350.0,BUY CE 24500 5 | BUY PE 23800 8.6 | SELL CE 24150 72.2 | SELL PE 24150 95.2,8004.75,188.8,76.94,156.0,7583.01,38.8872,7756.07,2401.8,4992.4,-19.5,09:32,8004.75,15:29,-877.5,1.0,544459.78,0.0,0.0,1.0,0.0,67414.67,70130.67,0.0,1.0,0.0,253877.29,40040.24,0.0,1.0,0.0,0.0,0.0,0.0
2026-06-23,Tue,1,0,2026-06-23,24086.85,24168.05,24073.15,94.89999999999782,0.3939909120536634,24071.3,-15.549999999999272,-0.06455804723323835,24071.3,24077.1,24087.7,24090.05,18.75,0.07789359112303865,55.5,24100.0,34.8,44.75,79.55,0.33021932291547756,0.7776536312849162,-9.950000000000003,-0.1250785669390321,103,nifty_1min.csv,0.06455804723323835,0.07789359112303865,0.23038557412707736,0.1250785669390321,0.6976744186046512,0.23570081709616594,0.03357314148681055,flat,up,SELL CE 24100 34.8 | SELL PE 24100 44.75,-38181.0,94.4,53.57,78.0,-38406.97,-196.9588,-38321.21,-12865.26,-25636.11,-38337.0,15:25,4611.75,11:34,-39331.5,1.0,100.0,100.0,BUY CE 24200 8.3 | BUY PE 24000 10.7 | SELL CE 24100 34.8 | SELL PE 24100 44.75,-7575.75,188.8,120.9,156.0,-8041.45,-41.2382,-7860.54,-2806.35,-5423.9,-7722.0,14:59,2632.5,11:34,-21752.25,1.0,150.0,150.0,BUY CE 24250 4 | BUY PE 23950 4.6 | SELL CE 24100 34.8 | SELL PE 24100 44.75,-15366.0,188.8,101.2,156.0,-15812.0,-81.0872,-15636.0,-5396.53,-10604.27,-15531.75,15:27,3724.5,11:34,-28918.5,1.0,506052.81,38406.97,38406.97,0.0,1.0,59373.22,78172.12,8041.45,0.0,0.0,238065.29,55852.24,15812.0,0.0,0.0,3.0,1.0,0.0
2026-06-24,Wed,0,6,2026-06-30,23795.25,24135.5,23784.95,350.5499999999993,1.4731931793109938,23795.8,0.5499999999992724,0.002311385675709532,23795.8,23848.65,23865.2,23879.65,83.85000000000218,0.3523731078593793,96.04999999999927,23900.0,148.2,156.35,304.54999999999995,1.275353700745195,0.9478733610489286,-8.150000000000006,-0.02676079461500577,145,nifty_1min.csv,0.002311385675709532,0.3523731078593793,0.4022253257480711,0.02676079461500577,0.31538335248727395,0.2753242488918148,0.7440191387559809,flat,up,SELL CE 23900 148.2 | SELL PE 23900 156.35,-78.0,94.4,140.13,78.0,-390.53,-2.0027,-282.84,-193.11,-291.82,-9828.0,13:36,1706.25,10:03,-10822.5,1.0,300.0,300.0,BUY CE 24200 44.6 | BUY PE 23600 52.8 | SELL CE 23900 148.2 | SELL PE 23900 156.35,-516.75,188.8,184.1,156.0,-1045.65,-5.3623,-850.68,-474.42,-760.03,-3617.25,13:36,653.25,10:03,-7283.25,1.0,600.0,600.0,BUY CE 24500 12.1 | BUY PE 23300 16.5 | SELL CE 23900 148.2 | SELL PE 23900 156.35,-838.5,188.8,151.83,156.0,-1335.13,-6.8468,-1147.03,-570.91,-953.02,-8550.75,13:36,1306.5,10:03,-10120.5,1.0,505662.28,38797.5,390.53,0.0,0.0,58327.57,79217.77,1045.65,0.0,0.0,236730.16,57187.37,1335.13,0.0,0.0,3.0,1.0,0.0
2026-06-25,Thu,0,5,2026-06-30,24013.15,24090.05,23789.25,300.7999999999993,1.252646987171609,24125.85,112.69999999999709,0.4693261816962668,24125.85,24132.65,24154.95,24149.15,23.30000000000291,0.09657690817112313,61.900000000001455,24150.0,116.15,116.35,232.5,0.9627668054569208,0.9982810485603782,-0.19999999999998863,-0.000860215053763392,145,nifty_1min.csv,0.4693261816962668,0.09657690817112313,0.25632372153885935,0.000860215053763392,0.2662365591397912,0.10021505376345338,0.5274463007159904,mild_up,up,SELL CE 24150 116.15 | SELL PE 24150 116.35,4524.0,94.4,104.94,78.0,4246.66,21.7777,4347.33,1352.62,2799.64,-5304.0,12:12,4992.0,15:22,-6688.5,1.0,250.0,250.0,BUY CE 24400 30.85 | BUY PE 23900 38.4 | SELL CE 24150 116.15 | SELL PE 24150 116.35,1657.5,188.8,131.31,156.0,1181.39,6.0584,1365.38,267.93,724.66,-2271.75,12:12,2632.5,14:13,-3861.0,1.0,450.0,450.0,BUY CE 24600 9.7 | BUY PE 23700 16.5 | SELL CE 24150 116.15 | SELL PE 24150 116.35,2944.5,188.8,113.97,156.0,2485.73,12.7473,2666.16,702.71,1594.22,-4192.5,12:12,4290.0,14:13,-5635.5,1.0,509908.94,34550.84,0.0,1.0,0.0,59508.96,78036.38,0.0,1.0,0.0,239215.89,54701.64,0.0,1.0,0.0,0.0,0.0,0.0
2026-06-29,Mon,0,1,2026-06-30,24052.95,24261.6,24039.0,222.59999999999854,0.9254582078289713,24061.75,8.799999999999272,0.0365859489168658,24061.75,24086.2,24081.4,24065.7,3.9500000000007276,0.016416096086114797,78.40000000000146,24050.0,102.85,80.25,183.1,0.7608338839094645,1.281619937694704,22.599999999999994,0.12342981977061712,145,nifty_1min.csv,0.0365859489168658,0.016416096086114797,0.3257748579929171,0.12342981977061712,0.42818132168214884,0.02157291097761184,0.3404761904761905,flat,up,SELL CE 24050 102.85 | SELL PE 24050 80.25,3558.75,94.4,82.65,78.0,3303.7,16.9421,3399.55,1038.3,2171.0,-4065.75,12:41,3558.75,15:29,-8170.5,1.0,200.0,200.0,BUY CE 24250 26.25 | BUY PE 23850 24.8 | SELL CE 24050 102.85 | SELL PE 24050 80.25,1384.5,188.8,101.97,156.0,937.73,4.8089,1115.47,186.71,562.22,-965.25,12:41,1852.5,11:40,-11690.25,1.0,350.0,350.0,BUY CE 24400 7.85 | BUY PE 23700 10 | SELL CE 24050 102.85 | SELL PE 24050 80.25,2671.5,188.8,89.16,156.0,2237.54,11.4746,2412.69,619.98,1428.76,-2379.0,12:41,2993.25,11:28,-9311.25,1.0,513212.64,31247.14,0.0,1.0,0.0,60446.69,77098.65,0.0,1.0,0.0,241453.43,52464.1,0.0,1.0,0.0,0.0,0.0,0.0
2026-06-30,Tue,1,0,2026-06-30,23978.5,24120.0,23924.55,195.45000000000073,0.8151051984069092,24032.05,53.54999999999927,0.22332506203473643,24032.05,23941.35,23901.2,23896.7,-135.34999999999854,-0.5632062183625556,144.75,23900.0,72.35,64.9,137.25,0.5743470855808542,1.1147919876733434,7.449999999999989,0.05428051001821485,145,nifty_1min.csv,0.22332506203473643,0.5632062183625556,0.6057321722246167,0.05428051001821485,1.0546448087431695,0.9861566484517198,0.1995249406175772,mild_up,down,SELL CE 23900 72.35 | SELL PE 23900 64.9,20114.25,94.4,54.2,78.0,19887.65,101.9879,19979.04,6566.28,13226.97,-1140.75,11:24,21177.0,15:10,-2876.25,1.0,150.0,150.0,BUY CE 24050 21.4 | BUY PE 23750 16.5 | SELL CE 23900 72.35 | SELL PE 23900 64.9,12743.25,188.8,57.52,156.0,12340.93,63.2868,12510.32,3987.78,8164.35,-906.75,11:24,13864.5,15:10,-5411.25,1.0,250.0,250.0,BUY CE 24150 8.75 | BUY PE 23650 5.85 | SELL CE 23900 72.35 | SELL PE 23900 64.9,17286.75,188.8,55.5,156.0,16886.45,86.5972,17055.84,5502.95,11194.7,-1423.5,11:24,18388.5,15:10,-3188.25,1.0,533100.29,11359.49,0.0,1.0,0.0,72787.62,64757.72,0.0,1.0,0.0,258339.88,35577.65,0.0,1.0,0.0,0.0,0.0,0.0
2026-07-01,Wed,0,6,2026-07-07,23917.75,24035.55,23829.2,206.34999999999854,0.8627483772511986,23897.65,-20.099999999998545,-0.084038005247143,23897.65,23917.65,23912.4,23919.95,22.299999999999272,0.09331461461691536,39.80000000000291,23900.0,195.45,137.75,333.2,1.3929795003752097,1.4188747731397457,57.69999999999999,0.1731692677070828,100,nifty_1min.csv,0.084038005247143,0.09331461461691536,0.16638830766787935,0.1731692677070828,0.1194477791116534,0.06692677070828114,0.8056872037914692,flat,up,SELL CE 23900 195.45 | SELL PE 23900 137.75,6074.25,94.4,150.58,78.0,5751.27,29.4937,5861.76,1854.16,3802.71,-4436.25,10:22,6074.25,15:29,-5616.0,1.0,350.0,350.0,BUY CE 24250 56.55 | BUY PE 23550 37.4 | SELL CE 23900 195.45 | SELL PE 23900 137.75,1735.5,188.8,185.49,156.0,1205.21,6.1806,1400.69,275.87,740.54,-1608.75,10:22,1735.5,15:29,-5898.75,1.0,650.0,650.0,BUY CE 24550 14.9 | BUY PE 23250 10.75 | SELL CE 23900 195.45 | SELL PE 23900 137.75,4075.5,188.8,158.55,156.0,3572.15,18.3187,3762.14,1064.85,2318.5,-3695.25,10:22,4075.5,15:29,-4953.0,1.0,538851.56,5608.22,0.0,1.0,0.0,73992.83,63552.51,0.0,1.0,0.0,261912.03,32005.5,0.0,1.0,0.0,0.0,0.0,0.0
2026-07-02,Thu,0,5,2026-07-07,23987.95,24049.9,23895.1,154.8000000000029,0.6453240064282396,24062.2,74.25,0.309530410060051,24062.2,24093.35,24123.5,24110.1,47.89999999999782,0.19906741694440996,68.79999999999927,24100.0,150.3,111.85,262.15,1.0873036611212727,1.343763969602146,38.45000000000002,0.1466717528132749,100,nifty_1min.csv,0.309530410060051,0.19906741694440996,0.28535758872837225,0.1466717528132749,0.26244516498187787,0.1827198168987138,0.6524822695035462,mild_up,up,SELL CE 24100 150.3 | SELL PE 24100 111.85,4738.5,94.4,118.49,78.0,4447.61,22.8083,4551.17,1419.6,2933.61,-2096.25,09:41,5830.5,13:48,-3188.25,1.0,250.0,250.0,BUY CE 24350 45.35 | BUY PE 23850 39.8 | SELL CE 24100 150.3 | SELL PE 24100 111.85,1277.25,188.8,151.03,156.0,781.42,4.0073,969.55,134.61,458.01,-731.25,09:41,1959.75,13:48,-3578.25,1.0,500.0,500.0,BUY CE 24600 8.7 | BUY PE 23600 13.2 | SELL CE 24100 150.3 | SELL PE 24100 111.85,3032.25,188.8,125.3,156.0,2562.15,13.1392,2745.0,728.18,1645.17,-1755.0,09:41,4572.75,13:48,-2944.5,1.0,543299.17,1160.61,0.0,1.0,0.0,74774.25,62771.09,0.0,1.0,0.0,264474.18,29443.35,0.0,1.0,0.0,0.0,0.0,0.0
2026-07-03,Fri,0,4,2026-07-07,24167.2,24194.55,24058.8,135.75,0.56171174153398,24375.65,208.45000000000073,0.8625326889337644,24375.65,24302.9,24335.95,24349.0,-26.650000000001455,-0.10933041785552981,83.0,24350.0,105.9,99.9,205.8,0.8452092488397881,1.06006006006006,6.0,0.029154518950437316,100,nifty_1min.csv,0.8625326889337644,0.10933041785552981,0.3408764220296521,0.029154518950437316,0.40330417881438285,0.12949465500486615,0.4056603773584906,strong_up,down,SELL CE 24350 105.9 | SELL PE 24350 99.9,5811.0,94.4,92.09,78.0,5546.51,28.4436,5644.58,1785.9,3666.21,-1033.5,09:34,5811.0,15:29,-2086.5,1.0,200.0,200.0,BUY CE 24550 28.75 | BUY PE 24150 37 | SELL CE 24350 105.9 | SELL PE 24350 99.9,2574.0,188.8,116.14,156.0,2113.06,10.8362,2293.92,578.49,1345.78,-341.25,09:33,2574.0,15:29,-2418.0,1.0,400.0,400.0,BUY CE 24750 5.95 | BUY PE 23950 14.5 | SELL CE 24350 105.9 | SELL PE 24350 99.9,4787.25,188.8,99.54,156.0,4342.91,22.2713,4520.46,1321.77,2832.34,-780.0,09:34,4787.25,15:29,-1959.75,1.0,548845.68,0.0,0.0,1.0,0.0,76887.31,60658.03,0.0,1.0,0.0,268817.09,25100.44,0.0,1.0,0.0,0.0,0.0,0.0
2026-07-06,Mon,0,1,2026-07-07,24271.2,24378.15,24252.35,125.80000000000291,0.5183097663074051,24306.85,35.64999999999782,0.14688190118328642,24306.85,24355.85,24346.8,24353.15,46.30000000000291,0.19048128408248258,73.05000000000291,24350.0,71.05,74.35,145.39999999999998,0.5970480204819498,0.9556153328850034,-3.299999999999997,-0.02269601100412653,100,nifty_1min.csv,0.14688190118328642,0.19048128408248258,0.2999611959849256,0.02269601100412653,0.502407152682276,0.3184319119670077,0.21411764705882352,mild_up,up,SELL CE 24350 71.05 | SELL PE 24350 74.35,2232.75,94.4,65.89,78.0,1994.46,10.228,2086.63,601.89,1298.17,-4163.25,12:35,3237.0,14:52,-4845.75,1.0,150.0,150.0,BUY CE 24500 18.75 | BUY PE 24200 25.55 | SELL CE 24350 71.05 | SELL PE 24350 74.35,955.5,188.8,83.83,156.0,526.87,2.7019,700.73,49.76,288.31,-1521.0,12:35,1170.0,14:52,-3500.25,1.0,300.0,300.0,BUY CE 24650 4.25 | BUY PE 24050 9.1 | SELL CE 24350 71.05 | SELL PE 24350 74.35,1599.0,188.8,70.82,156.0,1183.38,6.0686,1354.54,268.59,725.99,-3490.5,12:35,2437.5,14:52,-4475.25,1.0,550840.14,0.0,0.0,1.0,0.0,77414.18,60131.16,0.0,1.0,0.0,270000.47,23917.06,0.0,1.0,0.0,0.0,0.0,0.0
2026-07-07,Tue,1,0,2026-07-07,24423.95,24458.65,24287.1,171.5500000000029,0.7023843399614023,24464.45,40.5,0.1658208438847934,24464.45,24460.2,24458.0,24456.8,-7.650000000001455,-0.03126986300530547,61.45000000000073,24450.0,42.9,47.1,90.0,0.36799581302541623,0.9108280254777069,-4.200000000000003,-0.0466666666666667,100,nifty_1min.csv,0.1658208438847934,0.03126986300530547,0.2512593634490233,0.0466666666666667,0.6827777777777858,0.08500000000001617,0.04460093896713615,mild_up,down,SELL CE 24450 42.9 | SELL PE 24450 47.1,7536.75,94.4,38.05,78.0,7326.3,37.5708,7413.07,2379.17,4852.73,-858.0,09:34,13260.0,15:00,-2788.5,1.0,100.0,100.0,BUY CE 24550 10.9 | BUY PE 24350 14.45 | SELL CE 24450 42.9 | SELL PE 24450 47.1,2613.0,188.8,40.29,156.0,2227.91,11.4252,2392.7,616.77,1422.34,-399.75,11:26,8502.0,15:00,-3285.75,1.0,200.0,200.0,BUY CE 24650 2.35 | BUY PE 24250 4.65 | SELL CE 24450 42.9 | SELL PE 24450 47.1,6191.25,188.8,38.7,156.0,5807.75,29.7833,5972.54,1810.05,3808.9,-536.25,09:34,12021.75,15:00,-2837.25,1.0,558166.44,0.0,0.0,1.0,0.0,79642.09,57903.25,0.0,1.0,0.0,275808.22,18109.31,0.0,1.0,0.0,0.0,0.0,0.0
2026-07-08,Wed,0,6,2026-07-14,24355.1,24530.9,24348.95,181.95000000000073,0.747071455259887,24259.55,-95.54999999999927,-0.3923202943120713,24259.55,24285.5,24246.5,24239.6,-19.950000000000728,-0.08223565564901546,65.34999999999854,24250.0,133.3,165.7,299.0,1.2335187049291243,0.8044659022329512,-32.39999999999998,-0.10836120401337786,99,nifty_1min.csv,0.3923202943120713,0.08223565564901546,0.26960015841844975,0.10836120401337786,0.21856187290969412,0.06672240802675829,0.7259953161592506,mild_down,down,SELL CE 24250 133.3 | SELL PE 24250 165.7,-36591.75,94.4,153.81,78.0,-36917.96,-189.3229,-36810.81,-12368.92,-24643.44,-44976.75,14:51,5255.25,13:06,-47092.5,1.0,300.0,300.0,BUY CE 24550 36.95 | BUY PE 23950 56.55 | SELL CE 24250 133.3 | SELL PE 24250 165.7,-6971.25,188.8,253.53,156.0,-7569.58,-38.8184,-7360.5,-2649.06,-5109.32,-8034.0,14:51,1608.75,13:06,-14859.0,1.0,600.0,600.0,BUY CE 24850 8.85 | BUY PE 23650 16.8 | SELL CE 24250 133.3 | SELL PE 24250 165.7,-20855.25,188.8,195.74,156.0,-21395.79,-109.722,-21200.27,-7257.8,-14326.79,-23877.75,14:51,3714.75,13:06,-28606.5,1.0,521248.48,36917.96,36917.96,0.0,1.0,72072.51,65472.83,7569.58,0.0,0.0,254412.43,39505.1,21395.79,0.0,1.0,3.0,1.0,0.0
2026-07-09,Thu,0,5,2026-07-14,23895.7,24300.0,23805.2,494.7999999999993,2.0706654335298786,23928.95,33.25,0.13914637361533663,23928.95,23992.8,24024.6,24022.65,93.70000000000073,0.39157589447092633,110.79999999999927,24000.0,166.0,138.8,304.8,1.2688025675768493,1.195965417867435,27.19999999999999,0.08923884514435691,99,nifty_1min.csv,0.13914637361533663,0.39157589447092633,0.4612313795522112,0.08923884514435691,0.3635170603674517,0.30741469816273204,0.7453271028037384,mild_up,up,SELL CE 24000 166 | SELL PE 24000 138.8,6883.5,94.4,137.15,78.0,6573.95,33.7126,6681.66,2128.38,4351.16,-1920.75,10:42,7790.25,15:01,-7488.0,1.0,300.0,300.0,BUY CE 24300 52 | BUY PE 23700 47.3 | SELL CE 24000 166 | SELL PE 24000 138.8,2106.0,188.8,173.69,156.0,1587.51,8.1411,1780.52,403.3,995.41,-1140.75,10:42,2603.25,15:02,-12353.25,1.0,600.0,600.0,BUY CE 24600 13.2 | BUY PE 23400 16.45 | SELL CE 24000 166 | SELL PE 24000 138.8,4797.0,188.8,146.8,156.0,4305.4,22.079,4492.97,1309.27,2807.33,-2018.25,10:42,5703.75,15:02,-9077.25,1.0,527822.43,30344.01,0.0,1.0,0.0,73660.02,63885.32,0.0,1.0,0.0,258717.83,35199.7,0.0,1.0,0.0,0.0,0.0,0.0
2026-07-10,Fri,0,4,2026-07-14,23981.9,24134.7,23925.7,209.0,0.8714905824809543,24124.7,142.79999999999927,0.5954490678386586,24124.7,24165.85,24176.2,24168.6,43.89999999999782,0.1819711747710762,67.55000000000291,24150.0,130.7,105.6,236.29999999999998,0.9777148862573753,1.2376893939393938,25.099999999999994,0.1062209056284384,99,nifty_1min.csv,0.5954490678386586,0.1819711747710762,0.2794948817887793,0.1062209056284384,0.2858654253068257,0.18578078713498866,0.5384615384615384,strong_up,up,SELL CE 24150 130.7 | SELL PE 24150 105.6,6513.0,94.4,105.81,78.0,6234.79,31.9733,6335.83,2015.33,4125.06,-1413.75,10:00,6825.0,15:15,-2262.0,1.0,250.0,250.0,BUY CE 24400 34.2 | BUY PE 23900 34.15 | SELL CE 24150 130.7 | SELL PE 24150 105.6,2759.25,188.8,130.06,156.0,2284.39,11.7148,2468.21,635.6,1459.99,-780.0,10:00,3217.5,15:15,-5694.0,1.0,450.0,450.0,BUY CE 24600 9 | BUY PE 23700 13.75 | SELL CE 24150 130.7 | SELL PE 24150 105.6,5118.75,188.8,113.6,156.0,4660.35,23.8992,4840.91,1427.58,3043.96,-1374.75,10:00,5655.0,15:15,-2447.25,1.0,534057.22,24109.22,0.0,1.0,0.0,75944.41,61600.93,0.0,1.0,0.0,263378.18,30539.35,0.0,1.0,0.0,0.0,0.0,0.0
2026-07-13,Mon,0,1,2026-07-14,24211.65,24228.45,24120.35,108.10000000000218,0.44647927753788846,24039.4,-172.25,-0.7114343714699328,24039.4,24026.7,24024.7,24027.2,-12.200000000000728,-0.050750018719272226,44.25,24050.0,65.1,111.7,176.8,0.7358327229140308,0.5828111011638316,-46.60000000000001,-0.26357466063348417,99,nifty_1min.csv,0.7114343714699328,0.050750018719272226,0.18416627821801956,0.26357466063348417,0.25028280542986425,0.06900452488688194,0.32325581395348835,strong_down,down,SELL CE 24050 65.1 | SELL PE 24050 111.7,-11846.25,94.4,86.6,78.0,-12105.25,-62.0782,-12010.01,-4098.02,-8101.63,-19548.75,12:52,1043.25,09:36,-21606.0,1.0,200.0,200.0,BUY CE 24250 14.55 | BUY PE 23850 34.65 | SELL CE 24050 65.1 | SELL PE 24050 111.7,-5986.5,188.8,120.45,156.0,-6451.75,-33.0859,-6270.78,-2276.45,-4364.1,-6591.0,12:52,370.5,09:36,-12996.75,1.0,350.0,350.0,BUY CE 24400 5.25 | BUY PE 23700 13.15 | SELL CE 24050 65.1 | SELL PE 24050 111.7,-10481.25,188.8,97.67,156.0,-10923.72,-56.0191,-10748.01,-3767.11,-7345.42,-13620.75,12:52,770.25,09:36,-18115.5,1.0,521951.97,36214.47,12105.25,0.0,0.0,69492.66,68052.68,6451.75,0.0,0.0,252454.46,41463.07,10923.72,0.0,0.0,3.0,1.0,0.0
2026-07-14,Tue,1,0,2026-07-14,24211.15,24259.8,24000.2,259.59999999999854,1.0722332479043686,24068.0,-143.15000000000146,-0.5912565078486625,24068.0,24109.55,24145.8,24140.6,72.59999999999854,0.30164533820840345,106.54999999999927,24150.0,53.5,73.7,127.2,0.526913167029817,0.7259158751696065,-20.200000000000003,-0.1588050314465409,99,nifty_1min.csv,0.5912565078486625,0.30164533820840345,0.4413726253697061,0.1588050314465409,0.8376572327043967,0.5707547169811206,0.1554524361948956,strong_down,up,SELL CE 24150 53.5 | SELL PE 24150 73.7,5762.25,94.4,55.95,78.0,5533.9,28.379,5624.3,1781.7,3657.8,-2681.25,10:19,9243.0,15:05,-4309.5,1.0,150.0,150.0,BUY CE 24300 11.9 | BUY PE 24000 20.5 | SELL CE 24150 53.5 | SELL PE 24150 73.7,-536.25,188.8,58.8,156.0,-939.85,-4.8197,-771.44,-439.15,-689.5,-4923.75,14:52,4621.5,11:51,-6805.5,1.0,250.0,250.0,BUY CE 24400 4 | BUY PE 23900 7.65 | SELL CE 24150 53.5 | SELL PE 24150 73.7,3510.0,188.8,57.0,156.0,3108.2,15.9395,3276.61,910.2,2009.2,-3695.25,14:52,7137.0,11:51,-5196.75,1.0,527485.87,30680.57,0.0,1.0,0.0,68552.81,68992.53,939.85,0.0,0.0,255562.66,38354.87,0.0,1.0,0.0,1.0,0.0,1.0
2026-07-15,Wed,0,6,2026-07-21,24035.15,24157.1,24023.7,133.39999999999782,0.5550204596185079,24085.85,50.69999999999709,0.21094105924030881,24085.85,24147.65,24190.95,24196.5,110.65000000000146,0.459398360448153,142.70000000000073,24200.0,154.05,170.45,324.5,1.3411030520943112,0.9037841009093577,-16.399999999999977,-0.05053929121725725,93,nifty_1min.csv,0.21094105924030881,0.459398360448153,0.5897547165912456,0.05053929121725725,0.4397534668721132,0.34098613251156074,0.7777777777777778,mild_up,up,SELL CE 24200 154.05 | SELL PE 24200 170.45,0.0,94.4,149.28,78.0,-321.68,-1.6496,-212.04,-170.16,-245.92,-12031.5,12:57,4621.5,12:24,-15980.25,1.0,300.0,300.0,BUY CE 24500 45.95 | BUY PE 23900 65.35 | SELL CE 24200 154.05 | SELL PE 24200 170.45,594.75,188.8,201.61,156.0,48.34,0.2479,247.12,-109.75,-30.71,-2193.75,12:57,1462.5,12:46,-11875.5,1.0,650.0,650.0,BUY CE 24850 8.35 | BUY PE 23550 19 | SELL CE 24200 154.05 | SELL PE 24200 170.45,-48.75,188.8,161.76,156.0,-555.31,-2.8477,-365.03,-310.97,-433.14,-7848.75,12:57,3578.25,12:24,-14137.5,1.0,527164.19,31002.25,321.68,0.0,0.0,68601.15,68944.19,0.0,1.0,0.0,255007.35,38910.18,555.31,0.0,0.0,2.0,0.0,0.0
2026-07-16,Thu,0,5,2026-07-21,24073.45,24220.35,24010.55,209.79999999999927,0.8714995150258865,24142.1,68.64999999999782,0.28516893091766166,24142.1,24157.05,24143.05,24129.25,-12.849999999998545,-0.05322652130509999,49.85000000000218,24150.0,130.1,140.45,270.54999999999995,1.1212532507226705,0.926308294766821,-10.349999999999994,-0.03825540565514691,93,nifty_1min.csv,0.28516893091766166,0.05322652130509999,0.2065957292497785,0.03825540565514691,0.18425429680281719,0.04749584180372777,0.6628175519630485,mild_up,down,SELL CE 24150 130.1 | SELL PE 24150 140.45,2067.0,94.4,123.54,78.0,1771.06,9.0824,1875.44,527.42,1149.24,-2749.5,13:41,3861.0,15:01,-3734.25,1.0,250.0,250.0,BUY CE 24400 38.15 | BUY PE 23900 54.85 | SELL CE 24150 130.1 | SELL PE 24150 140.45,741.0,188.8,163.78,156.0,232.42,1.1919,423.2,-48.39,92.01,-614.25,13:41,1248.0,15:01,-3646.5,1.0,550.0,550.0,BUY CE 24700 6.1 | BUY PE 23600 16.05 | SELL CE 24150 130.1 | SELL PE 24150 140.45,1423.5,188.8,132.5,156.0,946.2,4.8523,1130.42,189.53,567.87,-2076.75,13:41,2954.25,15:01,-3246.75,1.0,528935.25,29231.19,0.0,1.0,0.0,68833.57,68711.77,0.0,1.0,0.0,255953.55,37963.98,0.0,1.0,0.0,0.0,0.0,0.0
2026-07-17,Fri,0,4,2026-07-21,24081.1,24186.5,24050.0,136.5,0.5668345715104377,24127.6,46.5,0.19309749139366558,24127.6,24188.9,24193.3,24211.65,84.05000000000291,0.34835623932758714,112.65000000000146,24200.0,124.75,134.2,258.95,1.0695264469790369,0.9295827123695977,-9.449999999999989,-0.03649353156980108,93,nifty_1min.csv,0.19309749139366558,0.34835623932758714,0.4652718835767139,0.03649353156980108,0.4350260668082698,0.3245800347557556,0.6382488479262672,mild_up,up,SELL CE 24200 124.75 | SELL PE 24200 134.2,-3880.5,94.4,120.85,78.0,-4173.75,-21.4038,-4070.5,-1454.18,-2813.96,-8277.75,14:16,3471.0,13:56,-10929.75,1.0,250.0,250.0,BUY CE 24450 33.8 | BUY PE 23950 50.6 | SELL CE 24200 124.75 | SELL PE 24200 134.2,-1530.75,188.8,164.17,156.0,-2039.72,-10.4601,-1849.07,-805.77,-1422.75,-2720.25,14:16,1384.5,13:51,-13503.75,1.0,500.0,500.0,BUY CE 24700 6.55 | BUY PE 23700 17.5 | SELL CE 24200 124.75 | SELL PE 24200 134.2,-3929.25,188.8,131.82,156.0,-4405.87,-22.5942,-4222.3,-1594.49,-3000.18,-7068.75,14:16,2700.75,13:54,-11934.0,1.0,524761.5,33404.94,4173.75,0.0,0.0,66793.85,70751.49,2039.72,0.0,0.0,251547.68,42369.85,4405.87,0.0,0.0,3.0,1.0,0.0
2026-07-20,Mon,0,1,2026-07-21,24346.7,24367.3,24099.05,268.25,1.101792029309927,24190.05,-156.65000000000146,-0.6434136864544331,24190.05,24205.85,24213.5,24191.9,1.8500000000021828,0.00764777253458419,112.44999999999709,24200.0,80.15,109.55,189.7,0.7841467598659054,0.7316293929712461,-29.39999999999999,-0.1549815498154981,93,nifty_1min.csv,0.6434136864544331,0.00764777253458419,0.4648250034102203,0.1549815498154981,0.5927780706378339,0.00975224037955816,0.3586206896551724,strong_down,up,SELL CE 24200 80.15 | SELL PE 24200 109.55,7770.75,94.4,83.81,78.0,7514.54,38.5361,7611.03,2441.91,4978.23,107.25,09:39,7897.5,15:06,-1423.5,1.0,200.0,200.0,BUY CE 24400 20.2 | BUY PE 24000 35.2 | SELL CE 24200 80.15 | SELL PE 24200 109.55,2700.75,188.8,99.59,156.0,2256.36,11.5711,2433.72,626.25,1441.31,48.75,09:30,3168.75,15:00,-3432.0,1.0,400.0,400.0,BUY CE 24600 4.3 | BUY PE 23800 9.95 | SELL CE 24200 80.15 | SELL PE 24200 109.55,6240.0,188.8,87.44,156.0,5807.76,29.7834,5982.88,1810.05,3808.91,175.5,09:39,6552.0,15:06,-1521.0,1.0,532276.04,25890.4,0.0,1.0,0.0,69050.21,68495.13,0.0,1.0,0.0,257355.44,36562.09,0.0,1.0,0.0,0.0,0.0,0.0
2026-07-21,Tue,1,0,2026-07-21,24239.5,24266.1,24135.85,130.25,0.5373460673693764,24216.05,-23.450000000000728,-0.09674291961468152,24216.05,24256.15,24237.9,24248.6,32.54999999999927,0.13441498510285232,58.60000000000218,24250.0,45.05,47.0,92.05,0.37960954446854667,0.9585106382978723,-1.9500000000000028,-0.02118413905486152,93,nifty_1min.csv,0.09674291961468152,0.13441498510285232,0.24166343623962697,0.02118413905486152,0.6366105377512459,0.3536121673003723,0.05733944954128441,flat,up,SELL CE 24250 45.05 | SELL PE 24250 47,5820.75,94.4,39.76,78.0,5608.59,28.762,5695.57,1806.6,3707.6,-6591.0,13:00,7458.75,15:00,-7263.75,1.0,100.0,100.0,BUY CE 24350 11.8 | BUY PE 24150 14.4 | SELL CE 24250 45.05 | SELL PE 24250 47,731.25,188.8,42.07,156.0,344.38,1.7661,509.37,-11.07,166.66,-3588.0,13:00,2603.25,15:00,-7010.25,1.0,200.0,200.0,BUY CE 24450 2.9 | BUY PE 24050 4.45 | SELL CE 24250 45.05 | SELL PE 24250 47,4407.0,188.8,40.43,156.0,4021.77,20.6245,4186.75,1214.72,2618.25,-6357.0,13:00,6152.25,15:00,-7702.5,1.0,537884.63,20281.81,0.0,1.0,0.0,69394.59,68150.75,0.0,1.0,0.0,261377.21,32540.32,0.0,1.0,0.0,0.0,0.0,0.0
2026-07-22,Wed,0,6,2026-07-28,24193.05,24262.2,24135.65,126.54999999999927,0.523084108865973,24150.45,-42.599999999998545,-0.17608362732271685,24150.45,24096.6,24097.2,24051.0,-99.45000000000073,-0.4117935690639335,119.34999999999854,24050.0,155.5,162.55,318.05,1.3223982370795393,0.9566287296216548,-7.050000000000011,-0.022166326049363343,105,nifty_1min.csv,0.17608362732271685,0.4117935690639335,0.49623716269593177,0.022166326049363343,0.37525546297751466,0.31268668448357406,0.7688787185354691,mild_down,down,SELL CE 24050 155.5 | SELL PE 24050 162.55,848.25,94.4,145.93,78.0,529.92,2.7175,638.93,113.71,321.81,-2993.25,12:38,2106.0,11:34,-4095.0,1.0,300.0,300.0,BUY CE 24350 48.5 | BUY PE 23750 57.4 | SELL CE 24050 155.5 | SELL PE 24050 162.55,565.5,188.8,194.11,156.0,26.59,0.1364,223.79,-117.0,-45.2,-516.75,12:41,1033.5,15:20,-4260.75,1.0,650.0,650.0,BUY CE 24700 10.05 | BUY PE 23400 14.75 | SELL CE 24050 155.5 | SELL PE 24050 162.55,897.0,188.8,157.43,156.0,394.77,2.0245,584.22,5.72,200.24,-2037.75,12:40,1998.75,15:20,-3773.25,1.0,538414.55,19751.89,0.0,1.0,0.0,69421.18,68124.16,0.0,1.0,0.0,261771.98,32145.55,0.0,1.0,0.0,0.0,0.0,0.0
2026-07-23,Thu,0,5,2026-07-28,23991.05,24166.3,23961.4,204.89999999999782,0.8540684963767647,23904.8,-86.25,-0.3595090669228733,23904.8,23913.6,23950.15,23922.55,17.75,0.07425286971654228,75.79999999999927,23900.0,151.95,126.8,278.75,1.1652185908274828,1.1983438485804416,25.14999999999999,0.09022421524663674,105,nifty_1min.csv,0.3595090669228733,0.07425286971654228,0.3168558535774793,0.09022421524663674,0.2719282511210736,0.06367713004484304,0.6963470319634704,mild_down,up,SELL CE 23900 151.95 | SELL PE 23900 126.8,4348.5,94.4,126.3,78.0,4049.8,20.7682,4154.98,1287.0,2668.4,-165.75,13:16,5421.0,15:02,-2466.75,1.0,300.0,300.0,BUY CE 24200 43.75 | BUY PE 23600 37 | SELL CE 23900 151.95 | SELL PE 23900 126.8,1842.75,188.8,158.65,156.0,1339.3,6.8682,1529.1,320.57,829.94,-224.25,10:09,2593.5,15:02,-3383.25,1.0,550.0,550.0,BUY CE 24450 13.55 | BUY PE 23350 12.9 | SELL CE 23900 151.95 | SELL PE 23900 126.8,3305.25,188.8,136.47,156.0,2823.98,14.4819,3009.22,815.46,1819.72,-126.75,10:09,4485.0,15:02,-2671.5,1.0,542464.35,15702.09,0.0,1.0,0.0,70760.48,66784.86,0.0,1.0,0.0,264595.96,29321.57,0.0,1.0,0.0,0.0,0.0,0.0
2026-07-24,Fri,0,4,2026-07-28,23871.7,23990.75,23807.2,183.54999999999927,0.7689020890845615,23666.35,-205.35000000000218,-0.8602236120594771,23666.35,23751.7,23732.7,23703.4,37.05000000000291,0.15655139047636374,116.64999999999782,23700.0,137.95,119.1,257.04999999999995,1.0844435819333933,1.1582703610411418,18.849999999999994,0.07333203656876093,105,nifty_1min.csv,0.8602236120594771,0.15655139047636374,0.49212349283224266,0.07333203656876093,0.45380276210853077,0.14413538222136907,0.6492027334851936,strong_down,up,SELL CE 23700 137.95 | SELL PE 23700 119.1,1901.25,94.4,117.4,78.0,1611.45,8.2638,1714.51,474.22,1042.83,-4212.0,12:50,3363.75,15:08,-6093.75,1.0,250.0,250.0,BUY CE 23950 45.25 | BUY PE 23450 38.8 | SELL CE 23700 137.95 | SELL PE 23700 119.1,448.5,188.8,153.29,156.0,-49.59,-0.2543,138.95,-142.4,-95.99,-1209.0,12:50,1199.25,15:08,-5772.0,1.0,500.0,500.0,BUY CE 24200 13.6 | BUY PE 23200 11.5 | SELL CE 23700 137.95 | SELL PE 23700 119.1,1062.75,188.8,127.34,156.0,590.61,3.0288,773.7,71.0,330.8,-3042.0,12:50,2583.75,15:08,-5586.75,1.0,544075.8,14090.64,0.0,1.0,0.0,70710.89,66834.45,49.59,0.0,0.0,265186.57,28730.96,0.0,1.0,0.0,1.0,0.0,1.0
2026-07-27,Mon,0,1,2026-07-28,23787.0,23823.6,23606.3,217.29999999999927,0.9135241938874145,23928.4,141.40000000000146,0.5944423424559695,23928.4,23913.75,23930.35,23941.8,13.399999999997817,0.05600040119689497,67.79999999999927,23950.0,83.0,76.1,159.1,0.6645281474241703,1.090670170827858,6.900000000000006,0.04336895034569457,105,nifty_1min.csv,0.5944423424559695,0.05600040119689497,0.28318672781494825,0.04336895034569457,0.42614707730986345,0.08422375864234957,0.25,strong_up,up,SELL CE 23950 83 | SELL PE 23950 76.1,2427.75,94.4,72.11,78.0,2183.24,11.1961,2276.75,664.81,1424.03,-185.25,10:39,6386.25,13:52,-1160.25,1.0,150.0,150.0,BUY CE 24100 26.8 | BUY PE 23800 28.45 | SELL CE 23950 83 | SELL PE 23950 76.1,546.0,188.8,93.92,156.0,107.28,0.5502,283.24,-90.11,8.58,58.5,09:31,2349.75,13:54,-2525.25,1.0,300.0,300.0,BUY CE 24250 7.95 | BUY PE 23650 11.1 | SELL CE 23950 83 | SELL PE 23950 76.1,1326.0,188.8,78.76,156.0,902.44,4.6279,1075.26,174.95,538.69,87.75,09:31,4836.0,13:54,-1335.75,1.0,546259.04,11907.4,0.0,1.0,0.0,70818.17,66727.17,0.0,1.0,0.0,266089.01,27828.52,0.0,1.0,0.0,0.0,0.0,0.0
2026-07-28,Tue,1,0,2026-07-28,24003.65,24011.6,23891.55,120.04999999999927,0.5001322715503653,23971.25,-32.400000000001455,-0.1349794718719922,23971.25,24030.15,24015.3,24006.7,35.45000000000073,0.14788548782395883,72.75,24000.0,47.6,40.2,87.80000000000001,0.3657312333640193,1.1840796019900497,7.399999999999999,0.08428246013667423,105,nifty_1min.csv,0.1349794718719922,0.14788548782395883,0.3030404012213257,0.08428246013667423,0.8285876993166286,0.4037585421412383,0.04308390022675737,mild_down,up,SELL CE 24000 47.6 | SELL PE 24000 40.2,14283.75,94.4,34.04,78.0,14077.31,72.1913,14163.87,4629.5,9353.41,68.25,09:30,15336.75,15:23,-2047.5,1.0,100.0,100.0,BUY CE 24100 12.95 | BUY PE 23900 11.35 | SELL CE 24000 47.6 | SELL PE 24000 40.2,9564.75,188.8,36.18,156.0,9183.77,47.0963,9348.34,2935.39,6059.58,9.75,09:30,10637.25,15:23,-2622.75,1.0,200.0,200.0,BUY CE 24200 3.55 | BUY PE 23800 3.65 | SELL CE 24000 47.6 | SELL PE 24000 40.2,12909.0,188.8,34.72,156.0,12529.48,64.2537,12694.06,4050.63,8290.05,9.75,09:30,13962.0,15:23,-2184.0,1.0,560336.35,0.0,0.0,1.0,0.0,80001.94,57543.4,0.0,1.0,0.0,278618.49,15299.04,0.0,1.0,0.0,0.0,0.0,0.0
2026-07-29,Wed,0,6,2026-08-04,23987.8,24041.15,23954.6,86.55000000000291,0.3608084109422411,24176.65,188.85000000000218,0.7872751982257739,24176.65,24187.15,24177.85,24175.6,-1.0500000000029104,-0.004343033464118934,66.45000000000073,24200.0,134.3,143.25,277.55,1.1480583729049125,0.9375218150087261,-8.949999999999989,-0.03224644208250761,113,nifty_1min.csv,0.7872751982257739,0.004343033464118934,0.2748639123744632,0.03224644208250761,0.2394163213835371,0.0037831021437683674,0.6832579185520362,strong_up,down,SELL CE 24200 134.3 | SELL PE 24200 143.25,3237.0,94.4,126.24,78.0,2938.36,15.0685,3043.42,916.52,1927.44,-1267.5,09:40,3237.0,15:29,-2252.25,1.0,300.0,300.0,BUY CE 24500 29.8 | BUY PE 23900 47.2 | SELL CE 24200 134.3 | SELL PE 24200 143.25,1218.75,188.8,157.8,156.0,716.15,3.6726,905.71,112.85,414.5,-546.0,09:40,1218.75,15:29,-2154.75,1.0,550.0,550.0,BUY CE 24750 6.35 | BUY PE 23650 17.15 | SELL CE 24200 134.3 | SELL PE 24200 143.25,2388.75,188.8,135.43,156.0,1908.52,9.7873,2093.45,510.31,1209.42,-1033.5,09:40,2427.75,12:51,-2154.75,1.0,563274.71,0.0,0.0,1.0,0.0,80718.09,56827.25,0.0,1.0,0.0,280527.01,13390.52,0.0,1.0,0.0,0.0,0.0,0.0
2026-07-30,Thu,0,5,2026-08-04,24242.0,24283.55,24136.75,146.79999999999927,0.60556059731045,24249.55,7.549999999999272,0.03114429502515994,24249.55,24266.45,24273.05,24274.5,24.950000000000728,0.10288850720941514,93.40000000000146,24250.0,121.6,116.6,238.2,0.9812766483346722,1.0428816466552315,5.0,0.020990764063811923,113,nifty_1min.csv,0.03114429502515994,0.10288850720941514,0.3847659066098229,0.020990764063811923,0.39210747271201285,0.10474391267842455,0.5440180586907449,flat,up,SELL CE 24250 121.6 | SELL PE 24250 116.6,2827.5,94.4,108.32,78.0,2546.78,13.0604,2648.01,785.99,1666.39,-2720.25,12:33,4163.25,14:45,-5391.75,1.0,250.0,250.0,BUY CE 24500 29.8 | BUY PE 24000 38.75 | SELL CE 24250 121.6 | SELL PE 24250 116.6,1384.5,188.8,137.09,156.0,902.61,4.6288,1087.8,175.0,538.81,-1287.0,12:33,1618.5,14:29,-6620.25,1.0,500.0,500.0,BUY CE 24750 5.25 | BUY PE 23750 12.75 | SELL CE 24250 121.6 | SELL PE 24250 116.6,1940.25,188.8,114.9,156.0,1480.55,7.5926,1661.08,367.65,924.1,-2632.5,12:33,3276.0,14:45,-5918.25,1.0,565821.49,0.0,0.0,1.0,0.0,81620.7,55924.64,0.0,1.0,0.0,282007.56,11909.97,0.0,1.0,0.0,0.0,0.0,0.0
2026-07-31,Fri,0,4,2026-08-04,24296.6,24342.95,24187.1,155.85000000000218,0.6414477745857535,24361.45,64.85000000000218,0.2669097733839393,24361.45,24350.3,24353.6,24344.75,-16.700000000000728,-0.06855092779781469,54.70000000000073,24350.0,97.7,99.35,197.05,0.8094147608827366,0.9833920483140414,-1.6499999999999915,-0.008373509261608686,113,nifty_1min.csv,0.2669097733839393,0.06855092779781469,0.22468910134628914,0.008373509261608686,0.2775945191575779,0.08475006343567991,0.38288288288288286,mild_up,down,SELL CE 24350 97.7 | SELL PE 24350 99.35,5538.0,94.4,88.18,78.0,5277.42,27.0637,5374.63,1696.21,3486.81,-1989.0,09:35,5538.0,15:29,-3012.75,1.0,200.0,200.0,BUY CE 24550 24.2 | BUY PE 24150 36.15 | SELL CE 24350 97.7 | SELL PE 24350 99.35,2223.0,188.8,109.6,156.0,1768.6,9.0697,1948.04,463.67,1116.13,-370.5,09:35,2223.0,15:29,-2457.0,1.0,400.0,400.0,BUY CE 24750 4.7 | BUY PE 23950 13.25 | SELL CE 24350 97.7 | SELL PE 24350 99.35,4524.0,188.8,94.5,156.0,4084.7,20.9472,4261.15,1235.7,2660.2,-1179.75,09:35,4524.0,15:29,-2613.0,1.0,571098.91,0.0,0.0,1.0,0.0,83389.3,54156.04,0.0,1.0,0.0,286092.26,7825.27,0.0,1.0,0.0,0.0,0.0,0.0
2026-08-03,Mon,0,1,2026-08-04,24366.7,24429.4,24299.7,129.70000000000073,0.5322838135652375,24572.7,206.0,0.8454160801421612,24572.7,24530.15,24526.7,24550.25,-22.450000000000728,-0.09136155164064481,61.29999999999927,24550.0,67.59,62.4,129.99,0.5294854431217605,1.083173076923077,5.190000000000005,0.039926148165243515,113,nifty_1min.csv,0.8454160801421612,0.09136155164064481,0.24969195833036026,0.039926148165243515,0.4715747365181881,0.1727055927379085,0.16179775280898875,strong_up,down,SELL CE 24550 67.59 | SELL PE 24550 62.4,4453.8,94.4,57.82,78.0,4223.58,21.6594,4314.26,1344.93,2784.25,-1435.2,11:03,4453.8,15:29,-2322.45,1.0,150.0,150.0,BUY CE 24700 16.05 | BUY PE 24400 20 | SELL CE 24550 67.59 | SELL PE 24550 62.4,2240.55,188.8,70.16,156.0,1825.59,9.362,1996.67,482.66,1154.12,-742.95,11:03,2240.55,15:29,-3599.7,1.0,250.0,250.0,BUY CE 24800 5.9 | BUY PE 24300 10.5 | SELL CE 24550 67.59 | SELL PE 24550 62.4,3615.3,188.8,63.76,156.0,3206.74,16.4448,3376.6,943.05,2074.9,-1249.95,11:03,3615.3,15:29,-2965.95,1.0,575322.49,0.0,0.0,1.0,0.0,85214.89,52330.45,0.0,1.0,0.0,289299.0,4618.53,0.0,1.0,0.0,0.0,0.0,0.0
2026-08-04,Tue,1,0,2026-08-04,24774.3,24774.3,24515.15,259.1499999999978,1.0460436823643768,24703.9,-70.39999999999782,-0.28416544564325863,24703.9,24604.9,24618.45,24598.5,-105.40000000000146,-0.4266532814656854,114.05000000000291,24600.0,44.5,49.5,94.0,0.3821371221822469,0.898989898989899,-5.0,-0.05319148936170213,113,nifty_1min.csv,0.28416544564325863,0.4266532814656854,0.4636461572860252,0.05319148936170213,1.2132978723404564,1.1212765957446964,0.06053811659192825,mild_down,down,SELL CE 24600 44.5 | SELL PE 24600 49.5,15044.25,94.4,36.55,78.0,14835.3,76.0785,14922.46,4882.17,9858.73,-14742.0,13:57,15044.25,15:29,-16097.25,1.0,100.0,100.0,BUY CE 24700 12.95 | BUY PE 24500 14.55 | SELL CE 24600 44.5 | SELL PE 24600 49.5,9798.75,188.8,39.16,156.0,9414.79,48.281,9580.01,3012.4,6213.59,-4455.75,13:57,9798.75,15:29,-8500.05,1.0,200.0,200.0,BUY CE 24800 3.4 | BUY PE 24400 4 | SELL CE 24600 44.5 | SELL PE 24600 49.5,13669.5,188.8,37.33,156.0,13287.37,68.1404,13452.57,4303.26,8795.32,-11241.75,13:57,13669.5,15:29,-13728.0,1.0,590157.79,0.0,0.0,1.0,0.0,94629.68,42915.66,0.0,1.0,0.0,302586.37,0.0,0.0,1.0,0.0,0.0,0.0,0.0
2026-08-05,Wed,0,6,2026-08-11,24614.9,24703.9,24427.95,275.9500000000007,1.1210689460448782,24669.2,54.29999999999927,0.22059809302495345,24669.2,24636.5,24624.0,24622.2,-47.0,-0.19052097352163833,66.59999999999854,24600.0,169.5,109.65,279.15,1.1337329726831882,1.545827633378933,59.849999999999994,0.21440085975282105,113,nifty_1min.csv,0.22059809302495345,0.19052097352163833,0.2704876087433233,0.21440085975282105,0.2385814078452393,0.16836826079168907,0.6778523489932886,mild_up,down,SELL CE 24600 169.5 | SELL PE 24600 109.65,1677.0,94.4,127.67,78.0,1376.93,7.0612,1482.15,396.04,886.49,-9311.25,13:44,1862.25,15:15,-10578.75,1.0,300.0,300.0,BUY CE 24900 46.2 | BUY PE 24300 31.6 | SELL CE 24600 169.5 | SELL PE 24600 109.65,692.25,188.8,161.57,156.0,185.88,0.9532,376.19,-63.91,60.98,-2388.75,13:44,1170.0,15:15,-10588.5,1.0,550.0,550.0,BUY CE 25150 11.9 | BUY PE 24050 11.8 | SELL CE 24600 169.5 | SELL PE 24600 109.65,1345.5,188.8,137.94,156.0,862.76,4.4244,1048.13,161.72,512.24,-5811.0,13:44,2018.25,15:15,-7975.5,1.0,591534.72,0.0,0.0,1.0,0.0,94815.56,42729.78,0.0,1.0,0.0,303449.13,0.0,0.0,1.0,0.0,0.0,0.0,0.0
2026-08-06,Thu,0,5,2026-08-11,24624.65,24677.6,24497.95,179.64999999999782,0.7295535164966722,24641.0,16.349999999998545,0.06639688279832828,24641.0,24627.0,24638.2,24637.75,-3.25,-0.01318939978085305,44.04999999999927,24650.0,144.35,122.0,266.35,1.0810646264370734,1.1831967213114754,22.349999999999994,0.08391214567298665,113,nifty_1min.csv,0.06639688279832828,0.01318939978085305,0.1787906769083998,0.08391214567298665,0.16538389337337814,0.012201989862962268,0.6473214285714286,flat,down,SELL CE 24650 144.35 | SELL PE 24650 122,3675.75,94.4,120.89,78.0,3382.46,17.3459,3486.43,1064.55,2223.51,-3870.75,11:30,3675.75,15:29,-4553.25,1.0,250.0,250.0,BUY CE 24900 47.7 | BUY PE 24400 41.9 | SELL CE 24650 144.35 | SELL PE 24650 122,1092.0,188.8,157.16,156.0,590.04,3.0258,779.45,70.81,330.42,-1287.0,11:31,1092.0,15:29,-3217.5,1.0,550.0,550.0,BUY CE 25200 9.8 | BUY PE 24100 11.9 | SELL CE 24650 144.35 | SELL PE 24650 122,2174.25,188.8,128.0,156.0,1701.45,8.7254,1884.78,441.28,1071.37,-3373.5,11:30,2174.25,15:29,-4153.5,1.0,594917.18,0.0,0.0,1.0,0.0,95405.6,42139.74,0.0,1.0,0.0,305150.58,0.0,0.0,1.0,0.0,0.0,0.0,0.0
2026-08-07,Fri,0,4,2026-08-11,24636.0,24677.05,24604.15,72.89999999999782,0.29590842669263606,24538.9,-97.09999999999854,-0.3941386588731878,24538.9,24593.25,24613.3,24604.0,65.09999999999854,0.26529306529631946,90.79999999999927,24600.0,142.3,120.35,262.65,1.0675093480734839,1.1823847112588286,21.950000000000017,0.08357129259470786,113,nifty_1min.csv,0.3941386588731878,0.26529306529631946,0.3690456836286753,0.08357129259470786,0.3457072149248021,0.2478583666476244,0.6347438752783965,mild_down,up,SELL CE 24600 142.3 | SELL PE 24600 120.35,9789.0,94.4,116.47,78.0,9500.13,48.7186,9603.74,3103.78,6301.95,-1150.5,09:54,9789.0,15:29,-1774.5,1.0,250.0,250.0,BUY CE 24850 47.35 | BUY PE 24350 39 | SELL CE 24600 142.3 | SELL PE 24600 120.35,3159.0,188.8,143.5,156.0,2670.7,13.6959,2857.41,764.37,1717.53,-399.75,09:54,3217.5,15:28,-1803.75,1.0,550.0,550.0,BUY CE 25150 9.1 | BUY PE 24050 8.5 | SELL CE 24600 142.3 | SELL PE 24600 120.35,8082.75,188.8,121.3,156.0,7616.65,39.0597,7799.12,2413.02,5014.83,-887.25,09:55,8082.75,15:29,-1657.5,1.0,604417.31,0.0,0.0,1.0,0.0,98076.3,39469.04,0.0,1.0,0.0,312767.23,0.0,0.0,1.0,0.0,0.0,0.0,0.0
2026-08-10,Mon,0,1,2026-08-11,24570.65,24630.4,24522.75,107.65000000000146,0.43812434754473917,24581.25,10.599999999998545,0.04314090184833753,24581.25,24602.85,24589.95,24557.9,-23.349999999998545,-0.09499110094075178,67.40000000000146,24550.0,112.05,82.0,194.05,0.7901734268809629,1.3664634146341463,30.049999999999997,0.15485699561968563,113,nifty_1min.csv,0.04314090184833753,0.09499110094075178,0.2744534345363466,0.15485699561968563,0.3473331615563074,0.12032981190414091,0.36444444444444446,flat,down,SELL CE 24550 112.05 | SELL PE 24550 82,7692.75,94.4,85.85,78.0,7434.5,38.1256,7531.42,2415.23,4924.87,321.75,09:30,7692.75,15:29,-955.5,1.0,200.0,200.0,BUY CE 24750 32.5 | BUY PE 24350 24.45 | SELL CE 24550 112.05 | SELL PE 24550 82,2691.0,188.8,102.47,156.0,2243.73,11.5063,2421.7,622.04,1432.89,19.5,10:45,2691.0,15:29,-1745.25,1.0,400.0,400.0,BUY CE 24950 7.05 | BUY PE 24150 6.4 | SELL CE 24550 112.05 | SELL PE 24550 82,6240.0,188.8,89.25,156.0,5805.95,29.7741,5981.45,1809.45,3807.7,302.25,10:45,6240.0,15:29,-1043.25,1.0,611851.81,0.0,0.0,1.0,0.0,100320.03,37225.31,0.0,1.0,0.0,318573.18,0.0,0.0,1.0,0.0,0.0,0.0,0.0
2026-08-11,Tue,1,0,2026-08-11,24583.8,24620.95,24511.1,109.85000000000218,0.44683897526013955,24575.1,-8.700000000000728,-0.03538915871427822,24575.1,24503.5,24499.95,24486.9,-88.19999999999709,-0.35889986205548335,89.64999999999782,24500.0,67.3,73.15,140.45,0.5735719915546679,0.9200273410799725,-5.8500000000000085,-0.041651833392666496,113,nifty_1min.csv,0.03538915871427822,0.35889986205548335,0.3661141263287628,0.041651833392666496,0.6383054467781974,0.627981488074027,0.19955654101995565,flat,down,SELL CE 24500 67.3 | SELL PE 24500 73.15,21820.5,94.4,54.91,78.0,21593.19,110.7343,21684.88,7134.8,14363.99,-156.0,09:31,21820.5,15:29,-916.5,1.0,150.0,150.0,BUY CE 24650 18.4 | BUY PE 24350 20 | SELL CE 24500 67.3 | SELL PE 24500 73.15,14381.25,188.8,58.33,156.0,13978.12,71.6827,14147.84,4533.51,9255.81,-136.5,09:31,14381.25,15:29,-1443.0,1.0,300.0,300.0,BUY CE 24800 3.5 | BUY PE 24200 3.5 | SELL CE 24500 67.3 | SELL PE 24500 73.15,20484.75,188.8,55.57,156.0,20084.38,102.9968,20254.09,6568.93,13326.65,-136.5,09:31,20484.75,15:29,-1004.25,1.0,633445.0,0.0,0.0,1.0,0.0,114298.15,23247.19,0.0,1.0,0.0,338657.56,0.0,0.0,1.0,0.0,0.0,0.0,0.0
2026-08-12,Wed,0,6,2026-08-18,24471.7,24576.85,24429.25,147.59999999999854,0.6031456743912297,24472.45,0.75,0.0030647646056465223,24472.45,24409.9,24424.9,24458.55,-13.900000000001455,-0.05679856328239083,82.70000000000073,24450.0,167.6,105.9,273.5,1.1182183735339994,1.5826251180358828,61.69999999999999,0.22559414990859228,105,nifty_1min.csv,0.0030647646056465223,0.05679856328239083,0.3381230694378887,0.22559414990859228,0.30237659963437197,0.05082266910421007,0.665929203539823,flat,down,SELL CE 24450 167.6 | SELL PE 24450 105.9,5947.5,94.4,123.17,78.0,5651.93,28.9843,5756.6,1821.04,3736.49,-2301.0,12:14,6015.75,15:18,-4533.75,1.0,250.0,250.0,BUY CE 24700 57.1 | BUY PE 24200 36.9 | SELL CE 24450 167.6 | SELL PE 24450 105.9,1950.0,188.8,158.76,156.0,1446.44,7.4176,1636.27,356.28,901.36,-234.0,12:14,1950.0,15:29,-5752.5,1.0,550.0,550.0,BUY CE 25000 10.35 | BUY PE 23900 10 | SELL CE 24450 167.6 | SELL PE 24450 105.9,4777.5,188.8,130.29,156.0,4302.41,22.0636,4486.47,1308.27,2805.34,-1140.75,12:14,4816.5,15:28,-4543.5,1.0,639096.93,0.0,0.0,1.0,0.0,115744.59,21800.75,0.0,1.0,0.0,342959.97,0.0,0.0,1.0,0.0,0.0,0.0,0.0
2026-08-13,Thu,0,5,2026-08-18,24435.95,24473.3,24265.95,207.34999999999854,0.8485448693420904,24431.6,-4.350000000002183,-0.017801640615577388,24431.6,24344.9,24351.15,24342.05,-89.54999999999927,-0.3665335057875836,105.5,24350.0,132.45,99.0,231.45,0.9508237802485822,1.3378787878787877,33.44999999999999,0.1445236552171095,105,nifty_1min.csv,0.017801640615577388,0.3665335057875836,0.4334063893550461,0.1445236552171095,0.45582199179088356,0.3869086195722587,0.5077262693156733,flat,down,SELL CE 24350 132.45 | SELL PE 24350 99,3237.0,94.4,105.03,78.0,2959.57,15.1773,3060.13,923.59,1941.58,-2281.5,12:03,3490.5,14:18,-4095.0,1.0,250.0,250.0,BUY CE 24600 36.45 | BUY PE 24100 28.15 | SELL CE 24350 132.45 | SELL PE 24350 99,897.0,188.8,130.27,156.0,421.93,2.1637,605.63,14.78,218.35,-1189.5,12:03,1296.75,11:22,-4933.5,1.0,450.0,450.0,BUY CE 24800 10.1 | BUY PE 23900 9.5 | SELL CE 24350 132.45 | SELL PE 24350 99,1969.5,188.8,111.62,156.0,1513.08,7.7594,1692.92,378.49,945.79,-2242.5,12:03,2564.25,11:22,-4582.5,1.0,642056.5,0.0,0.0,1.0,0.0,116166.52,21378.82,0.0,1.0,0.0,344473.05,0.0,0.0,1.0,0.0,0.0,0.0,0.0
2026-08-14,Fri,0,4,2026-08-18,24395.85,24431.6,24311.4,120.19999999999709,0.4927067513531896,24361.9,-33.94999999999709,-0.13916301338136236,24361.9,24323.7,24324.95,24309.45,-52.45000000000073,-0.2152951945455844,57.79999999999927,24300.0,123.05,74.15,197.2,0.8112071642920757,1.659474039109912,48.89999999999999,0.24797160243407704,105,nifty_1min.csv,0.13916301338136236,0.2152951945455844,0.23776761712008815,0.24797160243407704,0.2931034482758584,0.2659736308316467,0.3854625550660793,mild_down,down,SELL CE 24300 123.05 | SELL PE 24300 74.15,-19.5,94.4,90.72,78.0,-282.62,-1.4493,-185.4,-157.14,-219.88,-2983.5,14:02,4095.0,13:36,-5060.25,1.0,200.0,200.0,BUY CE 24500 39.55 | BUY PE 24100 20.65 | SELL CE 24300 123.05 | SELL PE 24300 74.15,68.25,188.8,118.59,156.0,-395.14,-2.0264,-213.99,-257.58,-326.36,-897.0,14:02,1589.25,13:38,-6766.5,1.0,400.0,400.0,BUY CE 24700 10.2 | BUY PE 23900 5.55 | SELL CE 24300 123.05 | SELL PE 24300 74.15,-234.0,188.8,97.56,156.0,-676.36,-3.4685,-499.7,-351.32,-513.84,-2388.75,14:02,3334.5,13:36,-5596.5,1.0,641773.88,282.62,282.62,0.0,0.0,115771.38,21773.96,395.14,0.0,0.0,343796.69,676.36,676.36,0.0,0.0,3.0,1.0,0.0
2026-08-17,Mon,0,1,2026-08-18,24366.0,24405.2,24296.8,108.40000000000146,0.4448822129196481,24343.45,-22.549999999999272,-0.09254699170975651,24343.45,24305.25,24302.85,24306.5,-36.95000000000073,-0.15178620943210896,74.79999999999927,24300.0,73.85,56.7,130.55,0.5370991298623826,1.302469135802469,17.14999999999999,0.131367292225201,105,nifty_1min.csv,0.09254699170975651,0.15178620943210896,0.307736613663009,0.131367292225201,0.5729605515128247,0.28303332056683816,0.17142857142857143,flat,down,SELL CE 24300 73.85 | SELL PE 24300 56.7,1150.5,94.4,59.54,78.0,918.56,4.7106,1009.28,243.25,580.9,-3354.0,13:15,2349.75,12:31,-4504.5,1.0,150.0,150.0,BUY CE 24450 21.55 | BUY PE 24150 14.3 | SELL CE 24300 73.85 | SELL PE 24300 56.7,68.25,188.8,73.96,156.0,-350.51,-1.7975,-178.83,-242.7,-296.61,-1774.5,15:12,1092.0,12:33,-4865.25,1.0,250.0,250.0,BUY CE 24550 9.3 | BUY PE 24050 5.85 | SELL CE 24300 73.85 | SELL PE 24300 56.7,536.25,188.8,65.34,156.0,126.11,0.6467,296.01,-83.83,21.14,-2739.75,13:45,1706.25,12:32,-4260.75,1.0,642692.44,0.0,0.0,1.0,0.0,115420.87,22124.47,350.51,0.0,0.0,343922.8,550.25,0.0,1.0,0.0,1.0,0.0,1.0
2026-08-18,Tue,1,0,2026-08-18,24287.65,24360.1,24226.95,133.14999999999782,0.5482210094430618,24223.85,-63.80000000000291,-0.2626849448176456,24223.85,24239.6,24246.25,24246.4,22.55000000000291,0.09309007445143076,58.55000000000291,24250.0,36.6,42.25,78.85,0.3252029167216576,0.8662721893491124,-5.649999999999999,-0.07165504121750157,105,nifty_1min.csv,0.2626849448176456,0.09309007445143076,0.24147914741983514,0.07165504121750157,0.7425491439442348,0.28598604946103884,0.02850877192982456,mild_down,up,SELL CE 24250 36.6 | SELL PE 24250 42.25,-3188.25,94.4,37.69,78.0,-3398.34,-17.4274,-3312.65,-1195.71,-2297.03,-4728.75,15:27,7234.5,15:02,-8326.5,1.0,100.0,100.0,BUY CE 24350 9.2 | BUY PE 24150 9.4 | SELL CE 24250 36.6 | SELL PE 24250 42.25,-6747.0,188.8,39.43,156.0,-7131.23,-36.5704,-6967.51,-2502.94,-4817.09,-6747.0,15:29,4085.25,15:02,-9535.5,1.0,150.0,150.0,BUY CE 24400 4.9 | BUY PE 24100 4.4 | SELL CE 24250 36.6 | SELL PE 24250 42.25,-4953.0,188.8,38.59,156.0,-5336.39,-27.3661,-5172.68,-1904.66,-3620.53,-6259.5,15:27,5655.0,15:02,-9876.75,1.0,639294.1,3398.34,3398.34,0.0,0.0,108289.64,29255.7,7131.23,0.0,0.0,338586.41,5886.64,5336.39,0.0,0.0,3.0,1.0,0.0
2026-08-19,Wed,0,6,2026-08-25,24154.9,24269.65,24154.9,114.75,0.475058890742665,24152.05,-2.850000000002183,-0.011798848266820325,24152.05,24119.75,24108.6,24098.25,-53.79999999999927,-0.22275541827712048,79.79999999999927,24100.0,146.6,109.8,256.4,1.0639776747274179,1.3351548269581057,36.8,0.1435257410296412,121,nifty_1min.csv,0.011798848266820325,0.22275541827712048,0.33114437770377214,0.1435257410296412,0.3112324492979691,0.2098283931357226,0.6323851203501094,flat,down,SELL CE 24100 146.6 | SELL PE 24100 109.8,4621.5,94.4,115.89,78.0,4333.21,22.2216,4436.2,1381.47,2857.34,292.5,09:31,4621.5,15:29,-916.5,1.0,250.0,250.0,BUY CE 24350 47.1 | BUY PE 23850 35.7 | SELL CE 24100 146.6 | SELL PE 24100 109.8,1930.5,188.8,148.83,156.0,1436.87,7.3686,1624.59,353.09,894.98,97.5,09:31,1998.75,15:08,-4865.25,1.0,500.0,500.0,BUY CE 24600 12.3 | BUY PE 23600 11.2 | SELL CE 24100 146.6 | SELL PE 24100 109.8,3763.5,188.8,125.06,156.0,3293.64,16.8905,3476.5,972.01,2132.83,253.5,09:31,3763.5,15:29,-2115.75,1.0,643627.31,0.0,0.0,1.0,0.0,109726.51,27818.83,0.0,1.0,0.0,341880.05,2593.0,0.0,1.0,0.0,0.0,0.0,0.0
2026-08-20,Thu,0,5,2026-08-25,24078.3,24172.85,24025.65,147.1999999999971,0.6113388403666251,24225.45,147.15000000000146,0.6111311845105405,24225.45,24191.8,24185.55,24190.95,-34.5,-0.14241221525296743,40.900000000001455,24200.0,130.75,78.65,209.4,0.8656129668326378,1.6624284806102987,52.099999999999994,0.2488061127029608,121,nifty_1min.csv,0.6111311845105405,0.14241221525296743,0.16907149161153842,0.2488061127029608,0.19531996179561345,0.16475644699140402,0.4279475982532751,strong_up,down,SELL CE 24200 130.75 | SELL PE 24200 78.65,536.25,94.4,96.09,78.0,267.76,1.3731,366.18,26.32,147.04,-5996.25,12:51,2164.5,11:22,-7029.75,1.0,200.0,200.0,BUY CE 24400 44.4 | BUY PE 24000 25.65 | SELL CE 24200 130.75 | SELL PE 24200 78.65,-235.95,188.8,126.84,156.0,-707.59,-3.6287,-524.73,-361.73,-534.66,-2283.45,12:51,614.25,11:20,-4311.45,1.0,400.0,400.0,BUY CE 24600 12.2 | BUY PE 23800 9.1 | SELL CE 24200 130.75 | SELL PE 24200 78.65,-518.7,188.8,103.87,156.0,-967.37,-4.9609,-789.4,-448.32,-707.85,-5304.0,12:51,1443.0,11:22,-6669.0,1.0,643895.07,0.0,0.0,1.0,0.0,109018.92,28526.42,707.59,0.0,0.0,340912.68,3560.37,967.37,0.0,0.0,2.0,0.0,0.0
2026-08-21,Fri,0,4,2026-08-25,24231.85,24265.15,24184.55,80.60000000000218,0.33262008472321425,24284.05,52.20000000000073,0.21541896305895228,24284.05,24237.55,24220.4,24230.95,-53.099999999998545,-0.21866204360474692,73.25,24250.0,102.8,76.1,178.89999999999998,0.7383119522759114,1.3508541392904074,26.700000000000003,0.14924538848518729,121,nifty_1min.csv,0.21541896305895228,0.21866204360474692,0.3022993320526021,0.14924538848518729,0.4094466182224707,0.2968138624930048,0.32461873638344224,mild_up,down,SELL CE 24250 102.8 | SELL PE 24250 76.1,3422.25,94.4,80.78,78.0,3169.07,16.2516,3264.52,993.42,2081.25,-146.25,09:31,3705.0,15:28,-838.5,1.0,200.0,200.0,BUY CE 24450 25.35 | BUY PE 24050 22.5 | SELL CE 24250 102.8 | SELL PE 24250 76.1,1374.75,188.8,98.87,156.0,931.08,4.7748,1108.17,184.49,557.79,-107.25,09:31,1540.5,15:28,-1170.0,1.0,350.0,350.0,BUY CE 24600 7 | BUY PE 23900 9 | SELL CE 24250 102.8 | SELL PE 24250 76.1,2583.75,188.8,86.53,156.0,2152.42,11.0381,2327.0,591.61,1372.01,-136.5,09:31,2856.75,15:28,-897.0,1.0,647064.14,0.0,0.0,1.0,0.0,109950.0,27595.34,0.0,1.0,0.0,343065.1,1407.95,0.0,1.0,0.0,0.0,0.0,0.0
2026-08-24,Mon,0,1,2026-08-25,24252.0,24284.05,24206.8,77.25,0.31853043047996044,24285.05,33.04999999999927,0.1362774204189315,24285.05,24303.9,24304.65,24290.3,5.25,0.021618238381226312,41.900000000001455,24300.0,74.25,46.0,120.25,0.4950535810591059,1.6141304347826086,28.25,0.23492723492723494,121,nifty_1min.csv,0.1362774204189315,0.021618238381226312,0.17249684030251358,0.23492723492723494,0.34844074844076056,0.04365904365904366,0.1391304347826087,mild_up,up,SELL CE 24300 74.25 | SELL PE 24300 46,-4797.0,94.4,57.45,78.0,-5026.85,-25.7787,-4937.13,-1738.55,-3382.7,-8921.25,13:06,1101.75,10:47,-9808.5,1.0,100.0,100.0,BUY CE 24400 27.75 | BUY PE 24200 19.55 | SELL CE 24300 74.25 | SELL PE 24300 46,-1365.0,188.8,85.78,156.0,-1795.58,-9.2081,-1621.53,-724.39,-1259.99,-1794.0,13:06,438.75,10:51,-4748.25,1.0,250.0,250.0,BUY CE 24550 4.8 | BUY PE 24050 6.3 | SELL CE 24300 74.25 | SELL PE 24300 46,-3812.25,188.8,64.44,156.0,-4221.49,-21.6487,-4052.19,-1533.03,-2877.26,-6288.75,13:06,975.0,10:47,-7419.75,1.0,642037.29,5026.85,5026.85,0.0,0.0,108154.42,29390.92,1795.58,0.0,0.0,338843.61,5629.44,4221.49,0.0,0.0,3.0,1.0,0.0
2026-08-25,Tue,1,0,2026-08-25,24219.05,24313.0,24144.3,168.70000000000073,0.696559113590338,24175.75,-43.29999999999927,-0.17878488214855362,24175.75,24185.5,24176.05,24182.2,6.450000000000728,0.0266796273124959,69.40000000000146,24200.0,38.3,43.85,82.15,0.3397126812283415,0.8734321550741162,-5.550000000000004,-0.06755934266585518,121,nifty_1min.csv,0.17878488214855362,0.0266796273124959,0.28698794981433223,0.06755934266585518,0.8447961046865666,0.07851491174681348,0.03470715835140998,mild_down,up,SELL CE 24200 38.3 | SELL PE 24200 43.85,-10237.5,94.4,42.34,78.0,-10452.24,-53.6012,-10366.23,-3547.01,-6999.63,-10305.75,15:28,6132.75,14:28,-10627.5,1.0,100.0,100.0,BUY CE 24300 9.7 | BUY PE 24100 11.25 | SELL CE 24200 38.3 | SELL PE 24200 43.85,-7585.5,188.8,57.06,156.0,-7987.36,-40.9608,-7819.98,-2788.32,-5387.84,-7644.0,15:28,3227.25,14:37,-11826.75,1.0,150.0,150.0,BUY CE 24350 4.65 | BUY PE 24050 5.5 | SELL CE 24200 38.3 | SELL PE 24200 43.85,-12197.25,188.8,43.26,156.0,-12585.31,-64.5401,-12421.29,-4320.97,-8453.14,-12246.0,15:28,4650.75,14:37,-12577.5,1.0,631585.05,15479.09,10452.24,0.0,0.0,100167.06,37378.28,7987.36,0.0,0.0,326258.3,18214.75,12585.31,0.0,0.0,3.0,1.0,0.0
2026-08-26,Wed,0,6,2026-09-01,24334.55,24334.55,24115.45,219.09999999999854,0.9003659406070733,24341.95,7.400000000001455,0.03040943843219396,24341.95,24316.95,24353.3,24350.9,8.950000000000728,0.03676780208652441,53.70000000000073,24350.0,158.6,70.7,229.3,0.9416489739598947,2.2432814710042432,87.89999999999999,0.3833406018316615,105,nifty_1min.csv,0.03040943843219396,0.03676780208652441,0.22052573005515494,0.3833406018316615,0.23419101613606946,0.039031836022680885,0.5,flat,up,SELL CE 24350 158.6 | SELL PE 24350 70.7,3032.25,94.4,104.13,78.0,2755.72,14.1319,2856.07,855.64,1805.68,-1764.75,09:46,3402.75,15:20,-2184.0,1.0,250.0,250.0,BUY CE 24600 43.25 | BUY PE 24100 19.9 | SELL CE 24350 158.6 | SELL PE 24350 70.7,1560.0,188.8,130.37,156.0,1084.83,5.5632,1268.61,235.74,660.29,-838.5,09:46,1628.25,15:22,-2349.75,1.0,450.0,450.0,BUY CE 24800 11.35 | BUY PE 23900 8.65 | SELL CE 24350 158.6 | SELL PE 24350 70.7,2593.5,188.8,112.49,156.0,2136.21,10.9549,2316.29,586.2,1361.2,-1511.25,09:46,2808.0,15:22,-2047.5,1.0,634340.77,12723.37,0.0,1.0,0.0,101251.89,36293.45,0.0,1.0,0.0,328394.51,16078.54,0.0,1.0,0.0,0.0,0.0,0.0
2026-08-27,Thu,0,5,2026-09-01,24207.75,24378.6,24207.75,170.84999999999854,0.7057657155249808,24277.6,69.84999999999854,0.28854395802996374,24277.6,24249.3,24225.15,24202.5,-75.09999999999854,-0.3093386496193963,99.10000000000218,24200.0,140.0,74.55,214.55,0.8864786695589298,1.8779342723004695,65.45,0.30505709624796085,105,nifty_1min.csv,0.28854395802996374,0.3093386496193963,0.4094618324553339,0.30505709624796085,0.4618969937077706,0.3500349568864998,0.4470842332613391,mild_up,down,SELL CE 24200 140 | SELL PE 24200 74.55,2613.0,94.4,97.54,78.0,2343.06,12.0157,2441.98,718.09,1530.58,-1228.5,11:28,3256.5,14:28,-2115.75,1.0,200.0,200.0,BUY CE 24400 50.65 | BUY PE 24000 23.45 | SELL CE 24200 140 | SELL PE 24200 74.55,1150.5,188.8,128.82,156.0,676.88,3.4712,860.29,99.76,388.32,-204.75,09:33,1287.0,14:28,-2593.5,1.0,450.0,450.0,BUY CE 24650 10.9 | BUY PE 23750 6.2 | SELL CE 24200 140 | SELL PE 24200 74.55,2408.25,188.8,105.01,156.0,1958.44,10.0433,2136.92,526.95,1242.69,-429.0,09:34,2827.5,14:28,-2076.75,1.0,636683.83,10380.31,0.0,1.0,0.0,101928.77,35616.57,0.0,1.0,0.0,330352.95,14120.1,0.0,1.0,0.0,0.0,0.0,0.0
2026-08-28,Fri,0,4,2026-09-01,24090.85,24297.45,24090.85,206.60000000000218,0.857587009175692,24122.6,31.75,0.13179277609548853,24122.6,24113.0,24131.5,24148.35,25.75,0.10674637062339881,51.70000000000073,24150.0,137.8,66.15,203.95000000000002,0.8445711611766435,2.0831443688586546,71.65,0.3513115959794067,105,nifty_1min.csv,0.13179277609548853,0.10674637062339881,0.21409330244095656,0.3513115959794067,0.25349350330963827,0.12625643540083353,0.41163793103448276,mild_up,up,SELL CE 24150 137.8 | SELL PE 24150 66.15,3607.5,94.4,92.22,78.0,3342.88,17.143,3440.77,1051.36,2197.12,-1989.0,10:17,3753.75,15:03,-3549.0,1.0,200.0,200.0,BUY CE 24350 44.45 | BUY PE 23950 20.85 | SELL CE 24150 137.8 | SELL PE 24150 66.15,1111.5,188.8,117.48,156.0,649.22,3.3293,830.23,90.54,369.88,-789.75,10:17,1638.0,15:02,-4816.5,1.0,400.0,400.0,BUY CE 24550 11.1 | BUY PE 23750 7.3 | SELL CE 24150 137.8 | SELL PE 24150 66.15,2427.75,188.8,98.42,156.0,1984.53,10.1771,2161.62,535.64,1260.08,-1706.25,10:17,3129.75,15:03,-3373.5,1.0,640026.71,7037.43,0.0,1.0,0.0,102577.99,34967.35,0.0,1.0,0.0,332337.48,12135.57,0.0,1.0,0.0,0.0,0.0,0.0
2026-08-31,Mon,0,1,2026-09-01,24175.65,24188.3,24076.85,111.45000000000073,0.4610010485757393,24117.55,-58.10000000000218,-0.24032445870122285,24117.55,24067.2,24068.8,24045.5,-72.04999999999927,-0.29874510470590615,92.5,24050.0,79.05,68.35,147.39999999999998,0.6130045122788047,1.1565471836137529,10.700000000000003,0.07259158751696068,105,nifty_1min.csv,0.24032445870122285,0.29874510470590615,0.3846873635399555,0.07259158751696068,0.6275440976933515,0.48880597014924887,0.22795698924731184,mild_down,down,SELL CE 24050 79.05 | SELL PE 24050 68.35,1755.0,94.4,67.03,78.0,1515.57,7.7722,1607.94,442.26,978.92,-9730.5,14:46,1755.0,15:29,-14147.25,1.0,150.0,150.0,BUY CE 24200 26.65 | BUY PE 23900 21.05 | SELL CE 24050 79.05 | SELL PE 24050 68.35,9.75,188.8,85.63,156.0,-420.68,-2.1573,-246.53,-266.09,-343.39,-3081.0,14:46,321.75,10:29,-11388.0,1.0,300.0,300.0,BUY CE 24350 8.9 | BUY PE 23750 6.3 | SELL CE 24050 79.05 | SELL PE 24050 68.35,799.5,188.8,72.19,156.0,382.51,1.9616,553.89,1.64,192.07,-7312.5,14:46,799.5,15:29,-13152.75,1.0,641542.28,5521.86,0.0,1.0,0.0,102157.31,35388.03,420.68,0.0,0.0,332719.99,11753.06,0.0,1.0,0.0,1.0,0.0,1.0
2026-09-01,Tue,1,0,2026-09-01,24080.4,24128.7,23993.6,135.10000000000218,0.5610371920732304,24077.55,-2.850000000002183,-0.011835351572242083,24077.55,24042.55,24039.4,24064.75,-12.799999999999272,-0.053161555058547375,54.79999999999927,24050.0,55.2,34.9,90.1,0.3744065489980158,1.5816618911174787,20.300000000000004,0.22530521642619317,105,nifty_1min.csv,0.011835351572242083,0.053161555058547375,0.22771896653819082,0.22530521642619317,0.6082130965593704,0.14206437291897084,0.055793991416309016,flat,down,SELL CE 24050 55.2 | SELL PE 24050 34.9,16389.75,94.4,34.16,78.0,16183.19,82.9907,16269.97,5331.46,10757.33,-7419.75,11:30,16389.75,15:29,-8784.75,1.0,100.0,100.0,BUY CE 24150 17.3 | BUY PE 23950 8.85 | SELL CE 24050 55.2 | SELL PE 24050 34.9,11329.5,188.8,36.5,156.0,10948.2,56.1446,11113.0,3523.53,7235.86,-2837.25,11:30,11329.5,15:29,-6464.25,1.0,200.0,200.0,BUY CE 24250 5.5 | BUY PE 23850 2.6 | SELL CE 24050 55.2 | SELL PE 24050 34.9,14849.25,188.8,34.94,156.0,14469.51,74.2026,14634.32,4697.3,9583.41,-6045.0,11:30,14849.25,15:29,-8209.5,1.0,657725.47,0.0,0.0,1.0,0.0,113105.51,24439.83,0.0,1.0,0.0,347189.5,0.0,0.0,1.0,0.0,0.0,0.0,0.0
2026-09-02,Wed,0,6,2026-09-08,24055.8,24143.15,23952.55,190.60000000000218,0.7923245121758669,23858.0,-197.79999999999927,-0.822254923968437,23858.0,23824.35,23804.6,23822.55,-35.45000000000073,-0.14858747589907254,96.15000000000146,23800.0,187.25,107.45,294.7,1.237063202721791,1.7426710097719869,79.8,0.27078384798099764,88,nifty_1min.csv,0.822254923968437,0.14858747589907254,0.4036091854146658,0.27078384798099764,0.3262639972853799,0.12029182219206219,0.7430406852248393,strong_down,down,SELL CE 23800 187.25 | SELL PE 23800 107.45,4758.0,94.4,133.45,78.0,4452.15,22.8315,4558.88,1421.12,2936.63,-1462.5,14:35,4943.25,15:27,-2944.5,1.0,300.0,300.0,BUY CE 24100 55.3 | BUY PE 23500 32.5 | SELL CE 23800 187.25 | SELL PE 23800 107.45,1618.5,188.8,167.83,156.0,1105.87,5.6711,1297.59,242.76,674.31,-887.25,14:35,1764.75,15:27,-3032.25,1.0,600.0,600.0,BUY CE 24400 11.75 | BUY PE 23200 10.45 | SELL CE 23800 187.25 | SELL PE 23800 107.45,3627.0,188.8,141.5,156.0,3140.7,16.1062,3327.03,921.03,2030.87,-1628.25,14:35,3890.25,15:27,-3227.25,1.0,662177.62,0.0,0.0,1.0,0.0,114211.38,23333.96,0.0,1.0,0.0,350330.2,0.0,0.0,1.0,0.0,0.0,0.0,0.0
2026-09-03,Thu,0,5,2026-09-08,23914.45,23914.45,23786.8,127.65000000000146,0.5337776950755775,23997.95,83.5,0.3491612811500996,23997.95,23969.55,23959.2,23982.8,-15.150000000001455,-0.06313039238768918,70.05000000000291,24000.0,122.0,97.35,219.35,0.914613806561369,1.2532100667693888,24.650000000000006,0.1123774789149761,88,nifty_1min.csv,0.3491612811500996,0.06313039238768918,0.29208432710110127,0.1123774789149761,0.31935263277867754,0.06906770002280126,0.4722222222222222,mild_up,down,SELL CE 24000 122 | SELL PE 24000 97.35,-1579.5,94.4,101.61,78.0,-1853.51,-9.5052,-1754.12,-680.77,-1267.14,-2788.5,12:42,1189.5,15:18,-3490.5,1.0,200.0,200.0,BUY CE 24200 39.75 | BUY PE 23800 36.95 | SELL CE 24000 122 | SELL PE 24000 97.35,-156.0,188.8,139.62,156.0,-640.42,-3.2842,-454.84,-339.34,-489.88,-614.25,09:45,838.5,15:18,-3276.0,1.0,450.0,450.0,BUY CE 24450 7.7 | BUY PE 23550 11.35 | SELL CE 24000 122 | SELL PE 24000 97.35,-1355.25,188.8,110.8,156.0,-1810.85,-9.2864,-1631.49,-729.48,-1270.17,-1979.25,12:42,1121.25,15:18,-2925.0,1.0,660324.11,1853.51,1853.51,0.0,0.0,113570.96,23974.38,640.42,0.0,0.0,348519.35,1810.85,1810.85,0.0,0.0,3.0,1.0,0.0
2026-09-04,Fri,0,4,2026-09-08,23873.45,24025.4,23873.45,151.95000000000073,0.6364811118627627,23910.9,37.45000000000073,0.1568688228974058,23910.9,23928.1,23916.55,23908.7,-2.2000000000007276,-0.009200824728474158,49.849999999998545,23900.0,132.75,77.5,210.25,0.8793870013844333,1.7129032258064516,55.25,0.262782401902497,88,nifty_1min.csv,0.1568688228974058,0.009200824728474158,0.20850150781932328,0.262782401902497,0.2370986920332868,0.010463733650419632,0.44136460554371004,mild_up,down,SELL CE 23900 132.75 | SELL PE 23900 77.5,6493.5,94.4,93.83,78.0,6227.27,31.9347,6325.77,2012.82,4120.05,-3802.5,11:39,6493.5,15:29,-4397.25,1.0,200.0,200.0,BUY CE 24100 44 | BUY PE 23700 25.3 | SELL CE 23900 132.75 | SELL PE 23900 77.5,1901.25,188.8,116.92,156.0,1439.53,7.3822,1620.49,353.98,896.75,-1423.5,11:39,1901.25,15:29,-3139.5,1.0,400.0,400.0,BUY CE 24300 10.9 | BUY PE 23500 8.05 | SELL CE 23900 132.75 | SELL PE 23900 77.5,4865.25,188.8,99.43,156.0,4421.02,22.6719,4598.55,1347.81,2884.41,-3266.25,11:39,4865.25,15:29,-3939.0,1.0,666551.38,0.0,0.0,1.0,0.0,115010.49,22534.85,0.0,1.0,0.0,352940.37,0.0,0.0,1.0,0.0,0.0,0.0,0.0
2026-09-07,Mon,0,1,2026-09-08,23897.7,24005.75,23895.85,109.90000000000146,0.4598768919184752,23883.15,-14.549999999999272,-0.06088452026763777,23883.15,23859.35,23841.75,23830.95,-52.20000000000073,-0.2185641341280389,71.5,23850.0,68.34,77.45,145.79000000000002,0.6117674704533391,0.8823757262750161,-9.11,-0.06248713903559914,88,nifty_1min.csv,0.06088452026763777,0.2185641341280389,0.3000300030003,0.06248713903559914,0.49043144248576714,0.3580492489196839,0.2276595744680851,flat,down,SELL CE 23850 68.34 | SELL PE 23850 77.45,2435.55,94.4,65.98,78.0,2197.17,11.2675,2289.38,669.46,1433.31,-2156.7,11:40,2728.05,14:32,-2897.7,1.0,150.0,150.0,BUY CE 24000 22.7 | BUY PE 23700 23.05 | SELL CE 23850 68.34 | SELL PE 23850 77.45,573.3,188.8,83.46,156.0,145.04,0.7438,318.78,-77.52,33.76,-538.2,11:40,1304.55,14:32,-3511.95,1.0,300.0,300.0,BUY CE 24150 7.4 | BUY PE 23550 6.1 | SELL CE 23850 68.34 | SELL PE 23850 77.45,1675.05,188.8,70.74,156.0,1259.51,6.459,1430.66,293.97,776.74,-1581.45,11:40,2191.8,14:32,-2380.95,1.0,668748.55,0.0,0.0,1.0,0.0,115155.53,22389.81,0.0,1.0,0.0,354199.88,0.0,0.0,1.0,0.0,0.0,0.0,0.0
2026-09-08,Tue,1,0,2026-09-08,23779.15,23890.0,23737.9,152.09999999999854,0.6396359836243034,23743.1,-36.05000000000291,-0.15160340045797646,23743.1,23693.6,23680.6,23670.85,-72.25,-0.30429893316374024,89.75,23650.0,71.8,34.2,106.0,0.4478081691194022,2.0994152046783623,37.599999999999994,0.3547169811320754,88,nifty_1min.csv,0.15160340045797646,0.30429893316374024,0.379158331872324,0.3547169811320754,0.8466981132075472,0.6816037735849056,0.11040339702760085,mild_down,down,SELL CE 23650 71.8 | SELL PE 23650 34.2,17725.5,94.4,40.88,78.0,17512.22,89.8063,17600.55,5774.47,11643.35,-1014.0,10:14,17725.5,15:29,-5830.5,1.0,100.0,100.0,BUY CE 23750 26.95 | BUY PE 23550 10.3 | SELL CE 23650 71.8 | SELL PE 23650 34.2,10481.25,188.8,44.15,156.0,10092.3,51.7554,10258.65,3238.23,6665.27,-477.75,15:21,10481.25,15:29,-12480.0,1.0,200.0,200.0,BUY CE 23850 9.55 | BUY PE 23450 3.3 | SELL CE 23650 71.8 | SELL PE 23650 34.2,15239.25,188.8,42.03,156.0,14852.42,76.1663,15018.76,4824.94,9838.68,-867.75,10:14,15239.25,15:29,-8043.75,1.0,686260.77,0.0,0.0,1.0,0.0,125247.83,12297.51,0.0,1.0,0.0,369052.3,0.0,0.0,1.0,0.0,0.0,0.0,0.0
2026-09-09,Wed,0,6,2026-09-15,23635.1,23758.95,23623.1,135.85000000000218,0.5747807286620416,23522.05,-113.04999999999927,-0.47831403294252733,23522.05,23500.35,23511.8,23510.85,-11.200000000000728,-0.04761489751106187,58.95000000000073,23500.0,165.3,104.95,270.25,1.1494692875842432,1.5750357313006194,60.35000000000001,0.2233117483811286,92,nifty_1min.csv,0.47831403294252733,0.04761489751106187,0.2507352988088509,0.2233117483811286,0.21813135985199159,0.041443108233120175,0.701271186440678,mild_down,down,SELL CE 23500 165.3 | SELL PE 23500 104.95,5655.0,94.4,121.81,78.0,5360.79,27.4912,5465.14,1724.0,3542.4,-760.5,12:48,6123.0,15:28,-2047.5,1.0,250.0,250.0,BUY CE 23750 56.5 | BUY PE 23250 36.45 | SELL CE 23500 165.3 | SELL PE 23500 104.95,2330.25,188.8,158.2,156.0,1827.25,9.3705,2017.0,483.22,1155.23,-419.25,12:48,2544.75,15:28,-3510.0,1.0,550.0,550.0,BUY CE 24050 12 | BUY PE 22950 11.2 | SELL CE 23500 165.3 | SELL PE 23500 104.95,5089.5,188.8,131.4,156.0,4613.3,23.6579,4797.63,1411.9,3012.6,-926.25,12:48,5547.75,15:28,-2457.0,1.0,691621.56,0.0,0.0,1.0,0.0,127075.08,10470.26,0.0,1.0,0.0,373665.6,0.0,0.0,1.0,0.0,0.0,0.0,0.0
2026-09-10,Thu,0,5,2026-09-15,23431.5,23571.55,23431.5,140.04999999999927,0.5976996777841763,23446.6,15.099999999998545,0.06444316411667432,23446.6,23460.3,23429.15,23439.15,-7.44999999999709,-0.03177432975355527,80.95000000000073,23450.0,130.5,99.55,230.05,0.9814775706456932,1.3108990457056755,30.950000000000003,0.13453597044120844,92,nifty_1min.csv,0.06444316411667432,0.03177432975355527,0.3453623531570075,0.13453597044120844,0.3518800260812898,0.032384264290359004,0.5581395348837209,flat,down,SELL CE 23450 130.5 | SELL PE 23450 99.55,5547.75,94.4,103.36,78.0,5271.99,27.0358,5372.42,1694.4,3483.19,-19.5,09:31,5547.75,15:29,-1491.75,1.0,250.0,250.0,BUY CE 23700 35.55 | BUY PE 23200 30.75 | SELL CE 23450 130.5 | SELL PE 23450 99.55,2613.0,188.8,128.24,156.0,2139.96,10.9742,2323.39,587.45,1363.71,-107.25,10:44,2720.25,15:26,-2437.5,1.0,450.0,450.0,BUY CE 23900 11.45 | BUY PE 23000 12.95 | SELL CE 23450 130.5 | SELL PE 23450 99.55,4543.5,188.8,112.66,156.0,4086.04,20.9541,4266.34,1236.15,2661.09,-9.75,09:56,4582.5,15:20,-1618.5,1.0,696893.55,0.0,0.0,1.0,0.0,129215.04,8330.3,0.0,1.0,0.0,377751.64,0.0,0.0,1.0,0.0,0.0,0.0,0.0
2026-09-11,Fri,0,4,2026-09-15,23477.8,23494.95,23380.1,114.85000000000218,0.489185528456679,23270.3,-207.5,-0.8838136452308138,23270.3,23259.0,23258.9,23258.4,-11.899999999997817,-0.05113814604881681,45.89999999999782,23250.0,111.2,98.15,209.35000000000002,0.9001049083341933,1.1329597554763118,13.049999999999997,0.062335801289706214,92,nifty_1min.csv,0.8838136452308138,0.05113814604881681,0.19734805489628612,0.062335801289706214,0.21925005970861147,0.05684260807259525,0.45569620253164556,strong_down,down,SELL CE 23250 111.2 | SELL PE 23250 98.15,-11349.0,94.4,101.35,78.0,-11622.75,-59.6038,-11524.34,-3937.18,-7779.97,-16692.0,14:04,945.75,10:04,-20016.75,1.0,200.0,200.0,BUY CE 23450 36.8 | BUY PE 23050 35.3 | SELL CE 23250 111.2 | SELL PE 23250 98.15,-4943.25,188.8,146.78,156.0,-5434.83,-27.8709,-5248.19,-1937.48,-3686.15,-5645.25,15:16,253.5,09:30,-13240.5,1.0,400.0,400.0,BUY CE 23650 11.8 | BUY PE 22850 13.15 | SELL CE 23250 111.2 | SELL PE 23250 98.15,-10666.5,188.8,114.13,156.0,-11125.43,-57.0535,-10946.25,-3834.34,-7479.89,-13016.25,14:04,458.25,09:59,-17062.5,1.0,685270.8,11622.75,11622.75,0.0,0.0,123780.21,13765.13,5434.83,0.0,0.0,366626.21,11125.43,11125.43,0.0,0.0,3.0,1.0,0.0
2026-09-15,Tue,1,0,2026-09-15,23398.1,23448.1,23231.4,216.6999999999971,0.9261435757604126,23576.15,178.0500000000029,0.760959223184801,23576.15,23501.25,23473.8,23464.2,-111.95000000000073,-0.4748442811909524,140.79999999999927,23450.0,65.0,49.55,114.55,0.48819052002625274,1.311806256306761,15.450000000000003,0.13487560017459627,92,nifty_1min.csv,0.760959223184801,0.4748442811909524,0.6000630748118378,0.13487560017459627,1.2291575731121718,0.9773024879965144,0.13894736842105262,strong_up,down,SELL CE 23450 65 | SELL PE 23450 49.55,-42422.25,94.4,71.55,78.0,-42666.2,-218.801,-42577.03,-14285.0,-28475.6,-44635.5,15:20,867.75,09:47,-47375.25,1.0,100.0,100.0,BUY CE 23550 23.45 | BUY PE 23350 19.4 | SELL CE 23450 65 | SELL PE 23450 49.55,-5557.5,188.8,161.84,156.0,-6064.14,-31.0982,-5874.36,-2147.25,-4105.7,-5918.25,15:27,302.25,09:45,-34524.75,1.0,250.0,250.0,BUY CE 23700 3.95 | BUY PE 23200 4.95 | SELL CE 23450 65 | SELL PE 23450 49.55,-28245.75,188.8,102.79,156.0,-28693.34,-147.1453,-28518.21,-9690.31,-19191.83,-28431.0,15:27,633.75,09:45,-44128.5,1.0,642604.6,54288.95,42666.2,0.0,1.0,117716.07,19829.27,6064.14,0.0,0.0,337932.87,39818.77,28693.34,0.0,1.0,3.0,1.0,0.0
2026-09-16,Wed,0,6,2026-09-22,23118.6,23592.85,23118.6,474.25,2.051378543683441,23201.6,83.0,0.35901827965361227,23201.6,23247.65,23235.9,23204.0,2.400000000001455,0.010344114199027029,94.60000000000218,23200.0,183.1,147.7,330.79999999999995,1.4256162730563693,1.2396750169262019,35.400000000000006,0.1070133010882709,96,nifty_1min.csv,0.35901827965361227,0.010344114199027029,0.4076883295983545,0.1070133010882709,0.2859733978234649,0.007255139056836323,0.8403361344537815,mild_up,up,SELL CE 23200 183.1 | SELL PE 23200 147.7,4426.5,94.4,150.21,78.0,4103.89,21.0456,4214.15,1305.03,2704.46,-2613.0,10:52,5079.75,15:28,-4338.75,1.0,350.0,350.0,BUY CE 23550 45.05 | BUY PE 22850 50 | SELL CE 23200 183.1 | SELL PE 23200 147.7,1823.25,188.8,188.95,156.0,1289.5,6.6128,1485.72,303.97,796.74,-1355.25,10:52,2164.5,15:28,-4514.25,1.0,650.0,650.0,BUY CE 23850 10.15 | BUY PE 22550 19.1 | SELL CE 23200 183.1 | SELL PE 23200 147.7,3773.25,188.8,162.41,156.0,3266.04,16.7489,3456.82,962.81,2114.43,-2359.5,10:52,4290.0,15:28,-4202.25,1.0,646708.49,50185.06,0.0,1.0,0.0,119005.57,18539.77,0.0,1.0,0.0,341198.91,36552.73,0.0,1.0,0.0,0.0,0.0,0.0
2026-09-17,Thu,0,5,2026-09-22,23217.6,23284.75,23116.1,168.65000000000146,0.7263886017504025,23195.25,-22.349999999998545,-0.09626317965680581,23195.25,23257.45,23230.45,23253.45,58.20000000000073,0.2509134413295857,74.04999999999927,23250.0,142.45,122.75,265.2,1.1404759293782212,1.160488798370672,19.69999999999999,0.07428355957767718,96,nifty_1min.csv,0.09626317965680581,0.2509134413295857,0.31844737017517516,0.07428355957767718,0.2792232277526368,0.21945701357466338,0.6960167714884696,flat,up,SELL CE 23250 142.45 | SELL PE 23250 122.75,5382.0,94.4,119.6,78.0,5090.0,26.1026,5193.85,1633.73,3361.86,-2652.0,12:23,5450.25,15:20,-4241.25,1.0,250.0,250.0,BUY CE 23500 42.4 | BUY PE 23000 48.1 | SELL CE 23250 142.45 | SELL PE 23250 122.75,1072.5,188.8,152.99,156.0,574.71,2.9472,763.24,65.7,320.21,-1735.5,12:40,1443.0,14:28,-4816.5,1.0,550.0,550.0,BUY CE 23800 7.75 | BUY PE 22700 15.4 | SELL CE 23250 142.45 | SELL PE 23250 122.75,3500.25,188.8,126.65,156.0,3028.8,15.5323,3211.97,883.73,1956.27,-3363.75,12:23,3714.75,15:06,-5011.5,1.0,651798.49,45095.06,0.0,1.0,0.0,119580.28,17965.06,0.0,1.0,0.0,344227.71,33523.93,0.0,1.0,0.0,0.0,0.0,0.0
2026-09-18,Fri,0,4,2026-09-22,23270.6,23363.55,23193.65,169.89999999999782,0.7301057987331561,23334.7,64.10000000000218,0.2754548657963361,23334.7,23323.8,23328.0,23300.75,-33.95000000000073,-0.14549147835627083,68.75,23300.0,118.5,106.0,224.5,0.9634882997328412,1.1179245283018868,12.5,0.0556792873051225,96,market_observations (5-minute index candles),0.2754548657963361,0.14549147835627083,0.29505488020771864,0.0556792873051225,0.3062360801781737,0.15122494432071593,0.5418410041841004,mild_up,down,SELL CE 23300 118.5 | SELL PE 23300 106,7595.25,94.4,99.9,78.0,7322.95,37.5536,7422.84,2378.05,4850.5,-273.0,09:30,8258.25,15:23,-1716.0,1.0,200.0,200.0,BUY CE 23500 38.35 | BUY PE 23100 42.35 | SELL CE 23300 118.5 | SELL PE 23300 106,2096.25,188.8,126.49,156.0,1624.96,8.3331,1807.96,415.79,1020.37,-97.5,09:32,2193.75,15:24,-2710.5,1.0,450.0,450.0,BUY CE 23750 6.45 | BUY PE 22850 12.95 | SELL CE 23300 118.5 | SELL PE 23300 106,5898.75,188.8,105.57,156.0,5448.38,27.9404,5627.31,1690.26,3569.32,-165.75,09:30,6318.0,15:23,-1862.25,1.0,659121.44,37772.11,0.0,1.0,0.0,121205.24,16340.1,0.0,1.0,0.0,349676.09,28075.55,0.0,1.0,0.0,0.0,0.0,0.0
