date,dte,same_strike,open915,close915,open930strike,close930strike,dspot,real,actual_gross_pts,actual_premium,b,entry_est
2022-01-03,3,False,222.0,300.1,235.05,268.95,76.04999999999927,False,,,3,221.87724534501646
2022-01-04,2,True,223.3,183.25,223.3,183.25,9.599999999998545,False,,,2,210.1902980775965
2022-01-05,1,True,153.65,160.65,153.65,160.65,1.8500000000021828,False,,,1,137.6087178396768
2022-01-06,0,False,130.0,11.149999999999999,208.29999999999998,49.05,-45.25,False,,,0,167.63631813125693
2022-01-07,6,False,295.25,275.85,302.0,274.8,60.55000000000291,False,,,4,288.56566559218095
2022-01-10,3,True,262.0,245.3,262.0,245.3,-24.799999999999272,False,,,3,247.3169039795546
2022-01-11,2,False,222.0,193.60000000000002,232.0,184.25,30.150000000001455,False,,,2,218.37953047023012
2022-01-12,1,True,148.0,133.3,148.0,133.3,-19.600000000002183,False,,,1,132.54858600893047
2022-01-13,0,True,94.65,10.649999999999999,94.65,10.649999999999999,-7.049999999999272,False,,,0,76.17271968854283
2022-01-14,6,True,280.0,266.2,280.0,266.2,-2.5,False,,,4,267.54432571460484
2022-01-17,3,True,244.0,215.25,244.0,215.25,21.849999999998545,False,,,3,230.32566630156995
2022-01-18,2,True,190.15,275.45,190.15,275.45,5.75,False,,,2,178.98649878842355
2022-01-19,1,False,175.05,209.15,199.0,169.45000000000002,-49.95000000000073,False,,,1,178.22411226876463
2022-01-20,0,False,136.65,153.05,131.75,101.9,-46.25,False,,,0,106.0301724137931
2022-01-21,6,False,317.0,293.1,274.1,299.45,-59.35000000000218,False,,,4,261.9067845656186
2022-01-24,3,False,320.0,493.6,280.85,390.40000000000003,-105.25,False,,,3,265.11050565899967
2022-01-25,2,True,315.0,338.90000000000003,315.0,338.90000000000003,-22.599999999998545,False,,,2,296.50669007811416
2022-01-27,0,False,149.25,45.2,165.6,92.9,-46.400000000001455,False,,,0,133.27208008898774
2022-01-28,6,False,511.05,503.35,496.84999999999997,513.15,60.85000000000218,False,,,4,474.74785082607644
2022-01-31,3,True,424.4,474.20000000000005,424.4,474.20000000000005,10.700000000000728,False,,,3,400.61562614092736
2022-02-01,2,False,425.65,275.9,470.95,279.25,-15.049999999999272,False,,,2,443.301033943771
2022-02-02,1,False,185.8,149.2,210.8,134.8,19.200000000000728,False,,,1,188.7921752073145
2022-02-03,0,True,82.2,167.14999999999998,82.2,167.14999999999998,-27.049999999999272,False,,,0,66.153170189099
2022-02-04,6,True,379.0,297.05,379.0,297.05,-14.650000000001455,False,,,4,362.1403551636973
2022-02-07,3,True,220.2,322.59999999999997,220.2,322.59999999999997,4.25,False,,,3,207.8594742606791
2022-02-08,2,False,363.0,192.35000000000002,271.2,193.64999999999998,-39.849999999998545,False,,,2,255.2781407910621
2022-02-09,1,False,168.0,159.0,181.25,132.4,40.45000000000073,False,,,1,162.32723793323413
2022-02-10,0,False,112.44999999999999,63.7,104.0,113.85000000000001,-69.84999999999854,False,,,0,83.69744160177974
2022-02-11,6,False,268.0,298.3,366.65,292.25,-35.20000000000073,False,,,4,350.3397393687852
2022-02-14,3,False,258.65,382.9,359.0,354.75,-84.95000000000073,False,,,3,338.88079591091645
2022-02-15,2,True,287.75,462.0,287.75,462.0,9.25,False,,,2,270.8565081586583
2022-02-16,1,True,246.5,168.55,246.5,168.55,-17.299999999999272,False,,,1,220.7650435891984
2022-02-17,0,False,140.0,80.6,121.0,30.900000000000002,-31.149999999997817,False,,,0,97.37875417130144
2022-02-18,6,False,513.0,391.0,418.0,382.75,49.45000000000073,False,,,4,399.4054576739458
2022-02-21,3,False,375.05,301.2,397.95,322.25,-82.15000000000146,False,,,3,375.6479463307777
2022-02-22,2,False,494.5,360.84999999999997,341.95,330.5,70.25,False,,,2,321.87448467368614
2022-02-23,1,True,241.65,186.25,241.65,186.25,21.5,False,,,1,216.42139060174358
2022-02-24,0,False,217.85,283.9,254.25,380.75,92.39999999999782,False,,,0,204.61610122358175
2022-02-25,6,False,546.45,516.95,512.55,489.0,69.89999999999782,False,,,4,489.74944337507395
2022-02-28,3,False,451.05,555.25,491.05,642.8,-109.54999999999927,False,,,3,463.5304034319095
2022-03-02,1,False,440.0,283.9,379.05,285.85,84.15000000000146,False,,,1,339.4766319370615
2022-03-03,0,True,247.75,207.1,247.75,207.1,-34.650000000001455,False,,,0,199.38501112347052
2022-03-04,6,False,454.4,488.6,572.9,491.5,-64.60000000000036,False,,,4,547.414800721061
2022-03-07,3,True,431.6,466.3,431.6,466.3,-40.80000000000109,False,,,3,407.4121212121213
2022-03-08,2,False,335.85,442.20000000000005,460.0,419.05,58.70000000000073,False,,,2,432.99389662200804
2022-03-09,1,True,328.0,335.2,328.0,335.2,41.850000000000364,False,,,1,293.75632574952164
2022-03-10,0,False,192.5,154.05,178.3,54.95,-112.94999999999709,False,,,0,143.49282536151279
2022-03-11,6,False,479.15,469.54999999999995,481.6,459.25,89.40000000000146,False,,,4,460.17624022912037
2022-03-14,3,True,437.7,473.05,437.7,473.05,23.0,False,,,3,413.1702628696605
2022-03-15,2,True,404.8,396.15000000000003,404.8,396.15000000000003,3.9499999999970896,False,,,2,381.0346290273671
2022-03-16,1,False,287.0,267.65,310.15,255.7,52.79999999999927,False,,,1,277.7698915585796
2022-03-17,0,True,156.95,88.55,156.95,88.55,-17.650000000001455,False,,,0,126.31070634037818
2022-03-21,3,True,361.0,402.2,361.0,402.2,4.150000000001455,False,,,3,340.7687112084703
2022-03-22,2,False,374.95,353.45,372.45,384.45000000000005,-53.70000000000073,False,,,2,350.5838626018845
2022-03-23,1,True,248.5,220.0,248.5,220.0,-25.149999999997817,False,,,1,222.5562406974272
2022-03-24,0,False,156.2,129.2,180.0,31.9,105.95000000000073,False,,,0,144.86095661846494
2022-03-25,6,False,386.0,361.85,377.8,356.75,-97.75,False,,,4,360.9937366249204
2022-03-28,3,False,321.95,274.65,360.0,311.1,-98.04999999999927,False,,,3,339.82475355969336
2022-03-29,2,True,232.0,192.9,232.0,192.9,-10.600000000002183,False,,,2,218.37953047023012
2022-03-30,1,False,198.0,150.5,140.25,176.5,-54.70000000000073,False,,,1,125.60769721454392
2022-03-31,0,True,105.0,33.5,105.0,33.5,-27.850000000002183,False,,,0,84.50222469410456
2022-04-01,6,True,359.45,342.95,359.45,342.95,30.94999999999709,False,,,4,343.460028136124
2022-04-04,3,False,149.5,330.35,245.6,266.4,96.60000000000218,False,,,3,231.83599853961303
2022-04-05,2,False,184.2,208.1,215.95,190.3,-16.549999999999272,False,,,2,203.2718086424405
2022-04-06,1,True,175.0,125.30000000000001,175.0,125.30000000000001,12.0,False,,,1,156.72974697001916
2022-04-07,0,True,114.3,57.050000000000004,114.3,57.050000000000004,-19.599999999998545,False,,,0,91.98670745272524
2022-04-08,5,False,301.9,280.95000000000005,308.25,300.95,-49.75,False,,,4,294.5376371483105
2022-04-11,2,False,243.25,195.05,278.9,188.25,-56.55000000000291,False,,,2,262.52608210408266
2022-04-12,1,True,165.3,126.1,165.3,126.1,-4.899999999997817,False,,,1,148.04244099510953
2022-04-13,0,False,122.05,118.55,114.94999999999999,168.85,49.099999999998545,False,,,0,92.50981646273635
2022-04-18,3,False,251.25,250.75,243.1,249.55,43.099999999998545,False,,,3,229.4761044176707
2022-04-19,2,False,227.55,284.0,242.0,254.45,-56.79999999999927,False,,,2,227.79244126636075
2022-04-20,1,False,201.05,160.89999999999998,177.0,141.15,42.349999999998545,False,,,1,158.52094407824794
2022-04-21,0,True,107.65,140.25,107.65,140.25,-6.19999999999709,False,,,0,86.63489988876529
2022-04-22,6,True,310.95,287.7,310.95,287.7,3.650000000001455,False,,,4,297.1175288605585
2022-04-25,3,True,250.55,279.55,250.55,279.55,-20.099999999998545,False,,,3,236.50858890105883
2022-04-26,2,False,248.85,212.95,286.5,196.35000000000002,36.400000000001455,False,,,2,269.67989430914196
2022-04-27,1,False,180.6,153.55,162.7,153.85,13.80000000000291,False,,,1,145.71388475441208
2022-04-28,0,False,171.3,53.65,141.7,104.35000000000001,-63.79999999999927,False,,,0,114.0377641824249
2022-04-29,6,True,302.15,332.85,302.15,332.85,-3.2000000000007276,False,,,4,288.70899290952804
2022-05-02,3,False,274.95000000000005,299.95,289.70000000000005,278.1,22.149999999997817,False,,,3,273.4645308506755
2022-05-04,1,False,219.35,426.84999999999997,220.0,379.79999999999995,-28.299999999999272,False,,,1,197.03168190516692
2022-05-05,0,True,148.65,163.15,148.65,163.15,-29.25,False,,,0,119.63100667408231
2022-05-06,6,False,339.65,361.35,326.15,356.75,22.450000000000728,False,,,4,311.6413636850656
2022-05-09,3,False,309.9,303.79999999999995,311.4,330.95,-71.15000000000146,False,,,3,293.9484118291347
2022-05-10,2,False,317.4,241.5,272.0,243.55,66.20000000000073,False,,,2,256.0311736547526
2022-05-11,1,False,220.65,180.0,237.55,196.60000000000002,36.05000000000109,False,,,1,212.74943652987457
2022-05-12,0,False,133.2,203.39999999999998,188.05,104.0,-111.35000000000036,False,,,0,151.33946051167965
2022-05-13,6,True,358.0,382.2,358.0,382.2,38.04999999999927,False,,,4,342.0745307351019
2022-05-16,3,False,351.2,301.4,324.0,302.0,41.5,False,,,3,305.84227820372405
2022-05-17,2,False,267.45,410.5,305.7,374.25,52.54999999999927,False,,,2,287.7526830377127
2022-05-18,1,False,201.9,154.15,217.0,170.45,49.850000000000364,False,,,1,194.34488624282375
2022-05-19,0,False,129.0,96.8,167.95,146.75,25.25,False,,,0,135.16332035595104
2022-05-20,6,False,353.25,409.75,363.5,388.6,68.85000000000036,False,,,4,347.32986570449594
2022-05-23,3,False,314.3,310.85,305.75,302.35,-16.0,False,,,3,288.6150511135451
2022-05-24,2,False,295.1,269.6,289.55,258.35,-38.0,False,,,2,272.5508321019618
2022-05-25,1,True,278.9,237.2,278.9,237.2,3.899999999999636,False,,,1,249.78243674250479
2022-05-26,0,True,159.9,55.4,159.9,55.4,-20.700000000000728,False,,,0,128.68481646273636
2022-05-27,6,True,355.45,330.0,355.45,330.0,20.0,False,,,4,339.63796634020105
2022-05-30,3,False,340.7,279.7,292.85,267.5,64.75,False,,,3,276.4379974443228
2022-05-31,2,False,238.25,226.65,275.25,231.2,-34.400000000001455,False,,,2,259.09036966349504
2022-06-01,1,True,236.0,175.1,236.0,175.1,26.349999999998545,False,,,1,211.36125877099727
2022-06-02,0,True,122.1,117.25,122.1,117.25,40.25,False,,,0,98.26401557285872
2022-06-03,6,False,322.3,328.2,320.2,343.4,18.649999999997817,False,,,4,305.95604676363024
2022-06-06,3,False,307.0,262.05,262.25,284.15,-60.29999999999927,False,,,3,247.55289339174885
2022-06-07,2,True,245.15,217.1,245.15,217.1,-34.75,False,,,2,230.75750816714188
2022-06-08,1,False,189.55,152.2,198.25,135.89999999999998,-89.29999999999927,False,,,1,177.55241335317885
2022-06-09,0,False,110.0,219.75,124.0,169.35,50.25,False,,,0,99.79310344827586
2022-06-10,6,False,333.95000000000005,310.7,321.4,307.25,-18.400000000001455,False,,,4,307.1026653024071
2022-06-13,3,False,260.9,307.8,390.0,295.9,-85.34999999999854,False,,,3,368.1434830230011
2022-06-14,2,True,316.95000000000005,261.65,316.95000000000005,261.65,-7.100000000000364,False,,,2,298.3422076833597
2022-06-15,1,False,246.3,223.0,253.75,221.55,-28.549999999999272,False,,,1,227.25813310652777
2022-06-16,0,True,151.0,483.0,151.0,483.0,-1.3999999999996362,False,,,0,121.5222469410456
2022-06-17,6,False,428.04999999999995,388.0,420.6,400.5,-65.19999999999891,False,,,4,401.8897978412957
2022-06-20,3,False,346.0,283.75,335.55,305.25,-64.89999999999964,False,,,3,316.74498904709753
2022-06-21,2,True,211.25,277.75,211.25,277.75,-16.850000000000364,False,,,2,198.84774056825913
2022-06-22,1,False,205.65,184.2,200.0,162.25,-62.649999999999636,False,,,1,179.11971082287903
2022-06-23,0,False,119.6,106.60000000000001,119.45,58.15,48.600000000000364,False,,,0,96.13134037819799
2022-06-24,6,False,366.5,316.1,296.0,307.25,46.80000000000109,False,,,4,282.8325728982966
2022-06-27,3,False,278.05,263.75,271.45,254.14999999999998,-23.600000000000364,False,,,3,256.23730376049656
2022-06-28,2,False,235.14999999999998,223.0,270.0,244.8,-33.55000000000109,False,,,2,254.14859149552643
2022-06-29,1,True,203.0,186.5,203.0,186.5,16.5,False,,,1,181.80650648522223
2022-06-30,0,False,145.5,37.9,152.7,62.9,75.95000000000073,False,,,0,122.89037819799776
2022-07-01,6,True,317.9,311.75,317.9,311.75,-13.950000000000728,False,,,4,303.7583612309746
2022-07-04,3,False,281.0,271.9,299.15,255.10000000000002,31.700000000000728,False,,,3,282.3849306316174
2022-07-05,2,True,205.0,212.7,205.0,212.7,12.75,False,,,2,192.9646713206775
2022-07-06,1,False,191.65,232.3,179.8,169.9,80.59999999999854,False,,,1,161.02862002976826
2022-07-07,0,True,128.0,32.65,128.0,32.65,-35.20000000000073,False,,,0,103.01223581757507
2022-07-08,6,False,309.1,263.9,292.35,265.95,-85.94999999999891,False,,,4,279.3449415095169
2022-07-11,3,True,256.25,228.65,256.25,228.65,5.149999999999636,False,,,3,241.8891474990873
2022-07-12,2,True,206.15,206.70000000000002,206.15,206.70000000000002,14.399999999999636,False,,,2,194.04715606223252
2022-07-13,1,False,168.35,220.0,176.1,191.8,-10.050000000001091,False,,,1,157.71490537954497
2022-07-14,0,True,143.4,71.25,143.4,71.25,-13.350000000000364,False,,,0,115.40589543937708
2022-07-15,6,True,275.0,249.45,275.0,249.45,-24.649999999999636,False,,,4,262.7667484697012
2022-07-18,3,True,204.39999999999998,228.04999999999998,204.39999999999998,228.04999999999998,21.25,False,,,3,192.94494341000365
2022-07-19,2,False,168.8,206.60000000000002,195.7,180.64999999999998,70.75,False,,,2,184.210664280276
2022-07-20,1,True,125.1,114.25,125.1,114.25,-33.0,False,,,1,112.03937911971083
2022-07-21,0,True,104.95,86.3,104.95,86.3,-8.599999999998545,False,,,0,84.46198553948831
2022-07-22,6,False,247.95,262.45,240.25,252.8,40.04999999999927,False,,,4,229.56258661762075
2022-07-25,3,False,232.65,208.55,250.95,214.2,14.799999999999272,False,,,3,236.88617196056958
2022-07-26,2,False,204.3,214.2,219.5,177.65,-76.75,False,,,2,206.61339197506686
2022-07-27,1,False,191.0,214.45000000000002,180.0,247.20000000000002,-30.44999999999709,False,,,1,161.20773974059114
2022-07-28,0,False,126.9,169.5,147.0,120.25,7.450000000000728,False,,,0,118.30311457174638
2022-07-29,6,True,274.15,254.95,274.15,254.95,21.700000000000728,False,,,4,261.95456033806755
2022-08-01,3,False,240.75,231.25,228.5,251.55,-19.200000000000728,False,,,3,215.6943227455276
2022-08-02,2,True,202.0,194.60000000000002,202.0,194.60000000000002,11.299999999999272,False,,,2,190.1407980818383
2022-08-03,1,True,174.35,142.95,174.35,142.95,7.849999999998545,False,,,1,156.1476079098448
2022-08-04,0,True,109.55,63.199999999999996,109.55,63.199999999999996,-1.1499999999978172,False,,,0,88.16398776418241
2022-08-05,6,False,350.0,279.85,292.65,280.25,21.94999999999709,False,,,4,279.6315961442111
2022-08-08,3,True,260.5,252.55,260.5,252.55,19.5,False,,,3,245.90096750638924
2022-08-10,1,True,196.0,157.2,196.0,157.2,-40.04999999999927,False,,,1,175.53731660642146
2022-08-11,0,False,88.1,34.05,95.05,19.35,-37.60000000000218,False,,,0,76.49463292547274
2022-08-12,6,False,255.70000000000002,222.0,266.0,234.79999999999998,-53.80000000000291,False,,,4,254.1671094288746
2022-08-16,2,True,180.0,156.05,180.0,156.05,5.0,False,,,2,169.43239433035097
2022-08-17,1,False,147.0,158.4,142.2,133.45,12.349999999998545,False,,,1,127.35411439506699
2022-08-18,0,False,119.0,54.300000000000004,151.4,103.95,-24.150000000001455,False,,,0,121.84416017797552
2022-08-19,6,True,264.9,295.25,264.9,295.25,-3.2999999999992724,False,,,4,253.1160424349958
2022-08-22,3,False,259.95,276.85,261.45000000000005,234.10000000000002,-60.05000000000291,False,,,3,246.79772727272734
2022-08-23,2,False,194.5,274.05,205.0,181.89999999999998,126.60000000000218,False,,,2,192.9646713206775
2022-08-24,1,True,147.75,133.89999999999998,147.75,133.89999999999998,49.349999999998545,False,,,1,132.32468637040188
2022-08-25,0,True,116.05,164.14999999999998,116.05,164.14999999999998,15.450000000000728,False,,,0,93.39507786429365
2022-08-26,6,False,282.15,274.1,289.35,277.35,45.25,False,,,4,276.4783951625747
2022-08-29,3,False,349.9,261.65,258.05,247.15,53.75,False,,,3,243.58827126688576
2022-08-30,2,False,187.0,398.95,197.55,353.15000000000003,38.95000000000073,False,,,2,185.9520527775602
2022-09-01,0,False,204.7,45.300000000000004,95.4,18.1,71.14999999999782,False,,,0,76.77630700778643
2022-09-02,6,False,342.04999999999995,311.9,365.0,310.95,-29.5,False,,,4,348.76313887796704
2022-09-05,3,False,315.6,283.75,339.75,267.4,48.349999999998545,False,,,3,320.7096111719606
2022-09-06,2,True,261.6,211.0,261.6,211.0,26.450000000000728,False,,,2,246.24174642677676
2022-09-07,1,False,211.0,193.3,190.0,171.35000000000002,50.19999999999709,False,,,1,170.16372528173508
2022-09-08,0,False,110.0,49.95,142.15,12.75,27.19999999999709,False,,,0,114.39991657397107
2022-09-09,6,True,275.0,269.4,275.0,269.4,-31.75,False,,,4,262.7667484697012
2022-09-12,3,True,268.75,238.15,268.75,238.15,24.450000000000728,False,,,3,253.68861810879886
2022-09-13,2,True,212.2,194.1,212.2,194.1,-6.299999999999272,False,,,2,199.7419670938915
2022-09-14,1,False,188.0,295.20000000000005,253.0,202.39999999999998,145.64999999999782,False,,,1,226.586434190942
2022-09-15,0,True,123.95,158.39999999999998,123.95,158.39999999999998,28.55000000000291,False,,,0,99.75286429365961
2022-09-16,6,True,286.1,385.45,286.1,385.45,-11.75,False,,,4,273.3729699533873
2022-09-19,3,False,354.0,295.6,317.15,327.8,-75.40000000000146,False,,,3,299.37616830960206
2022-09-20,2,False,253.45,231.89999999999998,249.0,224.0,41.099999999998545,False,,,2,234.38147882365217
2022-09-21,1,False,198.0,239.75,222.95,251.65,67.20000000000073,False,,,1,199.6736976398044
2022-09-22,0,False,211.1,36.2,137.35,21.0,52.5,False,,,0,110.536957730812
2022-09-23,6,False,288.25,418.55,384.4,398.3,-51.29999999999927,False,,,4,367.3001385881932
2022-09-26,3,True,315.55,306.6,315.55,306.6,1.2000000000007276,False,,,3,297.865836071559
2022-09-27,2,False,276.0,242.1,307.35,256.75,35.599999999998545,False,,,2,289.3058133190743
2022-09-28,1,False,187.7,159.95,211.1,159.2,12.350000000002183,False,,,1,189.0608547735488
2022-09-29,0,False,133.75,187.20000000000002,126.0,135.54999999999998,-22.25,False,,,0,101.40266963292547
2022-09-30,6,True,378.75,410.0,378.75,410.0,-13.450000000000728,False,,,4,361.9014763014521
2022-10-03,3,False,303.65,307.95,221.10000000000002,285.90000000000003,-68.44999999999709,False,,,3,208.70903614457836
2022-10-04,2,False,176.95,207.8,225.35,185.64999999999998,67.79999999999927,False,,,2,212.11994479080326
2022-10-06,0,True,143.85,60.5,143.85,60.5,14.650000000001455,False,,,0,115.76804783092324
2022-10-07,6,False,307.0,280.45000000000005,306.0,288.9,-21.049999999999272,False,,,4,292.3877273881039
2022-10-10,3,True,282.65,275.1,282.65,275.1,27.5,False,,,3,266.8096294267981
2022-10-11,2,False,237.05,317.3,245.25,284.34999999999997,-63.79999999999927,False,,,2,230.8516372751032
2022-10-12,1,True,203.75,184.45,203.75,184.45,26.700000000000728,False,,,1,182.478205400808
2022-10-13,0,True,132.85,89.0,132.85,89.0,0.4500000000007276,False,,,0,106.91543381535037
2022-10-14,6,True,332.25,291.29999999999995,332.25,291.29999999999995,-32.70000000000073,False,,,4,317.4700079238481
2022-10-17,3,False,311.05,286.8,280.9,311.15000000000003,-20.299999999999272,False,,,3,265.1577035414385
2022-10-18,2,False,229.75,187.25,196.4,180.3,39.849999999998545,False,,,2,184.86956803600518
2022-10-19,1,True,174.05,130.0,174.05,130.0,-8.850000000002183,False,,,1,155.87892834361048
2022-10-20,0,False,126.05000000000001,149.9,122.0,98.5,22.75,False,,,0,98.18353726362625
2022-10-21,6,False,258.45,223.05,283.0,228.25,23.150000000001455,False,,,4,270.410872061547
2022-10-25,2,False,175.95,180.2,163.35,154.75,-68.59999999999854,False,,,2,153.7598978547935
2022-10-27,0,True,84.15,26.9,84.15,26.9,-6.55000000000291,False,,,0,67.72249721913236
2022-10-28,6,False,280.05,257.45000000000005,272.1,252.9,39.29999999999927,False,,,4,259.9957536676571
2022-10-31,3,False,201.39999999999998,233.05,251.60000000000002,216.35000000000002,42.79999999999927,False,,,3,237.4997444322746
2022-11-01,2,False,181.0,176.25,186.0,184.55,-12.450000000000728,False,,,2,175.08014080802934
2022-11-02,1,False,167.7,182.25,185.0,169.95,-43.20000000000073,False,,,1,165.6857325111631
2022-11-03,0,False,146.6,109.64999999999999,160.9,14.0,68.15000000000146,False,,,0,129.48959955506118
2022-11-04,6,False,288.9,245.95,261.85,235.7,30.899999999997817,False,,,4,250.2017203156046
2022-11-07,3,True,214.2,167.2,214.2,167.2,-12.5,False,,,3,202.19572836801754
2022-11-09,1,False,140.0,160.29999999999998,140.1,133.5,-56.54999999999927,False,,,1,125.47335743142675
2022-11-10,0,True,100.0,24.25,100.0,24.25,17.0,False,,,0,80.47830923248053
2022-11-11,6,False,249.95,245.7,215.0,227.65,26.700000000000728,False,,,4,205.43582153085728
2022-11-14,3,True,198.95,181.75,198.95,181.75,9.149999999997817,False,,,3,187.80037422416942
2022-11-15,2,True,169.8,150.10000000000002,169.8,150.10000000000002,-32.70000000000073,False,,,2,159.83122531829775
2022-11-16,1,False,142.55,108.25,143.5,123.44999999999999,-30.400000000001455,False,,,1,128.5183925154157
2022-11-17,0,False,112.15,12.399999999999999,97.0,37.0,28.25,False,,,0,78.0639599555061
2022-11-18,6,False,222.6,203.4,229.85,204.0,-57.400000000001455,False,,,4,219.62522594822116
2022-11-21,3,False,182.0,173.0,198.25,171.55,-71.95000000000073,False,,,3,187.13960387002558
2022-11-22,2,False,158.5,145.45,175.65,172.4,-26.0,False,,,2,165.33777813403415
2022-11-23,1,False,111.15,97.55000000000001,103.0,87.44999999999999,-25.950000000000728,False,,,1,92.2466510737827
2022-11-24,0,False,79.95,95.3,61.15,149.25,-22.849999999998545,False,,,0,49.21248609566184
2022-11-25,6,False,207.9,182.7,225.0,188.10000000000002,-49.5,False,,,4,214.99097602066462
2022-11-28,3,False,171.35,201.8,180.0,176.3,89.04999999999927,False,,,3,169.91237677984668
2022-11-29,2,False,163.6,140.3,146.3,122.6,71.64999999999782,False,,,2,137.7108849473908
2022-11-30,1,True,119.1,125.35,119.1,125.35,29.099999999998545,False,,,1,106.66578779502446
2022-12-01,0,True,74.5,34.5,74.5,34.5,-16.549999999999272,False,,,0,59.95634037819799
2022-12-02,6,True,194.14999999999998,208.45,194.14999999999998,208.45,-24.100000000002183,False,,,4,185.513324419609
2022-12-05,3,False,208.6,180.9,210.0,190.9,-65.59999999999854,False,,,3,198.23110624315447
2022-12-06,2,True,175.0,169.4,175.0,169.4,10.649999999997817,False,,,2,164.72593893228566
2022-12-07,1,False,151.55,126.65,154.3,116.6,-18.849999999998545,False,,,1,138.19085689985118
2022-12-08,0,True,98.1,60.15,98.1,60.15,0.2000000000007276,False,,,0,78.9492213570634
2022-12-09,6,False,206.85,222.60000000000002,214.05,203.55,-37.45000000000073,False,,,4,204.52808185432562
2022-12-12,3,False,205.35,199.60000000000002,209.0,228.8,-47.60000000000218,False,,,3,197.28714859437753
2022-12-13,2,False,156.95,193.85000000000002,154.8,170.15,9.649999999997817,False,,,2,145.71185912410184
2022-12-14,1,True,145.2,118.7,145.2,118.7,3.5,False,,,1,130.04091005741017
2022-12-15,0,True,112.0,170.8,112.0,170.8,-2.2000000000007276,False,,,0,90.13570634037819
2022-12-16,6,False,235.0,208.35,215.05,227.0,85.70000000000073,False,,,4,205.48359730330634
2022-12-19,3,True,199.25,217.85,199.25,217.85,-8.649999999997817,False,,,3,188.0835615188025
2022-12-20,2,False,154.05,137.65,179.1,155.05,-44.89999999999782,False,,,2,168.58523235869922
2022-12-21,1,True,127.0,238.14999999999998,127.0,238.14999999999998,18.149999999997817,False,,,1,113.74101637252818
2022-12-22,0,False,98.95,172.25,114.85,72.35,-87.25,False,,,0,92.42933815350388
2022-12-23,6,True,257.0,273.5,257.0,273.5,-0.4000000000014552,False,,,4,245.567470388048
2022-12-26,3,False,261.35,268.1,243.10000000000002,242.7,74.04999999999927,False,,,3,229.47610441767074
2022-12-27,2,False,185.2,152.89999999999998,186.55,169.8,-25.799999999999272,False,,,2,175.5978509018165
2022-12-28,1,True,152.5,108.94999999999999,152.5,108.94999999999999,4.650000000001455,False,,,1,136.57877950244526
2022-12-29,0,True,104.5,129.04999999999998,104.5,129.04999999999998,12.0,False,,,0,84.09983314794215
2022-12-30,6,True,236.7,240.5,236.7,240.5,-7.25,False,,,4,226.17050677373916
2023-01-02,3,False,207.05,192.2,218.10000000000002,207.4,-29.799999999999272,False,,,3,205.8771631982476
2023-01-03,2,True,199.85,172.45000000000002,199.85,172.45000000000002,-1.9500000000007276,False,,,2,188.1170222606702
2023-01-04,1,True,150.0,216.15,150.0,216.15,2.25,False,,,1,134.33978311715927
2023-01-05,0,False,112.95,110.7,105.05,60.85,-27.650000000001455,False,,,0,84.54246384872079
2023-01-06,6,True,250.05,238.45000000000002,250.05,238.45000000000002,-17.849999999998545,False,,,4,238.92663801763194
2023-01-09,3,False,199.0,218.9,193.15,190.10000000000002,38.75,False,,,3,182.32541986126327
2023-01-10,2,False,161.2,225.75,173.10000000000002,195.15,-92.70000000000073,False,,,2,162.93748588102088
2023-01-11,1,False,146.1,122.0,170.9,131.55,-80.20000000000073,False,,,1,153.05779289815013
2023-01-12,0,True,120.0,43.699999999999996,120.0,43.699999999999996,-17.299999999999272,False,,,0,96.57397107897663
2023-01-13,6,False,279.2,249.55,305.3,275.2,-63.599999999998545,False,,,4,291.71886657381737
2023-01-16,3,False,190.4,221.0,198.55,201.5,-34.25,False,,,3,187.42279116465866
2023-01-17,2,False,175.05,201.0,162.2,170.9,24.400000000001455,False,,,2,152.67741311323846
2023-01-18,1,True,140.8,147.20000000000002,140.8,147.20000000000002,-6.200000000000728,False,,,1,126.10027641930685
2023-01-19,0,True,109.0,15.55,109.0,15.55,-36.70000000000073,False,,,0,87.72135706340377
2023-01-20,5,True,215.0,186.14999999999998,215.0,186.14999999999998,-27.69999999999709,False,,,4,205.43582153085728
2023-01-23,2,True,130.45,134.1,130.45,134.1,-20.350000000002183,False,,,2,122.79142133552378
2023-01-24,1,True,112.5,109.1,112.5,109.1,-8.400000000001455,False,,,1,100.75483733786946
2023-01-25,0,False,80.55,211.29999999999998,90.65,162.95,-50.0,False,,,0,72.9535873192436
2023-01-27,6,False,312.5,415.6,365.95,368.8,-139.54999999999927,False,,,4,349.6708785544987
2023-01-30,3,False,370.0,329.45,320.0,314.05,134.25,False,,,3,302.06644760861633
2023-01-31,2,False,304.4,296.35,362.85,311.4,-115.70000000000073,False,,,2,341.54746823759916
2023-02-01,1,True,255.25,236.5,255.25,236.5,-27.899999999997817,False,,,1,228.60153093769935
2023-02-02,0,False,147.2,106.10000000000001,149.3,55.599999999999994,48.25,False,,,0,120.15411568409344
2023-02-03,6,True,319.2,282.85,319.2,282.85,-35.70000000000073,False,,,4,305.0005313146495
2023-02-06,3,False,204.45,205.05,228.89999999999998,206.15,-71.20000000000073,False,,,3,216.07190580503834
2023-02-07,2,True,183.5,172.25,183.5,172.25,-0.5,False,,,2,172.72691310899668
2023-02-08,1,False,167.14999999999998,161.7,161.25,135.3,58.60000000000218,False,,,1,144.4152668509462
2023-02-09,0,False,110.0,14.950000000000001,127.0,87.95,-70.25,False,,,0,102.20745272525026
2023-02-10,6,True,234.55,187.35,234.55,187.35,13.150000000001455,False,,,4,224.1161485584306
2023-02-13,3,True,179.35,178.15,179.35,178.15,-24.649999999997817,False,,,3,169.29880430814168
2023-02-14,2,False,136.0,162.75,171.25,187.3,-19.649999999997817,False,,,2,161.19609738373669
2023-02-15,1,False,137.7,139.20000000000002,145.8,177.2,-25.099999999998545,False,,,1,130.57826918987882
2023-02-16,0,True,63.0,47.15,63.0,47.15,25.599999999998545,False,,,0,50.70133481646273
2023-02-17,6,False,209.95000000000002,192.35000000000002,198.85,195.95,16.75,False,,,4,190.0042470298185
2023-02-20,3,True,186.7,189.35000000000002,186.7,189.35000000000002,-32.45000000000073,False,,,3,176.23689302665207
2023-02-21,2,True,165.6,147.5,165.6,147.5,-23.25,False,,,2,155.87780278392287
2023-02-22,1,True,152.0,202.1,152.0,202.1,-6.549999999999272,False,,,1,136.13098022538807
2023-02-23,0,False,111.5,35.449999999999996,121.0,16.1,-70.95000000000073,False,,,0,97.37875417130144
2023-02-24,6,False,208.0,222.7,228.5,209.05,-27.349999999998545,False,,,4,218.33528009209718
2023-02-27,3,True,186.65,171.89999999999998,186.65,171.89999999999998,10.05000000000291,False,,,3,176.18969514421323
2023-02-28,2,True,176.0,154.05,176.0,154.05,23.700000000000728,False,,,2,165.6672300118987
2023-03-01,1,True,130.6,134.0,130.6,134.0,8.25,False,,,1,116.96517116734
2023-03-02,0,True,99.05000000000001,75.1,99.05000000000001,75.1,-45.75,False,,,0,79.71376529477197
2023-03-03,6,True,173.95,218.6,173.95,218.6,18.0,False,,,4,166.21191235019825
2023-03-06,3,False,135.55,121.4,163.2,123.65,70.90000000000146,False,,,3,154.05388828039432
2023-03-08,1,True,135.0,123.5,135.0,123.5,-32.70000000000073,False,,,1,120.90580480544334
2023-03-09,0,True,79.0,150.25,79.0,150.25,-38.20000000000073,False,,,0,63.577864293659616
2023-03-10,6,False,190.0,200.05,232.5,201.6,-48.14999999999782,False,,,4,222.15734188802008
2023-03-13,3,False,203.0,305.4,192.0,372.75,78.34999999999854,False,,,3,181.2398685651698
2023-03-14,2,False,201.0,196.20000000000002,211.0,215.64999999999998,22.400000000001455,False,,,2,198.61241779835586
2023-03-15,1,False,165.0,195.25,174.65,236.25,23.899999999997817,False,,,1,156.4162874760791
2023-03-16,0,False,132.0,24.8,105.0,77.1,-81.60000000000218,False,,,0,84.50222469410456
2023-03-17,6,True,297.05,236.6,297.05,236.6,-5.349999999998545,False,,,4,283.83586411972635
2023-03-20,3,False,266.55,219.89999999999998,219.0,222.8,-109.44999999999709,False,,,3,206.7267250821468
2023-03-21,2,False,226.05,186.89999999999998,203.8,173.75,17.299999999999272,False,,,2,191.83512202514183
2023-03-22,1,False,183.1,144.2,184.6,143.05,-6.0,False,,,1,165.32749308951733
2023-03-23,0,False,121.0,24.3,138.55,29.6,-38.650000000001455,False,,,0,111.50269744160178
2023-03-24,5,False,228.05,243.0,244.9,219.7,-54.60000000000218,False,,,4,234.00573345538118
2023-03-27,2,True,209.3,166.5,209.3,166.5,-4.799999999999272,False,,,2,197.01222296301367
2023-03-28,1,False,144.0,129.6,163.0,115.4,-25.599999999998545,False,,,1,145.98256432064642
2023-03-29,0,True,105.85,60.6,105.85,60.6,22.700000000000728,False,,,0,85.18629032258063
2023-03-31,6,False,185.0,255.60000000000002,205.5,231.0,60.10000000000218,False,,,4,196.35842476554035
2023-04-03,3,False,177.9,138.45,184.95,146.25,-82.60000000000218,False,,,3,174.58496714129245
2023-04-05,1,False,132.5,167.25,130.0,128.35,42.400000000001455,False,,,1,116.42781203487137
2023-04-06,0,True,87.35,50.15,87.35,50.15,-1.0999999999985448,False,,,0,70.29780311457174
2023-04-10,3,True,194.45,136.5,194.45,136.5,0.3999999999978172,False,,,3,183.55256480467324
2023-04-11,2,True,127.35,108.30000000000001,127.35,108.30000000000001,-6.649999999997817,False,,,2,119.8734189887233
2023-04-12,1,True,101.8,102.6,101.8,102.6,4.799999999999272,False,,,1,91.17193280884543
2023-04-13,0,True,82.5,24.650000000000002,82.5,24.650000000000002,1.4500000000007276,False,,,0,66.39460511679644
2023-04-17,3,False,174.9,173.05,255.1,155.7,-229.34999999999854,False,,,3,240.80359620299382
2023-04-18,2,True,146.85,125.39999999999999,146.85,125.39999999999999,-27.299999999999272,False,,,2,138.22859504117798
2023-04-19,1,True,94.0,86.2,94.0,86.2,-18.19999999999709,False,,,1,84.18626408675314
2023-04-20,0,True,80.3,27.35,80.3,27.35,35.05000000000291,False,,,0,64.62408231368187
2023-04-21,6,True,194.8,155.0,194.8,155.0,20.75,False,,,4,186.13440946144652
2023-04-24,3,False,145.0,135.4,142.15,161.15,-50.099999999998545,False,,,3,134.18357977364005
2023-04-25,2,True,120.0,103.9,120.0,103.9,-32.54999999999927,False,,,2,112.95492955356731
2023-04-26,1,True,101.0,97.69999999999999,101.0,97.69999999999999,-30.349999999998545,False,,,1,90.45545396555391
2023-04-27,0,False,73.0,108.2,72.8,55.05,16.400000000001455,False,,,0,58.588209121245825
2023-04-28,6,False,192.0,168.1,173.25,199.95,-52.45000000000073,False,,,4,165.54305153591176
2023-05-02,2,False,121.9,128.5,121.05,116.8,36.650000000001455,False,,,2,113.94328518716102
2023-05-03,1,False,131.9,97.35,128.05,105.64999999999999,-43.89999999999782,False,,,1,114.68139485434831
2023-05-04,0,True,90.0,152.85,90.0,152.85,37.20000000000073,False,,,0,72.43047830923247
2023-05-05,6,False,183.0,175.89999999999998,154.75,179.2,53.75,False,,,4,147.8660157297682
2023-05-08,3,False,179.8,217.5,174.5,160.14999999999998,57.30000000000291,False,,,3,164.7206097115736
2023-05-09,2,True,131.9,119.80000000000001,131.9,119.80000000000001,-4.55000000000291,False,,,2,124.15629340096274
2023-05-10,1,True,106.0,96.85,106.0,96.85,-9.44999999999709,False,,,1,94.93344673612589
2023-05-11,0,False,83.0,57.099999999999994,97.65,12.45,-52.45000000000073,False,,,0,78.58706896551723
2023-05-12,6,True,216.9,188.95000000000002,216.9,188.95000000000002,-40.5,False,,,4,207.2513008839207
2023-05-15,3,True,177.55,156.0,177.55,156.0,10.900000000001455,False,,,3,167.59968054034323
2023-05-16,2,False,154.9,171.25,152.0,143.35,-40.64999999999782,False,,,2,143.07624410118527
2023-05-17,1,False,123.7,129.45,140.8,100.1,-40.150000000001455,False,,,1,126.10027641930685
2023-05-18,0,False,66.9,167.1,69.85,116.7,-14.549999999999272,False,,,0,56.21409899888764
2023-05-19,6,False,165.55,165.65,213.95,177.75,-41.95000000000073,False,,,4,204.4325303094275
2023-05-22,3,False,166.1,187.4,150.95,160.9,49.5,False,,,3,142.49040708287697
2023-05-23,2,False,107.3,113.0,129.05,113.1,16.849999999998545,False,,,2,121.47361382406552
2023-05-24,1,True,102.65,82.65,102.65,82.65,7.900000000001455,False,,,1,91.93319157984267
2023-05-25,0,True,85.35,69.85,85.35,69.85,-11.75,False,,,0,68.68823692992213
2023-05-26,6,True,195.0,232.7,195.0,232.7,-5.44999999999709,False,,,4,186.32551255124267
2023-05-29,3,False,157.1,150.1,164.75,149.5,10.0,False,,,3,155.51702263599856
2023-05-30,2,False,147.0,122.55,152.25,114.30000000000001,35.69999999999709,False,,,2,143.31156687108853
2023-05-31,1,False,105.85,100.65,140.5,93.75,-34.0,False,,,1,125.83159685307253
2023-06-01,0,False,92.8,100.35,92.55,15.3,-60.650000000001455,False,,,0,74.48267519466073
2023-06-02,6,True,185.4,168.3,185.4,168.3,1.3000000000029104,False,,,4,177.15256424102765
2023-06-05,3,True,141.1,137.25,141.1,137.25,-0.2000000000007276,False,,,3,133.19242424242427
2023-06-06,2,True,127.45,104.35,127.45,104.35,2.0,False,,,2,119.96754809668461
2023-06-07,1,True,96.25,111.05000000000001,96.25,111.05000000000001,-12.849999999998545,False,,,1,86.20136083351053
2023-06-08,0,True,72.2,114.0,72.2,114.0,21.05000000000291,False,,,0,58.105339265850944
2023-06-09,6,True,182.6,171.25,182.6,171.25,-6.150000000001455,False,,,4,174.47712098388158
2023-06-12,3,True,157.2,144.35,157.2,144.35,0.4000000000014552,False,,,3,148.39014238773277
2023-06-13,2,False,133.65,130.2,133.65,112.3,47.95000000000073,False,,,2,125.8035527902856
2023-06-14,1,False,98.85,87.35,111.65,105.10000000000001,-26.19999999999709,False,,,1,99.99357856687223
2023-06-15,0,True,74.55,63.75,74.55,63.75,-25.700000000000728,False,,,0,59.99657953281423
2023-06-16,6,False,180.0,220.55,160.1,190.0,28.549999999999272,False,,,4,152.97802338181512
2023-06-19,3,True,156.55,135.25,156.55,135.25,-18.299999999999272,False,,,3,147.77656991602777
2023-06-20,2,False,144.55,122.1,160.85,153.4,-74.5,False,,,2,151.40667015576085
2023-06-21,1,True,96.45,81.95,96.45,81.95,6.5,False,,,1,86.38048054433341
2023-06-22,0,True,79.75,76.19999999999999,79.75,76.19999999999999,20.600000000002183,False,,,0,64.18145161290322
2023-06-23,6,False,208.9,160.65,205.5,157.89999999999998,-64.39999999999782,False,,,4,196.35842476554035
2023-06-26,3,True,159.9,130.85,159.9,130.85,18.0,False,,,3,150.93882803943046
2023-06-27,2,True,122.55,96.25,122.55,96.25,-7.099999999998545,False,,,2,115.35522180658062
2023-06-28,0,False,80.25,61.1,84.94999999999999,112.0,-36.95000000000073,False,,,0,68.3663236929922
2023-06-30,6,True,172.7,186.05,172.7,186.05,9.850000000002183,False,,,4,165.01751803897233
2023-07-03,3,False,182.10000000000002,165.2,186.0,149.9,37.70000000000073,False,,,3,175.57612267250823
2023-07-04,2,True,126.8,118.45,126.8,118.45,-28.75,False,,,2,119.35570889493611
2023-07-05,1,True,116.95,96.85,116.95,96.85,-0.9000000000014552,False,,,1,104.74025090367851
2023-07-06,0,True,98.85,96.25,98.85,96.25,29.799999999999272,False,,,0,79.552808676307
2023-07-07,6,False,192.4,184.14999999999998,209.85000000000002,218.79999999999998,62.79999999999927,False,,,4,200.51491696860654
2023-07-10,3,True,163.9,149.0,163.9,149.0,-14.799999999999272,False,,,3,154.71465863453818
2023-07-11,2,True,140.1,110.15,140.1,110.15,20.950000000000728,False,,,2,131.87488025378983
2023-07-12,1,False,105.95,119.0,113.55,98.2,-33.85000000000218,False,,,1,101.69521581968957
2023-07-13,0,True,106.15,96.5,106.15,96.5,-7.049999999999272,False,,,0,85.42772525027809
2023-07-14,6,True,174.4,178.05,174.4,178.05,-17.5,False,,,4,166.6418943022396
2023-07-17,3,False,165.8,186.95,172.8,216.45,-40.80000000000291,False,,,3,163.11588170865284
2023-07-18,2,True,174.3,141.3,174.3,141.3,1.7000000000007276,False,,,2,164.06703517655652
2023-07-19,1,True,141.0,101.10000000000001,141.0,101.10000000000001,18.0,False,,,1,126.27939613012971
2023-07-20,0,False,103.75,130.45000000000002,115.9,180.79999999999998,-18.200000000000728,False,,,0,93.27436040044493
2023-07-21,6,False,200.05,219.0,207.0,226.8,45.25,False,,,4,197.79169793901144
2023-07-24,3,False,203.1,185.1,246.0,178.15,-29.100000000002183,False,,,3,232.21358159912378
2023-07-25,2,False,178.15,146.7,157.9,137.8,-52.099999999998545,False,,,2,148.6298614709023
2023-07-26,1,True,143.4,110.9,143.4,110.9,20.0,False,,,1,128.42883266000428
2023-07-27,0,True,104.1,206.4,104.1,206.4,-6.950000000000728,False,,,0,83.77791991101222
2023-07-28,6,False,258.05,191.2,274.45,199.75,-49.75,False,,,4,262.2412149727618
2023-07-31,3,True,180.0,182.39999999999998,180.0,182.39999999999998,-34.04999999999927,False,,,3,169.91237677984668
2023-08-01,2,False,157.75,134.75,160.2,125.55000000000001,-14.349999999998545,False,,,2,150.79483095401235
2023-08-02,1,True,131.55,159.85,131.55,159.85,-26.55000000000291,False,,,1,117.8159897937487
2023-08-03,0,False,97.45,79.45,115.0,130.0,58.54999999999927,False,,,0,92.55005561735261
2023-08-04,6,False,181.2,192.45,204.0,181.25,18.600000000002183,False,,,4,194.92515159206926
2023-08-07,3,False,158.0,149.45,182.0,158.8,-25.25,False,,,3,171.80029207740054
2023-08-08,2,False,150.65,142.05,155.0,128.6,-22.650000000001455,False,,,2,145.90011734002445
2023-08-09,1,False,135.3,100.45,130.8,123.7,-53.54999999999927,False,,,1,117.14429087816289
2023-08-10,0,True,90.0,61.85,90.0,61.85,-22.149999999997817,False,,,0,72.43047830923247
2023-08-11,6,False,206.05,180.65,176.05,172.64999999999998,-63.599999999998545,False,,,4,168.2184947930578
2023-08-14,3,False,188.0,145.64999999999998,204.4,195.35,-95.54999999999927,False,,,3,192.94494341000367
2023-08-16,1,True,122.05000000000001,135.85,122.05000000000001,135.85,-3.7999999999992724,False,,,1,109.30780352966194
2023-08-17,0,False,95.85,77.4,106.9,28.55,-39.099999999998545,False,,,0,86.03131256952169
2023-08-18,6,False,235.0,175.35,205.0,173.75,24.0,False,,,4,195.88066704104997
2023-08-21,3,False,187.95,163.10000000000002,181.35,145.1,42.599999999998545,False,,,3,171.18671960569552
2023-08-22,2,False,121.0,118.14999999999999,118.3,131.6,12.25,False,,,2,111.3547347182251
2023-08-23,1,False,125.1,88.15,116.1,92.1,-45.0,False,,,1,103.97899213268127
2023-08-24,0,True,113.0,157.25,113.0,157.25,16.69999999999709,False,,,0,90.94048943270299
2023-08-25,6,False,201.05,188.1,220.0,199.0,29.44999999999709,False,,,4,210.21339877576096
2023-08-28,3,False,184.9,145.6,163.0,157.95,-28.299999999999272,False,,,3,153.86509675063894
2023-08-29,2,False,126.2,108.85,140.0,112.75,-52.349999999998545,False,,,2,131.78075114582853
2023-08-30,1,True,108.1,123.25,108.1,123.25,-0.049999999999272404,False,,,1,96.81420369976611
2023-08-31,0,False,74.95,145.3,84.39999999999999,45.4,-53.599999999998545,False,,,0,67.92369299221356
2023-09-01,6,False,244.9,247.54999999999998,234.0,216.7,35.599999999998545,False,,,4,223.5906150614912
2023-09-04,3,False,171.6,126.65,174.0,133.7,-11.149999999997817,False,,,3,164.24863088718513
2023-09-05,2,True,123.0,103.19999999999999,123.0,103.19999999999999,-14.350000000002183,False,,,2,115.7788027924065
2023-09-06,1,True,96.5,70.35,96.5,70.35,-3.650000000001455,False,,,1,86.42526047203913
2023-09-07,0,False,65.0,131.0,74.0,180.7,-32.45000000000073,False,,,0,59.55394883203559
2023-09-08,6,False,176.95,190.35,185.0,177.75,7.100000000002183,False,,,4,176.77035806143533
2023-09-11,3,True,170.0,174.8,170.0,174.8,6.450000000000728,False,,,3,160.4728002920774
2023-09-12,2,False,144.0,157.7,145.14999999999998,141.75,-54.400000000001455,False,,,2,136.62840020583576
2023-09-13,1,True,129.85,123.4,129.85,123.4,23.900000000001455,False,,,1,116.29347225175421
2023-09-14,0,True,105.0,50.75,105.0,50.75,21.399999999997817,False,,,0,84.50222469410456
2023-09-15,6,True,190.0,188.8,190.0,188.8,1.3999999999978172,False,,,4,181.547935306339
2023-09-18,3,True,194.95,136.95,194.95,136.95,-4.5,False,,,3,184.02454362906172
2023-09-20,1,False,138.6,121.80000000000001,123.05,151.1,51.25,False,,,1,110.20340208377633
2023-09-21,0,False,104.0,108.15,103.4,58.35,-18.649999999997817,False,,,0,83.21457174638486
2023-09-22,6,True,224.0,183.65,224.0,183.65,7.350000000002183,False,,,4,214.03546057168387
2023-09-25,3,False,180.25,149.6,215.0,157.0,-23.150000000001455,False,,,3,202.95089448703908
2023-09-26,2,False,151.05,123.94999999999999,150.05,126.15,-17.75,False,,,2,141.2407264959398
2023-09-27,1,False,135.8,109.0,118.2,141.9,-28.149999999997817,False,,,1,105.85974909632151
2023-09-28,0,True,89.15,227.64999999999998,89.15,227.64999999999998,-29.450000000000728,False,,,0,71.74641268075639
2023-09-29,6,False,249.0,177.85,246.55,195.6,-15.400000000001455,False,,,4,235.58233394619938
2023-10-03,2,False,160.0,142.8,199.35,133.25,-92.15000000000146,False,,,2,187.64637672086369
2023-10-04,1,False,110.25,95.8,134.05,103.35,-50.20000000000073,False,,,1,120.05498617903469
2023-10-05,0,True,95.0,46.35,95.0,46.35,1.9000000000014552,False,,,0,76.4543937708565
2023-10-06,6,True,197.65,183.9,197.65,183.9,-8.700000000000728,False,,,4,188.8576284910416
2023-10-09,3,False,204.0,174.75,201.35,180.10000000000002,-32.54999999999927,False,,,3,190.06587258123403
2023-10-10,2,False,165.2,215.25,165.05,185.25,25.80000000000291,False,,,2,155.3600926901357
2023-10-11,1,False,135.0,120.85000000000001,154.7,106.1,33.79999999999927,False,,,1,138.54909632149693
2023-10-12,0,True,95.0,6.4,95.0,6.4,-1.8500000000021828,False,,,0,76.4543937708565
2023-10-13,6,False,201.0,212.5,213.65,197.4,69.95000000000073,False,,,4,204.1458756747333
2023-10-16,3,False,204.75,167.4,184.55,173.89999999999998,-17.299999999999272,False,,,3,174.2073840817817
2023-10-17,2,False,155.5,132.7,145.05,132.2,-24.850000000002183,False,,,2,136.5342710978745
2023-10-18,1,True,128.75,139.55,128.75,139.55,-28.0,False,,,1,115.30831384222837
2023-10-19,0,True,80.85,83.05000000000001,80.85,83.05000000000001,8.5,False,,,0,65.0667130144605
2023-10-20,6,False,216.55,190.95,200.25,197.5,34.89999999999782,False,,,4,191.3419686583915
2023-10-23,3,False,185.0,263.45,245.0,303.3,24.700000000000728,False,,,3,231.26962395034687
2023-10-25,1,True,175.8,192.1,175.8,192.1,-6.150000000001455,False,,,1,157.4462258133107
2023-10-26,0,False,92.6,193.85,132.2,94.55,-66.54999999999927,False,,,0,106.39232480533924
2023-10-27,6,True,264.0,243.05,264.0,243.05,38.5,False,,,4,252.25607853091313
2023-10-30,3,False,198.35,204.7,190.0,232.35,-40.85000000000218,False,,,3,179.35195326761595
2023-10-31,2,False,164.2,189.6,155.3,151.35,-75.20000000000073,False,,,2,146.18250466390836
2023-11-01,1,True,172.25,125.64999999999999,172.25,125.64999999999999,7.200000000000728,False,,,1,154.26685094620456
2023-11-02,0,False,95.8,34.5,122.05,18.150000000000002,39.849999999998545,False,,,0,98.22377641824248
2023-11-03,6,True,187.89999999999998,183.55,187.89999999999998,183.55,7.599999999998545,False,,,4,179.54135286347943
2023-11-06,3,True,157.0,156.1,157.0,156.1,-4.19999999999709,False,,,3,148.2013508579774
2023-11-07,2,False,138.0,120.1,161.2,132.0,-33.349999999998545,False,,,2,151.7361220336254
2023-11-08,1,True,105.1,88.35,105.1,88.35,-15.349999999998545,False,,,1,94.12740803742292
2023-11-09,0,True,81.9,54.1,81.9,54.1,-16.450000000000728,False,,,0,65.91173526140156
2023-11-10,6,True,214.95,180.45,214.95,180.45,1.9500000000007276,False,,,4,205.38804575840825
2023-11-13,3,False,131.85,126.65,155.45,123.3,-37.849999999998545,False,,,3,146.73821650237315
2023-11-15,1,True,101.05,89.65,101.05,89.65,-22.900000000001455,False,,,1,90.50023389325963
2023-11-16,0,True,82.2,118.25,82.2,118.25,-32.400000000001455,False,,,0,66.153170189099
2023-11-17,6,False,230.9,223.15,199.45,195.8,87.79999999999927,False,,,4,190.57755629920692
2023-11-20,3,True,187.0,165.8,187.0,165.8,0.8499999999985448,False,,,3,176.52008032128515
2023-11-21,2,False,157.1,134.05,147.35,124.85,5.899999999997817,False,,,2,138.6992405809845
2023-11-22,1,True,121.0,90.4,121.0,90.4,6.849999999998545,False,,,1,108.36742504784182
2023-11-23,0,True,75.2,49.05,75.2,49.05,30.25,False,,,0,60.51968854282536
2023-11-24,6,False,195.8,159.4,184.15,155.7,20.80000000000291,False,,,4,175.95816992980173
2023-11-28,2,True,141.95,143.9,141.95,143.9,-19.30000000000291,False,,,2,133.616268751074
2023-11-29,1,True,112.35,155.95000000000002,112.35,155.95000000000002,8.650000000001455,False,,,1,100.62049755475229
2023-11-30,0,True,93.2,33.7,93.2,33.7,2.599999999998545,False,,,0,75.00578420467185
2023-12-01,6,False,253.45,263.85,261.0,250.25,34.150000000001455,False,,,4,249.38953218397094
2023-12-04,3,False,171.55,226.15,184.3,248.45,-36.900000000001455,False,,,3,173.97139466958748
2023-12-05,2,False,173.0,172.6,188.9,191.15,-58.10000000000218,False,,,2,177.8098849389072
2023-12-06,1,True,161.95,113.85,161.95,113.85,-19.549999999999272,False,,,1,145.04218583882627
2023-12-07,0,False,114.8,51.1,137.35,49.65,-80.95000000000073,False,,,0,110.536957730812
2023-12-08,6,True,240.60000000000002,212.75,240.60000000000002,212.75,24.400000000001455,False,,,4,229.89701702476404
2023-12-11,3,False,218.35,191.8,207.5,181.45,9.850000000002183,False,,,3,195.87121212121215
2023-12-12,2,False,180.7,168.15,154.05,183.5,15.900000000001455,False,,,2,145.00589081439205
2023-12-13,1,False,142.25,102.5,165.0,103.85,-15.0,False,,,1,147.7737614288752
2023-12-14,0,False,95.95,73.05,111.45,23.849999999999998,20.099999999998545,False,,,0,89.69307563959956
2023-12-15,6,False,225.64999999999998,311.15000000000003,231.5,344.2,-32.95000000000073,False,,,4,221.20182643903937
2023-12-18,3,True,252.0,204.85000000000002,252.0,204.85000000000002,28.150000000001455,False,,,3,237.87732749178537
2023-12-19,2,False,194.35,148.15,181.75,146.64999999999998,-41.05000000000291,False,,,2,171.07965371967381
2023-12-20,1,True,125.05,409.3,125.05,409.3,20.900000000001455,False,,,1,111.99459919200511
2023-12-21,0,True,109.05,198.1,109.05,198.1,-7.0,False,,,0,87.76159621802002
2023-12-22,6,False,300.0,270.70000000000005,307.7,293.0,-39.599999999998545,False,,,4,294.0121036513711
2023-12-26,2,True,232.95,217.75,232.95,217.75,-30.0,False,,,2,219.27375699586253
2023-12-27,1,False,151.35,210.39999999999998,170.8,171.35,39.19999999999709,False,,,1,152.9682330427387
2023-12-28,0,False,108.3,72.8,111.75,24.3,16.5,False,,,0,89.93451056729698
2023-12-29,6,True,384.75,272.95,384.75,272.95,-5.30000000000291,False,,,4,367.6345689953365
2024-01-01,3,False,259.55,213.45000000000002,260.0,229.15,-27.599999999998545,False,,,3,245.42898868200075
2024-01-02,2,True,194.2,182.15,194.2,182.15,-20.649999999997817,False,,,2,182.79872766085643
2024-01-03,1,False,179.0,167.45000000000002,173.5,137.65,-36.44999999999709,False,,,1,155.38634913884755
2024-01-04,0,True,104.05,51.9,104.05,51.9,12.799999999999272,False,,,0,83.73768075639599
2024-01-05,6,True,260.0,222.5,260.0,222.5,18.549999999999272,False,,,4,248.43401673499022
2024-01-08,3,False,216.2,279.90000000000003,216.55,250.89999999999998,-23.799999999999272,False,,,3,204.41402884264335
2024-01-09,2,True,172.3,183.5,172.3,183.5,10.25,False,,,2,162.1844530173304
2024-01-10,1,False,175.65,152.45000000000002,169.7,186.6,-53.849999999998545,False,,,1,151.98307463321285
2024-01-11,0,True,95.0,56.2,95.0,56.2,15.950000000000728,False,,,0,76.4543937708565
2024-01-12,6,True,280.0,313.9,280.0,313.9,-39.29999999999927,False,,,4,267.54432571460484
2024-01-15,3,True,244.5,233.7,244.5,233.7,16.94999999999709,False,,,3,230.7976451259584
2024-01-16,2,False,198.9,184.75,246.65,178.3,-19.25,False,,,2,232.16944478656148
2024-01-17,1,False,249.05,168.9,150.8,220.35,123.65000000000146,False,,,1,135.0562619604508
2024-01-18,0,False,157.2,57.6,129.1,9.85,24.649999999997817,False,,,0,103.89749721913236
2024-01-19,6,False,322.65,297.65,320.6,291.75,40.54999999999927,False,,,4,306.3382529432226
2024-01-20,5,True,276.0,276.35,276.0,276.35,-28.350000000002183,False,,,4,263.7222639186819
2024-01-23,2,True,235.0,531.0,235.0,531.0,-2.5,False,,,2,221.2034037090693
2024-01-24,1,False,206.2,302.15,211.3,259.45,58.95000000000073,False,,,1,189.23997448437171
2024-01-25,0,True,163.75,126.0,163.75,126.0,-16.099999999998545,False,,,0,131.78323136818688
2024-01-29,3,False,365.0,450.90000000000003,462.95,398.79999999999995,113.20000000000073,False,,,3,437.00519350127786
2024-01-30,2,False,349.05,359.45,381.0,321.25,-71.25,False,,,2,358.6319013325762
2024-01-31,1,True,294.9,321.25,294.9,321.25,34.75,False,,,1,264.11201360833513
2024-02-01,0,False,266.15,98.0,231.2,8.55,-64.10000000000218,False,,,0,186.06585094549496
2024-02-02,6,False,316.75,321.7,306.5,311.15,128.40000000000146,False,,,4,292.86548511259423
2024-02-05,3,True,282.6,317.7,282.6,317.7,-18.549999999999272,False,,,3,266.7624315443593
2024-02-06,2,False,268.75,249.65,300.1,264.6,-32.29999999999927,False,,,2,282.4814529918796
2024-02-07,1,False,185.15,178.45,237.6,163.35000000000002,-55.20000000000073,False,,,1,212.7942164575803
2024-02-08,0,True,133.4,299.0,133.4,299.0,-12.450000000000728,False,,,0,107.35806451612903
2024-02-09,6,True,347.54999999999995,312.54999999999995,347.54999999999995,312.54999999999995,43.099999999998545,False,,,4,332.08939429325324
2024-02-12,3,True,309.25,312.1,309.25,312.1,0.1500000000014552,False,,,3,291.91890288426436
2024-02-13,2,False,297.15,244.2,297.75,265.35,-87.84999999999854,False,,,2,280.2694189547889
2024-02-14,1,False,181.05,303.04999999999995,213.35000000000002,348.65,-14.75,False,,,1,191.07595152030623
2024-02-15,0,True,135.45,13.100000000000001,135.45,13.100000000000001,-31.450000000000728,False,,,0,109.00786985539486
2024-02-16,6,True,301.9,311.2,301.9,311.2,-13.549999999999272,False,,,4,288.47011404728283
2024-02-19,3,False,305.0,268.45,289.95,277.15,-32.54999999999927,False,,,3,273.7005202628697
2024-02-20,2,True,283.95,236.15,283.95,236.15,-11.799999999999272,False,,,2,267.2796020561286
2024-02-21,1,False,208.8,254.20000000000002,220.35000000000002,217.75,-41.54999999999927,False,,,1,197.34514139910698
2024-02-22,0,False,177.05,107.25,148.75,208.0,-74.79999999999927,False,,,0,119.71148498331479
2024-02-23,6,False,318.5,296.04999999999995,351.95,295.65,-57.20000000000073,False,,,4,336.29366226876846
2024-02-26,3,False,285.15,264.8,301.05,266.8,11.200000000000728,False,,,3,284.17845016429357
2024-02-27,2,False,263.0,234.9,260.9,221.89999999999998,37.04999999999927,False,,,2,245.58284267104756
2024-02-28,1,True,201.75,307.85,201.75,307.85,-15.649999999997817,False,,,1,180.6870082925792
2024-02-29,0,True,160.0,24.6,160.0,24.6,17.299999999999272,False,,,0,128.76529477196885
2024-03-01,6,False,329.65,431.75,318.0,402.1,73.79999999999927,False,,,4,303.85391277587263
2024-03-02,5,True,312.1,286.6,312.1,286.6,-20.549999999999272,False,,,4,298.21637162688637
2024-03-04,3,True,278.25,247.64999999999998,278.25,247.64999999999998,-22.950000000000728,False,,,3,262.6562157721797
2024-03-05,2,True,253.35,189.35,253.35,189.35,-4.799999999999272,False,,,2,238.47609501996897
2024-03-06,1,True,178.0,201.79999999999998,178.0,201.79999999999998,0.75,False,,,1,159.41654263236234
2024-03-07,0,True,119.0,9.05,119.0,9.05,-22.399999999997817,False,,,0,95.76918798665183
2024-03-11,3,True,250.75,255.5,250.75,255.5,-29.849999999998545,False,,,3,236.6973804308142
2024-03-12,2,True,220.6,203.1,220.6,203.1,-2.900000000001455,False,,,2,207.64881216264124
2024-03-13,1,False,187.9,481.3,192.0,392.85,-87.95000000000073,False,,,1,171.95492238996388
2024-03-14,0,True,155.0,146.39999999999998,155.0,146.39999999999998,7.700000000000728,False,,,0,124.74137931034481
2024-03-15,6,False,356.1,285.45000000000005,337.0,284.0,41.650000000001455,False,,,4,322.00870630650655
2024-03-18,3,False,279.95,252.95,264.65,243.3,40.35000000000218,False,,,3,249.81839174881344
2024-03-19,2,True,233.9,232.25,233.9,232.25,-9.049999999999272,False,,,2,220.16798352149496
2024-03-20,1,True,195.0,150.2,195.0,150.2,11.399999999997817,False,,,1,174.64171805230706
2024-03-21,0,True,134.35,10.15,134.35,10.15,4.549999999999272,False,,,0,108.12260845383759
2024-03-22,6,False,315.4,313.6,296.5,343.5,-34.95000000000073,False,,,4,283.3103306227869
2024-03-26,2,False,265.0,235.79999999999998,201.85,196.1,117.25,False,,,2,189.99960441989634
2024-03-27,1,False,191.3,158.65,179.0,133.2,48.599999999998545,False,,,1,160.31214118647674
2024-03-28,0,False,112.80000000000001,166.9,85.25,119.85,53.80000000000291,False,,,0,68.60775862068965
2024-04-01,3,False,225.9,218.64999999999998,230.3,214.9,38.75,False,,,3,217.39344651332607
2024-04-02,2,True,210.05,171.15,210.05,171.15,-15.700000000000728,False,,,2,197.71819127272346
2024-04-03,1,False,160.05,123.3,184.15,138.6,-24.600000000002183,False,,,1,164.92447374016587
2024-04-04,0,False,128.05,98.44999999999999,107.0,18.5,-72.19999999999709,False,,,0,86.11179087875416
2024-04-05,5,False,256.4,235.45,280.25,246.95,-18.100000000002183,False,,,4,267.78320457685004
2024-04-08,2,True,222.9,198.3,222.9,198.3,5.650000000001455,False,,,2,209.81378164575128
2024-04-09,1,False,174.89999999999998,137.05,158.05,123.45,-60.25,False,,,1,141.54935147778016
2024-04-10,0,True,100.0,52.1,100.0,52.1,-4.549999999999272,False,,,0,80.47830923248053
2024-04-12,6,True,292.65,256.35,292.65,256.35,37.25,False,,,4,279.6315961442111
2024-04-15,3,True,260.05,209.85,260.05,209.85,-11.099999999998545,False,,,3,245.47618656443962
2024-04-16,2,False,248.0,158.6,190.0,156.05,62.150000000001455,False,,,2,178.84530512648158
2024-04-18,0,False,120.0,206.79999999999998,134.3,258.2,54.10000000000218,False,,,0,108.08236929922136
2024-04-19,6,True,445.84999999999997,423.25,445.84999999999997,423.25,-10.849999999998545,False,,,4,426.01656292805916
2024-04-22,3,False,266.0,229.7,268.15,253.55,-90.05000000000291,False,,,3,253.12224351953267
2024-04-23,2,False,207.85,183.0,225.75,176.64999999999998,-48.04999999999927,False,,,2,212.4964612226485
2024-04-24,1,True,152.35000000000002,120.0,152.35000000000002,120.0,-12.099999999998545,False,,,1,136.44443971932813
2024-04-25,0,False,122.7,285.2,106.0,236.29999999999998,25.099999999998545,False,,,0,85.30700778642935
2024-04-26,6,True,281.05,267.29999999999995,281.05,267.29999999999995,-15.5,False,,,4,268.5476169360346
2024-04-29,3,True,258.7,263.8,258.7,263.8,34.650000000001455,False,,,3,244.20184373859075
2024-04-30,2,True,180.05,159.64999999999998,180.05,159.64999999999998,-1.4000000000014552,False,,,2,169.47945888433162
2024-05-02,0,False,188.0,105.75,141.95,9.75,72.15000000000146,False,,,0,114.2389599555061
2024-05-03,6,False,256.20000000000005,341.95,245.70000000000002,368.5,25.5,False,,,4,234.77014581456578
2024-05-06,3,False,254.0,259.05,295.0,272.0,14.75,False,,,3,278.46750638919315
2024-05-07,2,True,231.2,273.35,231.2,273.35,0.7000000000007276,False,,,2,217.62649760653966
2024-05-08,1,True,227.9,154.15,227.9,154.15,2.2999999999992724,False,,,1,204.10691048267066
2024-05-09,0,False,149.8,234.5,137.2,285.5,10.350000000002183,False,,,0,110.41624026696327
2024-05-10,6,False,341.9,304.55,339.0,297.4,58.14999999999782,False,,,4,323.919737204468
2024-05-13,3,False,295.0,248.6,299.9,282.15,-75.75,False,,,3,283.0928988682001
2024-05-14,2,False,243.6,226.10000000000002,223.7,207.9,17.149999999997817,False,,,2,210.5668145094417
2024-05-15,1,False,184.35,146.15,177.95,160.95,20.850000000002183,False,,,1,159.37176270465662
2024-05-16,0,True,119.9,99.85000000000001,119.9,99.85000000000001,-8.25,False,,,0,96.49349276974415
2024-05-17,6,True,311.5,275.25,311.5,275.25,-38.95000000000073,False,,,4,297.6430623574979
2024-05-18,5,True,260.85,237.3,260.85,237.3,-0.8999999999978172,False,,,4,249.24620486662386
2024-05-21,2,False,224.05,240.95,230.0,221.3,64.85000000000218,False,,,2,216.49694831100402
2024-05-22,1,False,197.95,141.85,200.6,154.95,-18.94999999999709,False,,,1,179.65706995534765
2024-05-23,0,True,123.8,361.85,123.8,361.85,-28.649999999997817,False,,,0,99.63214682981089
2024-05-24,6,False,338.0,317.6,344.05,308.25,54.75,False,,,4,328.7450902218207
2024-05-27,3,False,280.2,271.45,280.6,268.15,-52.10000000000218,False,,,3,264.87451624680546
2024-05-28,2,True,268.4,224.7,268.4,224.7,6.94999999999709,False,,,2,252.64252576814553
2024-05-29,1,False,228.15,169.45,225.55,172.95,35.79999999999927,False,,,1,202.00225388050183
2024-05-30,0,False,182.0,121.64999999999999,156.0,170.0,25.149999999997817,False,,,0,125.54616240266962
2024-05-31,6,False,1057.0,861.25,827.85,844.6,68.0,False,,,4,791.0234644386986
2024-06-03,3,False,713.05,684.3499999999999,700.55,673.85,-202.3000000000029,False,,,3,661.2895308506754
2024-06-04,2,False,450.0,1473.5500000000002,789.9,885.1,-699.7999999999993,False,,,2,743.5258237863568
2024-06-05,1,False,681.7,483.7,448.0,604.25,-120.14999999999782,False,,,1,401.22815224324904
2024-06-06,0,False,325.0,21.049999999999997,328.0,106.25,-83.89999999999782,False,,,0,263.96885428253614
2024-06-07,6,False,510.85,632.0500000000001,458.0,566.1,97.40000000000146,False,,,4,437.62607563317505
2024-06-10,3,False,418.85,345.05,390.15,366.95,80.94999999999709,False,,,3,368.28507667031766
2024-06-11,2,True,330.3,232.85000000000002,330.3,232.85000000000002,-1.0499999999992724,False,,,2,310.90844359619405
2024-06-12,1,True,207.65,170.35,207.65,170.35,10.849999999998545,False,,,1,185.97103976185417
2024-06-13,0,False,177.95,105.30000000000001,153.0,6.8,-62.75,False,,,0,123.1318131256952
2024-06-14,6,False,279.55,235.1,315.0,261.25,-113.04999999999927,False,,,4,300.98736642893044
2024-06-18,2,False,208.7,170.25,200.1,179.3,-55.79999999999927,False,,,2,188.35234503057347
2024-06-19,1,False,161.35,194.7,171.45,155.95,-72.54999999999927,False,,,1,153.55037210291303
2024-06-20,0,False,127.0,37.2,134.7,65.10000000000001,-88.55000000000291,False,,,0,108.40428253615126
2024-06-21,6,False,271.15,287.3,259.2,273.95,-53.30000000000291,False,,,4,247.66960437580562
2024-06-24,3,True,250.4,271.2,250.4,271.2,29.299999999999272,False,,,3,236.3669952537423
2024-06-25,2,True,210.95,239.8,210.95,239.8,2.650000000001455,False,,,2,198.5653532443752
2024-06-26,1,True,181.75,212.9,181.75,212.9,-26.549999999999272,False,,,1,162.77503721029132
2024-06-27,0,False,145.8,135.85,149.75,236.6,-61.849999999998545,False,,,0,120.51626807563959
2024-06-28,6,False,338.29999999999995,293.95,321.65,297.3,46.04999999999927,False,,,4,307.3415441646523
2024-07-01,3,False,313.75,287.2,317.0,268.29999999999995,49.75,False,,,3,299.2345746622855
2024-07-02,2,False,238.5,217.15,254.05,206.64999999999998,-84.25,False,,,2,239.13499877569814
2024-07-03,1,False,173.05,150.25,178.25,152.35,-60.599999999998545,False,,,1,159.64044227089093
2024-07-04,0,True,139.0,51.1,139.0,51.1,-7.5,False,,,0,111.86484983314793
2024-07-05,6,True,293.75,269.0,293.75,269.0,-27.19999999999709,False,,,4,280.6826631380899
2024-07-08,3,False,242.05,208.65,234.95,212.75,-5.450000000000728,False,,,3,221.78284958013876
2024-07-09,2,True,209.85,192.6,209.85,192.6,9.549999999999272,False,,,2,197.52993305680081
2024-07-10,1,False,159.2,177.79999999999998,162.1,153.60000000000002,-51.89999999999782,False,,,1,145.17652562194345
2024-07-11,0,False,116.5,86.45,120.35000000000001,37.6,-50.14999999999782,False,,,0,96.85564516129033
2024-07-12,6,False,240.15,262.25,249.95000000000002,247.35,45.099999999998545,False,,,4,238.8310864727339
2024-07-15,3,False,224.8,196.7,229.0,206.7,-20.0,False,,,3,216.16630156991604
2024-07-16,2,True,197.95,141.85000000000002,197.95,141.85000000000002,7.299999999999272,False,,,2,186.3285692094054
2024-07-18,0,True,169.0,256.15,169.0,256.15,-5.349999999998545,False,,,0,136.0083426028921
2024-07-19,6,False,469.7,535.45,463.15,497.55,-84.39999999999782,False,,,4,442.5469801954258
2024-07-22,3,True,448.1,435.5,448.1,435.5,22.5,False,,,3,422.98742241694055
2024-07-23,2,True,430.9,240.75,430.9,240.75,-37.25,False,,,2,405.6023262052679
2024-07-24,1,True,219.0,163.75,219.0,163.75,4.149999999997817,False,,,1,196.13608335105255
2024-07-25,0,True,160.7,153.29999999999998,160.7,153.29999999999998,17.200000000000728,False,,,0,129.3286429365962
2024-07-26,6,False,320.0,516.15,326.95,440.5,54.30000000000291,False,,,4,312.40577604425016
2024-07-29,3,False,258.95,246.8,278.0,238.7,-26.950000000000728,False,,,3,262.4202263599854
2024-07-30,2,True,243.15,194.3,243.15,194.3,-3.400000000001455,False,,,2,228.87492600791578
2024-07-31,1,False,202.3,172.45,196.10000000000002,163.85000000000002,39.599999999998545,False,,,1,175.62687646183292
2024-08-01,0,True,140.85,45.55,140.85,45.55,23.200000000000728,False,,,0,113.35369855394882
2024-08-02,6,False,297.15,319.65,283.75,333.7,47.0,False,,,4,271.12750864828257
2024-08-05,3,False,290.5,414.04999999999995,325.4,401.1,-87.34999999999854,False,,,3,307.1638189120117
2024-08-06,2,False,322.0,310.79999999999995,356.5,361.2,128.75,False,,,2,335.5702698820562
2024-08-07,1,False,242.9,176.75,218.75,190.45,-23.200000000000728,False,,,1,195.91218371252393
2024-08-08,0,False,174.9,114.94999999999999,187.1,65.14999999999999,-26.200000000000728,False,,,0,150.57491657397105
2024-08-09,5,True,316.25,290.85,316.25,290.85,2.25,False,,,4,302.1817607401564
2024-08-12,2,False,286.25,238.05,294.5,250.2,-45.599999999998545,False,,,2,277.21022294604643
2024-08-13,1,False,242.05,247.29999999999998,220.9,217.45000000000002,-20.19999999999709,False,,,1,197.83772060386988
2024-08-14,0,False,186.2,56.95,166.9,8.25,-51.75,False,,,0,134.31829810901002
2024-08-16,6,False,334.5,338.1,303.65,311.6,50.45000000000073,False,,,4,290.14226608299913
2024-08-19,3,False,252.1,220.54999999999998,245.25,215.45,-53.849999999998545,False,,,3,231.5056133625411
2024-08-20,2,False,204.9,176.2,203.5,190.9,-26.5,False,,,2,191.5527347012579
2024-08-21,1,True,177.45,131.2,177.45,131.2,-2.849999999998545,False,,,1,158.9239634275994
2024-08-22,0,True,108.55000000000001,41.95,108.55000000000001,41.95,-36.25,False,,,0,87.35920467185763
2024-08-23,6,True,283.75,259.4,283.75,259.4,-16.25,False,,,4,271.12750864828257
2024-08-26,3,True,276.95,243.75,276.95,243.75,11.5,False,,,3,261.4290708287696
2024-08-27,2,True,202.15,160.55,202.15,160.55,-22.649999999997817,False,,,2,190.28199174378028
2024-08-28,1,False,155.0,118.9,150.85000000000002,126.5,-18.25,False,,,1,135.10104188815652
2024-08-29,0,True,93.35,122.60000000000001,93.35,122.60000000000001,19.549999999999272,False,,,0,75.12650166852056
2024-08-30,6,True,285.45,246.60000000000002,285.45,246.60000000000002,3.0499999999992724,False,,,4,272.75188491154984
2024-09-02,3,False,237.5,215.6,219.95,209.35000000000002,-28.349999999998545,False,,,3,207.62348484848488
2024-09-03,2,False,212.9,168.75,189.0,173.8,-45.35000000000218,False,,,2,177.90401404686853
2024-09-04,1,True,168.14999999999998,149.10000000000002,168.14999999999998,149.10000000000002,15.549999999999272,False,,,1,150.59489687433552
2024-09-05,0,False,100.0,103.85,114.0,53.75,-33.599999999998545,False,,,0,91.7452725250278
2024-09-06,6,False,299.75,364.34999999999997,310.25,386.75,43.599999999998545,False,,,4,296.44866804627196
2024-09-09,3,False,327.0,252.8,334.45,274.5,-68.45000000000073,False,,,3,315.7066356334429
2024-09-10,2,True,201.0,166.3,201.0,166.3,-5.150000000001455,False,,,2,189.19950700222523
2024-09-11,1,False,150.8,202.8,161.0,171.6,-30.299999999999272,False,,,1,144.19136721241762
2024-09-12,0,True,140.95,345.15,140.95,345.15,-2.600000000002183,False,,,0,113.43417686318129
2024-09-13,6,False,310.0,269.9,302.95,264.45,-115.5,False,,,4,289.4734052687126
2024-09-16,3,True,235.35,216.05,235.35,216.05,-9.900000000001455,False,,,3,222.16043263964954
2024-09-17,2,True,216.2,197.7,216.2,197.7,-38.5,False,,,2,203.50713141234377
2024-09-18,1,True,187.6,214.0,187.6,214.0,2.2999999999992724,False,,,1,168.01428875186053
2024-09-19,0,False,170.0,91.75,171.85,141.55,77.5,False,,,0,138.30197441601777
2024-09-20,6,False,298.0,358.3,313.85,389.25,-37.04999999999927,False,,,4,299.8885236626026
2024-09-23,3,False,273.2,253.0,253.05,245.05,20.200000000000728,False,,,3,238.86848302300115
2024-09-24,2,False,242.7,197.95,247.89999999999998,192.25,11.450000000000728,False,,,2,233.34605863607777
2024-09-25,1,False,179.45,156.4,200.10000000000002,139.4,39.75,False,,,1,179.2092706782905
2024-09-26,0,False,115.8,228.7,131.05,178.75,44.849999999998545,False,,,0,105.46682424916574
2024-09-27,6,True,302.75,257.35,302.75,257.35,-17.5,False,,,4,289.2823021789165
2024-09-30,3,True,306.7,295.2,306.7,295.2,3.5499999999992724,False,,,3,289.51181087988317
2024-10-01,2,False,231.45,146.89999999999998,237.45,149.55,63.25,False,,,2,223.5095668541213
2024-10-03,0,False,221.0,196.45000000000002,164.75,346.7,134.25,True,-196.3,153.6,0,132.58801446051166
2024-10-04,6,False,380.9,381.65,408.0,370.8,-53.10000000000218,True,52.8,406.15,4,389.8503031841385
2024-10-07,3,True,312.8,399.95000000000005,312.8,399.95000000000005,-5.75,True,-40.59,341.5,3,295.26995253742245
2024-10-08,2,True,335.05,295.95,335.05,295.95,3.5,True,59.6,362.85,2,315.3795762243561
2024-10-09,1,True,245.55,193.4,245.55,193.4,-10.200000000000728,True,75.6,247.75,1,219.91422496278975
2024-10-10,0,True,158.0,51.6,158.0,51.6,-17.799999999999272,True,81.3,132.8,0,127.15572858731923
2024-10-11,6,True,335.35,285.55,335.35,285.55,2.4500000000007276,True,29.740000000000002,319.78999999999996,4,320.4321058156884
2024-10-14,3,False,279.0,254.89999999999998,273.9,238.14999999999998,17.599999999998545,True,22.11,258.55,3,258.55
2024-10-15,2,True,215.35,232.9,215.35,232.9,-9.450000000000728,True,-25.9,196.35,2,202.70703399467266
2024-10-16,1,True,188.2,132.05,188.2,132.05,8.650000000001455,True,33.95,168.15,1,168.55164788432916
2024-10-17,0,False,121.9,298.4,138.15,198.5,-87.20000000000073,True,-90.85,108.85,0,111.18078420467185
2024-10-18,6,False,379.65,354.5,365.65,421.0,-92.45000000000073,True,-75.51,357.53999999999996,4,349.38422391980447
2024-10-21,3,False,254.65,284.55,263.95,263.05,-63.75,True,-27.2,254.2,3,249.1576213946696
2024-10-22,2,True,237.05,356.40000000000003,237.05,356.40000000000003,19.649999999997817,True,-138.05,223.25,2,223.1330504222761
2024-10-23,1,False,195.1,164.25,240.9,161.8,112.34999999999854,True,73.3,231.10000000000002,1,215.7496916861578
2024-10-24,0,True,160.0,3.2,160.0,3.2,-2.400000000001455,True,116.45,117.0,0,128.76529477196885
2024-10-25,6,False,336.29999999999995,336.75,326.8,355.25,11.150000000001455,True,-39.85,303.9,4,312.2624487269031
2024-10-28,3,False,285.0,252.10000000000002,318.95,272.95,-34.39999999999782,True,25.65,286.75,3,301.07529207740055
2024-10-29,2,False,237.8,214.60000000000002,238.3,278.75,-67.79999999999927,True,-31.35,241.75,2,224.30966427179243
2024-10-30,1,False,173.95,149.5,171.0,149.35000000000002,11.0,True,47.0,193.25,1,153.14735275356156
2024-10-31,0,False,150.0,146.54999999999998,180.0,46.25,-77.84999999999854,True,66.45,110.9,0,144.86095661846494
2024-11-04,3,False,375.45,442.95,437.55,391.65,-241.70000000000073,True,36.8,420.75,3,413.028669222344
2024-11-05,2,False,378.0,407.85,391.1,362.1,65.70000000000073,True,21.05,380.9,2,368.13894123666813
2024-11-06,1,False,315.25,209.15,353.0,185.9,36.099999999998545,True,45.65,231.55,1,316.1462896023815
2024-11-07,0,False,171.0,300.8,173.0,150.25,-135.79999999999927,True,-17.2,133.45,0,139.22747497219132
2024-11-08,6,False,365.95,292.45,385.0,294.5,-37.35000000000218,True,71.3,362.79999999999995,4,367.87344785758165
2024-11-11,3,True,307.4,241.20000000000002,307.4,241.20000000000002,11.400000000001455,True,37.59,272.78999999999996,3,290.172581234027
2024-11-12,2,False,235.85,390.6,219.35,315.55,-53.20000000000073,True,-113.2,227.3,2,206.4721983131249
2024-11-13,1,True,194.95,269.4,194.95,269.4,-20.700000000000728,True,-6.65,229.25,1,174.59693812460134
2024-11-14,0,False,202.0,25.0,151.5,75.85,39.04999999999927,True,93.46000000000001,160.60000000000002,0,121.924638487208
2024-11-18,3,False,320.6,257.45,289.35,236.6,-134.14999999999782,True,60.25,292.35,3,273.13414567360354
2024-11-19,2,False,241.0,215.0,256.5,245.6,134.54999999999927,True,-44.25,218.64999999999998,2,241.44116192075012
2024-11-21,0,False,208.75,153.55,138.0,54.15,-108.25,True,99.6,149.60000000000002,0,111.06006674082313
2024-11-22,6,False,378.55,621.5,346.55,551.95,96.5,True,-176.1,365.7,4,331.13387884427254
2024-11-25,3,False,335.45,283.05,300.75,280.7,57.54999999999927,True,67.35,340.15,3,283.8952628696605
2024-11-26,2,False,275.0,239.3,303.9,224.25,-36.79999999999927,True,34.9,258.15,2,286.0583590944092
2024-11-27,1,False,201.55,173.75,216.5,201.65,-35.45000000000073,True,-13.65,193.35,1,193.89708696576656
2024-11-28,0,False,154.9,347.35,144.35000000000002,397.90000000000003,2.399999999997817,True,-237.5,147.85,0,116.17043937708566
2024-11-29,6,False,390.05,383.0,377.5,340.8,100.39999999999782,True,47.55,384.95,4,360.7070819902262
2024-12-02,3,False,329.6,348.95,341.7,397.5,-107.79999999999927,True,-94.8,302.05,3,322.5503285870756
2024-12-03,2,False,282.25,284.2,310.95,302.9,-67.5,True,17.94,315.24,2,292.6944612056813
2024-12-04,1,True,253.95,232.5,253.95,232.5,27.650000000001455,True,16.95,254.5,1,227.43725281735064
2024-12-05,0,False,239.10000000000002,88.2,207.05,135.45,-25.75,True,19.25,229.1,0,166.63033926585095
2024-12-06,6,False,439.15,364.0,443.2,363.25,-24.200000000000728,True,117.55,476.85,4,423.48444698826023
2024-12-09,3,True,367.35,295.4,367.35,295.4,30.099999999998545,True,45.1,339.25,3,346.7628422782038
2024-12-10,2,False,297.0,240.25,306.3,233.55,-56.650000000001455,True,35.8,264.3,2,288.3174576854806
2024-12-11,1,True,232.7,131.75,232.7,131.75,1.9500000000007276,True,69.75,192.0,1,208.40578354241975
2024-12-12,0,False,125.4,51.2,123.0,101.0,49.95000000000073,True,-24.61,76.44,0,98.98832035595105
2024-12-13,6,False,350.0,376.7,338.3,441.65000000000003,-79.64999999999782,True,-104.7,364.54999999999995,4,323.25087639018153
2024-12-16,3,False,237.9,315.4,289.0,311.70000000000005,-50.20000000000073,True,1.15,311.65,3,272.8037604965316
2024-12-17,2,True,302.35,321.20000000000005,302.35,321.20000000000005,6.650000000001455,True,-17.16,317.24,2,284.59935792100896
2024-12-18,1,True,230.95,185.4,230.95,185.4,3.399999999997817,True,64.41000000000001,238.1,1,206.83848607271955
2024-12-19,0,True,153.55,52.699999999999996,153.55,52.699999999999996,10.099999999998545,True,88.94,140.64,0,123.57444382647385
2024-12-20,6,False,431.45,454.9,410.0,433.04999999999995,-47.400000000001455,False,,,4,391.76133408209995
2024-12-23,3,True,355.0,197.15,355.0,197.15,5.649999999997817,False,,,3,335.1049653158087
2024-12-24,2,True,196.89999999999998,136.1,196.89999999999998,136.1,-3.599999999998545,False,,,2,185.34021357581167
2024-12-26,0,False,118.75,50.650000000000006,117.65,100.30000000000001,50.95000000000073,False,,,0,94.68273081201335
2024-12-27,6,False,360.0,289.55,372.8,281.65,53.599999999998545,True,62.15,343.25,4,356.21615938001673
2024-12-30,3,False,289.2,275.85,307.2,267.6,-41.20000000000073,True,-6.5,254.75,3,289.98378970427166
2024-12-31,2,True,284.2,296.70000000000005,284.2,296.70000000000005,-19.349999999998545,True,-45.0,253.9,2,267.5149248260319
2025-01-01,1,True,285.9,273.0,285.9,273.0,3.099999999998545,True,-43.4,231.3,1,256.05162662130556
2025-01-02,0,False,205.0,391.95000000000005,213.0,441.20000000000005,-22.700000000000728,True,-209.95,228.85,0,171.41879866518352
2025-01-03,6,False,375.0,352.55,383.3,335.04999999999995,-64.25,True,31.8,368.6,4,366.24907159431444
2025-01-06,3,True,310.7,530.05,310.7,530.05,-10.149999999997817,True,-197.5,310.20000000000005,3,293.2876414749909
2025-01-07,2,False,378.5,241.45,461.45,241.75,81.09999999999854,True,78.3,313.55,2,434.35876868744697
2025-01-08,1,False,242.65,159.6,246.85,147.7,-108.85000000000218,True,57.5,192.85,1,221.07850308313843
2025-01-09,0,False,126.55,130.3,112.35000000000001,80.4,-61.04999999999927,True,13.85,87.35,0,90.41738042269188
2025-01-10,6,False,384.95,324.45,384.5,321.6,-33.25,True,56.0,364.44,4,367.3956901330913
2025-01-13,3,False,295.0,271.15,328.0,278.1,60.54999999999927,True,60.61000000000001,329.5,3,309.6181087988317
2025-01-14,2,False,234.0,192.95,236.1,175.8,26.599999999998545,True,53.8,232.5,2,222.23882389664368
2025-01-15,1,False,153.9,109.7,170.55,111.05000000000001,-42.95000000000073,True,43.4,157.0,1,152.7443334042101
2025-01-16,0,False,128.9,95.80000000000001,107.95,45.75,-28.849999999998545,True,35.21,73.55,0,86.87633481646273
2025-01-17,6,False,362.0,326.35,393.05,330.70000000000005,-56.0,True,18.209999999999997,351.20000000000005,4,375.56534722187655
2025-01-20,3,False,320.95,289.7,339.7,321.05,-81.5,True,36.24,346.99,3,320.66241328952174
2025-01-21,2,True,274.05,372.75,274.05,372.75,-7.05000000000291,True,-98.95,266.8,2,257.96082036795934
2025-01-22,1,True,223.9,133.89999999999998,223.9,133.89999999999998,-16.150000000001455,True,84.75,217.1,1,200.52451626621308
2025-01-23,0,False,115.0,57.0,96.55000000000001,106.8,-22.75,True,-16.3,88.95,0,77.70180756395996
2025-01-24,6,False,387.0,338.0,394.9,346.4,51.349999999998545,True,40.1,384.0,4,377.3330508024909
2025-01-27,3,True,330.7,315.7,330.7,315.7,27.399999999997817,True,22.6,344.4,3,312.16679445052944
2025-01-28,2,False,289.4,279.05,299.4,286.8,-51.650000000001455,True,22.64,307.99,2,281.8225492361504
2025-01-29,1,False,286.2,313.0,246.45,328.85,-38.75,True,-46.05,295.85,1,220.72026366149268
2025-01-30,0,True,225.95,74.7,225.95,74.7,-0.5,True,146.75,246.60000000000002,0,181.84073971078973
2025-01-31,6,False,637.0,557.95,619.8,538.55,28.599999999998545,True,107.33999999999999,639.79,4,592.2284752782574
2025-02-01,5,False,493.65000000000003,294.75,500.6,293.54999999999995,-28.25,False,,,4,478.33103375975423
2025-02-03,3,False,313.0,246.95,306.54999999999995,231.7,14.850000000002183,True,40.59,270.28999999999996,3,289.37021723256663
2025-02-04,2,True,210.5,262.05,210.5,262.05,4.19999999999709,True,-35.15,223.7,2,198.1417722585493
2025-02-05,1,False,164.65,191.65,184.0,165.5,-37.75,True,6.3,180.55,1,164.7901339570487
2025-02-06,0,False,139.35,153.55,130.0,103.7,-62.900000000001455,True,41.95,138.7,0,104.62180200222468
2025-02-07,6,False,358.7,306.9,369.95,301.7,-56.349999999998545,True,90.7,391.1,4,353.49294035042163
2025-02-10,3,False,315.0,297.5,307.0,276.75,-70.20000000000073,True,18.9,297.6,3,289.7949981745163
2025-02-11,2,False,274.0,351.34999999999997,290.0,288.35,-68.84999999999854,True,-15.309999999999999,281.34000000000003,2,272.97441308778764
2025-02-12,1,False,225.05,173.0,246.15,176.25,-71.95000000000073,True,32.05,206.85,1,220.45158409525837
2025-02-13,0,False,167.75,19.5,180.45,34.5,-30.849999999998545,True,137.65,169.1,0,145.22310901001111
2025-02-14,6,False,360.0,346.70000000000005,389.25,338.05,-69.25,True,25.95,361.3,4,371.9343885157498
2025-02-17,3,False,335.0,349.09999999999997,349.0,330.75,20.44999999999709,True,9.2,343.75,3,329.4412194231472
2025-02-18,2,False,297.95,237.6,319.95,242.8,-63.25,True,74.58999999999999,310.63,2,301.16608092219883
2025-02-19,1,True,235.14999999999998,182.60000000000002,235.14999999999998,182.60000000000002,4.950000000000728,True,33.65,210.6,1,210.6
2025-02-20,0,False,164.25,112.8,164.10000000000002,62.650000000000006,25.200000000000728,True,58.6,121.6,0,132.06490545050056
2025-02-21,6,False,331.35,285.4,363.2,289.0,39.20000000000073,True,14.85,309.45000000000005,4,347.0432110698017
2025-02-24,3,True,308.7,202.3,308.7,202.3,10.600000000002183,True,60.8,260.1,3,291.39972617743706
2025-02-25,2,False,221.0,147.7,194.75,123.05,37.79999999999927,True,57.05,169.6,2,183.3164377546436
2025-02-27,0,True,108.9,4.2,108.9,4.2,-14.150000000001455,True,61.7,66.75,0,87.6408787541713
2025-02-28,6,False,294.2,357.0,299.75,314.7,-95.70000000000073,True,-29.64,282.95,4,286.4157558319743
2025-03-03,3,False,293.2,235.25,309.2,235.35,-21.349999999998545,True,43.25,270.7,3,291.8717050018255
2025-03-04,2,False,213.89999999999998,225.10000000000002,232.4,206.3,25.049999999999272,True,1.8,211.8,2,218.75604690207535
2025-03-05,1,False,175.0,309.55,212.05,203.05,119.75,True,-40.35,167.85,1,189.9116733999575
2025-03-06,0,False,131.6,45.0,153.0,194.9,-112.25,True,-79.5,115.0,0,123.1318131256952
2025-03-07,6,True,312.0,288.65,312.0,288.65,2.9499999999970896,True,27.6,307.65,4,298.12082008198826
2025-03-10,3,False,270.0,240.4,277.0,259.6,61.0,True,-0.9,258.95,3,261.4762687112085
2025-03-11,2,True,217.1,251.85,217.1,251.85,16.950000000000728,True,-32.75,233.05,2,204.35429338399553
2025-03-12,1,False,194.4,142.9,222.10000000000002,136.0,-74.25,True,55.8,188.60000000000002,1,198.9124388688072
2025-03-13,0,False,124.4,154.55,116.45,104.80000000000001,-57.650000000001455,True,-23.35,79.3,0,93.71699110122357
2025-03-17,3,False,274.95,280.4,295.9,226.6,185.9499999999971,True,11.24,234.59,3,279.3170682730924
2025-03-18,2,True,210.14999999999998,268.2,210.14999999999998,268.2,-18.150000000001455,True,-44.96,236.19,2,197.81232038068472
2025-03-19,1,True,180.2,181.25,180.2,181.25,-26.5,True,3.19,177.09,1,161.38685945141398
2025-03-20,0,True,124.95,145.95,124.95,145.95,28.05000000000291,True,-29.25,111.75,0,100.55764738598442
2025-03-21,6,False,262.75,328.6,274.8,302.65,27.950000000000728,True,-36.1,260.85,4,262.57564537990504
2025-03-24,3,True,212.0,319.29999999999995,212.0,319.29999999999995,-16.5,True,-76.45,254.5,3,200.1190215407083
2025-03-25,2,False,265.65,213.2,277.2,212.85,-29.849999999998545,True,71.9,289.7,2,260.9258872687405
2025-03-26,1,True,222.5,225.89999999999998,222.5,225.89999999999998,-1.1500000000014552,True,-26.65,203.4,1,199.27067829045293
2025-03-27,0,False,148.5,146.15,159.95,46.3,109.84999999999854,True,82.05,124.35,0,128.72505561735258
2025-03-28,6,False,327.6,238.35000000000002,350.7,236.39999999999998,-41.650000000001455,True,77.1,310.6,4,335.09926795754257
2025-04-01,2,False,223.0,226.95,223.25,284.2,130.35000000000218,True,-75.3,216.8,2,210.14323352361586
2025-04-02,1,False,213.75,181.8,205.85,157.95,53.70000000000073,True,42.05,196.75,1,184.35896236444825
2025-04-03,0,False,146.75,101.25,118.95,2.95,101.35000000000218,True,93.4,93.55000000000001,0,95.72894883203558
2025-04-04,5,False,309.95,364.5,303.7,298.65000000000003,-112.60000000000218,True,17.5,305.9,4,290.19004185544816
2025-04-07,2,False,579.15,789.0,597.95,639.3,283.9499999999971,True,-87.2,562.55,2,562.8450010546298
2025-04-08,1,False,390.95,371.65,437.0,342.05,98.40000000000146,True,-27.75,318.78999999999996,1,391.37656814799067
2025-04-09,0,False,321.55,51.75,288.29999999999995,2.7,-77.39999999999782,True,190.6,191.5,0,232.01896551724133
2025-04-11,6,False,569.0,525.95,487.05,513.2,67.04999999999927,True,-32.01,474.99,4,465.3837994260653
2025-04-15,2,False,400.5,197.9,396.0,192.05,-70.44999999999709,True,91.55,285.55,2,372.7512675267721
2025-04-16,1,True,172.35,163.64999999999998,172.35,163.64999999999998,-10.599999999998545,True,-17.6,137.2,1,154.356410801616
2025-04-17,0,False,147.5,453.05,138.3,549.85,-92.04999999999927,True,-458.3,92.9,0,111.30150166852057
2025-04-21,3,True,359.45000000000005,304.9,359.45000000000005,304.9,9.549999999999272,True,48.1,334.65,3,339.30557685286607
2025-04-22,2,False,245.0,189.95,233.1,189.65,-52.80000000000291,True,27.95,213.55,2,219.4149506578045
2025-04-23,1,False,196.95,138.7,175.4,127.2,-40.0,True,54.85,176.45,1,157.0879863916649
2025-04-24,0,False,110.75,55.35,105.65,5.949999999999999,-24.350000000002183,True,69.55,72.9,0,85.02533370411568
2025-04-25,5,True,386.0,393.4,386.0,393.4,30.0,True,-44.65,354.4,4,368.8289633065624
2025-04-28,2,False,350.2,364.09999999999997,316.05,323.5,46.79999999999927,True,-51.25,265.5,2,297.4950457117079
2025-04-29,1,False,198.9,111.75,208.2,133.20000000000002,47.54999999999927,True,36.79,168.19,1,186.46361896661705
2025-04-30,0,False,107.35,16.15,92.85,61.3,-19.799999999999272,True,31.35,65.3,0,74.72411012235817
2025-05-02,6,False,518.65,344.1,421.0,349.7,175.1999999999971,True,41.01,377.65,4,402.272004020888
2025-05-05,3,False,327.79999999999995,219.2,262.4,206.55,22.75,True,80.74,276.78999999999996,3,247.69448703906536
2025-05-06,2,False,192.05,193.45000000000002,194.3,166.60000000000002,-67.65000000000146,True,-3.2,174.85,2,182.89285676881775
2025-05-07,1,False,158.3,185.45,196.0,143.0,195.20000000000073,True,61.9,182.9,1,175.53731660642146
2025-05-08,0,False,123.0,155.55,101.30000000000001,104.85000000000001,-38.150000000001455,True,-64.15,61.9,0,81.52452725250278
2025-05-09,6,False,570.2,476.70000000000005,580.25,455.95,147.79999999999927,True,76.36,511.25,4,554.4378392710695
2025-05-12,3,False,330.05,663.5,318.85,528.6999999999999,176.0,True,-245.75,285.3,3,300.9808963125229
2025-05-13,2,False,379.4,385.85,405.2,331.8,-98.45000000000073,True,50.2,376.5,2,381.41114545921226
2025-05-14,1,False,297.0,185.8,283.0,196.65,104.10000000000218,True,69.55,246.8,1,253.45439081437382
2025-05-15,0,False,171.10000000000002,370.04999999999995,175.0,468.95,-83.15000000000146,True,-332.4,129.7,0,140.8370411568409
2025-05-16,6,True,394.35,354.35,394.35,354.35,-31.400000000001455,True,16.45,373.55,4,376.8075173055515
2025-05-19,3,True,370.85,314.25,370.85,314.25,8.80000000000291,True,36.1,346.6,3,350.066694048923
2025-05-20,2,False,315.7,351.85,281.05,317.15000000000003,-60.79999999999927,True,-45.25,265.20000000000005,2,264.54985792525076
2025-05-21,1,True,233.15,224.04999999999998,233.15,224.04999999999998,-6.049999999999272,True,10.8,236.05,1,208.80880289177122
2025-05-22,0,False,228.85,146.39999999999998,223.4,13.25,-142.5,True,167.3,176.95,0,179.7885428253615
2025-05-23,6,False,401.0,458.9,405.45,440.05,74.5,True,-49.05,387.65,4,387.41373878923764
2025-05-26,3,False,389.9,426.6,379.4,404.15,120.70000000000073,True,-0.95,408.4,3,358.1375319459657
2025-05-27,2,False,423.9,377.3,464.0,369.95,-164.75,True,71.55,435.4,2,436.75906094046024
2025-05-28,1,False,381.85,242.1,354.95,223.2,-63.599999999998545,True,150.05,363.3,1,317.89270678290455
2025-05-29,0,False,225.0,29.0,199.7,21.7,-22.399999999997817,True,68.01,101.6,0,160.7151835372636
2025-05-30,6,False,425.55,407.9,415.95,412.5,35.45000000000073,True,5.9,424.20000000000005,4,397.4466510035353
2025-06-02,3,False,421.25,445.6,400.95,461.4,-104.90000000000146,True,-52.8,395.75,3,378.47981927710845
2025-06-03,2,False,423.2,345.8,437.55,283.79999999999995,-138.39999999999782,True,139.75,431.75,2,411.8619118846948
2025-06-04,1,True,287.4,169.4,287.4,169.4,12.200000000000728,True,43.4,200.85000000000002,1,257.3950244524772
2025-06-05,0,True,164.8,43.8,164.8,43.8,24.149999999997817,True,86.85,137.75,0,132.62825361512793
2025-06-06,6,True,283.0,417.20000000000005,283.0,417.20000000000005,-19.950000000000728,True,-68.2,342.15,4,270.410872061547
2025-06-09,3,False,290.95,269.4,310.2,268.1,-66.19999999999709,True,43.8,311.5,3,292.81566265060246
2025-06-10,2,False,251.25,201.85,251.8,178.7,-108.29999999999927,True,58.0,235.55,2,237.01709384656874
2025-06-11,1,True,199.85000000000002,147.7,199.85000000000002,147.7,1.7999999999992724,True,12.25,161.55,1,178.9853710397619
2025-06-12,0,True,143.9,257.59999999999997,143.9,257.59999999999997,9.200000000000728,True,-162.75,99.5,0,115.80828698553948
2025-06-13,6,False,407.35,433.6,407.25,363.25,168.90000000000146,True,27.75,393.4,4,389.13366659740296
2025-06-16,3,False,336.6,348.5,339.55,322.05,54.150000000001455,True,-27.35,289.35,3,320.52081964220525
2025-06-17,2,False,265.6,246.54999999999998,272.35,214.95,-95.14999999999782,True,31.05,251.70000000000002,2,256.3606255326172
2025-06-18,1,False,234.0,164.0,196.35000000000002,185.14999999999998,108.70000000000073,True,12.15,195.4,1,175.85077610036151
2025-06-19,0,True,115.0,5.6,115.0,5.6,13.049999999999272,True,88.75,95.55,0,92.55005561735261
2025-06-20,6,False,366.0,447.15,373.0,416.25,43.94999999999709,True,-78.1,320.2,4,356.4072624698129
2025-06-23,3,False,315.0,278.70000000000005,305.3,292.95,-30.849999999998545,True,4.5,288.20000000000005,3,288.1902701715955
2025-06-24,2,True,231.05,241.0,231.05,241.0,20.0,True,9.6,233.15,2,217.48530394459775
2025-06-25,1,True,208.8,170.95,208.8,170.95,9.100000000002183,True,12.25,175.35,1,187.00097809908573
2025-06-26,0,False,128.0,299.85,134.7,199.7,81.5,True,-66.7,133.05,0,108.40428253615126
2025-06-27,6,False,337.0,283.4,325.9,297.2,-39.35000000000218,True,46.0,337.9,4,311.4024848228204
2025-06-30,3,True,262.0,273.95,262.0,273.95,-29.80000000000291,True,5.2,270.75,3,247.3169039795546
2025-07-01,2,True,249.79999999999998,180.9,249.79999999999998,180.9,22.850000000002183,True,53.15,230.7,2,235.1345116873426
2025-07-02,1,False,177.0,194.1,174.75,165.35000000000002,-20.450000000000728,True,0.1,158.8,1,156.50584733149054
2025-07-03,0,False,123.0,92.5,121.0,42.949999999999996,-70.25,True,57.95,102.69999999999999,0,97.37875417130144
2025-07-04,6,False,320.65,272.20000000000005,291.9,278.4,-4.299999999999272,True,18.75,298.8,4,278.9149595574755
2025-07-07,3,True,277.65,229.25,277.65,229.25,-9.049999999999272,True,9.45,242.10000000000002,3,262.08984118291346
2025-07-08,2,False,232.8,189.5,233.0,177.85,48.05000000000291,True,26.85,203.45,2,219.3208215498432
2025-07-09,1,True,174.9,128.5,174.9,128.5,-31.25,True,19.75,141.60000000000002,1,156.64018711460773
2025-07-10,0,False,117.69999999999999,140.10000000000002,118.25,89.80000000000001,-59.75,True,0.95,95.35,0,95.16560066740823
2025-07-11,6,False,277.15,249.65,281.2,261.5,54.400000000001455,True,-5.65,259.7,4,268.6909442533817
2025-07-14,3,False,244.75,206.75,273.65,217.85000000000002,-77.59999999999854,True,19.45,227.8,3,258.3140105878058
2025-07-15,2,False,199.7,183.04999999999998,180.0,158.55,58.45000000000073,True,18.2,181.25,2,169.43239433035097
2025-07-16,1,False,122.95,106.0,155.85,123.95,-49.44999999999709,True,18.95,133.9,1,139.5790346587285
2025-07-17,0,False,96.05,138.15,89.9,88.15,-20.849999999998545,True,-16.1,72.35,0,72.35
2025-07-18,6,False,271.2,259.5,291.95,251.9,-36.70000000000073,True,-0.4,257.4,4,278.96273532992456
2025-07-21,3,False,256.2,210.5,277.2,266.65,-97.09999999999854,True,-51.05,218.55,3,261.6650602409639
2025-07-22,2,False,169.4,152.89999999999998,183.1,139.05,-41.80000000000291,True,32.75,166.75,2,172.35039667715145
2025-07-23,1,False,131.5,119.85,123.75,154.3,-25.0,True,-30.7,125.35,1,110.8303210716564
2025-07-24,0,False,91.8,185.85,100.4,135.8,-54.5,True,-72.7,65.35,0,80.80022246941046
2025-07-25,6,True,245.2,275.1,245.2,275.1,-18.799999999999272,True,-16.4,257.9,4,234.29238809007538
2025-07-28,3,True,224.45,228.29999999999998,224.45,228.29999999999998,1.5999999999985448,True,2.5,225.8,3,211.87129426798103
2025-07-29,2,False,216.0,268.05,188.2,196.85,100.34999999999854,True,3.0,204.8,2,177.15098118317806
2025-07-30,1,False,117.35,118.85000000000001,156.65,118.05,-57.75,True,25.8,143.25,1,140.29551350202001
2025-07-31,0,False,159.65,126.8,125.0,73.95,66.15000000000146,True,42.55,110.9,0,100.59788654060065
2025-08-01,6,False,312.65,324.45,316.0,308.4,-49.400000000001455,True,-9.5,304.3,4,301.9428818779112
2025-08-04,3,False,291.35,264.45000000000005,297.95,247.6,63.60000000000218,True,30.85,269.05,3,281.2521814530851
2025-08-05,2,False,230.1,186.1,232.55,181.1,-47.5,True,39.2,215.39999999999998,2,218.89724056401732
2025-08-06,1,True,179.95,152.45,179.95,152.45,9.30000000000291,True,18.25,178.45,1,161.1629598128854
2025-08-07,0,False,139.0,124.75,136.0,31.05,62.04999999999927,True,51.55,97.75,0,109.45050055617352
2025-08-08,6,False,285.2,287.54999999999995,288.85,272.20000000000005,-29.299999999999272,True,0.65,273.8,4,276.00063743808437
2025-08-11,3,False,257.45,298.2,268.0,267.55,29.349999999998545,True,-3.55,246.6,3,252.98064987221616
2025-08-12,2,False,210.2,163.8,195.2,177.7,55.5,True,14.9,191.15,2,183.74001874046948
2025-08-13,1,False,153.0,123.94999999999999,157.1,146.2,-39.35000000000218,True,12.95,156.14999999999998,1,140.69853285137148
2025-08-14,0,False,116.4,37.050000000000004,116.0,16.55,26.75,True,81.9,100.6,0,93.35483870967741
2025-08-18,3,True,240.79999999999998,218.75,240.79999999999998,218.75,25.549999999999272,True,53.0,264.5,3,227.30500182548377
2025-08-19,2,True,216.65,178.5,216.65,178.5,30.200000000000728,True,7.65,189.25,2,203.93071239816965
2025-08-20,1,True,161.2,149.3,161.2,149.3,-28.149999999997817,True,-4.25,137.89999999999998,1,144.3704869232405
2025-08-21,0,False,109.2,61.099999999999994,103.0,37.599999999999994,-76.29999999999927,True,45.45,79.1,0,82.89265850945495
2025-08-22,6,False,242.2,259.65,256.2,241.65,-77.25,True,-11.85,235.7,4,244.80305802886343
2025-08-25,3,True,224.25,159.05,224.25,159.05,-1.3500000000021828,True,27.55,185.05,3,211.68250273822565
2025-08-26,2,False,150.0,210.0,200.0,148.25,-99.75,True,3.3,157.15,2,188.25821592261218
2025-08-28,0,False,137.9,203.65,207.0,54.75,-166.45000000000073,True,50.05,99.2,0,166.5901001112347
2025-08-29,4,False,246.55,175.6,223.0,187.79999999999998,65.84999999999854,True,31.55,212.95,4,213.07994512270315
2025-09-01,1,False,162.85,209.35,180.1,137.5,96.54999999999927,True,3.85,134.2,1,161.29729959600257
2025-09-02,0,True,92.6,71.25,92.6,71.25,0.9000000000014552,True,6.9,77.25,0,74.52291434927696
2025-09-03,6,True,284.95,253.85,284.95,253.85,-17.950000000000728,True,-3.5,249.5,4,272.27412718705943
2025-09-04,5,False,213.0,294.85,210.05,232.75,-82.29999999999927,True,-19.95,210.1,4,200.7060200584027
2025-09-05,4,True,183.5,170.0,183.5,170.0,-34.39999999999782,True,9.65,172.8,4,175.33708488796424
2025-09-08,1,True,160.2,110.95,160.2,110.95,-14.849999999998545,True,29.65,133.14999999999998,1,143.4748883691261
2025-09-09,0,True,86.0,16.95,86.0,16.95,-13.94999999999709,True,69.65,88.25,0,69.21134593993325
2025-09-10,6,True,252.0,218.0,252.0,218.0,-0.09999999999854481,True,13.35,232.8,4,240.78989314314435
2025-09-11,5,False,239.55,206.8,215.0,190.75,39.70000000000073,True,13.15,203.2,4,205.43582153085728
2025-09-12,4,True,161.0,166.4,161.0,166.4,-14.450000000000728,True,0.25,167.7,4,153.83798728589778
2025-09-15,1,True,142.7,92.0,142.7,92.0,-4.600000000002183,True,32.0,122.35,1,127.80191367212417
2025-09-16,0,False,99.45,181.35,89.9,130.3,40.0,True,-65.25,73.65,0,72.35
2025-09-17,6,True,245.8,225.89999999999998,245.8,225.89999999999998,26.0,True,-6.6,223.5,4,234.86569735946384
2025-09-18,5,False,192.0,160.45,190.0,171.5,-16.299999999999272,True,15.55,187.0,4,181.547935306339
2025-09-19,4,False,174.0,142.65,181.0,140.2,-45.400000000001455,True,17.2,150.6,4,172.94829626551243
2025-09-22,1,False,142.65,104.4,138.1,120.80000000000001,49.900000000001455,True,2.8,116.35,1,123.68216032319796
2025-09-23,0,True,94.65,27.85,94.65,27.85,-22.75,True,43.05,73.55,0,76.17271968854283
2025-09-24,6,False,273.55,210.8,264.8,218.85000000000002,-36.45000000000073,True,24.55,239.75,4,253.02049089009773
2025-09-25,5,True,205.2,203.29999999999998,205.2,203.29999999999998,24.799999999999272,True,-1.2,202.25,4,196.07177013084612
2025-09-26,4,True,219.4,203.25,219.4,203.25,-27.649999999997817,True,-8.4,182.14999999999998,4,209.6400895063725
2025-09-29,1,False,150.65,127.2,170.95,115.0,-15.649999999997817,True,54.35,155.7,1,153.10257282585584
2025-09-30,0,False,90.75,84.8,106.0,35.5,-23.350000000002183,True,70.15,109.0,0,85.30700778642935
2025-10-01,6,False,265.85,319.40000000000003,264.4,283.5,31.650000000001455,True,-44.45,241.45,4,252.63828471050542
2025-10-03,4,False,203.45,213.0,184.5,179.55,19.900000000001455,True,-5.7,168.14999999999998,4,176.292600336945
2025-10-06,1,True,137.6,216.9,137.6,216.9,-16.099999999998545,True,-85.7,121.35,1,123.23436104614076
2025-10-07,0,True,83.44999999999999,13.4,83.44999999999999,13.4,34.60000000000218,True,81.05,89.35,0,67.159149054505
2025-10-08,6,False,230.0,202.5,223.05,233.5,95.54999999999927,True,-20.45,214.95,4,213.12772089515218
2025-10-09,5,False,198.0,224.9,184.55,198.7,33.04999999999927,True,4.8,200.3,4,176.34037610939401
2025-10-10,4,False,177.8,235.1,186.1,171.39999999999998,63.79999999999927,True,3.6,168.4,4,177.82142505531414
2025-10-13,1,True,157.0,120.4,157.0,120.4,18.900000000001455,True,37.15,157.25,1,140.60897299596004
2025-10-14,0,True,81.4,144.0,81.4,144.0,14.25,True,-60.25,93.85,0,65.50934371523915
2025-10-15,5,False,274.9,274.05,290.5,245.95,71.34999999999854,True,-15.75,239.64999999999998,4,277.57723792890255
2025-10-16,4,True,170.8,275.6,170.8,275.6,29.849999999998545,True,-60.85,206.65,4,163.20203868590897
2025-10-17,3,False,185.05,236.70000000000002,199.64999999999998,205.45,57.70000000000073,True,-14.0,181.85,3,188.46114457831325
2025-10-20,0,False,131.5,36.400000000000006,130.05,61.2,54.80000000000291,True,59.95,116.69999999999999,0,104.66204115684093
2025-10-23,5,True,226.0,226.8,226.0,226.8,-1.9500000000007276,True,28.05,269.65,4,215.94649146964534
2025-10-24,4,False,222.0,229.7,232.95,206.1,-49.25,True,25.55,226.5,4,222.5873238400614
2025-10-27,1,False,177.85,205.75,184.05,174.95,45.95000000000073,True,-17.75,166.25,1,164.83491388475443
2025-10-28,0,False,146.9,22.25,125.0,72.25,47.5,True,67.25,130.9,0,100.59788654060065
2025-10-29,6,True,338.0,312.85,338.0,312.85,28.75,True,0.4,319.65,4,322.9642217554873
2025-10-30,5,True,294.55,252.35000000000002,294.55,252.35000000000002,-5.55000000000291,True,18.4,261.55,4,281.4470754972745
2025-10-31,4,False,251.05,205.45,244.05,219.60000000000002,51.10000000000218,True,21.85,236.0,4,233.19354532374754
2025-11-03,1,True,209.0,157.2,209.0,157.2,-19.149999999997817,True,24.2,181.2,1,187.18009780990857
2025-11-04,0,True,138.85,149.05,138.85,149.05,-14.900000000001455,True,-40.45,111.69999999999999,0,111.74413236929921
2025-11-06,5,False,234.35,216.5,284.65,226.2,32.25,True,31.4,252.04999999999998,4,271.9874725523652
2025-11-07,4,False,200.35,188.9,230.9,231.55,-83.70000000000073,True,-27.1,206.7,4,220.62851716965093
2025-11-10,1,False,179.4,161.0,161.95,135.2,36.099999999998545,True,28.25,158.1,1,145.04218583882627
2025-11-11,0,False,115.8,91.45,145.0,141.3,-89.75,True,-34.1,110.5,0,116.69354838709677
2025-11-12,6,False,296.05,279.15,293.55,296.35,-41.54999999999927,True,6.75,299.2,4,280.49156004829376
2025-11-13,5,True,261.25,270.6,261.25,270.6,-30.299999999999272,True,-18.85,256.9,4,249.62841104621614
2025-11-14,4,False,296.9,245.95,270.0,226.85,56.099999999998545,True,32.0,262.9,4,257.98917122479753
2025-11-17,1,True,205.5,143.75,205.5,143.75,18.25,True,24.8,169.3,1,184.04550287050822
2025-11-18,0,False,125.6,80.45,138.9,31.5,-58.599999999998545,True,69.3,109.30000000000001,0,111.78437152391545
2025-11-19,6,True,312.0,327.75,312.0,327.75,-14.44999999999709,True,-27.8,299.1,4,298.12082008198826
2025-11-20,5,False,282.05,251.15,260.0,266.55,-28.399999999997817,True,-4.0,261.35,4,248.43401673499022
2025-11-21,4,False,240.35000000000002,209.2,239.05,213.0,49.0,True,17.45,230.65,4,228.4159680788439
2025-11-24,1,True,186.0,160.45,186.0,160.45,-8.849999999998545,True,-13.6,166.0,1,166.5813310652775
2025-11-25,0,False,127.0,115.55000000000001,116.85,66.1,-43.650000000001455,True,39.2,104.30000000000001,0,94.03890433815349
2025-11-26,6,False,311.0,438.40000000000003,272.0,339.54999999999995,136.64999999999782,True,-73.15,268.79999999999995,4,259.90020212275897
2025-11-27,5,False,254.10000000000002,213.7,265.0,216.6,21.299999999999272,True,28.45,241.45000000000002,4,253.21159397989388
2025-11-28,4,True,215.05,174.14999999999998,215.05,174.14999999999998,-6.450000000000728,True,34.95,204.25,4,205.48359730330634
2025-12-01,1,False,155.0,192.5,152.0,160.25,-41.04999999999927,True,-1.3,153.1,1,136.13098022538807
2025-12-02,0,False,136.1,75.60000000000001,115.0,125.95,43.29999999999927,True,-18.9,98.80000000000001,0,92.55005561735261
2025-12-03,6,False,288.1,247.39999999999998,314.05,254.45,-42.05000000000291,True,26.0,275.75,4,300.0796267523988
2025-12-04,5,True,235.0,214.85,235.0,214.85,12.600000000002183,True,25.15,235.6,4,224.54613051047193
2025-12-05,4,False,207.0,244.45,196.6,211.15,36.79999999999927,True,-0.75,204.85,4,187.85433726961182
2025-12-08,1,True,166.85,214.6,166.85,214.6,-20.200000000000728,True,-81.1,145.14999999999998,1,149.43061875398683
2025-12-09,0,False,125.0,15.0,132.9,40.75,-67.84999999999854,True,68.8,108.30000000000001,0,106.95567296996663
2025-12-10,6,False,289.75,260.35,276.75,271.15,24.0,True,-14.2,260.4,4,264.43890050541745
2025-12-11,5,False,279.0,255.8,252.55,231.9,29.94999999999709,True,10.15,239.9,4,241.31542664008379
2025-12-12,4,False,184.45,183.70000000000002,178.45,165.2,38.95000000000073,True,31.5,193.39999999999998,4,170.51173187061156
2025-12-15,1,False,174.7,134.2,182.9,162.75,-11.299999999999272,True,-3.8,158.4,1,163.80497554752287
2025-12-16,0,False,116.25,77.65,142.2,29.0,-28.75,True,59.8,99.65,0,114.4401557285873
2025-12-17,6,True,254.0,233.54999999999998,254.0,233.54999999999998,1.5,True,19.45,251.14999999999998,4,242.70092404110582
2025-12-18,5,False,256.2,211.35,251.2,200.0,15.450000000000728,True,10.6,217.14999999999998,4,240.02548078395978
2025-12-19,4,False,189.05,167.7,205.0,154.9,39.75,True,30.2,185.5,4,195.88066704104997
2025-12-22,1,False,133.8,143.25,156.95,106.85,69.65000000000146,True,23.2,133.1,1,140.5641930682543
2025-12-23,0,False,113.0,21.6,98.4,30.4,-55.20000000000073,True,58.45,85.65,0,79.19065628476085
2025-12-24,6,False,225.89999999999998,173.7,232.0,171.85000000000002,46.94999999999709,True,41.66,209.85000000000002,4,221.67958416352974
2025-12-26,4,False,193.55,137.25,175.0,154.5,10.599999999998545,True,-5.4,149.8,4,167.21520357162802
2025-12-29,1,True,124.75,132.0,124.75,132.0,-9.299999999999272,True,-19.8,109.4,1,111.7259196257708
2025-12-30,0,False,97.65,15.7,107.95,37.9,-56.150000000001455,True,36.8,75.75,0,86.87633481646273
2025-12-31,6,False,238.0,288.6,221.5,257.7,42.04999999999927,True,-35.1,221.10000000000002,4,211.64667194923206
2026-01-01,5,False,209.89999999999998,160.0,198.89999999999998,158.14999999999998,10.700000000000728,True,21.95,177.60000000000002,4,190.0520228022675
2026-01-02,4,False,167.75,210.1,148.25,177.14999999999998,51.900000000001455,True,-45.55,148.15,4,141.65516531139346
2026-01-05,1,False,126.0,146.25,145.3,116.25,-32.5,True,12.15,122.4,1,130.13046991282164
2026-01-06,0,False,98.0,24.799999999999997,112.5,26.45,-17.850000000002183,True,60.25,88.94999999999999,0,90.5380978865406
2026-01-07,6,False,225.0,190.7,234.0,198.35,-21.349999999998545,True,16.09,215.94,4,223.5906150614912
2026-01-08,5,False,198.9,244.25,213.6,218.35,-41.5,True,-42.95,183.7,4,204.09809990228428
2026-01-09,4,True,203.0,218.85,203.0,218.85,0.6999999999970896,True,-20.95,189.1,4,193.9696361430885
2026-01-12,1,False,192.0,198.0,243.9,278.15,-136.70000000000073,True,-102.26,173.99,1,218.43648734850098
2026-01-13,0,False,126.05,163.55,179.0,16.55,-135.9499999999971,True,115.46000000000001,133.15,0,144.05617352614016
2026-01-14,6,False,278.15,249.9,274.0,253.2,89.15000000000146,True,14.95,271.1,4,261.81123302072046
2026-01-16,4,False,231.2,207.1,231.2,207.9,29.700000000000728,True,20.25,219.25,4,220.91517180434514
2026-01-19,1,False,210.35,140.05,222.1,131.05,-96.75,True,52.3,171.3,1,198.91243886880716
2026-01-20,0,False,95.4,336.40000000000003,151.1,230.70000000000002,-91.54999999999927,True,-148.94,117.9,0,121.60272525027807
2026-01-21,6,False,336.75,315.95000000000005,359.0,311.65,60.95000000000073,True,18.95,315.65,4,343.03004618408266
2026-01-22,5,False,294.95,237.3,298.0,239.95000000000002,41.04999999999927,True,37.3,268.4,4,284.743603796258
2026-01-23,4,True,229.3,319.95,229.3,319.95,-0.3999999999978172,True,-78.8,235.5,4,219.09969245128175
2026-01-27,0,False,214.35,104.2,252.60000000000002,206.65,-104.94999999999709,True,-31.25,193.3,0,203.28820912124584
2026-01-28,6,False,494.0,435.6,469.85,420.2,93.25,True,70.5,479.25,4,448.94893370359677
2026-01-29,5,False,419.6,387.45,399.6,420.05,-74.29999999999927,True,-15.55,401.95,4,381.82397341270035
2026-01-30,4,True,386.75,401.4,386.75,401.4,-5.049999999999272,True,10.95,393.85,4,369.54559989329795
2026-02-01,2,False,399.95000000000005,578.45,404.15,528.55,-13.900000000001455,False,,,2,380.42278982561857
2026-02-02,1,False,340.8,307.65,338.4,271.09999999999997,56.599999999998545,True,61.85,333.7,1,303.0705507123113
2026-02-03,0,False,384.3,573.85,583.15,70.39999999999999,-522.75,True,202.7,275.05,0,469.30926028921016
2026-02-04,6,False,379.2,332.95,428.6,323.6,77.60000000000218,True,31.95,356.9,4,409.5339214331416
2026-02-05,5,False,332.6,278.15,336.9,270.25,-65.20000000000073,True,23.6,292.35,4,321.91315476160844
2026-02-06,4,False,260.6,216.4,281.8,236.0,-31.200000000000728,True,4.5,241.39999999999998,4,269.26425352277016
2026-02-09,1,False,151.45,145.95,236.85000000000002,153.35,-66.70000000000073,True,26.25,171.64999999999998,1,212.1225175419945
2026-02-10,0,True,125.75,46.300000000000004,125.75,46.300000000000004,-4.450000000000728,True,61.15,96.25,0,101.20147385984426
2026-02-11,6,True,264.3,240.14999999999998,264.3,240.14999999999998,-17.350000000002183,True,7.0,246.8,4,252.54273316560736
2026-02-12,5,False,256.6,222.85,249.10000000000002,217.55,-70.90000000000146,True,19.0,236.55,4,238.01889834110025
2026-02-13,4,False,238.85000000000002,225.7,237.1,238.29999999999998,14.94999999999709,True,-61.3,206.85000000000002,4,226.55271295333145
2026-02-16,1,False,242.6,329.54999999999995,242.0,286.25,49.95000000000073,True,-116.75,176.14999999999998,1,216.73485009568364
2026-02-17,0,False,157.3,78.85,152.6,129.0,-44.85000000000218,True,-21.85,103.4,0,122.80989988876529
2026-02-18,6,True,308.0,276.2,308.0,276.2,-22.400000000001455,True,-3.4,268.9,4,294.2987582860653
2026-02-19,5,False,244.25,450.34999999999997,254.0,411.9,-55.599999999998545,True,-217.4,233.75,4,242.70092404110582
2026-02-20,4,True,299.9,320.9,299.9,320.9,-24.799999999999272,True,-33.3,268.0,4,286.5590831493214
2026-02-23,1,False,216.35,171.3,235.6,173.05,81.89999999999782,True,35.55,204.10000000000002,1,211.0030193493515
2026-02-24,0,False,154.9,226.95,183.95,128.65,-93.20000000000073,True,-0.85,123.94999999999999,0,148.0398498331479
2026-02-25,5,False,333.4,294.55,321.0,297.75,72.25,True,-4.15,287.7,4,306.7204591228148
2026-02-26,4,False,290.0,236.25,296.0,235.85,-51.14999999999782,True,32.5,268.2,4,282.8325728982966
2026-02-27,3,False,245.7,287.84999999999997,242.7,230.25,-94.75,True,4.05,229.4,3,229.09852135815993
2026-03-02,0,False,336.95,195.95000000000002,218.95,41.050000000000004,230.5,True,155.95,190.3,0,176.2072580645161
2026-03-04,6,False,499.85,653.2,547.05,665.55,-44.04999999999927,True,-16.6,633.4,4,522.7147263649092
2026-03-05,5,False,633.85,472.8,577.0,486.15,-45.35000000000218,True,4.45,485.3,4,551.3324140618821
2026-03-06,4,False,428.0,467.05,418.0,478.40000000000003,25.099999999998545,True,-8.15,426.7,4,399.4054576739458
2026-03-09,1,False,404.85,436.15,396.0,484.55,-131.79999999999927,True,4.1,464.20000000000005,1,354.65702742930046
2026-03-10,0,False,269.0,46.550000000000004,258.8,98.94999999999999,-121.45000000000073,True,63.65,175.15,0,208.2778642936596
2026-03-11,6,True,539.0,628.3499999999999,539.0,628.3499999999999,6.05000000000291,True,-137.55,494.9,4,515.0228270006144
2026-03-12,5,False,565.8,504.1,616.0,512.05,-74.39999999999782,True,50.15,559.05,4,588.5975165721306
2026-03-13,4,True,506.5,532.8,506.5,532.8,7.299999999999272,True,-60.55,462.9,4,483.96857490874055
2026-03-16,1,False,471.95,414.40000000000003,495.35,384.95,43.400000000001455,True,10.6,354.55,1,443.63474378056566
2026-03-17,0,False,247.0,92.35000000000001,200.2,193.6,-116.5,True,-9.75,171.1,0,161.117575083426
2026-03-18,6,False,489.0,453.05,471.75,439.7,81.89999999999782,True,11.85,441.05,4,450.76441305666015
2026-03-19,5,False,432.85,530.95,430.2,551.6500000000001,119.45000000000073,True,-87.3,456.85,4,411.06274615151074
2026-03-20,4,False,515.2,479.05,543.85,487.2,176.89999999999782,True,20.0,477.9,4,519.6570769281709
2026-03-23,1,False,347.65,450.20000000000005,379.8,413.04999999999995,-122.19999999999709,True,15.95,438.9,1,340.1483308526473
2026-03-24,0,False,295.0,19.3,274.25,58.9,-38.85000000000218,True,154.2,216.5,0,220.71176307007784
2026-03-25,5,False,641.8,614.9,595.05,566.75,150.25,True,21.5,594.8,4,568.5794679159843
2026-03-27,3,False,542.8,499.3,557.45,457.8,-117.0,True,48.8,506.3,3,526.2091913106974
2026-03-30,0,False,373.35,229.35,281.45,280.5,31.75,True,-34.4,233.5,0,226.50620133481644
2026-04-01,6,False,701.4000000000001,618.35,832.35,627.0,29.549999999999272,True,9.3,621.65,4,795.323283959112
2026-04-02,5,False,540.0,625.6,590.2,694.8,-139.0500000000029,True,-81.3,608.5,4,563.9452179884279
2026-04-06,1,False,491.6,400.29999999999995,415.0,504.45,-175.45000000000073,True,-59.85,436.05,1,371.673399957474
2026-04-07,0,False,247.3,265.3,297.25,216.0,52.75,True,-0.7,222.45,0,239.22177419354836
2026-04-08,5,False,500.05,452.0,503.1,438.2,23.25,True,45.5,479.04999999999995,4,480.7198223822061
2026-04-09,4,False,446.0,389.6,370.9,409.2,74.54999999999927,True,-6.0,402.55,4,354.40068002695335
2026-04-10,3,False,359.9,315.9,370.0,298.9,57.5,True,21.55,319.2,3,349.26433004746264
2026-04-13,0,True,299.7,245.0,299.7,245.0,14.700000000000728,True,-78.95,163.60000000000002,0,241.19349276974413
2026-04-15,6,False,526.75,454.9,455.35,445.35,29.700000000000728,True,11.2,455.8,4,435.0939596933762
2026-04-16,5,True,405.0,402.85,405.0,402.85,0.4500000000007276,True,-36.25,378.25,4,386.9837568371963
2026-04-17,4,False,339.05,368.79999999999995,373.25,331.4,66.69999999999709,True,9.45,348.65,4,356.64614133205805
2026-04-20,1,True,321.6,266.15,321.6,266.15,-8.349999999998545,True,13.05,275.8,1,288.0244950031895
2026-04-21,0,False,232.15,227.55,199.0,127.3,75.20000000000073,True,7.05,133.3,0,160.15183537263624
2026-04-22,6,True,495.0,444.70000000000005,495.0,444.70000000000005,-31.399999999997817,True,33.5,465.70000000000005,4,472.98014724546215
2026-04-23,5,False,461.0,372.95,451.9,376.6,28.150000000001455,True,43.5,417.15,4,431.79743139439256
2026-04-24,4,False,359.0,377.65,358.25,363.55,-42.5,True,-23.6,342.4,4,342.3134095973471
2026-04-27,1,False,360.6,238.35,316.05,195.4,99.59999999999854,True,33.8,229.95,1,283.0539230278546
2026-04-28,0,False,158.6,51.050000000000004,148.6,101.8,66.29999999999927,True,12.45,116.14999999999999,0,119.59076751946606
2026-04-29,6,True,441.0,390.3,441.0,390.3,13.549999999999272,True,-0.9,380.25,4,421.3823130005026
2026-04-30,5,False,388.54999999999995,367.9,416.95,404.04999999999995,-122.85000000000218,True,-35.7,372.4,4,398.40216645251604
2026-05-04,1,False,335.0,235.95,310.8,223.85,152.04999999999927,True,44.0,257.35,1,278.35203061875404
2026-05-05,0,False,167.65,27.8,160.05,25.150000000000002,-62.0,True,94.7,127.5,0,128.8055339265851
2026-05-06,6,True,374.0,451.35,374.0,451.35,3.599999999998545,True,-49.5,397.29999999999995,4,357.3627779187936
2026-05-07,5,False,388.85,342.70000000000005,391.55,341.05,-63.70000000000073,True,34.0,366.0,4,374.13207404840546
2026-05-08,4,True,363.95,292.29999999999995,363.95,292.29999999999995,10.649999999997817,True,51.95,336.95,4,347.75984765653726
2026-05-11,1,True,276.4,207.8,276.4,207.8,-17.899999999997817,True,47.1,248.05,1,247.5434403572188
2026-05-12,0,False,190.0,317.6,184.1,267.90000000000003,-83.64999999999782,True,-140.15,130.35,0,148.16056729699665
2026-05-13,6,True,512.9,454.65,512.9,454.65,5.25,True,28.15,470.79999999999995,4,490.0838737822172
2026-05-14,5,False,418.35,375.45,382.65,363.45,51.099999999998545,True,23.4,391.65,4,365.6279865524769
2026-05-15,4,False,340.45,327.5,309.1,340.75,55.89999999999782,True,20.0,348.4,4,295.3498252799442
2026-05-18,1,False,310.0,256.7,323.6,346.15,-109.04999999999927,True,-74.4,274.2,1,289.8156921114183
2026-05-19,0,False,191.65,71.7,210.1,121.4,84.29999999999927,True,-2.95,128.5,0,169.08492769744157
2026-05-20,6,False,438.45,452.1,426.0,435.3,20.599999999998545,True,11.3,453.0,4,407.0495812657917
2026-05-21,5,False,431.4,384.7,389.8,353.45,-69.89999999999782,True,13.35,371.8,4,372.45992201268916
2026-05-22,4,False,355.0,289.85,376.6,282.29999999999995,67.39999999999782,True,38.7,317.45000000000005,4,359.84711808614355
2026-05-25,1,False,223.65,188.75,255.0,174.25,41.70000000000073,True,23.8,215.6,1,228.37763129917076
2026-05-26,0,False,138.8,89.2,170.2,139.8,30.30000000000291,True,-21.8,114.4,0,136.97408231368186
2026-05-27,6,True,383.0,305.25,383.0,305.25,19.55000000000291,True,24.5,336.6,4,365.9624169596202
2026-05-29,4,True,312.85,324.79999999999995,312.85,324.79999999999995,-9.950000000000728,True,-38.1,286.4,4,298.9330082136219
2026-06-01,1,False,270.25,270.3,283.25,237.25,-62.54999999999927,True,-13.05,221.39999999999998,1,253.67829045290242
2026-06-02,0,False,151.95,223.0,153.0,171.0,52.14999999999782,True,-67.0,116.10000000000001,0,123.1318131256952
2026-06-03,6,False,340.2,397.4,377.0,422.65,-122.45000000000073,True,8.65,404.6,4,360.2293242657358
2026-06-04,5,False,400.3,346.85,398.6,329.45,52.29999999999927,True,25.35,362.85,4,380.86845796371966
2026-06-05,4,False,281.25,286.0,316.95,278.1,-16.75,True,52.95,320.8,4,302.85062155444285
2026-06-08,1,False,276.85,196.2,272.0,193.9,75.39999999999782,True,62.95,248.95,1,243.60280671911548
2026-06-09,0,False,165.05,10.1,165.0,47.95,-34.14999999999782,True,72.45,114.65,0,132.78921023359288
2026-06-10,6,False,379.7,346.04999999999995,378.0,357.3,105.5,True,20.25,376.9,4,361.18483971471653
2026-06-11,5,True,351.0,306.75,351.0,306.75,17.5,True,18.0,331.45,4,335.3859225922368
2026-06-12,4,True,287.0,355.05,287.0,355.05,-9.700000000000728,True,-86.9,277.85,4,274.23293385746996
2026-06-15,1,False,213.85,204.7,242.3,185.3,-37.79999999999927,True,28.45,204.2,1,217.00352966191795
2026-06-16,0,False,131.2,87.0,145.6,37.65,14.299999999999272,True,64.55,103.65,0,117.17641824249165
2026-06-17,6,False,338.5,300.65,333.0,306.1,-21.75,True,26.05,325.4,4,318.1866445105836
2026-06-18,5,False,285.55,245.4,292.9,232.0,18.400000000001455,True,22.25,265.05,4,279.8704750064563
2026-06-19,4,False,232.1,203.95,234.55,213.35000000000002,-35.75,True,50.15,254.85000000000002,4,224.1161485584306
2026-06-22,1,False,182.9,129.05,183.1,129.0,23.650000000001455,True,47.05,167.4,1,163.98409525834575
2026-06-23,0,False,107.0,201.75,86.95,255.25,18.75,True,-195.8,79.55,0,69.97588987764182
2026-06-24,6,False,337.0,357.9,332.95,310.7,83.85000000000218,True,-0.4,304.54999999999995,4,318.1388687381346
2026-06-25,5,True,261.8,212.6,261.8,212.6,23.30000000000291,True,23.2,232.5,4,250.15394454315555
2026-06-29,1,True,217.0,174.0,217.0,174.0,3.9500000000007276,True,18.25,183.1,1,194.34488624282375
2026-06-30,0,False,127.75,192.64999999999998,144.0,42.85,-135.34999999999854,True,103.15,137.25,0,115.88876529477196
2026-07-01,6,True,321.9,315.8,321.9,315.8,22.299999999999272,True,31.15,333.2,4,307.5804230268975
2026-07-02,5,False,295.9,258.0,289.0,240.0,47.89999999999782,True,24.3,262.15,4,276.14396475543145
2026-07-03,4,False,215.05,200.25,203.05,185.8,-26.650000000001455,True,29.8,205.8,4,194.01741191553756
2026-07-06,1,False,168.55,160.2,170.65,133.05,46.30000000000291,True,11.45,145.39999999999998,1,152.83389325962153
2026-07-07,0,True,125.05000000000001,34.45,125.05000000000001,34.45,-7.650000000001455,True,38.65,90.0,0,100.63812569521691
2026-07-08,6,True,240.45,478.8,240.45,478.8,-19.950000000000728,True,-187.65,299.0,4,229.7536897074169
2026-07-09,5,False,350.05,274.20000000000005,330.9,273.45,93.70000000000073,True,35.3,304.8,4,316.18006206772407
2026-07-10,4,False,260.0,221.0,261.55,205.45,43.89999999999782,True,33.4,236.29999999999998,4,249.91506568091037
2026-07-13,1,True,178.2,226.0,178.2,226.0,-12.200000000000728,True,-60.75,176.8,1,159.5956623431852
2026-07-14,0,False,149.0,12.15,135.05,92.9,72.59999999999854,True,29.55,127.2,0,108.68595661846496
2026-07-15,6,False,355.0,310.9,348.95,328.75,110.65000000000146,True,0.0,324.5,4,333.42711592182627
2026-07-16,5,True,297.0,258.45,297.0,258.45,-12.849999999998545,True,10.6,270.54999999999995,4,283.78808834727727
2026-07-17,4,False,239.8,284.79999999999995,277.0,265.75,84.05000000000291,True,-19.9,258.95,4,264.67777936766265
2026-07-20,1,True,226.0,152.35,226.0,152.35,1.8500000000021828,True,39.85,189.7,1,202.4052732298533
2026-07-21,0,False,128.9,17.65,138.45,61.95,32.54999999999927,True,29.85,92.05,0,111.42221913236928
2026-07-22,6,False,314.0,334.85,324.0,313.2,-99.45000000000073,True,4.35,318.05,4,309.58700546975706
2026-07-23,5,True,315.54999999999995,254.0,315.54999999999995,254.0,17.75,True,22.3,278.75,4,301.5128999258698
2026-07-24,4,False,266.0,270.05,252.8,249.05,37.05000000000291,True,9.75,257.04999999999995,4,241.55430550232896
2026-07-27,1,True,186.45,140.45,186.45,140.45,13.399999999997817,True,12.45,159.1,1,166.98435041462898
2026-07-28,0,False,121.05,22.55,123.0,28.150000000000002,35.45000000000073,True,73.25,87.80000000000001,0,98.98832035595105
2026-07-29,6,True,285.70000000000005,264.65,285.70000000000005,264.65,-1.0500000000029104,True,16.6,277.55,4,272.99076377379504
2026-07-30,5,True,267.0,224.5,267.0,224.5,24.950000000000728,True,14.5,238.2,4,255.12262487785534
2026-07-31,4,True,231.0,177.2,231.0,177.2,-16.700000000000728,True,28.4,197.05,4,220.724068714549
2026-08-03,1,True,153.9,117.25,153.9,117.25,-22.450000000000728,True,22.84,129.99,1,137.8326174782054
2026-08-04,0,False,154.65,141.2,114.65,29.3,-105.40000000000146,True,77.15,94.0,0,92.26838153503893
2026-08-05,6,False,260.5,282.05,276.95,280.25,-47.0,True,8.6,279.15,4,264.6300035952136
2026-08-06,5,True,265.0,252.3,265.0,252.3,-3.25,True,18.85,266.35,4,253.21159397989388
2026-08-07,4,False,253.65,221.85,261.45,216.65,65.09999999999854,True,50.2,262.65,4,249.81951413601226
2026-08-10,1,False,209.55,149.55,210.65,159.15,-23.349999999998545,True,39.45,194.05,1,188.65783542419734
2026-08-11,0,False,147.55,135.35,160.0,43.35,-88.19999999999709,True,111.9,140.45,0,128.76529477196885
2026-08-12,6,True,307.0,245.55,307.0,245.55,-13.900000000001455,True,30.5,273.5,4,293.3432428370846
2026-08-13,5,False,237.5,201.1,253.0,216.25,-89.54999999999927,True,16.6,231.45,4,241.7454085921251
2026-08-14,4,False,222.0,178.05,234.1,198.0,-52.45000000000073,True,-0.1,197.2,4,223.68616660638926
2026-08-17,1,False,158.0,118.45,171.2,130.9,-36.95000000000073,True,5.9,130.55,1,153.32647246438444
2026-08-18,0,False,130.0,36.7,110.1,67.0,22.55000000000291,True,-16.35,78.85,0,88.60661846496106
2026-08-19,6,False,271.15,235.6,284.6,234.89999999999998,-53.79999999999927,True,23.7,256.4,4,271.93969677991623
2026-08-20,5,False,209.4,191.75,210.05,206.79999999999998,-34.5,True,2.75,209.4,4,200.7060200584027
2026-08-21,4,False,169.0,157.5,191.9,162.55,-53.099999999998545,True,17.55,178.89999999999998,4,183.3634146594024
2026-08-24,1,True,148.15,149.75,148.15,149.75,5.25,True,-24.6,120.25,1,132.68292579204766
2026-08-25,0,True,78.15,91.75,78.15,91.75,6.450000000000728,True,-52.5,82.15,0,62.89379866518354
2026-08-26,6,True,233.25,215.8,233.25,215.8,8.950000000000728,True,15.55,229.3,4,222.87397847475563
2026-08-27,5,False,211.05,220.3,224.4,201.55,-75.09999999999854,True,13.4,214.55,4,214.4176667512762
2026-08-28,4,False,205.05,210.29999999999998,207.0,189.05,25.75,True,18.5,203.95000000000002,4,197.79169793901144
2026-08-31,1,False,186.75,139.4,193.15,152.7,-72.04999999999927,True,9.0,147.39999999999998,1,172.98486072719544
2026-09-01,0,False,112.44999999999999,53.800000000000004,117.4,26.65,-12.799999999999272,True,84.05,90.1,0,94.48153503893214
2026-09-02,6,False,289.0,261.65,277.85,276.5,-35.45000000000073,True,24.4,294.7,4,265.4899674992963
2026-09-03,5,True,303.1,221.65,303.1,221.65,-15.150000000001455,True,-8.1,219.35,4,289.61673258605975
2026-09-04,4,True,223.0,183.65,223.0,183.65,-2.2000000000007276,True,33.3,210.25,4,213.07994512270315
2026-09-07,1,False,188.55,158.35000000000002,183.3,137.3,-52.20000000000073,True,12.49,145.79000000000002,1,164.16321496916865
2026-09-08,0,False,99.7,124.95,122.3,49.55,-72.25,True,90.9,106.0,0,98.42497219132368
2026-09-09,6,True,281.0,243.55,281.0,243.55,-11.200000000000728,True,29.0,270.25,4,268.4998411635856
2026-09-10,5,True,255.95,206.3,255.95,206.3,-7.44999999999709,True,28.45,230.05,4,244.56417916661823
2026-09-11,4,True,225.95,278.65,225.95,278.65,-11.899999999997817,True,-58.2,209.35000000000002,4,215.89871569719628
2026-09-15,0,False,147.05,440.45,168.6,300.09999999999997,-111.95000000000073,True,-217.55,114.55,0,135.68642936596217
2026-09-16,6,True,326.9,311.6,326.9,311.6,2.400000000001455,True,22.7,330.79999999999995,4,312.35800027180113
2026-09-17,5,False,294.0,255.35,292.0,239.60000000000002,58.20000000000073,True,27.6,265.2,4,279.01051110237364
2026-09-18,4,False,224.4,177.1,215.2,186.15,-33.95000000000073,True,38.95,224.5,4,205.62692462065343
