date,S0,S1,K,expiry,dte,T0,T1,vix0,vix1,real,ratio,model_frozen_net,model_frozen_gross_pts,model_premium,model_frozen_close,model_tracking_net,model_tracking_gross_pts,model_tracking_close,actual_net,actual_gross_pts,actual_premium,corr1.0_net,implied_move,real_move
2022-01-03,17463.2,17635.35,17450.0,2022-01-06,3,0.008904109589041096,0.008219209791983765,16.56,16.43,False,,-8436.56030213124,-41.92005283144226,237.56025899401357,279.48031182545583,-8159.028380394666,-40.49742759176752,278.0576865857811,,,,-6074.798682577004,60.30367337195966,172.14999999999782
2022-01-04,17691.0,17807.35,17700.0,2022-01-06,2,0.0061643835616438354,0.005479483764586505,16.57,16.0,False,,-2259.0873947455016,-10.322345614079495,201.1867784667138,211.5091240807933,-1123.6573926347853,-4.502243039152745,205.68902150586655,,,,3148.0683979523365,61.1271993688464,116.34999999999854
2022-01-05,17821.95,17907.7,17800.0,2022-01-06,1,0.003424657534246575,0.002739757737189244,16.5,17.2,False,,-2111.9632186067406,-9.650119069778157,157.09588626053755,166.7460053303157,-3065.163655033369,-14.536172589914713,171.63205885045227,,,,-28.692546194181887,61.319523673329044,85.75
2022-01-06,17723.25,17746.0,17700.0,2022-01-06,0,0.0006849315068493151,1.902587519025875e-06,18.15,18.08,False,,11988.474965666139,62.53746136239045,108.53965028927541,46.00218892688496,11988.474965668856,62.53746136240439,46.00218892687102,,,,12818.036383249213,67.07792204206957,22.75
2022-01-07,17858.15,17818.2,17850.0,2022-01-13,6,0.017123287671232876,0.016438387874175547,17.89,17.55,False,,1075.7321631402965,6.948011093027162,296.0628232997078,289.11481220668065,2146.2930373175163,12.435605319577007,283.6272179801308,,,,5762.6919285432705,66.62027400388352,39.95000000000073
2022-01-10,17888.5,18005.45,17900.0,2022-01-13,3,0.008904109589041096,0.008219209791983765,18.32,17.53,False,,-1519.671379246873,-6.406930149983964,268.5710344669769,274.9779646169609,519.7579557148109,4.047015157511851,264.5240193094651,,,,2603.987653532473,68.33748666213175,116.95000000000073
2022-01-11,18027.9,18059.0,18050.0,2022-01-13,2,0.0061643835616438354,0.005479483764586505,18.12,17.74,False,,2203.141498114091,12.59416152879021,224.58327357202506,211.98911204323485,3067.45797321027,17.0246049908219,207.55866858120316,,,,7339.183763797391,68.11816515961975,31.099999999998545
2022-01-12,18150.8,18197.6,18150.0,2022-01-13,1,0.003424657534246575,0.002739757737189244,17.62,17.2,False,,2175.089425399917,12.348048335384192,169.50893711643585,157.16088878105165,2855.510012890491,15.835846219951236,153.6730908964846,,,,5891.981121729679,66.69008684747484,46.79999999999927
2022-01-13,18249.95,18258.55,18250.0,2022-01-13,0,0.0006849315068493151,1.902587519025875e-06,17.35,16.69,False,,18504.973392617478,95.93437637239731,105.21960818588559,9.28523181348828,18523.723948485458,96.03048178710492,9.189126398780672,,,,19353.285366065815,66.02687843965971,8.599999999998545
2022-01-14,18182.5,18235.5,18200.0,2022-01-20,6,0.017123287671232876,0.016438387874175547,16.98,16.53,False,,102.59367779521975,1.9401214245908704,285.5013328507812,283.5612114261903,1532.805758930665,9.27131158425982,276.23002126652136,,,,5149.204650156418,64.37998774052251,53.0
2022-01-17,18257.5,18309.7,18250.0,2022-01-20,3,0.008904109589041096,0.008219209791983765,17.2,16.77,False,,506.2833809336651,3.957607081711103,257.6201263084149,253.6625192267038,1682.6457925279458,9.987568166809979,247.63255814160493,,,,3766.8754903456074,65.48312002253212,52.20000000000073
2022-01-18,18342.95,18113.8,18350.0,2022-01-20,2,0.0061643835616438354,0.005479483764586505,16.86,17.8,False,,-13036.412328193486,-65.54560168304351,212.23255221614636,277.7781538991899,-14483.089697740052,-72.96117793712847,285.1937301532748,,,,-10211.36390715293,64.48910653345958,229.15000000000146
2022-01-19,18079.25,17941.45,18100.0,2022-01-20,1,0.003424657534246575,0.002739757737189244,18.08,17.8,False,,-5664.281602864631,-27.82795693776734,173.82007387673366,201.648030814501,-5327.896974820416,-26.103676793950854,199.9237506706845,,,,-2291.4258659812294,68.16139087098944,137.79999999999927
2022-01-20,17874.75,17782.95,17850.0,2022-01-20,0,0.0006849315068493151,1.902587519025875e-06,18.04,17.81,False,,7974.870069308663,41.964872150300835,109.01266467326514,67.0477925229643,7974.870069308663,41.964872150300835,67.0477925229643,,,,8804.431486889021,67.24130245676203,91.79999999999927
2022-01-21,17554.35,17650.45,17550.0,2022-01-27,6,0.017123287671232876,0.016438387874175547,19.47,19.07,False,,-1917.5269373784147,-8.357368909632896,316.43070343644104,324.78807234607393,-732.0116913583593,-2.2805214941454324,318.71122493058647,,,,2884.3871998673944,71.2705831217115,96.10000000000218
2022-01-24,17469.9,17112.45,17450.0,2022-01-27,3,0.008904109589041096,0.008219209791983765,20.9,22.95,False,,-19232.444478995425,-97.14309989228423,299.9120098109406,397.05510970322484,-22929.387409802202,-116.09332005026772,416.00532986120834,,,,-20845.157711984542,76.13709680400903,357.4500000000007
2022-01-25,16978.95,17267.3,17000.0,2022-01-27,2,0.0061643835616438354,0.005479483764586505,23.79,21.54,False,,-14225.902918696307,-71.52145086510927,277.54689583133313,349.0683466964424,-10891.012124466552,-54.42708781777719,331.9739836491103,,,,-6619.286333879431,84.22962728477098,288.34999999999854
2022-01-27,17015.6,17149.3,17000.0,2022-01-27,0,0.0006849315068493151,1.902587519025875e-06,23.02,21.13,False,,-3838.102088536333,-18.54713891557094,130.7549634435063,149.30210235907725,-3838.102088536333,-18.54713891557094,149.30210235907725,,,,-3008.5406709559757,81.67933523278184,133.70000000000073
2022-01-28,17269.15,17106.35,17250.0,2022-02-03,6,0.017123287671232876,0.016438387874175547,20.95,20.73,False,,-1368.5743255788366,-5.507868336301726,335.5984007438519,341.10626908015365,-731.9060584496453,-2.2443387612802326,337.84273950513216,,,,2884.492832776108,75.44224378567733,162.8000000000029
2022-01-31,17311.75,17338.3,17300.0,2022-02-03,3,0.008904109589041096,0.008219209791983765,21.85,21.99,False,,1664.3862230261386,9.991775502698147,310.2711308041553,300.27935530145714,1295.0530640503541,8.098631097694124,302.17249970646117,,,,3379.2827618680158,78.87729718161074,26.549999999999272
2022-02-01,17514.4,17604.65,17500.0,2022-02-03,2,0.0061643835616438354,0.005479483764586505,21.78,19.94,False,,-419.64523050296316,-0.780180669245965,262.179107613445,262.959288282691,3380.943493784542,18.70135125017714,243.47775636326787,,,,7652.669284371663,79.54497450390578,90.25
2022-02-02,17725.4,17791.6,17750.0,2022-02-03,1,0.003424657534246575,0.002739757737189244,19.34,18.62,False,,2830.0238894209524,15.729353279081806,182.52398427333537,166.79463099425357,3983.915445711735,21.64413049082941,160.87985378250596,,,,7020.386554550923,71.48453915345571,66.19999999999709
2022-02-03,17740.7,17520.25,17750.0,2022-02-03,0,0.0006849315068493151,1.902587519025875e-06,18.49,19.56,False,,-23721.062444962256,-120.50570484596028,109.24210004382621,229.7478048897865,-23721.062444962256,-120.50570484596028,229.7478048897865,,,,-22891.5010273819,68.40175908188502,220.45000000000073
2022-02-04,17575.55,17503.0,17600.0,2022-02-10,6,0.017123287671232876,0.016438387874175547,19.2,18.97,False,,-169.0244033313802,0.5973107521467682,312.13245750607894,311.53514675393217,529.2121042685881,4.176421047531221,307.9560364585477,,,,4145.610995494342,70.3671174386782,72.54999999999927
2022-02-07,17460.55,17210.0,17450.0,2022-02-10,3,0.008904109589041096,0.008219209791983765,19.62,20.48,False,,-9538.067844330993,-47.48547612477432,281.0542878052329,328.5397639300072,-11362.664370073155,-56.83822753883669,337.8925153440696,,,,-9278.434672255493,71.43590157434787,250.54999999999927
2022-02-08,17240.0,17240.35,17250.0,2022-02-10,2,0.0061643835616438354,0.005479483764586505,20.17,19.75,False,,2401.2667828383874,13.635932219684037,238.66686506815313,225.0309328484691,3315.2491606085296,18.320918772351433,220.3459462958017,,,,7586.974951195651,72.51081177831065,0.3499999999985448
2022-02-09,17410.55,17471.6,17400.0,2022-02-10,1,0.003424657534246575,0.002739757737189244,19.02,18.52,False,,1217.4379664879439,7.45086136660484,175.79718186290665,168.34632049630181,1966.1472569995644,11.288703882049049,164.5084779808576,,,,5002.618365838753,69.05300947862715,61.04999999999927
2022-02-10,17484.25,17586.95,17500.0,2022-02-10,0,0.0006849315068493151,1.902587519025875e-06,18.68,17.83,False,,4135.212264005055,22.28349878976951,109.235662982941,86.95216419317148,4135.212264005055,22.28349878976951,86.95216419317148,,,,4964.773681585412,68.10570408027259,102.70000000000073
2022-02-11,17415.8,17345.55,17400.0,2022-02-17,6,0.017123287671232876,0.016438387874175547,18.91,18.83,False,,1015.8180374060704,6.658502755928566,305.54271044072084,298.8842076847923,1260.2139519403822,7.911251035591704,297.63145940512914,,,,4876.612843166136,68.67435118771809,70.25
2022-02-14,16991.2,16819.7,17000.0,2022-02-17,3,0.008904109589041096,0.008219209791983765,21.93,23.54,False,,-3783.573584235786,-17.943197867875824,305.3455934468693,323.28879131474514,-7558.473321411277,-37.29304267390398,342.6386361207733,,,,-5474.243623593615,77.70022762600198,171.5
2022-02-15,16942.5,17351.85,16950.0,2022-02-17,2,0.0061643835616438354,0.005479483764586505,22.25,20.57,False,,-34653.815834114954,-176.26849145699975,258.7041259342459,434.97261739124565,-33232.28427914133,-168.98181681610936,427.68594275035525,,,,-28960.558488554205,78.60806703152878,409.34999999999854
2022-02-16,17391.15,17293.05,17400.0,2022-02-17,1,0.003424657534246575,0.002739757737189244,20.14,20.97,False,,-279.7860185597078,-0.20541547979337338,185.68832212815505,185.89373760794842,-1460.1971018684633,-6.256087701889555,191.9444098300446,,,,1576.274006970724,73.03774811366586,98.10000000000218
2022-02-17,17365.4,17280.15,17350.0,2022-02-17,0,0.0006849315068493151,1.902587519025875e-06,20.71,22.3,False,,9597.307910390266,50.302091848155214,120.14994620521156,69.84785435705635,9597.30791039027,50.30209184815523,69.84785435705633,,,,10426.869327970628,74.99365108068834,85.25
2022-02-18,17285.5,17268.75,17300.0,2022-02-24,6,0.017123287671232876,0.016438387874175547,23.05,22.24,False,,1154.2384484413737,7.484863838160891,368.4233542637048,360.93849042554393,3626.5248225454916,20.157614474592265,348.26573978911256,,,,7242.923713771246,83.08306003584222,16.75
2022-02-21,17110.1,17205.75,17100.0,2022-02-24,3,0.008904109589041096,0.008219209791983765,23.4,22.75,False,,-455.4606559582692,-0.8408751587603547,328.29739721263195,329.1382723713923,1184.0006845843438,7.562875305560738,320.7345219070712,,,,3268.2303824020055,83.48876035780812,95.65000000000146
2022-02-22,16918.2,17080.6,16900.0,2022-02-24,2,0.0061643835616438354,0.005479483764586505,27.21,26.51,False,,-4008.0226124717788,-19.073346730624507,316.30658234139264,335.37992907201715,-2686.46271454364,-12.299142125864819,328.60572446725746,,,,1585.2630760434815,95.99360549791635,162.39999999999782
2022-02-23,17216.0,17054.7,17200.0,2022-02-24,1,0.003424657534246575,0.002739757737189244,25.01,24.95,False,,-1297.7329481528946,-5.343604862322536,228.59815302032348,233.94175788264602,-1216.4961746111096,-4.927159869800562,233.52531289012404,,,,1819.9749342280777,89.78536514666132,161.29999999999927
2022-02-24,16641.3,16217.75,16650.0,2022-02-24,0,0.0006849315068493151,1.902587519025875e-06,30.16,32.75,False,,-51990.075169227726,-265.30335984219346,166.94458108258914,432.2479409247826,-51990.075169227726,-265.30335984219346,432.2479409247826,,,,-51160.51375164736,104.65938889773196,423.5499999999993
2022-02-25,16585.55,16668.8,16600.0,2022-03-03,6,0.017123287671232876,0.016438387874175547,26.9,26.81,False,,-37.80792090035911,1.456523482562261,412.5427491080509,411.0862256254886,222.84153298261393,2.792571964013405,409.7501771440375,,,,3839.2404242083676,93.03401532563277,83.25
2022-02-28,16372.05,16789.45,16350.0,2022-03-03,3,0.008904109589041096,0.008219209791983765,29.55,28.6,False,,-28304.126118843695,-143.46367240432664,396.87084628374487,540.3345186880715,-26755.00307146927,-135.52299011009882,532.3938363938437,,,,-24670.77337365161,100.88350325327502,417.40000000000146
2022-03-02,16677.25,16625.85,16700.0,2022-03-03,1,0.003424657534246575,0.002739757737189244,29.93,29.15,False,,4012.840155192101,21.945846949703082,265.1089374394014,243.16309048969833,5179.46294409266,27.925912533808514,237.1830249055929,,,,8215.934052931847,104.08562717594717,51.400000000001455
2022-03-03,16688.55,16508.75,16700.0,2022-03-03,0,0.0006849315068493151,1.902587519025875e-06,27.64,28.04,False,,-7578.624854629306,-37.67838386989388,153.56955087148162,191.2479347413755,-7578.624854629306,-37.67838386989388,191.2479347413755,,,,-6749.063437048949,96.18697138831784,179.79999999999927
2022-03-04,16274.85,16243.55,16250.0,2022-03-10,6,0.017123287671232876,0.016438387874175547,29.09,27.94,False,,1714.6323378631246,10.487755578785254,438.57150161228583,428.0837460335006,5014.455489272162,27.402387124472625,411.1691144878132,,,,8630.854380497916,98.72344986320813,31.30000000000109
2022-03-07,15827.15,15881.05,15850.0,2022-03-10,3,0.008904109589041096,0.008219209791983765,29.78,29.2,False,,2289.117116345955,13.335882647927974,386.56372345369437,373.2278408057664,3696.8725040216377,20.55191027703404,366.0118131766603,,,,5781.1022018393,98.28494959403228,53.899999999999636
2022-03-08,15806.45,16014.65,15800.0,2022-03-10,2,0.0061643835616438354,0.005479483764586505,28.78,28.63,False,,-7036.107845601242,-34.60265561846791,312.22129588632924,346.82395150479715,-6783.844973332378,-33.309615247858346,345.5309111341876,,,,-2512.1191827452562,94.86035355390362,208.1999999999989
2022-03-09,16119.85,16366.9,16100.0,2022-03-10,1,0.003424657534246575,0.002739757737189244,28.39,27.31,False,,-14617.71570085692,-73.59392667106113,243.07068999887815,316.6646166699393,-13639.08987525646,-68.57758910387929,311.64827910275744,,,,-10602.618766417274,95.43023565486352,247.04999999999927
2022-03-10,16644.15,16566.3,16650.0,2022-03-10,0,0.0006849315068493151,1.902587519025875e-06,24.68,25.93,False,,10095.664633758517,52.887151967992395,136.58509289277572,83.69794092478332,10095.664633758517,52.887151967992395,83.69794092478332,,,,10925.226051338874,85.65769506636755,77.85000000000218
2022-03-11,16618.2,16620.5,16600.0,2022-03-17,6,0.017123287671232876,0.016438387874175547,25.58,25.28,False,,1202.3392239450015,7.778508840743598,393.76399435121584,385.98548551047224,2079.8390657608925,12.276508029543038,381.4874863216728,,,,5696.237956986646,88.6429353605972,2.2999999999992724
2022-03-14,16656.7,16886.4,16650.0,2022-03-17,3,0.008904109589041096,0.008219209791983765,25.89,25.51,False,,-8652.559549059586,-42.81184384133121,353.460161875988,396.2720057173192,-7824.209101310017,-38.56579026312829,392.02595213911627,,,,-5739.979403492355,89.92503629244865,229.70000000000073
2022-03-15,16904.6,16645.0,16900.0,2022-03-17,2,0.0061643835616438354,0.005479483764586505,25.82,26.75,False,,-9684.248693310756,-48.20035227338849,299.56958763305556,347.76993990644405,-11228.496515111714,-56.11608469288058,355.68567232593614,,,,-6956.770724524592,91.0166285531699,259.59999999999854
2022-03-16,16929.45,16966.35,16950.0,2022-03-17,1,0.003424657534246575,0.002739757737189244,25.1,24.15,False,,4304.202751678882,23.366116675276317,225.69965161001346,202.33353493473714,5789.255481368321,30.978387083940106,194.72126452607336,,,,8825.726590207509,88.60866186646123,36.89999999999782
2022-03-17,17185.25,17299.4,17200.0,2022-03-17,0,0.0006849315068493151,1.902587519025875e-06,22.55,22.66,False,,5615.833342954033,29.910376117712985,129.31250321043171,99.40212709271873,5615.833342954033,29.910376117712985,99.40212709271873,,,,6445.39476053439,80.80942342166111,114.15000000000146
2022-03-21,17333.65,17113.85,17350.0,2022-03-24,3,0.008904109589041096,0.008219209791983765,23.54,24.6,False,,-7081.854471521925,-34.79581780267654,334.47525134557145,369.271069148248,-9486.713720731632,-47.12294215759812,381.59819350316957,,,,-7402.484022913972,85.08560457388138,219.8000000000029
2022-03-22,17066.7,17329.8,17050.0,2022-03-24,2,0.0061643835616438354,0.005479483764586505,24.89,23.8,False,,-14687.920500843196,-73.8630282094523,291.91715389439923,365.78018210385153,-13030.159448251923,-65.36548435000987,357.2826382444091,,,,-8758.433657664802,88.57967012002072,263.09999999999854
2022-03-23,17379.9,17223.55,17400.0,2022-03-24,1,0.003424657534246575,0.002739757737189244,23.59,24.88,False,,-4780.198363743266,-23.214606993555208,217.76168418835005,240.97629118190525,-6401.151647484968,-31.523444346076758,249.2851285344268,,,,-3364.6805386457804,85.49383952584606,156.35000000000218
2022-03-24,17200.9,17197.3,17200.0,2022-03-24,0,0.0006849315068493151,1.902587519025875e-06,24.74,24.04,False,,25849.830012025617,133.65082057449035,141.41171136321827,7.76089078872792,25889.23841085033,133.85281236333503,7.55889899988324,,,,26718.79982843069,88.73817113737417,3.600000000002183
2022-03-25,17191.25,17177.95,17200.0,2022-03-31,6,0.017123287671232876,0.016438387874175547,24.04,23.17,False,,1236.7417388574868,7.933290968499932,382.1577218417315,374.22443087323154,3878.4881838380934,21.474708635067145,360.6830132066643,,,,7494.887075063848,86.1790151787893,13.299999999999272
2022-03-28,17083.8,17214.7,17100.0,2022-03-31,3,0.008904109589041096,0.008219209791983765,24.1,22.43,False,,-851.8909857594963,-2.855851209023058,337.49601373767473,340.3518649466978,3335.241871671336,18.607086521391466,318.88892721628326,,,,5419.471569488998,85.85411752661862,130.90000000000146
2022-03-29,17286.6,17335.75,17300.0,2022-03-31,2,0.0061643835616438354,0.005479483764586505,22.2,21.11,False,,2172.805079510888,12.51089784364558,263.4589347065212,250.9480368628756,4532.424134257726,24.606175047475517,238.85275965904566,,,,8804.149924844845,80.02435175512257,49.150000000001455
2022-03-30,17413.45,17471.6,17400.0,2022-03-31,1,0.003424657534246575,0.002739757737189244,20.91,20.78,False,,1783.6007855416515,10.38564505405975,193.36200637097954,182.9763613169198,1981.0073830255699,11.397525041156769,181.96448132982277,,,,5017.478491864757,75.92738864949266,58.14999999999782
2022-03-31,17491.35,17468.75,17500.0,2022-03-31,0,0.0006849315068493151,1.902587519025875e-06,20.59,20.53,False,,17073.175137673737,88.6222827573012,119.87025673276185,31.24797397546063,17073.17654684363,88.62228998381349,31.24796674894836,,,,17902.737964423988,75.09988710995465,22.599999999998545
2022-04-01,17467.85,17688.35,17450.0,2022-04-07,6,0.017123287671232876,0.016438387874175547,20.44,18.15,False,,-11338.66091366752,-56.62205596752574,331.1692235520286,387.79127951955434,-5655.788065176817,-27.492041359881114,358.6612649119097,,,,-2039.3891739510639,74.45261444538376,220.5
2022-04-04,17905.7,18036.05,17900.0,2022-04-07,3,0.008904109589041096,0.008219209791983765,18.63,17.9,False,,-3226.7654923631335,-15.14813073006735,273.54548970891847,288.6936204389858,-1406.4521781145652,-5.817344503151617,279.3628342120701,,,,677.7775197030968,69.56067157412933,130.34999999999854
2022-04-05,18064.05,17930.75,18050.0,2022-04-07,2,0.0061643835616438354,0.005479483764586505,18.24,18.57,False,,-1125.193865122777,-4.4628403339629585,226.61859552146052,231.08143585542348,-1811.0847164277848,-7.978639571424537,234.59723509288506,,,,2460.6410741593368,68.70677568438809,133.29999999999927
2022-04-06,17854.75,17799.3,17850.0,2022-04-07,1,0.003424657534246575,0.002739757737189244,18.98,19.15,False,,2663.9483185191148,14.872811889841614,179.6824679459096,164.80965605606798,2391.426205363893,13.475877976225092,166.2065899696845,,,,5427.897314203081,70.66585032745178,55.45000000000073
2022-04-07,17703.7,17655.15,17700.0,2022-04-07,0,0.0006849315068493151,1.902587519025875e-06,19.27,18.89,False,,13161.705823867262,68.56038884034493,113.40819991590797,44.847811075563044,13161.705824118635,68.56038884163402,44.84781107427394,,,,13991.267241698992,71.13860813854683,48.54999999999927
2022-04-08,17648.4,17800.3,17650.0,2022-04-13,5,0.014383561643835616,0.013698661846778286,19.05,17.72,False,,-5140.26357796178,-24.935146553650156,285.08269725960236,310.0178438132525,-1771.2887980931002,-7.666045118426155,292.7487423780285,,,,1845.1100931326534,70.10676474936311,151.89999999999782
2022-04-11,17684.35,17679.65,17700.0,2022-04-13,2,0.0061643835616438354,0.005479483764586505,18.98,18.15,False,,2282.4883075952603,13.01188875689877,230.49878251649716,217.4868937595984,4132.82905992566,22.496610563721333,208.00217195277583,,,,8404.55485051278,69.9914381460548,4.69999999999709
2022-04-12,17579.95,17519.95,17600.0,2022-04-13,1,0.003424657534246575,0.002739757737189244,18.27,18.23,False,,1033.9211111549002,6.5008774931020525,170.7770937826608,164.27621628955876,1093.7798164855833,6.807691366592735,163.96940241606808,,,,4130.250925324771,66.97547315247597,60.0
2022-04-13,17649.0,17467.45,17650.0,2022-04-13,0,0.0006849315068493151,1.902587519025875e-06,17.33,17.96,False,,-15993.53095020874,-80.90908179594226,101.63873546066134,182.5478172566036,-15993.53095020874,-80.90908179594226,182.5478172566036,,,,-15163.969532628382,63.779083374025994,181.54999999999927
2022-04-18,17226.55,17185.8,17250.0,2022-04-21,3,0.008904109589041096,0.008219209791983765,20.04,19.2,False,,1302.3664563712546,8.085827981391049,283.2180019507887,275.1321739693976,3493.177231674223,19.315780675252427,263.90222127553625,,,,5577.4069294918845,71.98725835554033,40.75
2022-04-19,17202.15,16869.15,17200.0,2022-04-21,2,0.0061643835616438354,0.005479483764586505,18.92,20.53,False,,-25254.522586900846,-128.1539619841069,223.4106028966071,351.564564880714,-26954.23179702473,-136.86657331807555,360.27717621468264,,,,-22682.506006437612,67.8677528908756,333.0
2022-04-20,17087.6,17149.6,17100.0,2022-04-21,1,0.003424657534246575,0.002739757737189244,19.43,18.61,False,,2273.0792145658497,12.862611356747948,176.12786836705345,163.2652570103055,3524.2641739728842,19.276123969091714,156.85174439796174,,,,6560.735282812072,69.23305203587279,62.0
2022-04-21,17228.4,17400.1,17250.0,2022-04-21,0,0.0006849315068493151,1.902587519025875e-06,18.04,17.97,False,,-9072.210794897603,-45.42528612768001,104.6768471484429,150.1021332761229,-9072.210794897603,-45.42528612768001,150.1021332761229,,,,-8242.649377317244,64.80986057125716,171.6999999999971
2022-04-22,17246.4,17172.1,17250.0,2022-04-28,6,0.017123287671232876,0.016438387874175547,18.43,18.31,False,,287.1217400267051,2.901906359111308,294.07085774691586,291.16895138780455,647.0154337258547,4.74669453192746,289.3241632149884,,,,4263.414324951608,66.28013698007541,74.30000000000291
2022-04-25,16988.95,16983.2,17000.0,2022-04-28,3,0.008904109589041096,0.008219209791983765,19.95,21.06,False,,1846.66120312647,10.865698477571641,277.76006128496374,266.8943628073921,-1048.7287975346494,-3.975839987357176,281.7359012723209,,,,1035.5009002830127,70.67552539905742,5.75
2022-04-26,17157.7,17201.45,17150.0,2022-04-28,2,0.0061643835616438354,0.005479483764586505,19.79,19.24,False,,1410.4513246836939,8.54692987017279,233.21044374081885,224.66351387064606,2576.1586746965645,14.522249613828535,218.6881941269903,,,,6847.884465283685,70.80508878239196,43.75
2022-04-27,17087.15,17037.65,17100.0,2022-04-28,1,0.003424657534246575,0.002739757737189244,20.38,20.67,False,,2320.137521931964,13.119833445804943,184.73774112729916,171.61790768149422,1880.6589425078284,10.867122782091428,173.87061834520773,,,,4917.130051347016,72.61618336424833,49.5
2022-04-28,17125.7,17231.35,17150.0,2022-04-28,0,0.0006849315068493151,1.902587519025875e-06,20.17,19.41,False,,6622.227740677908,35.045065336809785,116.39718624611487,81.35212090930509,6622.227740677908,35.045065336809785,81.35212090930509,,,,7451.789158258265,72.03007014337673,105.64999999999782
2022-04-29,17326.05,17111.6,17350.0,2022-05-05,6,0.017123287671232876,0.016438387874175547,18.72,19.38,False,,-8719.094895509461,-43.25223023338185,300.00759310694775,343.2598233403296,-10406.96738339059,-51.90414042764405,351.9117335345918,,,,-6790.568492164835,67.63399098298204,214.45000000000073
2022-05-02,16946.6,17064.7,16950.0,2022-05-05,3,0.008904109589041096,0.008219209791983765,20.98,20.31,False,,-1582.9085128909069,-6.688761604568754,291.349463814473,298.03822541904174,58.60425876692068,1.725509019317542,289.62395479515544,,,,2142.8339565845827,74.13916151825221,118.10000000000218
2022-05-04,17068.3,16694.7,17050.0,2022-05-05,1,0.003424657534246575,0.002739757737189244,20.56,21.71,False,,-33978.26628258922,-172.93946811584215,186.6875340318593,359.62700214770143,-34428.28070915478,-175.24620876489632,361.9337427967556,,,,-31391.80960031559,73.17672778820054,373.59999999999854
2022-05-05,16825.5,16669.2,16850.0,2022-05-05,0,0.0006849315068493151,1.902587519025875e-06,20.26,20.2,False,,-13062.498100174425,-65.8600928214073,114.93782336973891,180.79791619114621,-13062.498100174425,-65.8600928214073,180.79791619114621,,,,-12232.936682594069,71.08320932183479,156.29999999999927
2022-05-06,16438.0,16438.25,16450.0,2022-05-12,6,0.017123287671232876,0.016438387874175547,21.02,21.02,False,,970.038432687009,6.449786834292354,319.5106464410328,313.06085960674045,970.038432687009,6.449786834292354,313.06085960674045,,,,4586.437323912763,72.05121277358668,0.25
2022-05-09,16156.55,16308.4,16150.0,2022-05-12,3,0.008904109589041096,0.008219209791983765,22.17,22.12,False,,-4246.0550563435945,-20.335564391505613,293.66116202970716,313.99672642121277,-4134.541132731194,-19.763954526826637,313.4251165565338,,,,-2050.311434913532,74.69197266200547,151.85000000000036
2022-05-10,16315.1,16207.75,16300.0,2022-05-12,2,0.0061643835616438354,0.005479483764586505,22.01,22.39,False,,761.2252498189378,5.244437178558655,246.87224305808468,241.62780587952602,15.07335307159471,1.419709502931255,245.45253355515342,,,,4286.799143658716,74.88061283851589,107.35000000000036
2022-05-11,16306.1,16202.25,16300.0,2022-05-12,1,0.003424657534246575,0.002739757737189244,21.93,22.7,False,,543.1602598543186,4.020257742842659,189.6086675880233,185.58840984518065,-506.9332353390928,-1.3624781299440656,190.97114571796737,,,,2529.5378735000945,74.5672866950157,103.85000000000036
2022-05-12,15909.75,15826.45,15900.0,2022-05-12,0,0.0006849315068493151,1.902587519025875e-06,24.03,24.35,False,,10263.090413681412,53.728053403494414,127.27608707941363,73.54803367591921,10263.090413681412,53.728053403494414,73.54803367591921,,,,11092.651831261768,79.72173351106709,83.29999999999927
2022-05-13,16015.05,15767.15,16000.0,2022-05-19,6,0.017123287671232876,0.016438387874175547,22.8,23.68,False,,-6886.010116457557,-33.784769827987475,338.3427401637391,372.1275099917266,-9048.473309710915,-44.8694015882611,383.2121417520002,,,,-5432.074418485161,76.14173233053077,247.89999999999964
2022-05-16,15886.6,15864.5,15900.0,2022-05-19,3,0.008904109589041096,0.008219209791983765,24.07,24.38,False,,2004.9609115027988,11.743389289757943,313.4209559227238,301.67756663296586,1250.8642168504196,7.877970342822664,305.54298557990114,,,,3335.093914668081,79.73824238722382,22.100000000000364
2022-05-17,15965.15,16282.6,15950.0,2022-05-19,2,0.0061643835616438354,0.005479483764586505,23.55,22.63,False,,-24095.198920922667,-122.14630215857778,258.41575311250745,380.5620552710852,-23097.460088359443,-117.03194917107407,375.4477022835815,,,,-18825.734297772324,78.40134663337784,317.4500000000007
2022-05-18,16368.0,16256.45,16350.0,2022-05-19,1,0.003424657534246575,0.002739757737189244,22.39,22.18,False,,1112.0959594230148,6.9463382534513585,194.85471425008473,187.90837599663337,1401.9356274708957,8.432028858825106,186.42268539125962,,,,4438.406736310084,76.42040191816669,111.54999999999927
2022-05-19,15942.65,15828.45,15950.0,2022-05-19,0,0.0006849315068493151,1.902587519025875e-06,23.76,24.5,False,,653.1279251806379,4.465784231695579,126.01381172420588,121.5480274925103,653.1279251806379,4.465784231695579,121.5480274925103,,,,1482.6893427609955,78.98898907753994,114.19999999999891
2022-05-20,16112.65,16278.7,16100.0,2022-05-26,6,0.017123287671232876,0.016438387874175547,23.25,23.2,False,,-5979.500737033205,-29.12200377965746,346.96402402123204,376.0860278008895,-5850.798144028144,-28.462298174503303,375.42632219573534,,,,-2234.39925280239,78.11771621911342,166.0500000000011
2022-05-23,16274.95,16191.65,16250.0,2022-05-26,3,0.008904109589041096,0.008219209791983765,23.78,23.83,False,,2014.9532748208474,11.803144999081269,318.0042970284485,306.2011520293672,1891.4767257509384,11.1701883371843,306.8341086912642,,,,3975.7064235686003,80.70326788331865,83.30000000000109
2022-05-24,16187.55,16139.5,16200.0,2022-05-26,2,0.0061643835616438354,0.005479483764586505,25.32,25.71,False,,2246.9025091770613,12.924012867574675,281.3653168941446,268.4413040265699,1461.6696862599729,8.898972750051144,272.46634414409345,,,,5733.395476847094,85.4681752241517,48.04999999999927
2022-05-25,16200.25,16037.8,16200.0,2022-05-26,1,0.003424657534246575,0.002739757737189244,24.75,25.46,False,,-3719.590142182535,-17.78779560093608,212.48312578109562,230.2709213820317,-4569.070394915209,-22.142155871360046,234.62528165245567,,,,-1532.599286076022,83.60967346913627,162.45000000000073
2022-05-26,16084.3,16201.55,16100.0,2022-05-26,0,0.0006849315068493151,1.902587519025875e-06,24.7,22.57,False,,5840.648346424344,31.068863314996634,132.62085437271162,101.55199105771499,5840.648346424344,31.068863314996634,101.55199105771499,,,,6670.209764004701,82.84355470433243,117.25
2022-05-27,16316.6,16356.1,16300.0,2022-06-02,6,0.017123287671232876,0.016438387874175547,21.94,21.25,False,,127.65542840064833,2.1547457866699915,331.86167565185315,329.70692986518316,2084.6905009082725,12.186361543119347,319.6753141087338,,,,5701.089392134027,74.64932717342242,39.5
2022-05-30,16592.65,16668.2,16600.0,2022-06-02,3,0.008904109589041096,0.008219209791983765,20.85,19.95,False,,428.0427258425867,3.6046293632953166,283.49313943560537,279.88851007231005,2666.7005124426346,15.079797499705819,268.41334193589955,,,,4750.930210260296,72.1408772647206,75.54999999999927
2022-05-31,16544.05,16578.25,16550.0,2022-06-02,2,0.0061643835616438354,0.005479483764586505,20.02,20.47,False,,1899.95281292383,11.045091348327333,227.29254383445004,216.2474524861227,966.6840496970572,6.261200254856703,221.03134357959334,,,,5238.409840284178,69.06619247398051,34.20000000000073
2022-06-01,16620.75,16540.8,16600.0,2022-06-02,1,0.003424657534246575,0.002739757737189244,19.99,20.75,False,,2428.085732949569,13.658849912561891,177.02587341379422,163.36702350123232,1308.5912225564875,7.920416525930705,169.1054568878635,,,,4345.062331395675,69.28241518018677,79.95000000000073
2022-06-02,16521.9,16637.4,16500.0,2022-06-02,0,0.0006849315068493151,1.902587519025875e-06,20.35,20.32,False,,-4952.709825578682,-24.293332438865036,113.10870808612526,137.4020405249903,-4952.709825578682,-24.293332438865036,137.4020405249903,,,,-4123.148407998325,70.11065271121639,115.5
2022-06-03,16780.3,16583.6,16800.0,2022-06-09,6,0.017123287671232876,0.016438387874175547,19.29,19.93,False,,-6953.795566338689,-34.204643929941994,299.3515064796011,333.5561504095431,-8590.020378912412,-42.59184809698672,341.9433545765878,,,,-4973.621487686658,67.49810124241043,196.70000000000073
2022-06-06,16470.4,16563.65,16450.0,2022-06-09,3,0.008904109589041096,0.008219209791983765,20.47,20.11,False,,-1567.8544108688802,-6.638125183942975,277.06962914955784,283.7077543335008,-715.9225894037436,-2.271192766173044,279.3408219157309,,,,1368.3071084139185,70.30425277598962,93.25
2022-06-07,16434.85,16404.45,16450.0,2022-06-09,2,0.0061643835616438354,0.005479483764586505,20.09,20.46,False,,1874.2398567361738,10.912255675570123,226.74766610389725,215.83541042832712,1115.4383663007854,7.022709570773259,219.724956533124,,,,5387.164156887907,68.85021311727722,30.399999999997817
2022-06-08,16385.65,16335.4,16400.0,2022-06-09,1,0.003424657534246575,0.002739757737189244,20.08,19.88,False,,1939.1348973898737,11.148076396871147,174.63218319311272,163.48410679624158,2226.9384922733957,12.62332560140203,162.0088575917107,,,,5263.409601112584,68.60993217439105,50.25000000000182
2022-06-09,16314.1,16481.8,16300.0,2022-06-09,0,0.0006849315068493151,1.902587519025875e-06,19.59,19.1,False,,-14840.553435752985,-74.98940223463069,106.81261355672177,181.80201579135246,-14840.553435752985,-74.98940223463069,181.80201579135246,,,,-14010.992018172628,66.64340273721342,167.6999999999989
2022-06-10,16265.55,16191.45,16250.0,2022-06-16,6,0.017123287671232876,0.016438387874175547,19.33,19.67,False,,862.818914946903,5.848507256137964,291.69811251233295,285.849605256195,-105.09761815315625,0.8870378556248397,290.8110746567081,,,,3511.3012730725973,65.56321088981804,74.09999999999854
2022-06-13,15792.2,15800.95,15800.0,2022-06-16,3,0.008904109589041096,0.008219209791983765,21.57,22.19,False,,1826.9156787382742,10.767054762760381,279.13766842060795,268.37061365784757,323.24172788147814,3.0593421942639907,276.07832622634396,,,,2407.47142569914,71.03172932878101,8.75
2022-06-14,15667.15,15741.95,15650.0,2022-06-16,2,0.0061643835616438354,0.005479483764586505,22.22,21.97,False,,-151.16366397238667,0.5538273642441709,239.45434627615123,238.90051891190706,315.126711856178,2.94398313772399,236.51036313842724,,,,4586.852502443299,72.59281930965527,74.80000000000109
2022-06-15,15700.7,15682.9,15700.0,2022-06-16,1,0.003424657534246575,0.002739757737189244,22.03,22.34,False,,3481.5312155469546,19.07041648998438,183.30849638508698,164.2380798951026,3032.835583430317,16.77043888938624,166.53805749570074,,,,6069.306692269505,72.12621133878424,17.80000000000109
2022-06-16,15830.85,15348.2,15850.0,2022-06-16,0,0.0006849315068493151,1.902587519025875e-06,20.9,23.06,False,,-76453.11871810052,-390.80312163128474,110.99491822804339,501.7980398593281,-76453.11871810052,-390.80312163128474,501.7980398593281,,,,-75623.55730052016,68.9938098638084,482.64999999999964
2022-06-17,15207.45,15330.75,15200.0,2022-06-23,6,0.017123287671232876,0.016438387874175547,23.5,22.31,False,,-3221.607533983264,-15.015320687093663,330.79426308151415,345.8095837686078,-225.3111889215161,0.3434810824537635,330.4507819990604,,,,3391.0877023042376,74.52189106511317,123.29999999999927
2022-06-20,15269.6,15368.9,15250.0,2022-06-23,3,0.008904109589041096,0.008219209791983765,23.19,22.31,False,,-1611.8568244898836,-6.838188843537864,290.79674694794903,297.6349357914869,320.0921259410199,3.0648314150821534,287.7319155328669,,,,2404.3218237586816,73.83937578317148,99.29999999999927
2022-06-21,15439.1,15634.15,15450.0,2022-06-23,2,0.0061643835616438354,0.005479483764586505,21.82,21.05,False,,-7735.640259446244,-38.33887312536535,231.25243085388138,269.59130397924673,-6555.42844114803,-32.289222775118105,263.5416536289995,,,,-2283.702650560909,70.24838331675129,195.04999999999927
2022-06-22,15483.0,15401.1,15500.0,2022-06-23,1,0.003424657534246575,0.002739757737189244,21.28,21.35,False,,-103.6794212557543,0.6774901474063881,175.01787053524367,174.34038038783729,-192.30630718632628,0.22319842468550632,174.79467211055817,,,,2844.164801652861,68.7046837544706,81.89999999999964
2022-06-23,15500.15,15577.55,15500.0,2022-06-23,0,0.0006849315068493151,1.902587519025875e-06,21.2,20.96,False,,5961.273565275437,31.643659309104805,109.195576165911,77.5519168568062,5961.273565275437,31.643659309104805,77.5519168568062,,,,6790.834982855795,68.52221124713235,77.39999999999964
2022-06-24,15704.2,15698.95,15700.0,2022-06-30,6,0.017123287671232876,0.016438387874175547,21.19,20.59,False,,980.3123775620988,6.481089115703071,308.0103824097696,301.5292932940665,2642.938136745195,15.0035801884369,293.0068022213327,,,,6259.33702797095,69.39151697827852,5.25
2022-06-27,15902.6,15836.1,15900.0,2022-06-30,3,0.008904109589041096,0.008219209791983765,21.06,21.07,False,,1242.5666884997443,7.763111223075612,274.51260261606876,266.74949139299315,1218.5431108440525,7.639964670995141,266.8726379450736,,,,3302.7728086617144,69.83708595621718,66.5
2022-06-28,15723.9,15883.0,15700.0,2022-06-30,2,0.0061643835616438354,0.005479483764586505,21.65,21.5,False,,-7247.476364661574,-35.830289049546536,234.63445546049843,270.46474451004497,-7010.694529989377,-34.61658733327886,269.2510427937773,,,,-2738.968739402256,70.98682978154133,159.10000000000036
2022-06-29,15718.2,15783.35,15700.0,2022-06-30,1,0.003424657534246575,0.002739757737189244,21.72,22.08,False,,778.8502598170726,5.213539793933705,181.62761865041466,176.41407885648096,299.2414924499435,2.755084576666377,178.87253407374828,,,,3335.712601289131,71.19053208283609,65.14999999999964
2022-06-30,15850.45,15735.9,15850.0,2022-06-30,0,0.0006849315068493151,1.902587519025875e-06,22.03,22.06,False,,163.4970351872591,1.9374206932679954,116.03546055259721,114.09803985932922,163.4970351872591,1.9374206932679954,114.09803985932922,,,,993.0584527676165,72.81413609041844,114.55000000000109
2022-07-01,15689.75,15764.0,15700.0,2022-07-07,6,0.017123287671232876,0.016438387874175547,21.86,21.31,False,,-468.15263625321785,-0.9266801859139377,317.1539458773095,318.08062606322346,1027.2240951167541,6.7385338211115595,310.41541205619797,,,,4643.622986342508,71.51971723211939,74.25
2022-07-04,15742.2,15829.15,15750.0,2022-07-07,3,0.008904109589041096,0.008219209791983765,21.92,21.01,False,,3.8735514418301307,1.4289925714965648,282.7687923933572,281.33979982186065,2135.774757579161,12.35699875681621,270.411793636541,,,,4220.004455396823,71.9557630494318,86.94999999999891
2022-07-05,15921.9,15799.95,15900.0,2022-07-07,2,0.0061643835616438354,0.005479483764586505,20.76,20.78,False,,78.87977673809445,1.7112809063492023,227.75443308984632,226.0431521834971,41.30680551029573,1.5186502846681833,226.23578280517813,,,,4313.032596097417,68.92580525090682,121.94999999999891
2022-07-06,15898.8,16007.85,15900.0,2022-07-07,1,0.003424657534246575,0.002739757737189244,20.48,20.14,False,,-1566.7398777177339,-6.8266147575268405,172.55318591368723,179.37980067121407,-1141.6254794452375,-4.647515279206345,177.20070119289358,,,,1894.8456293939498,67.89751910180112,109.05000000000109
2022-07-07,16078.55,16136.85,16100.0,2022-07-07,0,0.0006849315068493151,1.902587519025875e-06,20.09,19.01,False,,13801.115833879352,71.82915812245821,108.68114945821253,36.85199133575433,13801.115878453405,71.8291583510431,36.85199110716942,,,,14630.677296033764,67.35757211759143,58.30000000000109
2022-07-08,16187.7,16217.5,16200.0,2022-07-14,6,0.017123287671232876,0.016438387874175547,19.07,18.23,False,,536.302512387771,4.163192371219338,285.4628848138145,281.2996924425952,2929.311601945882,16.42959795869683,269.0332868551177,,,,6545.710493171637,64.37176953378616,29.799999999999272
2022-07-11,16141.3,16199.05,16150.0,2022-07-14,3,0.008904109589041096,0.008219209791983765,19.14,18.43,False,,742.3211114009978,5.159236468723066,253.17188834775516,248.0126518790321,2473.371830095114,14.032470923564688,239.13941742419047,,,,4557.601527912776,64.42286729921446,57.75
2022-07-12,16140.6,16037.75,16150.0,2022-07-14,2,0.0061643835616438354,0.005479483764586505,18.57,18.63,False,,-1415.0343010503002,-5.9873553900015395,205.72485501448773,211.71221040448927,-1525.7108396895399,-6.554670972766871,212.2795259872546,,,,2746.014950897582,62.50160733388513,102.85000000000036
2022-07-13,16118.15,15975.75,16100.0,2022-07-14,1,0.003424657534246575,0.002739757737189244,18.32,18.63,False,,-3018.97626849194,-14.298955223035591,157.3413247973367,171.6402800203723,-3381.378411248897,-16.15660723717383,173.49793203451054,,,,-344.9073024097097,61.57441152937578,142.39999999999964
2022-07-14,16005.5,15947.95,16000.0,2022-07-14,0,0.0006849315068493151,1.902587519025875e-06,18.28,18.39,False,,8626.914780885108,45.28551169684671,97.33353300594808,52.04802130910137,8626.914780885108,45.28551169684671,52.04802130910137,,,,9456.476198465467,61.01056468376253,57.54999999999927
2022-07-15,15986.15,16052.85,16000.0,2022-07-21,6,0.017123287671232876,0.016438387874175547,17.82,17.62,False,,-501.98398631440614,-1.199917878535416,263.4299549283387,264.6298728068741,51.10170232656242,1.6351882170592944,261.7947667112794,,,,3667.500593552316,59.40338468237315,66.70000000000073
2022-07-18,16172.65,16281.4,16150.0,2022-07-21,3,0.008904109589041096,0.008219209791983765,17.81,17.28,False,,-3584.766938257891,-17.050804811578928,237.18864051523815,254.23944532681708,-2419.536112380088,-11.077877499385067,248.26651801462322,,,,-335.306414562426,60.062681147878436,108.75
2022-07-19,16257.8,16329.3,16250.0,2022-07-21,2,0.0061643835616438354,0.005479483764586505,17.47,17.22,False,,-498.6349004325891,-1.3096148740132776,195.16262050983278,196.47223538384605,-18.961730611132964,1.1491706122506002,194.01344989758218,,,,4252.764059975988,59.22625731454604,71.5
2022-07-20,16529.8,16495.8,16550.0,2022-07-21,1,0.003424657534246575,0.002739757737189244,16.81,16.84,False,,1719.6813075622283,9.973545166985787,147.9180712832358,137.94452611625002,1676.0030192316847,9.749656508880435,138.16841477435537,,,,4712.474128070872,57.942191861985584,34.0
2022-07-21,16514.95,16609.8,16500.0,2022-07-21,0,0.0006849315068493151,1.902587519025875e-06,16.92,16.82,False,,-3356.345590134114,-16.146644051969815,93.6553964730183,109.80204052498812,-3356.345590134114,-16.146644051969815,109.80204052498812,,,,-2526.7841725537564,58.26895498515327,94.84999999999854
2022-07-22,16701.3,16714.3,16700.0,2022-07-28,6,0.017123287671232876,0.016438387874175547,16.85,16.62,False,,580.7590763155156,4.344867058028285,260.5763342404871,256.2314671824588,1256.1565181033952,7.806905221043053,252.76942901944403,,,,4872.5554093291485,58.68265977500333,13.0
2022-07-25,16677.35,16610.05,16700.0,2022-07-28,3,0.008904109589041096,0.008219209791983765,17.46,17.76,False,,-68.49015289527182,0.9766658825883496,238.94240658126455,237.9657406986762,-806.2141316775849,-2.8048929829619738,241.74729956422652,,,,1278.0155661400772,60.719877968014956,67.29999999999927
2022-07-26,16556.15,16466.55,16550.0,2022-07-28,2,0.0061643835616438354,0.005479483764586505,18.03,18.11,False,,265.14977503246973,2.6238450001665115,205.0281037843606,202.4042587841941,106.83698243947828,1.8123434996896322,203.21576028467098,,,,4378.5627730266,62.24646413810714,89.60000000000218
2022-07-27,16444.9,16642.75,16450.0,2022-07-28,1,0.003424657534246575,0.002739757737189244,18.55,18.08,False,,-12010.255271602315,-60.37956549539649,161.67427510489506,222.05384060029155,-11612.009722288825,-58.33815242199398,220.01242752688904,,,,-8575.538613449638,63.61137135903338,197.84999999999854
2022-07-28,16782.3,16922.05,16800.0,2022-07-28,0,0.0006849315068493151,1.902587519025875e-06,17.17,17.17,False,,-5142.391977394776,-25.296010140486032,96.75606748495557,122.0520776254416,-5142.391977394776,-25.296010140486032,122.0520776254416,,,,-4312.830559814419,60.087119214138184,139.75
2022-07-29,17101.2,17157.95,17100.0,2022-08-04,6,0.017123287671232876,0.016438387874175547,16.89,16.55,False,,-578.3829813571031,-1.584066571062067,267.44134957745337,269.02541614851543,422.6100343205326,3.546923252925808,263.89442632452756,,,,4039.0089255462863,60.23041328560203,56.75
2022-08-01,17224.0,17332.3,17200.0,2022-08-04,3,0.008904109589041096,0.008219209791983765,17.44,17.49,False,,-3382.8878887805017,-15.996963532207701,247.41181643331674,263.40877996552445,-3501.273941422291,-16.603815084216876,264.0156315175336,,,,-1417.044243604629,62.6383205424835,108.29999999999927
2022-08-02,17321.45,17294.85,17300.0,2022-08-04,2,0.0061643835616438354,0.005479483764586505,18.07,18.64,False,,2405.746614709855,13.616444177999256,215.81551819192555,202.1990740139263,1161.496903532686,7.238496941193262,208.5770212507323,,,,5433.222694119807,65.26825544427172,26.600000000002183
2022-08-03,17357.1,17392.9,17350.0,2022-08-04,1,0.003424657534246575,0.002739757737189244,18.88,18.45,False,,2510.085303430438,14.073257966309939,173.83145151325152,159.75819354694158,3181.3469486431436,17.514086916118686,156.31736459713284,,,,6217.818057482331,68.33430205749654,35.80000000000291
2022-08-04,17461.95,17364.0,17450.0,2022-08-04,0,0.0006849315068493151,1.902587519025875e-06,18.55,19.29,False,,4096.275088002495,22.081769682064078,108.07961167230405,85.99784199023998,4096.275088002495,22.081769682064078,85.99784199023998,,,,4925.836505582853,67.54547525998169,97.95000000000073
2022-08-05,17445.6,17389.05,17450.0,2022-08-11,6,0.017123287671232876,0.016438387874175547,19.02,18.95,False,,694.3970006206889,5.013523080106097,306.9555828347511,301.942059754645,908.4464389915416,6.110750969187393,300.8448318655637,,,,4524.845330217296,69.1920233513782,56.54999999999927
2022-08-08,17421.0,17527.85,17400.0,2022-08-11,3,0.008904109589041096,0.008219209791983765,19.84,19.24,False,,-2287.7604554494415,-10.315284386920212,284.07394069034945,294.38922507726966,-806.9249345098079,-2.724640689793887,286.79858138014333,,,,1277.304763307854,72.07329147570651,106.84999999999854
2022-08-10,17526.05,17523.75,17550.0,2022-08-11,1,0.003424657534246575,0.002739757737189244,20.03,19.61,False,,3529.5220394721473,19.3229335357546,186.8303903396527,167.5074568038981,4206.296944193033,22.79203561124632,164.03835472840638,,,,7242.76805303222,73.2022791732232,2.2999999999992724
2022-08-11,17674.05,17638.65,17650.0,2022-08-11,0,0.0006849315068493151,1.902587519025875e-06,18.91,18.22,False,,19493.825169739146,101.017154716611,112.74815275654873,11.730998039937731,19505.8021265159,101.07852372572256,11.669629030826172,,,,20335.363544096257,69.69268805391019,35.39999999999782
2022-08-12,17605.85,17698.65,17600.0,2022-08-18,6,0.017123287671232876,0.016438387874175547,17.99,17.56,False,,-2089.456988352528,-9.281471735141167,293.3945654078834,302.6760371430246,-819.6907737923802,-2.7727731989352833,296.1673386068187,,,,2796.7081174333734,66.046189797089,92.80000000000291
2022-08-16,17802.2,17828.3,17800.0,2022-08-18,2,0.0061643835616438354,0.005479483764586505,18.17,17.58,False,,1861.1947624174163,10.836691089320084,222.04805170133113,211.21136061201105,3175.7086929901625,17.57476252815468,204.47328917317645,,,,7447.434483577284,67.45097172123359,26.099999999998545
2022-08-17,17880.5,17930.95,17900.0,2022-08-18,1,0.003424657534246575,0.002739757737189244,17.58,17.78,False,,2763.827039097145,15.361420713318694,167.11638478507666,151.75496407175797,2437.925824573502,13.690901664479497,153.42548312059716,,,,5474.39693341269,65.54780261235595,50.45000000000073
2022-08-18,17874.5,17964.45,17850.0,2022-08-18,0,0.0006849315068493151,1.902587519025875e-06,17.83,17.16,False,,-1518.9499635102702,-6.702102376975745,107.75010510005995,114.4522074770357,-1518.9499635102702,-6.702102376975745,114.4522074770357,,,,-689.3885459299129,66.45763051904838,89.95000000000073
2022-08-19,17963.25,17726.95,17950.0,2022-08-25,6,0.017123287671232876,0.016438387874175547,17.64,18.52,False,,-7343.431747099914,-36.211906395384176,293.96304731411874,330.1749537095029,-9718.026569557562,-48.383931125936215,342.34697844005495,,,,-6101.627678331808,66.07590231264435,236.29999999999927
2022-08-22,17622.85,17494.35,17600.0,2022-08-25,3,0.008904109589041096,0.008219209791983765,19.19,18.96,False,,123.17942521291405,2.0319457703226362,278.13033259808526,276.0983868277626,717.1186234615652,5.076454479290078,273.0538781187952,,,,2801.348321279227,70.51974397400701,128.5
2022-08-23,17483.95,17623.35,17500.0,2022-08-25,2,0.0061643835616438354,0.005479483764586505,18.83,18.9,False,,-2658.6948987269866,-12.324384096035828,226.10533441337247,238.4297185094083,-2796.789221770371,-13.032252419335236,239.1375868327077,,,,1474.9365688167502,68.65141346393807,139.39999999999782
2022-08-24,17574.8,17607.55,17550.0,2022-08-25,1,0.003424657534246575,0.002739757737189244,19.03,18.5,False,,2238.3865690191287,12.689367020610916,178.57555313147805,165.88618611086713,3059.5140544660035,16.898379766492326,161.67717336498572,,,,6095.985163305191,69.74109906983469,32.75
2022-08-25,17694.45,17508.2,17700.0,2022-08-25,0,0.0006849315068493151,1.902587519025875e-06,17.37,18.91,False,,-17685.02759292713,-89.57850047654938,102.21931059664348,191.79781107319286,-17685.02759292713,-89.57850047654938,191.79781107319286,,,,-16855.466175346774,64.09091824591484,186.25
2022-08-26,17664.55,17582.9,17650.0,2022-09-01,6,0.017123287671232876,0.016438387874175547,18.04,17.97,False,,754.4047792928951,5.30017835534818,295.67381123152063,290.37363287617245,970.3164026038555,6.4069046287377205,289.2669066027829,,,,4586.715293829609,66.45057129820532,81.64999999999782
2022-08-29,17242.4,17339.1,17250.0,2022-09-01,3,0.008904109589041096,0.008219209791983765,20.34,19.65,False,,-381.48114962601073,-0.5376982032103115,287.3889555120768,287.9266537152871,1376.3513248381291,8.4728273068622,278.9161282052146,,,,3460.581022655791,73.13213831869086,96.69999999999709
2022-08-30,17453.9,17744.2,17450.0,2022-09-01,2,0.0061643835616438354,0.005479483764586505,19.0,18.78,False,,-21585.222014987918,-109.33749751275855,227.6746473339972,337.01214484675575,-21322.75744305054,-107.99208945154123,335.66673678553843,,,,-17051.031652463418,69.15215073341697,290.2999999999993
2022-09-01,17556.85,17563.25,17550.0,2022-09-01,0,0.0006849315068493151,1.902587519025875e-06,19.87,19.62,False,,19791.449745129234,102.54887048784224,116.06088385530347,13.512013367461236,19794.73960950152,102.56574158718729,13.495142268116183,,,,20624.301027081878,72.74515495161936,6.400000000001455
2022-09-02,17568.9,17527.85,17550.0,2022-09-08,6,0.017123287671232876,0.016438387874175547,19.58,19.68,False,,1319.8848544924995,8.242588997397434,319.2502685933878,311.00767959599034,1010.0443659103153,6.654381363642642,312.59588722974513,,,,4626.4432571360685,71.73264846426436,41.05000000000291
2022-09-05,17594.8,17653.9,17600.0,2022-09-08,3,0.008904109589041096,0.008219209791983765,19.99,19.69,False,,947.405334285777,6.275617098901421,288.2166915147718,281.9410744158704,1745.8513821517652,10.368417344368027,277.8482741704038,,,,3830.0810799694273,73.34267338190817,59.10000000000218
2022-09-06,17722.15,17651.6,17700.0,2022-09-08,2,0.0061643835616438354,0.005479483764586505,19.5,19.49,False,,2202.062509509823,12.613807741076016,238.11017420969893,225.4963664686229,2224.1174862921453,12.726858904062283,225.38331530563664,,,,6495.843276879266,72.0627160943502,70.55000000000291
2022-09-07,17569.6,17629.5,17550.0,2022-09-08,1,0.003424657534246575,0.002739757737189244,19.58,19.33,False,,1084.2255019774384,6.781720522961223,183.1523700533753,176.37064953041408,1458.5902241917538,8.700667816367968,174.45170223700734,,,,4495.061333030942,71.73550651763847,59.900000000001455
2022-09-08,17775.35,17800.1,17800.0,2022-09-08,0,0.0006849315068493151,1.902587519025875e-06,18.83,18.19,False,,20671.36647526071,107.05346910390108,112.92431175702404,5.870842653122963,20710.28914672955,107.25296998322847,5.671341773795575,,,,21539.85056430991,69.79560696045296,24.75
2022-09-09,17891.6,17829.3,17900.0,2022-09-15,6,0.017123287671232876,0.016438387874175547,17.7,17.81,False,,423.58800174288035,3.5992718038096427,292.9089350326303,289.3096632288207,79.95808035890906,1.837887591584149,291.0710474410462,,,,3696.356971584663,66.0361969323021,62.29999999999927
2022-09-12,17915.3,17931.6,17900.0,2022-09-15,3,0.008904109589041096,0.008219209791983765,18.05,17.96,False,,1475.738312129194,8.941786216047149,265.6004685561893,256.65868234014215,1721.2722232366716,10.200370375572675,255.40009818061662,,,,3805.5019210543333,67.4312016072434,16.299999999999272
2022-09-13,18038.15,18066.5,18050.0,2022-09-15,2,0.0061643835616438354,0.005479483764586505,17.69,17.45,False,,2007.217395857496,11.5795763890128,219.0408214308427,207.4612450418299,2551.991893361988,14.372060991599938,204.66876043924276,,,,6823.717683949109,66.53948488825938,28.349999999998545
2022-09-14,17916.8,18000.65,17900.0,2022-09-15,1,0.003424657534246575,0.002739757737189244,18.27,18.35,False,,-790.1805841101261,-2.8430799185134674,174.1660699061813,177.00914982469476,-905.4567229857702,-3.433931912747539,177.60000181892883,,,,2131.014385853417,68.25879239578505,83.85000000000218
2022-09-15,18074.9,17872.3,18050.0,2022-09-15,0,0.0006849315068493151,1.902587519025875e-06,18.01,18.39,False,,-13411.87474217483,-67.66007560089656,110.03769218843354,177.6977677893301,-13411.87474217483,-67.66007560089656,177.6977677893301,,,,-12582.313324594472,67.88115504674964,202.60000000000218
2022-09-16,17785.05,17550.1,17800.0,2022-09-22,6,0.017123287671232876,0.016438387874175547,18.57,19.86,False,,-9483.80036898888,-47.162053174301946,305.40639693312187,352.5684501074238,-12849.747369100052,-64.41562753384642,369.8220244669683,,,,-9233.348477874299,68.86944794577114,234.95000000000073
2022-09-19,17465.25,17631.85,17450.0,2022-09-22,3,0.008904109589041096,0.008219209791983765,21.01,19.97,False,,-5766.844693022617,-28.11704970780829,301.1681411264217,329.28519083423,-3344.8108952045154,-15.701902026689822,316.8700431531115,,,,-1260.5811973868535,76.51744613415912,166.59999999999854
2022-09-20,17811.5,17791.25,17800.0,2022-09-22,2,0.0061643835616438354,0.005479483764586505,19.12,18.77,False,,2462.829059098106,13.942918251785159,234.05980019786512,220.11688194607996,3248.8237228560724,17.971865245415756,216.08793495244936,,,,7520.549513443193,71.014656494843,20.25
2022-09-21,17833.55,17715.9,17850.0,2022-09-22,1,0.003424657534246575,0.002739757737189244,19.18,19.42,False,,-2711.0410977573247,-12.67544152696064,181.6049845117086,194.28042603866925,-3032.141881417248,-14.321342981626913,195.92632749333552,,,,4.329227421939322,71.32569531983586,117.64999999999782
2022-09-22,17662.15,17635.95,17650.0,2022-09-22,0,0.0006849315068493151,1.902587519025875e-06,19.4,18.83,False,,19306.823926338544,100.06145603250536,114.28888181441289,14.227425781907527,19312.49859582274,100.09055690165508,14.198324912757812,,,,20142.060013403097,71.45043977828716,26.200000000000728
2022-09-23,17542.55,17332.25,17550.0,2022-09-29,6,0.017123287671232876,0.016438387874175547,19.1,20.6,False,,-6649.5330267212275,-32.62545141908322,309.89997517059965,342.52542658968287,-10714.313779479005,-53.46119886912311,363.36117403972275,,,,-7097.914888253251,69.86918828066604,210.29999999999927
2022-09-26,17157.5,17027.85,17150.0,2022-09-29,3,0.008904109589041096,0.008219209791983765,21.88,21.78,False,,-325.6548077159905,-0.21361439854354103,307.7973943843972,308.01100878294073,-75.33352678168615,1.0695203754785325,306.72787400891866,,,,2008.8961710359758,78.28182334590339,129.65000000000146
2022-09-27,17146.5,17043.45,17150.0,2022-09-29,2,0.0061643835616438354,0.005479483764586505,21.59,21.52,False,,112.3886802516744,1.9318906679573047,254.03635355414372,252.1044628861864,255.12677947575344,2.6635219460295048,251.3728316081142,,,,4526.852570062874,77.19474441563817,103.04999999999927
2022-09-28,16882.9,16826.15,16900.0,2022-09-29,1,0.003424657534246575,0.002739757737189244,21.95,22.36,False,,2154.364026665199,12.29243090597538,196.7543634970798,184.46193259110441,1546.8474351214684,9.178345821135736,187.57601767594406,,,,4583.318543960656,77.27538547800856,56.75
2022-09-29,16971.35,16842.9,16950.0,2022-09-29,0,0.0006849315068493151,1.902587519025875e-06,21.52,21.21,False,,2800.904993934605,15.468692276587717,122.56659610091538,107.09790382432766,2800.904993934605,15.468692276587717,107.09790382432766,,,,3630.4664115149626,76.15847944731058,128.4499999999971
2022-09-30,16784.6,17107.2,16800.0,2022-10-06,6,0.017123287671232876,0.016438387874175547,21.51,19.99,False,,-18504.842509055074,-93.35037184130806,333.85270471257536,427.2030765538834,-15238.301224364235,-76.60631397109864,410.459018683674,,,,-11621.902333138481,75.28544360827327,322.6000000000022
2022-10-03,17033.65,16876.0,17050.0,2022-10-06,3,0.008904109589041096,0.008219209791983765,21.3,21.46,False,,-3571.820496382196,-16.872515366062544,297.4245786697393,314.2970940358018,-3946.5811426220585,-18.79349303908748,316.21807170882676,,,,-1862.3514448043964,75.65661916262331,157.65000000000146
2022-10-04,17215.25,17277.45,17200.0,2022-10-06,2,0.0061643835616438354,0.005479483764586505,19.84,19.48,False,,461.1452290177401,3.6840268154755904,234.90666983701158,231.222643021536,1208.918064177931,7.517066995784262,227.38960284122732,,,,5480.643854765052,71.2220728475493,62.20000000000073
2022-10-06,17393.9,17317.0,17400.0,2022-10-06,0,0.0006849315068493151,1.902587519025875e-06,19.86,19.37,False,,6007.420620960717,31.890772415183164,114.88862058883024,82.99784817364707,6007.420620960717,31.890772415183164,82.99784817364707,,,,6836.982038541075,72.033716215407,76.90000000000146
2022-10-07,17266.15,17316.15,17250.0,2022-10-13,6,0.017123287671232876,0.016438387874175547,19.36,18.77,False,,-363.2835188008936,-0.4022231733379158,310.0959672936642,310.49819046700213,1392.6811222255326,8.59872370372068,301.49724358994354,,,,5009.0800134512865,69.70444442062217,50.0
2022-10-10,17121.85,17252.45,17100.0,2022-10-13,3,0.008904109589041096,0.008219209791983765,19.86,19.64,False,,-4043.536104082492,-19.323672328628163,279.55139346300257,298.87506579163073,-3527.1385595018296,-16.676659279496562,296.22805274249913,,,,-1442.9088616841675,70.90706994881918,130.60000000000218
2022-10-11,17192.25,16964.15,17200.0,2022-10-13,2,0.0061643835616438354,0.005479483764586505,19.96,20.67,False,,-11401.874248306654,-57.12381665798284,235.50110864361523,292.62492530159807,-12498.445847023351,-62.74479921550437,298.2459078591196,,,,-8226.720056436232,71.55712153125751,228.09999999999854
2022-10-12,17052.25,17129.05,17050.0,2022-10-13,1,0.003424657534246575,0.002739757737189244,20.43,20.19,False,,1005.2346133285291,6.3796134016847645,184.6530704275974,178.27345702591265,1355.5766824359562,8.175418884286955,176.47765154331046,,,,4392.047791275144,72.6456585775463,76.79999999999927
2022-10-13,17087.8,17017.8,17100.0,2022-10-13,0,0.0006849315068493151,1.902587519025875e-06,20.46,20.71,False,,6492.123421109714,34.37847908261392,116.57636435671884,82.19788527410492,6492.123421109714,34.37847908261392,82.19788527410492,,,,7321.684838690072,72.90400535379904,70.0
2022-10-14,17289.6,17200.35,17300.0,2022-10-20,6,0.017123287671232876,0.016438387874175547,18.69,18.23,False,,-336.4853266275984,-0.28577090578255593,298.8406384355494,299.12640934133196,1030.4479078111112,6.721014911851853,292.11962352369756,,,,4646.8467990368645,67.38354493307295,89.25
2022-10-17,17124.5,17320.55,17100.0,2022-10-20,3,0.008904109589041096,0.008219209791983765,19.0,18.47,False,,-10458.097052186393,-52.22613872916099,267.7778553390044,320.0039940681654,-9378.94848056439,-46.69450502853533,314.47236036753975,,,,-7294.718782746729,67.84707172806071,196.04999999999927
2022-10-18,17478.6,17490.6,17500.0,2022-10-20,2,0.0061643835616438354,0.005479483764586505,17.83,17.38,False,,2179.524162336307,12.453970063263114,214.2641191778057,201.81014911454258,3173.004398114349,17.546432810842816,196.71768636696288,,,,7444.73018870147,64.98566901397179,12.0
2022-10-19,17559.3,17518.85,17550.0,2022-10-20,1,0.003424657534246575,0.002739757737189244,17.16,17.54,False,,2815.013253492234,15.61052950508838,159.9713479747479,144.36081846965953,2206.288230478463,12.49024733578699,147.48110063896092,,,,5242.75933931765,62.832463816729934,40.45000000000073
2022-10-20,17445.85,17565.25,17450.0,2022-10-20,0,0.0006849315068493151,1.902587519025875e-06,17.56,17.09,False,,-2824.512946022544,-13.405297159089969,101.84686085067005,115.25215800976002,-2824.512946022544,-13.405297159089969,115.25215800976002,,,,-1994.9515284421864,63.881668847959304,119.40000000000146
2022-10-21,17646.0,17583.75,17650.0,2022-10-27,6,0.017123287671232876,0.016438387874175547,16.85,17.24,False,,439.7134640284209,3.648889559120107,275.1298231492492,271.4809335901291,-762.4106164753642,-2.5130800844890473,277.64290323373825,,,,2853.9882747503893,62.002012681031346,62.25
2022-10-25,17739.7,17642.65,17750.0,2022-10-27,2,0.0061643835616438354,0.005479483764586505,17.4,17.01,False,,-916.2429597980527,-3.4191946656310392,211.86253647583726,215.2817311414683,-115.25152991081325,0.6866075389189064,211.17592893691835,,,,4156.4742606763075,64.36579339547815,97.04999999999927
2022-10-27,17764.85,17758.9,17750.0,2022-10-27,0,0.0006849315068493151,1.902587519025875e-06,16.68,16.58,False,,17310.956024373387,89.80274884294045,99.21466433597834,9.411915493037895,17313.316704276094,89.81485489372358,9.399809442254764,,,,18142.878121856455,61.789858207154204,5.94999999999709
2022-10-28,17795.7,17795.95,17800.0,2022-11-03,6,0.017123287671232876,0.016438387874175547,16.38,15.91,False,,793.0163704366396,5.449878822751998,269.73312197277846,264.28324315002646,2269.3006604208467,13.017182873953061,256.7159390988254,,,,5885.6995516466,60.78390265922539,0.25
2022-10-31,17953.0,18015.7,17950.0,2022-11-03,3,0.008904109589041096,0.008219209791983765,15.96,15.77,False,,-40.570587554356706,1.1123559612597091,234.96446612417094,233.85211016291123,465.6470885704414,3.7072158388227763,231.25725028534816,,,,2549.876786388103,59.7488465144357,62.70000000000073
2022-11-01,18118.25,18142.75,18100.0,2022-11-03,2,0.0061643835616438354,0.005479483764586505,15.58,16.13,False,,1280.5690034813624,7.809533351186474,194.65120161091545,186.84166825972898,50.52059696151346,1.504362035700069,193.14683957521538,,,,4322.246387548635,58.86312417975926,24.5
2022-11-02,18134.7,18072.1,18150.0,2022-11-03,1,0.003424657534246575,0.002739757737189244,16.36,16.74,False,,677.3661786466033,4.648595787931299,157.53343270220466,152.88483691427336,94.59702284245088,1.6613180658587225,155.87211463634594,,,,3131.068131681638,61.866177365669905,62.60000000000218
2022-11-03,18036.5,18048.05,18050.0,2022-11-03,0,0.0006849315068493151,1.902587519025875e-06,16.55,15.93,False,,18185.240344854003,94.28528381976412,99.74607858816853,5.460794768404412,18221.76598017115,94.47249220600588,5.273586382162648,,,,19051.327397751505,62.24577402227162,11.549999999999272
2022-11-04,18084.3,18127.9,18100.0,2022-11-10,6,0.017123287671232876,0.016438387874175547,15.69,15.67,False,,172.41832890490232,2.2551196354097556,262.3909011380474,260.13578150263766,235.74016194760605,2.5796931381928516,259.81120799985456,,,,3852.1390531733596,59.1676409461367,43.60000000000218
2022-11-07,18199.25,18203.35,18200.0,2022-11-10,3,0.008904109589041096,0.008219209791983765,15.83,15.5,False,,1520.7221810630538,9.117652210579763,236.15654702005122,227.03889480947146,2442.0727374565517,13.840424294648983,222.31612272540224,,,,4526.302435274214,60.0750323341767,4.099999999998545
2022-11-09,18231.7,18121.05,18250.0,2022-11-10,1,0.003424657534246575,0.002739757737189244,15.68,15.95,False,,-3887.712062521775,-18.762010577034744,151.98373566183727,170.74574623887202,-4234.055510634281,-20.53731031094503,172.5210459727823,,,,-1197.5844017950935,59.6118818238317,110.65000000000146
2022-11-10,18061.35,18036.8,18050.0,2022-11-10,0,0.0006849315068493151,1.902587519025875e-06,16.06,15.59,False,,16093.828387216747,83.55942762675255,96.84537492442905,13.2859472976765,16096.98438509881,83.57561223127595,13.269762693153098,,,,16926.545802679168,60.48606851625966,24.549999999999272
2022-11-11,18299.05,18355.3,18300.0,2022-11-17,6,0.017123287671232876,0.016438387874175547,14.87,14.31,False,,-656.9851508216078,-2.0157187221620916,251.98208706780497,253.99780578996706,1101.9321115483795,7.000369802812202,244.98171726499277,,,,4718.331002774134,56.74127885117765,56.25
2022-11-14,18385.55,18320.25,18400.0,2022-11-17,3,0.008904109589041096,0.008219209791983765,14.86,14.94,False,,131.85814319683126,1.9757340676760577,223.93699004457267,221.9612559768966,-86.24610178148828,0.8577635806077524,223.07922646396491,,,,1997.9835960361736,56.97115748904637,65.29999999999927
2022-11-15,18330.05,18421.55,18350.0,2022-11-17,2,0.0061643835616438354,0.005479483764586505,14.89,14.59,False,,-300.3012197840682,-0.30692933222599095,187.63824577118066,187.94517510340665,353.18368947647366,3.042788151161403,184.59545762001926,,,,4624.909480063595,56.91384868109836,91.5
2022-11-16,18367.85,18401.35,18350.0,2022-11-17,1,0.003424657534246575,0.002739757737189244,14.71,15.11,False,,1475.5596828935547,8.71522914304387,144.17172108428713,135.45649194124326,833.1515838961773,5.422264532800909,138.74945655148622,,,,3869.6226927353646,56.34178529695442,33.5
2022-11-17,18386.95,18333.95,18400.0,2022-11-17,0,0.0006849315068493151,1.902587519025875e-06,15.23,15.05,False,,5168.481184395417,27.550877868694442,93.59860237416251,66.04772450546807,5168.481184395417,27.550877868694442,66.04772450546807,,,,5998.042601975774,58.39413182166317,53.0
2022-11-18,18325.55,18304.35,18350.0,2022-11-24,6,0.017123287671232876,0.016438387874175547,14.55,14.32,False,,566.0283326537979,4.243427346942553,246.62870951843797,242.38528217149542,1307.9350561307988,8.046384903234866,238.5823246152031,,,,4924.333947356552,55.60061798870707,21.200000000000728
2022-11-21,18174.45,18157.95,18150.0,2022-11-24,3,0.008904109589041096,0.008219209791983765,15.14,14.65,False,,1734.5559866978178,10.196748649732399,226.99976706693633,216.80301841720393,3097.532821435968,17.183245238133168,209.81652182880316,,,,5181.76251925363,57.378178821381866,16.5
2022-11-22,18153.15,18251.5,18150.0,2022-11-24,2,0.0061643835616438354,0.005479483764586505,16.12,13.68,False,,-1822.1250476863675,-8.083000244545474,200.93401427900062,209.0170145235461,3142.1639432348165,17.36360996530675,183.57040431369387,,,,7413.889733821938,61.02062354693647,98.34999999999854
2022-11-23,18299.25,18254.1,18300.0,2022-11-24,1,0.003424657534246575,0.002739757737189244,12.92,14.18,False,,1393.1726025561306,8.25785950028785,125.31148068929178,117.05362118900393,-648.4073467536277,-2.2071145987365526,127.51859528802834,,,,2388.0637620855596,49.30096403266701,45.150000000001455
2022-11-24,18303.25,18510.85,18300.0,2022-11-24,0,0.0006849315068493151,1.902587519025875e-06,13.67,13.55,False,,-25106.076841134844,-127.65357354428124,83.19868958343068,210.85226312771192,-25106.076841134844,-127.65357354428124,210.85226312771192,,,,-24276.515423554487,52.174264285373205,207.59999999999854
2022-11-25,18478.95,18498.4,18500.0,2022-12-01,6,0.017123287671232876,0.016438387874175547,13.57,13.31,False,,543.2537862455944,4.099301467926125,231.90100758084736,227.80170611292124,1391.23594910951,8.446030508253898,223.45497707259346,,,,5007.634840335264,52.28977168047163,19.450000000000728
2022-11-28,18519.6,18553.4,18500.0,2022-12-01,3,0.008904109589041096,0.008219209791983765,13.59,13.53,False,,321.8147190856015,2.918895995310777,207.49962723770113,204.58073124239036,487.03171957451576,3.765803690125722,203.7338235475754,,,,2571.2614173921775,52.482034991184236,33.80000000000291
2022-11-29,18624.1,18603.6,18600.0,2022-12-01,2,0.0061643835616438354,0.005479483764586505,13.49,13.57,False,,2021.3937663809477,11.56873726349204,174.10587105678223,162.5371337932902,1833.8181515530464,10.607272572066904,163.49859848471533,,,,6105.543942140168,52.38981345353782,20.5
2022-11-30,18654.8,18776.95,18650.0,2022-12-01,1,0.003424657534246575,0.002739757737189244,13.48,13.78,False,,-5814.449350284807,-28.67281718094773,133.42486373125212,162.09768091219985,-6173.129766732428,-30.511383419140657,163.93624715039277,,,,-3136.6586578932406,52.437272862387104,122.15000000000146
2022-12-01,18855.4,18800.95,18850.0,2022-12-01,0,0.0006849315068493151,1.902587519025875e-06,13.58,13.28,False,,6853.5399936894155,36.17282048045854,85.22048933524457,49.047668854786025,6853.5399936894155,36.17282048045854,49.047668854786025,,,,7683.101411269773,53.39432829733985,54.45000000000073
2022-12-02,18728.3,18705.2,18750.0,2022-12-08,6,0.017123287671232876,0.016438387874175547,13.41,13.54,False,,517.8861950128269,3.969980487245266,232.26203454807728,228.29205406083202,89.3744370853845,1.7734586517199205,230.48857589635736,,,,3705.7733283111384,52.370502721685654,23.099999999998545
2022-12-05,18653.95,18694.05,18650.0,2022-12-08,3,0.008904109589041096,0.008219209791983765,13.74,13.78,False,,485.5943122231624,3.763611857554679,210.28718211189334,206.52357025433867,373.47947961565535,3.188920408285412,207.09826170360793,,,,2457.709177433317,53.44623889598369,40.099999999998545
2022-12-06,18611.3,18647.8,18600.0,2022-12-08,2,0.0061643835616438354,0.005479483764586505,13.93,14.02,False,,746.8772027318954,5.043780526830233,178.4564127829508,173.41263225612056,542.2669079675752,3.9949585023978216,174.46145428055297,,,,4813.992698554696,54.06141809844841,36.5
2022-12-07,18620.0,18550.75,18600.0,2022-12-08,1,0.003424657534246575,0.002739757737189244,14.0,14.06,False,,1870.911865570968,10.7328813619024,139.39986215055978,128.66698078865738,1772.2914862812415,10.2273922373397,129.17246991322008,,,,4808.762595120429,54.35848194744331,69.25
2022-12-08,18571.05,18614.4,18550.0,2022-12-08,0,0.0006849315068493151,1.902587519025875e-06,13.87,13.26,False,,4266.7917321616,22.917239652110766,87.31953369687199,64.40229404476122,4266.7917321616,22.917239652110766,64.40229404476122,,,,5096.353149741957,53.712148899719296,43.35000000000218
2022-12-09,18624.95,18493.25,18600.0,2022-12-15,6,0.017123287671232876,0.016438387874175547,13.13,13.45,False,,-750.1490447050103,-2.5363027933590274,228.80349698559894,231.33979977895797,-1749.2909822492936,-7.657851191022019,236.46134817662096,,,,1867.10790897646,50.994043384979896,131.70000000000073
2022-12-12,18354.55,18494.7,18350.0,2022-12-15,3,0.008904109589041096,0.008219209791983765,13.92,13.29,False,,-5852.49947293306,-28.726202425297743,209.64031255024747,238.36651497554521,-4386.508729934936,-21.211634512486853,230.85194706273433,,,,-2302.2790321172743,53.27734620842397,140.15000000000146
2022-12-13,18534.05,18596.75,18550.0,2022-12-15,2,0.0061643835616438354,0.005479483764586505,13.38,12.93,False,,544.5141699547944,3.991405999768176,170.35787379758403,166.36646779781586,1561.7144106509863,9.205509798210187,161.15236399937385,,,,5833.440201238107,51.71137088722799,62.70000000000073
2022-12-14,18674.75,18643.0,18650.0,2022-12-15,1,0.003424657534246575,0.002739757737189244,12.61,12.99,False,,2775.054621181852,15.344126262471036,126.82732548365493,111.4831992211839,2120.108016645312,11.986912905873396,114.84041257778154,,,,5156.5791254845,49.105426868315526,31.75
2022-12-15,18612.2,18399.75,18600.0,2022-12-15,0,0.0006849315068493151,1.902587519025875e-06,12.74,13.81,False,,-23766.54806112698,-120.79424646731786,79.45345330451164,200.2476997718295,-23766.54806112698,-120.79424646731786,200.2476997718295,,,,-22936.986643546625,49.44549695537089,212.45000000000073
2022-12-16,18404.8,18270.1,18400.0,2022-12-22,6,0.017123287671232876,0.016438387874175547,13.66,13.89,False,,-2295.6667399127505,-10.450342255962823,233.213566038512,243.66390829447482,-2987.5781711902455,-13.99701626251408,247.21058230102608,,,,628.8207200355081,52.42535853745021,134.70000000000073
2022-12-19,18279.45,18426.2,18300.0,2022-12-22,3,0.008904109589041096,0.008219209791983765,14.23,13.54,False,,-4206.266289496031,-20.28080148459503,213.37025323592025,233.65105472051528,-2525.2384377804037,-11.663991988617454,225.0342452245377,,,,-441.0087399627417,54.24099303679056,146.75
2022-12-20,18295.4,18385.85,18300.0,2022-12-22,2,0.0061643835616438354,0.005479483764586505,13.96,13.67,False,,-1504.88837280196,-6.504555757958769,175.27428491032515,181.77884066828392,-898.1048513831406,-3.3942300070930287,178.66851491741818,,,,3373.620939203981,53.25825526266961,90.44999999999709
2022-12-21,18453.3,18207.55,18450.0,2022-12-22,1,0.003424657534246575,0.002739757737189244,13.62,15.53,False,,-22178.223529074843,-112.55253091833254,133.29947014687423,245.85200106520676,-23216.64318494825,-117.87540094845258,251.1748710953268,,,,-20180.172076109062,52.40958940624785,245.75
2022-12-22,18201.55,18114.7,18200.0,2022-12-22,0,0.0006849315068493151,1.902587519025875e-06,15.65,15.1,False,,1621.91848890708,9.373479430292718,94.67122866939644,85.29774923910372,1621.91848890708,9.373479430292718,85.29774923910372,,,,2451.479906487438,59.399436143801275,86.84999999999854
2022-12-23,17977.25,17824.1,18000.0,2022-12-29,6,0.017123287671232876,0.016438387874175547,16.06,16.03,False,,-4740.186641799308,-22.91793149640671,267.0261263695684,289.9440578659751,-4655.593180685111,-22.484324003513393,289.51045037308177,,,,-1039.1942894593576,60.20442410085233,153.15000000000146
2022-12-26,17904.45,18009.6,17900.0,2022-12-29,3,0.008904109589041096,0.008219209791983765,16.57,15.95,False,,-2193.761595712561,-9.909238952372107,243.31068889547169,253.2199278478438,-624.6538607582829,-1.8660710808117074,245.1767599762834,,,,1459.5758370593792,61.86472696509762,105.14999999999782
2022-12-27,18064.0,18136.0,18050.0,2022-12-29,2,0.0061643835616438354,0.005479483764586505,15.55,15.25,False,,-894.877898849966,-3.3439892248716205,193.39828841322742,196.74227763809904,-264.8828264554145,-0.11468116130981798,193.51296957453724,,,,4006.8429641317066,58.57387086973866,72.0
2022-12-28,18089.4,18106.9,18100.0,2022-12-29,1,0.003424657534246575,0.002739757737189244,15.65,15.37,False,,2820.77420360363,15.621816428736565,150.14781086781113,134.52599443907457,3288.6082755197917,18.01988859240919,132.12792227540194,,,,6325.07938435898,59.03344276612041,17.5
2022-12-29,18057.7,18210.4,18050.0,2022-12-29,0,0.0006849315068493151,1.902587519025875e-06,15.56,14.86,False,,-13239.54024568579,-66.80728331120918,93.5949488994629,160.40223221067208,-13239.54024568579,-66.80728331120918,160.40223221067208,,,,-12409.978828105433,58.591097595650304,152.70000000000073
2022-12-30,18251.85,18117.05,18250.0,2023-01-05,6,0.017123287671232876,0.016438387874175547,14.44,14.73,False,,-2326.552595603271,-10.588218438991134,244.22517880919258,254.81339724818372,-3194.2785606333546,-15.036095182735153,259.26127399192774,,,,422.120330592399,54.958350775266524,134.79999999999927
2023-01-02,18101.9,18207.1,18100.0,2023-01-05,3,0.008904109589041096,0.008219209791983765,15.4,14.61,False,,-2382.299027257608,-10.903020652603118,228.58472822298245,239.48774887558557,-378.6114586383413,-0.6322638904530322,229.21699211343548,,,,1705.6182391793209,58.13055772292517,105.19999999999709
2023-01-03,18161.25,18234.3,18150.0,2023-01-05,2,0.0061643835616438354,0.005479483764586505,14.94,14.37,False,,-988.0487582139614,-3.834044913917751,186.69400191534078,190.52804682925853,210.11859038767682,2.307685078911163,184.38631683642961,,,,4481.844380974798,56.57908786713209,73.04999999999927
2023-01-04,18232.9,18036.85,18250.0,2023-01-05,1,0.003424657534246575,0.002739757737189244,14.34,15.14,False,,-16477.35846899694,-83.31973573844584,139.00098219093525,222.3207179293811,-17037.84718847354,-86.19275481268483,225.19373700362007,,,,-14001.37607963435,54.52108737633647,196.0500000000029
2023-01-05,18074.3,17999.8,18050.0,2023-01-05,0,0.0006849315068493151,1.902587519025875e-06,15.02,14.87,False,,8020.638436866584,42.1685560864953,92.3663238758254,50.1977677893301,8020.638436866584,42.1685560864953,50.1977677893301,,,,8850.199854446942,56.60972258763761,74.5
2023-01-06,17990.2,17865.85,18000.0,2023-01-12,6,0.017123287671232876,0.016438387874175547,14.84,14.81,False,,-2463.445865866907,-11.284850594189265,246.95740577528704,258.2422563694763,-2375.0596088317907,-10.831741583752773,257.7891473590398,,,,1241.3392823939628,55.67106120551817,124.35000000000218
2023-01-09,17991.3,18088.75,18000.0,2023-01-12,3,0.008904109589041096,0.008219209791983765,14.95,14.68,False,,-1475.178438342347,-6.26835096585819,220.41286824009876,226.68121920595695,-777.3252726924338,-2.691206526627866,223.10407476672663,,,,1306.9044251252283,56.087146524867656,97.45000000000073
2023-01-10,18028.6,17925.35,18050.0,2023-01-12,2,0.0061643835616438354,0.005479483764586505,15.03,15.45,False,,-2845.9182097566318,-13.357939537213497,186.37252163107587,199.73046116828937,-3673.543280799423,-17.600273234868837,203.9727948659447,,,,598.1825097876983,56.504181887349525,103.25
2023-01-11,17844.05,17888.4,17850.0,2023-01-12,1,0.003424657534246575,0.002739757737189244,16.09,15.4,False,,2090.286996618256,11.881164085221826,152.17151990355342,140.2903558183316,3195.5914666622975,17.546828034165628,134.6246918693878,,,,6232.062575501485,59.86997586692456,44.35000000000218
2023-01-12,17903.55,17866.0,17900.0,2023-01-12,0,0.0006849315068493151,1.902587519025875e-06,15.64,15.33,False,,11324.42977452228,59.10492192062708,93.10270829224828,33.9977863716212,11324.42977761772,59.104921936501135,33.997786355747145,,,,12153.991195198078,58.389601287836136,37.54999999999927
2023-01-13,17803.9,17950.5,17800.0,2023-01-19,6,0.017123287671232876,0.016438387874175547,15.32,14.43,False,,-6353.002553373926,-31.211602837815008,252.77997606839017,283.9915789062052,-3952.8488785298646,-18.908558351435204,271.6885344198254,,,,-336.449987304111,56.87658586665413,146.59999999999854
2023-01-16,17998.9,17891.7,18000.0,2023-01-19,3,0.008904109589041096,0.008219209791983765,15.05,15.02,False,,-1219.7716150993338,-4.95611084666325,222.05419397432343,227.01030482098668,-1142.585851717734,-4.560491547270431,226.61468552159386,,,,941.6438460999282,56.486162555216175,107.20000000000073
2023-01-17,17947.2,18056.8,17950.0,2023-01-19,2,0.0061643835616438354,0.005479483764586505,15.07,14.65,False,,-2703.400337126598,-12.62877095962358,185.6194544304417,198.24822539006527,-1870.6472603594202,-8.360139796714975,193.97959422715667,,,,2401.0785302277013,56.3987608808187,109.59999999999854
2023-01-18,18068.1,18163.8,18050.0,2023-01-19,1,0.003424657534246575,0.002739757737189244,14.65,14.44,False,,-3653.6869954300905,-17.582241002205592,141.30053769221104,158.88277869441663,-3387.8896842789195,-16.219793252712407,157.52033094492344,,,,-351.4185754397322,55.1962683920243,95.70000000000073
2023-01-19,18083.1,18089.05,18100.0,2023-01-19,0,0.0006849315068493151,1.902587519025875e-06,14.78,14.05,False,,15146.550950442865,78.69067154073264,89.78053780424852,11.089866263515887,15153.813045789142,78.72786177327765,11.052676030970872,,,,15983.374463369499,55.732294780107175,5.950000000000728
2023-01-20,18087.9,18027.3,18100.0,2023-01-25,5,0.014383561643835616,0.013698661846778286,13.95,13.79,False,,-121.39025990925973,0.6589217440550783,213.8721125861157,213.2131908420606,333.83534253773735,2.9923350899371144,210.87977749617858,,,,3950.234233763491,52.616500918211514,60.60000000000218
2023-01-23,18098.1,18104.95,18100.0,2023-01-25,2,0.0061643835616438354,0.005479483764586505,13.94,13.58,False,,1650.2786332194976,9.664710939587167,173.16229747574107,163.4975865361539,2471.4098279843615,13.87374270761211,159.28855476812896,,,,6743.135618571483,52.608432849985995,6.850000000002183
2023-01-24,18175.55,18101.15,18200.0,2023-01-25,1,0.003424657534246575,0.002739757737189244,13.51,13.63,False,,-2010.2817400143044,-9.176983282124638,131.21976529614312,140.39674857826776,-2172.951995601331,-10.010830746673491,141.23059604281661,,,,863.5191132378563,51.20383839045426,74.39999999999782
2023-01-25,18043.35,17910.05,18050.0,2023-01-25,0,0.0006849315068493151,1.902587519025875e-06,13.92,14.59,False,,-11194.070730436897,-56.34092682275332,83.60684096657678,139.9477677893301,-11194.070730436897,-56.34092682275332,139.9477677893301,,,,-10364.509312856539,52.37403285342145,133.29999999999927
2023-01-27,17737.65,17607.9,17750.0,2023-02-02,6,0.017123287671232876,0.016438387874175547,16.42,17.34,False,,-2549.724621173775,-11.68545959576295,269.3520222365478,281.03748183231073,-5239.233328910055,-25.471709379025924,294.8237316155737,,,,-1622.8344376843017,60.733574353665084,129.75
2023-01-30,17676.2,17667.25,17700.0,2023-02-02,3,0.008904109589041096,0.008219209791983765,17.81,17.81,False,,1628.5713966228057,9.71164818780926,258.31190006409815,248.6002518762889,1628.5713966228057,9.71164818780926,248.6002518762889,,,,3712.8010944404678,65.64662961890158,8.950000000000728
2023-01-31,17615.75,17682.55,17600.0,2023-02-02,2,0.0061643835616438354,0.005479483764586505,18.15,16.98,False,,-78.25714906323523,0.8914505176244347,220.0269000455737,219.13544952794928,2368.5724669697756,13.433704958819362,206.59319508675435,,,,6640.298257556897,66.67106231715893,66.79999999999927
2023-02-01,17783.7,17605.4,17800.0,2023-02-02,1,0.003424657534246575,0.002739757737189244,16.24,16.94,False,,-12028.762963455873,-60.48975878695319,153.42344033776317,213.91319912471636,-12656.208487193257,-63.70599224201669,217.12943257977986,,,,-9619.737378354068,60.223744633412835,178.29999999999927
2023-02-02,17565.35,17611.75,17550.0,2023-02-02,0,0.0006849315068493151,1.902587519025875e-06,17.01,15.85,False,,7267.836207675356,38.32408311628387,100.07625349286172,61.75217037657785,7267.836207675356,38.32408311628387,61.75217037657785,,,,8097.397625255712,62.30468847818265,46.400000000001455
2023-02-03,17686.05,17830.8,17700.0,2023-02-09,6,0.017123287671232876,0.016438387874175547,15.25,14.33,False,,-5030.3453817813015,-24.43797631682719,249.4259565905013,273.8639329073285,-2484.94784890676,-11.390450507214155,260.81640709771546,,,,1131.4510423189934,56.24194089347223,144.75
2023-02-06,17747.35,17761.2,17750.0,2023-02-09,3,0.008904109589041096,0.008219209791983765,15.05,14.84,False,,1296.3490162968192,7.935533416906765,218.9222059162621,210.98667249935534,1867.1355001553945,10.861310257207151,208.06089565905495,,,,3951.3651979730566,55.69672018980691,13.850000000002183
2023-02-07,17789.6,17720.4,17800.0,2023-02-09,2,0.0061643835616438354,0.005479483764586505,14.53,14.04,False,,-167.38518178470844,0.35540932418098237,177.4222787030958,177.06686937891482,863.3587984574074,5.638916915166192,171.7833617879296,,,,5135.084589044529,53.900327608834615,69.19999999999709
2023-02-08,17808.9,17862.5,17800.0,2023-02-09,1,0.003424657534246575,0.002739757737189244,13.93,13.58,False,,291.62955335290553,2.6235361710405414,131.82255938678645,129.1990232157459,812.9415556204272,5.295751567284242,126.52680781950221,,,,3849.4126644596145,51.73063616047552,53.599999999998545
2023-02-09,17815.25,17897.1,17800.0,2023-02-09,0,0.0006849315068493151,1.902587519025875e-06,13.66,13.04,False,,-3178.8164226053646,-15.25859703900187,81.84360425462091,97.10220129362278,-3178.8164226053646,-15.25859703900187,97.10220129362278,,,,-2349.255005025007,50.74604824199719,81.84999999999854
2023-02-10,17860.7,17843.35,17850.0,2023-02-16,6,0.017123287671232876,0.016438387874175547,12.9,12.77,False,,834.0203132858554,5.5570272476197715,214.28498822816618,208.7279609805464,1243.438996235218,7.655687160180605,206.62930106798558,,,,4859.837887460972,48.04495529726577,17.350000000002183
2023-02-13,17834.45,17764.55,17850.0,2023-02-16,3,0.008904109589041096,0.008219209791983765,13.29,13.75,False,,-581.2848155120312,-1.734845207754006,194.30974516556307,196.04459037331708,-1776.4680424733629,-7.861272012683912,202.17101717824698,,,,307.76165534429913,49.42473040127798,69.90000000000146
2023-02-14,17820.7,17921.85,17800.0,2023-02-16,2,0.0061643835616438354,0.005479483764586505,13.54,13.42,False,,-4483.482103902154,-21.788062071293098,166.94819591903251,188.7362579903256,-4265.456853379601,-20.670496683997953,187.61869260303047,,,,6.268937207520423,50.315643462177654,101.14999999999782
2023-02-15,17871.5,18023.2,17850.0,2023-02-16,1,0.003424657534246575,0.002739757737189244,13.1,12.78,False,,-12792.715382208513,-64.45730965235134,125.64452370473646,190.1018333570878,-12558.580214671569,-63.25718058805933,188.90170429279578,,,,-9522.109105832382,48.81934054250769,151.70000000000073
2023-02-16,18120.35,18015.25,18100.0,2023-02-16,0,0.0006849315068493151,1.902587519025875e-06,12.58,12.88,False,,-1598.8155015332063,-7.167515392477981,77.5802462134443,84.74776160592228,-1598.8155015332063,-7.167515392477981,84.74776160592228,,,,-769.254083952849,47.53427020455323,105.09999999999854
2023-02-17,17991.6,17942.6,18000.0,2023-02-23,6,0.017123287671232876,0.016438387874175547,12.67,12.86,False,,237.38434785440185,2.4924838351507788,210.94357408171163,208.45109024656085,-359.41959743681025,-0.5666646022400528,211.51023868395168,,,,3256.9792937889433,47.53418032997245,49.0
2023-02-20,17933.1,17847.7,17950.0,2023-02-23,3,0.008904109589041096,0.008219209791983765,13.46,13.38,False,,-1408.7605453941899,-5.969746386636871,197.91352399580137,203.88327038243824,-1205.082500109885,-4.925705128768641,202.83922912457,,,,879.1471977077772,50.33383691327843,85.39999999999782
2023-02-21,17882.55,17842.1,17900.0,2023-02-23,2,0.0061643835616438354,0.005479483764586505,13.79,13.96,False,,699.6042155379711,4.78473956686139,169.47967359580434,164.69493402894295,328.5812644188255,2.8829295611221823,166.59674403468216,,,,4600.3070550059465,51.42251596557537,40.45000000000073
2023-02-22,17748.8,17552.5,17750.0,2023-02-23,1,0.003424657534246575,0.002739757737189244,14.35,15.71,False,,-14521.62037474807,-73.3022070499901,134.9837822025802,208.2859892525703,-15558.49590763376,-78.61715850068595,213.60094070326613,,,,-12522.024798794571,53.11051396339963,196.29999999999927
2023-02-23,17503.7,17523.8,17500.0,2023-02-23,0,0.0006849315068493151,1.902587519025875e-06,15.76,15.02,False,,13045.591631054516,67.92488015925393,91.72716268102886,23.802282521774924,13045.605423571773,67.92495089011166,23.802211790917205,,,,13875.166841152131,57.52355022596356,20.099999999998545
2023-02-24,17564.0,17465.45,17550.0,2023-03-02,6,0.017123287671232876,0.016438387874175547,14.47,14.14,False,,-77.76151618202243,0.9242486349639876,236.3313967022359,235.40714806727192,915.958005903741,6.017989773865338,230.31340692837057,,,,4532.356897129494,52.99703427230022,98.54999999999927
2023-02-27,17438.65,17406.35,17450.0,2023-03-02,3,0.008904109589041096,0.008219209791983765,13.84,13.86,False,,918.8135308219709,5.961043747804979,197.7954324989114,191.83438875110642,865.8458936769727,5.689517403471655,192.10591509543974,,,,2950.0755914946344,50.32787099273019,32.30000000000291
2023-02-28,17406.95,17317.2,17400.0,2023-03-02,2,0.0061643835616438354,0.005479483764586505,13.67,13.9,False,,-603.105550273848,-1.9037207706351182,163.61049186698256,165.51421263761767,-1069.162488594874,-4.292730710742944,167.9032225777255,,,,3202.5633019922475,49.61931950349129,89.75
2023-03-01,17368.35,17457.85,17350.0,2023-03-02,1,0.003424657534246575,0.002739757737189244,13.38,12.98,False,,-4066.1499738557463,-19.727999865926904,124.34994136959449,144.0779412355214,-3604.0746395549204,-17.359459690025233,141.70940105961972,,,,-567.6035307157331,48.45898163375983,89.5
2023-03-02,17375.75,17318.65,17400.0,2023-03-02,0,0.0006849315068493151,1.902587519025875e-06,13.11,13.07,False,,-843.454950760402,-3.2947433372328305,78.05310483641279,81.34784817364562,-843.454950760402,-3.2947433372328305,81.34784817364562,,,,-13.893533180044585,47.501339720249184,57.099999999998545
2023-03-03,17469.25,17592.3,17450.0,2023-03-09,6,0.017123287671232876,0.016438387874175547,12.14,12.09,False,,-7185.429828224876,-35.579742708845515,198.33158778146208,233.9113304903076,-7061.610744730349,-34.94502946015564,233.2766172416177,,,,-3445.2118535045956,44.22344328920877,123.04999999999927
2023-03-06,17751.25,17719.85,17750.0,2023-03-09,3,0.008904109589041096,0.008219209791983765,12.11,12.32,False,,1029.8707933662922,6.490465607006627,176.34783871440595,169.85737310739933,460.64017345167804,3.5726162741111693,172.77522244029478,,,,2544.86987126934,44.82627912508933,31.400000000001455
2023-03-08,17633.05,17751.5,17650.0,2023-03-09,1,0.003424657534246575,0.002739757737189244,12.71,12.52,False,,-3820.2232878609793,-18.47683737364605,119.26877963041352,137.74561700405957,-3592.419507764287,-17.3091256808425,136.57790531125602,,,,-555.9483989250998,46.73396156442294,118.45000000000073
2023-03-09,17733.85,17582.8,17750.0,2023-03-09,0,0.0006849315068493151,1.902587519025875e-06,12.55,12.84,False,,-18185.65248157127,-92.19524349523726,75.00256139454996,167.19780488978722,-18185.65248157127,-92.19524349523726,167.19780488978722,,,,-17356.091063990913,46.40944384609492,151.04999999999927
2023-03-10,17395.65,17418.6,17400.0,2023-03-16,6,0.017123287671232876,0.016438387874175547,13.63,13.51,False,,248.19992766957694,2.5638457829209074,219.5006643290999,216.93681854617898,613.7500483472296,4.437641273575537,215.06302305552435,,,,4230.148939572983,49.44201071829694,22.94999999999709
2023-03-13,17500.25,17184.6,17500.0,2023-03-16,3,0.008904109589041096,0.008219209791983765,13.68,16.14,False,,-25743.5950163262,-130.7112564939805,196.30639236925526,327.01764886323576,-28924.837522804843,-147.01808986053766,343.3244822297929,,,,-26840.60782498718,49.92176800761926,315.65000000000146
2023-03-14,17182.95,17068.65,17200.0,2023-03-16,2,0.0061643835616438354,0.005479483764586505,15.75,16.11,False,,-3450.2436213858364,-16.456428827619675,185.95541130644415,202.41184013406382,-4113.502860862424,-19.856271081345767,205.81168238778992,,,,158.22292972469705,56.433617725626945,114.29999999999927
2023-03-15,17190.35,16973.85,17200.0,2023-03-16,1,0.003424657534246575,0.002739757737189244,15.24,16.42,False,,-18654.314123041102,-94.47873909251848,138.9385704337983,233.41730952631679,-19365.00877075295,-98.12173728591256,237.06030771971086,,,,-16328.53766191376,54.62976013278094,216.5
2023-03-16,16913.05,17010.15,16900.0,2023-03-16,0,0.0006849315068493151,1.902587519025875e-06,16.96,16.08,False,,-2984.239117452599,-14.235021115141535,95.91706887712007,110.15208999226161,-2984.239117452599,-14.235021115141535,110.15208999226161,,,,-2154.6776998722416,59.81462553243997,97.10000000000218
2023-03-17,17106.45,17123.7,17100.0,2023-03-23,6,0.017123287671232876,0.016438387874175547,15.31,14.63,False,,375.34885952741286,3.259019792448271,242.8719874409053,239.61296764845702,2409.764438751562,13.687304814110576,229.1846826267947,,,,6026.163329977317,54.61283107731961,17.25
2023-03-20,16957.15,17003.45,16950.0,2023-03-23,3,0.008904109589041096,0.008219209791983765,16.3,16.05,False,,389.0443789091704,3.299355789277797,226.7997588686958,223.500403079418,1023.6433288466399,6.55227348126482,220.24748538743097,,,,3107.8730266643015,57.63682827270193,46.29999999999927
2023-03-21,17077.7,17106.95,17100.0,2023-03-23,2,0.0061643835616438354,0.005479483764586505,15.58,15.03,False,,1789.6270862683905,10.397420955222515,183.09209423360244,172.69467327837992,2974.5333340691755,16.47119658497013,166.6208976486323,,,,7246.259124656297,55.482553547096146,29.25
2023-03-22,17171.45,17142.75,17150.0,2023-03-23,1,0.003424657534246575,0.002739757737189244,14.77,14.84,False,,2849.008866693644,15.739891624069969,135.81907391844743,120.07918229437746,2738.072020640235,15.171241131488387,120.64783278695904,,,,5774.543129479423,52.88677348831519,28.700000000000728
2023-03-23,17058.75,17068.45,17050.0,2023-03-23,0,0.0006849315068493151,1.902587519025875e-06,14.8,14.64,False,,12626.591952917526,65.76318950214116,84.21655871059829,18.453369208457133,12626.626330116425,65.76336579546884,18.45319291512945,,,,13456.187747696782,52.646381609751565,9.700000000000728
2023-03-24,17021.6,16932.6,17000.0,2023-03-29,5,0.014383561643835616,0.013698661846778286,14.64,15.34,False,,436.0581912063793,3.5149138010583556,213.09686954068002,209.58195573962166,-1442.1644378199196,-6.112740706768818,219.20961024744884,,,,2174.234453405834,51.96381940952523,89.0
2023-03-27,16979.5,16963.45,17000.0,2023-03-29,2,0.0061643835616438354,0.005479483764586505,15.73,15.49,False,,1551.6993762218924,9.178971160112269,183.69074568780252,174.51177452769025,2060.8926664691767,11.789039315226546,171.90170637257597,,,,6332.618457056298,55.694617729341076,16.049999999999272
2023-03-28,17006.15,16956.85,17000.0,2023-03-29,1,0.003424657534246575,0.002739757737189244,15.35,14.87,False,,1899.594607434434,10.878331320176585,138.52770563233844,127.64937431216185,2627.4699056585064,14.609332849530801,123.91837278280764,,,,5663.941014497694,54.434469237292376,49.30000000000291
2023-03-29,17000.0,17116.35,17000.0,2023-03-29,0,0.0006849315068493151,1.902587519025875e-06,14.69,13.33,False,,-6711.571772582906,-33.36508601324567,82.98701634583085,116.35210235907653,-6711.571772582906,-33.36508601324567,116.35210235907653,,,,-5882.010355002549,52.07512542862904,116.34999999999854
2023-03-31,17270.45,17358.3,17250.0,2023-04-06,6,0.017123287671232876,0.016438387874175547,12.89,12.92,False,,-3900.7253965541922,-18.724489213098423,208.0626225886581,226.7871118017565,-3981.6678799732917,-19.13937374345278,227.20199633211087,,,,-365.2689887475382,46.42118029860165,87.84999999999854
2023-04-03,17345.35,17399.7,17350.0,2023-04-06,3,0.008904109589041096,0.008219209791983765,13.46,12.5,False,,8.110359556303223,1.280822356698991,191.34480722975422,190.06398487305523,2480.9125779149012,13.956269630332827,177.3885375994214,,,,4565.142275732564,48.68416604511958,54.35000000000218
2023-04-05,17464.7,17561.0,17450.0,2023-04-06,1,0.003424657534246575,0.002739757737189244,12.72,12.37,False,,-4886.306528899933,-23.942751430256067,118.59995118678307,142.54270261703914,-4499.899847373687,-21.962050499352245,140.56200168613532,,,,-1463.4287385345006,46.324191550447935,96.29999999999927
2023-04-06,17532.75,17602.0,17550.0,2023-04-06,0,0.0006849315068493151,1.902587519025875e-06,12.55,11.7,False,,4156.620068537422,22.328359325832935,74.33052970241079,52.00217037657785,4156.620068537422,22.328359325832935,52.00217037657785,,,,4986.18148611778,45.88316561787886,69.25
2023-04-10,17635.3,17613.05,17650.0,2023-04-13,3,0.008904109589041096,0.008219209791983765,12.39,12.3,False,,887.4212183814778,5.765390863494758,179.11958897730437,173.35419811380962,1129.0922101529463,7.004216462322802,172.11537251498157,,,,3213.321907970608,45.563152576189914,22.25
2023-04-11,17698.15,17722.25,17700.0,2023-04-13,2,0.0061643835616438354,0.005479483764586505,12.18,11.93,False,,1054.5650441326873,6.564282277603525,147.97034943069593,141.4060671530924,1605.7991725118804,9.389893192368618,138.58045623832732,,,,5877.524963099002,44.95052489430639,24.099999999998545
2023-04-12,17764.35,17817.9,17750.0,2023-04-13,1,0.003424657534246575,0.002739757737189244,12.12,12.29,False,,-706.7371779509465,-2.5253188612869053,114.97572297657916,117.50104183786607,-946.8932572271543,-3.756324396036689,118.73204737261585,,,,2089.577851612033,44.896403089039204,53.55000000000291
2023-04-13,17808.75,17828.15,17800.0,2023-04-13,0,0.0006849315068493151,1.902587519025875e-06,12.4,11.9,False,,8697.870852443573,45.60544026894141,73.75764156763034,28.152201298688933,8697.870853224707,45.60544027294722,28.152201294683127,,,,9527.432270805066,46.04841963607098,19.400000000001455
2023-04-17,17633.65,17704.1,17650.0,2023-04-20,3,0.008904109589041096,0.008219209791983765,13.03,12.29,False,,-231.59496157444704,0.04664122269514337,188.38901233524848,188.34237111255334,1695.579209669424,9.925175434202174,178.4638369010463,,,,3779.808907487086,47.91221398211874,70.44999999999709
2023-04-18,17739.3,17661.55,17750.0,2023-04-20,2,0.0061643835616438354,0.005479483764586505,12.26,12.16,False,,-1426.129239255525,-6.149124303874487,149.29357833136237,155.44270263523686,-1225.9215432024064,-5.122828426679007,154.41640675804138,,,,3045.8042473847154,45.35096744903347,77.75
2023-04-19,17635.15,17610.2,17650.0,2023-04-20,1,0.003424657534246575,0.002739757737189244,12.24,12.21,False,,1410.6580123108822,8.327887242619909,114.75966931037874,106.43178206775883,1457.5975485461233,8.568500248954479,106.19116906142426,,,,4494.068657385311,45.011157706326415,24.950000000000728
2023-04-20,17673.65,17623.9,17650.0,2023-04-20,0,0.0006849315068493151,1.902587519025875e-06,12.02,11.87,False,,8994.45626672194,47.12469880370226,73.22251607632461,26.097817272622347,8994.456267825382,47.124698809360936,26.097817266963677,,,,9824.017685405739,44.29863307248192,49.75
2023-04-21,17660.5,17618.9,17650.0,2023-04-27,6,0.017123287671232876,0.016438387874175547,11.73,11.65,False,,798.8492445960163,5.337021767159058,192.92075341396867,187.5837316468096,1047.747204193792,6.612857457404061,186.3078959565646,,,,4664.146095419545,43.19769906850164,41.599999999998545
2023-04-24,17657.45,17748.0,17650.0,2023-04-27,3,0.008904109589041096,0.008219209791983765,12.05,11.62,False,,-3053.9117585926197,-14.44549619791087,174.84834208490975,189.29383828282062,-2032.995542638183,-9.212387398144529,184.06072948305427,,,,51.234155179479046,44.36848908089512,90.54999999999927
2023-04-25,17729.0,17761.95,17750.0,2023-04-27,2,0.0061643835616438354,0.005479483764586505,11.73,11.48,False,,1273.7115495658168,7.678777177260599,143.20180343394713,135.52302625668653,1830.5790865168333,10.53322608470171,132.66857734924542,,,,6102.304877103954,43.36525051869798,32.95000000000073
2023-04-26,17736.95,17817.95,17750.0,2023-04-27,1,0.003424657534246575,0.002739757737189244,11.82,11.63,False,,-991.7133818175772,-3.992786573423473,111.37062879615405,115.36341536957752,-726.7510113515009,-2.634620571033338,114.00524936718739,,,,2309.7200974876864,43.71757117839676,81.0
2023-04-27,17829.5,17923.2,17850.0,2023-04-27,0,0.0006849315068493151,1.902587519025875e-06,11.8,11.39,False,,-489.2519224500295,-1.490881653589895,71.7113258234458,73.2022074770357,-489.2519224500295,-1.490881653589895,73.2022074770357,,,,340.30949513032783,43.87132781880812,93.70000000000073
2023-04-28,17897.95,18048.9,17900.0,2023-05-04,6,0.017123287671232876,0.016438387874175547,11.5,11.03,False,,-8525.467040003301,-42.4627027692477,190.78369259642932,233.24639536567702,-7383.074498978738,-36.60684358450635,227.39053618093567,,,,-3766.6756077529844,42.92010130301249,150.95000000000073
2023-05-02,18161.45,18136.05,18150.0,2023-05-04,2,0.0061643835616438354,0.005479483764586505,11.78,11.95,False,,1552.5908176118246,9.116260603137562,147.50424999365168,138.38798939051412,1163.698249932748,7.1228628201679385,140.38138717348374,,,,5435.424040519869,44.61238252317233,25.400000000001455
2023-05-03,18069.9,18082.7,18050.0,2023-05-04,1,0.003424657534246575,0.002739757737189244,12.1,11.93,False,,1700.1415310375464,9.816623236089981,117.36426008754097,107.54763685145099,1973.3278086275634,11.21691183911571,106.14734824842526,,,,5009.798917466751,45.59326848473025,12.799999999999272
2023-05-04,18118.2,18238.6,18100.0,2023-05-04,0,0.0006849315068493151,1.902587519025875e-06,11.89,11.68,False,,-12967.668743053462,-65.45168586181262,73.15055253226365,138.60223839407627,-12967.668743053462,-65.45168586181262,138.60223839407627,,,,-12138.107325473104,44.92173395812411,120.39999999999782
2023-05-05,18171.05,18069.95,18150.0,2023-05-11,6,0.017123287671232876,0.016438387874175547,11.83,12.38,False,,0.8788021868651867,1.2622502676249496,201.28931313147132,200.02706286384637,-1707.2859404498845,-7.493671489486587,208.7829846209579,,,,1909.1129507758692,44.825420833269106,101.09999999999854
2023-05-08,18177.9,18269.75,18200.0,2023-05-11,3,0.008904109589041096,0.008219209791983765,12.58,12.55,False,,-1000.8907538152337,-3.898003865719147,187.68753628895865,191.5855401546778,-921.9172764369107,-3.4932168022405676,191.18075309119922,,,,1162.3124213807514,47.685238439177404,91.84999999999854
2023-05-09,18298.85,18258.3,18300.0,2023-05-11,2,0.0061643835616438354,0.005479483764586505,12.64,12.73,False,,1074.4998097363132,6.686563126852889,158.78056212680167,152.09399899994878,870.4890914792406,5.640815853739696,153.13974627306197,,,,5142.2148820663615,48.23146778169947,40.54999999999927
2023-05-10,18304.15,18311.1,18300.0,2023-05-11,1,0.003424657534246575,0.002739757737189244,12.8,13.04,False,,2253.1320574943375,12.664113115355576,124.30977687567793,111.64566376032235,1849.0235901379376,10.592685077630449,113.71709179804748,,,,4885.494698977125,48.85613907445976,6.94999999999709
2023-05-11,18305.35,18304.5,18300.0,2023-05-11,0,0.0006849315068493151,1.902587519025875e-06,13.24,13.17,False,,14428.965671021911,74.99546497959955,80.6751567363699,5.679691756770353,14432.027944325668,75.01111766320855,5.664039073161348,,,,15261.589361906026,50.53888191161653,0.8499999999985448
2023-05-12,18233.25,18312.2,18250.0,2023-05-18,6,0.017123287671232876,0.016438387874175547,13.41,12.81,False,,-1307.5147234018057,-5.398331914881055,226.11229207030374,231.5106239851848,544.8471506266362,4.096703336546852,222.01558873375689,,,,4161.24604185239,50.986179671949664,78.95000000000073
2023-05-15,18350.2,18384.6,18350.0,2023-05-18,3,0.008904109589041096,0.008219209791983765,13.25,13.13,False,,643.1493796875191,4.550919895833431,199.38042771813707,194.82950782230364,975.8041464686015,6.25612382804411,193.12430389009296,,,,3060.0338442862635,50.700972282007285,34.39999999999782
2023-05-16,18391.7,18276.75,18400.0,2023-05-18,2,0.0061643835616438354,0.005479483764586505,13.36,13.22,False,,-3443.037218506378,-16.45167804362245,168.62945642618615,185.0811344698086,-3170.8881020829776,-15.056656933758859,183.686113359945,,,,1100.8376885041437,51.237501008524305,114.95000000000073
2023-05-17,18260.3,18197.95,18250.0,2023-05-18,1,0.003424657534246575,0.002739757737189244,13.3,12.89,False,,1292.6158519606727,7.749568471593193,129.1647626584272,121.41519418683401,1943.7341086264635,11.087149275007505,118.0776133834197,,,,4980.205217465651,50.642968770658115,62.349999999998545
2023-05-18,18272.95,18134.65,18250.0,2023-05-18,0,0.0006849315068493151,1.902587519025875e-06,12.65,12.8,False,,-7273.889033536902,-36.254712992496934,79.09303006319533,115.34774305569226,-7273.889033536902,-36.254712992496934,115.34774305569226,,,,-6444.327615956545,48.20130526766306,138.29999999999927
2023-05-19,18144.2,18205.45,18150.0,2023-05-25,6,0.017123287671232876,0.016438387874175547,12.62,12.3,False,,-1085.8466204404158,-4.288341643284184,211.98404154910713,216.27238319239132,-100.81057447764005,0.7608688488326152,211.22317270027452,,,,3515.588316748114,47.7481760858643,61.25
2023-05-22,18250.6,18303.3,18250.0,2023-05-25,3,0.008904109589041096,0.008219209791983765,12.6,12.65,False,,-162.79070841660018,0.39973995683794783,188.60202703571667,188.20228707887873,-297.83662521380467,-0.29249551391694695,188.89452254963362,,,,1786.3930726038575,47.952063349463366,52.70000000000073
2023-05-23,18379.75,18333.75,18400.0,2023-05-25,2,0.0061643835616438354,0.005479483764586505,12.57,12.65,False,,170.90464182824158,2.055100727324316,158.9378873264468,156.88278659912248,-5.3918383448698535,1.1514264700263084,157.7864608564205,,,,4266.333952242251,48.17641563897945,46.0
2023-05-24,18302.7,18287.0,18300.0,2023-05-25,1,0.003424657534246575,0.002739757737189244,12.58,13.03,False,,2273.85444013778,12.76622789814246,122.11768687697077,109.3514589788283,1514.5461315541902,8.874082725918925,113.24360415105184,,,,4551.0172403933775,48.01262046665084,15.700000000000728
2023-05-25,18257.15,18335.9,18250.0,2023-05-25,0,0.0006849315068493151,1.902587519025875e-06,13.0,12.36,False,,-1526.3545149244474,-6.793253922689473,79.10900302161826,85.90225694430774,-1526.3545149244474,-6.793253922689473,85.90225694430774,,,,-696.79309734409,49.492107039005454,78.75
2023-05-26,18362.9,18491.9,18350.0,2023-06-01,6,0.017123287671232876,0.016438387874175547,12.03,11.82,False,,-7047.170881209505,-34.857081442100025,205.83291964859018,240.6900010906902,-6493.0701954497745,-32.01682151512705,237.84974116371723,,,,-2876.671304224021,46.06451511000867,129.0
2023-05-29,18629.15,18601.1,18650.0,2023-06-01,3,0.008904109589041096,0.008219209791983765,12.01,12.3,False,,690.6289586658231,4.764969018799093,183.5760094104171,178.811040391618,-126.28674987807372,0.5775038467791092,182.998505563638,,,,1957.942947939588,46.6547272164887,28.05000000000291
2023-05-30,18642.35,18639.95,18650.0,2023-06-01,2,0.0061643835616438354,0.005479483764586505,11.82,12.04,False,,1456.0084852431276,8.628094796118603,151.22057120851423,142.59247641239563,938.4380670507751,5.975067010516796,145.24550419799743,,,,5210.163857637896,45.949177454837766,2.399999999997817
2023-05-31,18560.2,18521.3,18550.0,2023-06-01,1,0.003424657534246575,0.002739757737189244,11.99,12.05,False,,1962.6452818552607,11.16418093259108,118.4424701772623,107.27828924467121,1861.6934429025403,10.64668432257713,107.79578585468516,,,,4898.164551741728,46.40464368852554,38.900000000001455
2023-06-01,18518.75,18486.1,18500.0,2023-06-01,0,0.0006849315068493151,1.902587519025875e-06,11.8,11.64,False,,11573.860721473617,60.34846523832624,74.25134187714684,13.9028766388206,11574.002533157263,60.34919247772955,13.90214939941729,,,,12403.563950737618,45.56729869287151,32.650000000001455
2023-06-02,18552.15,18525.85,18550.0,2023-06-08,6,0.017123287671232876,0.016438387874175547,11.39,11.09,False,,710.6959433981682,4.8911586840931705,196.14088331848143,191.24972463438826,1693.0710771480167,9.926723472553931,186.2141598459275,,,,5309.469968373771,44.063356746623285,26.30000000000291
2023-06-05,18611.8,18599.9,18600.0,2023-06-08,3,0.008904109589041096,0.008219209791983765,11.21,11.2,False,,1230.7813000341457,7.511904102739209,171.82218319273488,164.31027908999567,1259.3178209439525,7.6581426715074485,164.16404052122743,,,,3343.5475187616144,43.50644494479307,11.899999999997817
2023-06-06,18602.8,18617.1,18600.0,2023-06-08,2,0.0061643835616438354,0.005479483764586505,11.19,11.3,False,,1145.0648393037113,7.019050457967751,143.05098126710982,136.03193080914207,889.2556971032011,5.7077728056574415,137.34320846145238,,,,5160.981487690322,43.40782354459699,14.299999999999272
2023-06-07,18652.75,18730.35,18650.0,2023-06-08,1,0.003424657534246575,0.002739757737189244,11.08,11.43,False,,-2236.0958741815984,-10.374594226572299,109.64489956248508,120.01949378905738,-2719.4555796042096,-12.85228502361133,122.49718458609641,,,,317.01552923497775,43.09652343689012,77.59999999999854
2023-06-08,18746.4,18646.9,18750.0,2023-06-08,0,0.0006849315068493151,1.902587519025875e-06,11.31,11.18,False,,-6558.14703984905,-32.601882255636156,70.49579896596697,103.09768122160312,-6558.14703984905,-32.601882255636156,103.09768122160312,,,,-5728.5856222686925,44.21199293397547,99.5
2023-06-09,18649.75,18567.3,18650.0,2023-06-15,6,0.017123287671232876,0.016438387874175547,11.12,11.05,False,,-568.8563277889825,-1.6746991168665772,192.3785651226026,194.05326423946917,-346.849254491321,-0.536714125596518,192.9152792481991,,,,3269.5496367344326,43.24515013632253,82.45000000000073
2023-06-12,18595.45,18614.9,18600.0,2023-06-15,3,0.008904109589041096,0.008219209791983765,11.47,11.16,False,,869.8125428636513,5.667192527505904,174.8314140588027,169.1642215312968,1749.275973123738,10.175261400634554,164.65615265816814,,,,3833.5056709414,44.476409268054084,19.450000000000728
2023-06-13,18679.75,18718.65,18700.0,2023-06-15,2,0.0061643835616438354,0.005479483764586505,11.11,11.06,False,,1113.1014318740965,6.854827855764597,142.8337550859851,135.9789272302205,1229.8366866025942,7.453162495397919,135.38059259058718,,,,5501.5624771897155,43.27576223178858,38.900000000001455
2023-06-14,18718.4,18749.65,18700.0,2023-06-15,1,0.003424657534246575,0.002739757737189244,11.14,11.21,False,,593.9977312562493,4.136449903878201,111.90476336921711,107.7683134653389,483.3245581409536,3.5691515802100184,108.33561178900709,,,,3519.795666980141,43.482401513438525,31.25
2023-06-15,18748.75,18682.15,18750.0,2023-06-15,0,0.0006849315068493151,1.902587519025875e-06,10.93,11.01,False,,-148.07505510277798,0.2512561276780616,68.09893734928119,67.84768122160312,-148.07505510277798,0.2512561276780616,67.84768122160312,,,,681.4863624775794,42.73188860420652,66.59999999999854
2023-06-16,18751.85,18823.6,18750.0,2023-06-22,6,0.017123287671232876,0.016438387874175547,10.69,10.74,False,,-2356.894924128293,-10.85166627758099,186.15294880640977,197.00461508399076,-2509.48814830917,-11.633836657995744,197.7867854644055,,,,1106.9107429165836,41.80049580274244,71.75
2023-06-19,18855.0,18754.2,18850.0,2023-06-22,3,0.008904109589041096,0.008219209791983765,11.32,11.16,False,,-1408.2368098001286,-6.009060563077583,175.29894230102582,181.3080028641034,-983.7328025107292,-3.8330912949268168,179.13203359595263,,,,1100.4968953069329,44.50743549557915,100.79999999999927
2023-06-20,18677.85,18833.7,18700.0,2023-06-22,2,0.0061643835616438354,0.005479483764586505,11.42,11.05,False,,-6987.4009066270155,-34.66020977757444,146.90487863824637,181.5650884158208,-6361.89058605075,-31.453900441285896,178.35877907953227,,,,-2090.1647954636283,44.47875215866294,155.85000000000218
2023-06-21,18855.9,18862.1,18850.0,2023-06-22,1,0.003424657534246575,0.002739757737189244,11.2,11.29,False,,1996.1210931957778,11.32415945228604,112.17861756665661,100.85445811437057,1840.3918667896337,10.525855727126327,101.65276183953029,,,,4876.862975628821,44.03772716445956,6.19999999999709
2023-06-22,18874.2,18779.35,18850.0,2023-06-22,0,0.0006849315068493151,1.902587519025875e-06,11.37,11.46,False,,464.0250199277078,3.399871897065168,74.04754075185338,70.64766885478821,464.0250199277078,3.399871897065168,70.64766885478821,,,,1293.586437508065,44.74954510467462,94.85000000000218
2023-06-23,18677.45,18668.55,18700.0,2023-06-28,5,0.014383561643835616,0.013698661846778286,11.7,11.22,False,,572.2675779803221,4.161423476822165,185.28783209530775,181.12640861848558,2015.5970228052681,11.559830886180862,173.7280012091269,,,,5631.995914031022,45.568323596733606,8.900000000001455
2023-06-26,18700.35,18694.7,18700.0,2023-06-28,2,0.0061643835616438354,0.005479483764586505,11.73,11.31,False,,1480.2206609114182,8.75113159441753,150.6337205707532,141.88258897633568,2471.2326676242824,13.830988039098884,136.80273253165433,,,,6742.958458211404,45.74117900261344,5.649999999997817
2023-06-27,18741.45,18818.6,18750.0,2023-06-28,1,0.003424657534246575,0.002739757737189244,11.38,10.73,False,,-1005.5639540571519,-4.060584379780266,113.09433830840499,117.15492268818525,-53.27047326721558,0.8208180858091509,112.27352022259583,,,,2983.200635571972,44.47388391744941,77.14999999999782
2023-06-28,18871.2,18991.9,18850.0,2023-06-28,0,0.0006849315068493151,1.902587519025875e-06,10.81,10.78,False,,-14221.1861453222,-71.8829545913959,70.0193765538188,141.9023311452147,-14221.1861453222,-71.8829545913959,141.9023311452147,,,,-13391.624727741842,42.53875928622242,120.70000000000073
2023-06-30,19086.7,19183.2,19100.0,2023-07-06,6,0.017123287671232876,0.016438387874175547,11.0,11.0,False,,-2993.4504365016596,-14.099591982059792,194.22522094378473,208.32481292584453,-2993.4504365016596,-14.099591982059792,208.32481292584453,,,,622.948454724094,43.78074425060967,96.5
2023-07-03,19284.2,19330.65,19300.0,2023-07-06,3,0.008904109589041096,0.008219209791983765,11.49,11.59,False,,522.5638037742527,3.899865660380783,181.63982179828054,177.73995613789975,231.06071689199868,2.4056447020102496,179.2341770962703,,,,2315.2904147096606,46.20417958297332,46.45000000000073
2023-07-04,19377.85,19385.55,19400.0,2023-07-06,2,0.0061643835616438354,0.005479483764586505,11.68,11.7,False,,1556.814782147578,9.153357857167066,155.80506956034878,146.65171170318172,1507.9099559271313,8.902666440651956,146.90240311969683,,,,5779.635746514252,47.19630945931213,7.700000000000728
2023-07-05,19405.05,19415.3,19400.0,2023-07-06,1,0.003424657534246575,0.002739757737189244,12.08,11.9,False,,2181.710796217287,12.298209211370704,124.42275610245997,112.12454689108927,2501.7603144829727,13.938770843502425,110.48398525895755,,,,5538.2314233221605,48.88113797061514,10.25
2023-07-06,19415.5,19486.25,19400.0,2023-07-06,0,0.0006849315068493151,1.902587519025875e-06,12.15,11.82,False,,-1529.7062099488712,-6.809826717686519,79.4425724450266,86.25239916271312,-1529.7062099488712,-6.809826717686519,86.25239916271312,,,,-700.1447923685139,49.1908655859468,70.75
2023-07-07,19485.6,19324.65,19500.0,2023-07-13,6,0.017123287671232876,0.016438387874175547,11.76,11.5,False,,-6198.93208597703,-30.497703005010408,211.95517997954812,242.45288298455853,-5455.503353151092,-26.6869402725697,238.64212025211782,,,,-1839.1044619253382,47.783803120380504,160.9499999999971
2023-07-10,19385.55,19367.85,19400.0,2023-07-13,3,0.008904109589041096,0.008219209791983765,11.8,11.39,False,,1049.4708705585574,6.611645490043884,187.49267916562349,180.8810336755796,2263.9840323931767,12.837148884067574,174.6555302815559,,,,4348.213730210839,47.70014969561095,17.700000000000728
2023-07-11,19448.05,19448.15,19450.0,2023-07-13,2,0.0061643835616438354,0.005479483764586505,11.23,10.97,False,,1447.2857133863693,8.581003658391637,149.9309289673256,141.34992530893396,2085.1826433000892,11.850834068205586,138.08009489912,,,,6356.908433887211,45.54234890452071,0.10000000000218279
2023-07-12,19463.6,19384.75,19450.0,2023-07-13,1,0.003424657534246575,0.002739757737189244,11.1,11.02,False,,80.30190436954754,1.5096507916387054,115.33446194224962,113.82481115061091,208.04149801961145,2.16441793856211,113.17004400368751,,,,3244.512606858799,45.05113708945089,78.84999999999854
2023-07-13,19488.15,19443.2,19500.0,2023-07-13,0,0.0006849315068493151,1.902587519025875e-06,10.78,10.83,False,,2451.875863729374,13.58264545502243,70.38023392549076,56.79758847046833,2451.875863729374,13.58264545502243,56.79758847046833,,,,3281.4372813097316,43.80755169024338,44.95000000000073
2023-07-14,19475.95,19587.35,19500.0,2023-07-20,6,0.017123287671232876,0.016438387874175547,10.73,10.8,False,,-3347.0769882634545,-15.913984555197203,193.27973528928123,209.19371984447844,-3565.1972221409255,-17.032088318671413,210.31182360795265,,,,51.20166908482804,43.57706540845723,111.39999999999782
2023-07-17,19571.35,19719.1,19550.0,2023-07-20,3,0.008904109589041096,0.008219209791983765,11.19,11.37,False,,-9580.083011241546,-47.88637441662331,181.2131378199756,229.0995122365989,-9967.289139257537,-49.87112379106429,231.0842616110399,,,,-7883.059441439876,45.667840719114764,147.75
2023-07-18,19789.2,19751.55,19800.0,2023-07-20,2,0.0061643835616438354,0.005479483764586505,11.8,11.63,False,,885.8264490618942,5.722238200317406,160.27893778492944,154.55669958461203,1299.9235417978523,7.844838675886422,152.43409910904302,,,,5571.649332384974,48.69337224666746,37.650000000001455
2023-07-19,19820.95,19847.15,19800.0,2023-07-20,1,0.003424657534246575,0.002739757737189244,11.77,11.6,False,,1208.32526013054,7.310180821182257,125.20782815037091,117.89764732918866,1499.497634862141,8.802705819805851,116.40512233056506,,,,4535.968743701329,48.64750107388444,26.200000000000728
2023-07-20,19813.5,19969.95,19800.0,2023-07-20,0,0.0006849315068493151,1.902587519025875e-06,11.69,11.68,False,,-18179.3437200771,-92.15771138501077,77.79473724497802,169.9524486299888,-18179.3437200771,-92.15771138501077,169.9524486299888,,,,-17349.782302496744,48.2986862526763,156.45000000000073
2023-07-21,19845.7,19780.9,19850.0,2023-07-27,6,0.017123287671232876,0.016438387874175547,11.71,11.37,False,,77.54044171829918,1.6812330344528164,215.2856012222328,213.60436818777998,1247.7142934411502,7.679457915082821,207.60614330714998,,,,4864.113184666904,48.45994585664048,64.79999999999927
2023-07-24,19719.35,19665.4,19700.0,2023-07-27,3,0.008904109589041096,0.008219209791983765,11.89,11.58,False,,1385.3409874880456,8.34451788455408,193.5572148949359,185.21269701038182,2317.077797932962,13.120552809912624,180.43666208502327,,,,4401.307495750623,48.89157833157457,53.94999999999709
2023-07-25,19677.25,19678.85,19700.0,2023-07-27,2,0.0061643835616438354,0.005479483764586505,10.59,10.18,False,,1373.8020727345934,8.19247216786971,143.5498979048425,135.3574257369728,2388.883790589793,13.395711746614325,130.15418615822819,,,,6660.609581176914,43.45302055376124,1.5999999999985448
2023-07-26,19753.35,19773.1,19750.0,2023-07-27,1,0.003424657534246575,0.002739757737189244,10.32,10.56,False,,1584.1974991622408,9.205217944421747,108.18901974626715,98.9838018018454,1155.884871653135,7.009717290528897,101.17930245573825,,,,4192.3559804923225,42.50891925719572,19.75
2023-07-27,19843.95,19700.2,19850.0,2023-07-27,0,0.0006849315068493151,1.902587519025875e-06,10.5,10.35,False,,-15887.620019370395,-80.4261539454892,69.3713912411149,149.7975451866041,-15887.620019370395,-80.4261539454892,149.7975451866041,,,,-15058.058601790039,43.44872440283167,143.75
2023-07-28,19610.0,19638.0,19600.0,2023-08-03,6,0.017123287671232876,0.016438387874175547,10.62,10.21,False,,-322.5414712799491,-0.408930621948457,194.10857390418641,194.51750452613487,1053.4075285154227,6.644089889822681,187.46448401436373,,,,4669.806419741177,43.427188910185045,28.0
2023-07-31,19632.3,19742.5,19650.0,2023-08-03,3,0.008904109589041096,0.008219209791983765,10.91,10.44,False,,-2791.0275132050465,-13.09655134976947,175.62776839886646,188.72431974863593,-1534.4450648114894,-6.655359306725586,182.28312770559205,,,,549.7846330061726,44.66378661286785,110.20000000000073
2023-08-01,19769.65,19736.1,19750.0,2023-08-03,2,0.0061643835616438354,0.005479483764586505,10.56,10.24,False,,1701.2775585933464,9.87352594150434,144.85525114562552,134.98172520412118,2497.916758663322,13.957009018786266,130.89824212683925,,,,6769.642549250443,43.53339188812643,33.55000000000291
2023-08-02,19628.85,19514.8,19650.0,2023-08-03,1,0.003424657534246575,0.002739757737189244,10.66,11.27,False,,-7682.871684722917,-38.29047017806624,111.74327515754703,150.03374533561328,-8330.820472033665,-41.61179729248033,153.35507245002736,,,,-5294.3493631944775,43.63265784129052,114.04999999999927
2023-08-03,19522.3,19394.45,19500.0,2023-08-03,0,0.0006849315068493151,1.902587519025875e-06,11.45,11.09,False,,-5861.862234152835,-29.02154991873249,76.52603855173584,105.54758847046833,-5861.862234152835,-29.02154991873249,105.54758847046833,,,,-5032.300816572478,46.61182169634591,127.84999999999854
2023-08-04,19481.4,19510.05,19500.0,2023-08-10,6,0.017123287671232876,0.016438387874175547,10.91,10.56,False,,198.7951967299296,2.267975367845793,196.55569719079722,194.28772182295143,1394.7527768432394,8.398373214580715,188.1573239762165,,,,5011.151668068993,44.3204867753612,28.649999999997817
2023-08-07,19551.6,19597.95,19550.0,2023-08-10,3,0.008904109589041096,0.008219209791983765,11.28,11.1,False,,-49.92457877831012,0.9640790831881532,180.96749526723033,180.00341618404218,471.71029118514303,3.6379502112058617,177.32954505602447,,,,2555.939989002805,45.988687029538795,46.35000000000218
2023-08-08,19604.55,19570.8,19600.0,2023-08-10,2,0.0061643835616438354,0.005479483764586505,11.37,11.35,False,,1351.5969413784514,8.096650981427956,153.2422400909636,145.14558910953565,1400.6554732774198,8.348130632191896,144.8941094587717,,,,5672.381263864541,46.481159173996716,33.75
2023-08-09,19525.25,19630.95,19550.0,2023-08-10,1,0.003424657534246575,0.002739757737189244,11.52,11.22,False,,-1607.1480257861806,-7.1307078245445155,120.37392413084672,127.50463195539123,-1163.8350716392215,-4.858333700713956,125.23225783156067,,,,1872.6360371999658,46.90387133613064,105.70000000000073
2023-08-10,19583.4,19549.2,19600.0,2023-08-10,0,0.0006849315068493151,1.902587519025875e-06,11.56,11.46,False,,4775.650734679501,25.50513197271539,76.30270807636589,50.7975761036505,4775.650734679501,25.50513197271539,50.7975761036505,,,,5605.212152259858,47.20690590176511,34.20000000000073
2023-08-11,19490.65,19424.25,19500.0,2023-08-17,6,0.017123287671232876,0.016438387874175547,11.75,11.56,False,,-203.260241309026,0.23569107021012314,211.95153354341528,211.71584247320516,435.3410411651069,3.5090822623851636,208.44245128103012,,,,4051.7399323908608,47.75554402902024,66.40000000000146
2023-08-14,19288.4,19413.65,19300.0,2023-08-17,3,0.008904109589041096,0.008219209791983765,12.53,11.99,False,,-3738.7242122348625,-17.91268826787109,198.06129677648278,215.97398504435387,-2343.645788446148,-10.761619427928963,208.82291620441174,,,,-259.41609062848585,50.39725500319999,125.25
2023-08-16,19365.2,19447.0,19350.0,2023-08-17,1,0.003424657534246575,0.002739757737189244,12.42,12.19,False,,-2729.3972762029407,-12.868498852322773,128.34741429381575,141.21591314613852,-2408.411296679135,-11.223134854764794,139.57054914858054,,,,628.0598121600524,50.153724499920116,81.79999999999927
2023-08-17,19411.45,19346.2,19400.0,2023-08-17,0,0.0006849315068493151,1.902587519025875e-06,12.45,12.26,False,,5082.500244009097,27.08651407184152,80.88411490912767,53.797600837286154,5082.500244009097,27.08651407184152,53.797600837286154,,,,5912.061661589454,50.394940472087605,65.25
2023-08-18,19325.75,19281.5,19350.0,2023-08-24,6,0.017123287671232876,0.016438387874175547,12.17,12.25,False,,-10.827832379420585,1.2324213724132278,217.53018259843157,216.29776122601834,-279.5062614369958,-0.1448013407025428,217.6749839391341,,,,3336.892629788758,49.04407443407211,44.25
2023-08-21,19363.25,19380.6,19350.0,2023-08-24,3,0.008904109589041096,0.008219209791983765,12.42,11.98,False,,885.7938843350508,5.792019919666927,197.9224698548005,192.13044993513358,2174.189009748916,12.396251332045722,185.5262185227548,,,,4258.418707566578,50.14867421576219,17.349999999998545
2023-08-22,19429.35,19390.05,19450.0,2023-08-24,2,0.0061643835616438354,0.005479483764586505,11.97,11.73,False,,490.7388122889487,3.6965067296869165,159.98598074700203,156.28947401731511,1055.654156773414,6.592226444991866,153.39375430201017,,,,5327.379947360535,48.496682352193965,39.29999999999927
2023-08-23,19394.2,19441.55,19400.0,2023-08-24,1,0.003424657534246575,0.002739757737189244,11.76,11.68,False,,1096.7063439760418,6.729981251159188,120.87988484634843,114.14990359518924,1232.6218273091945,7.426676037483048,113.45320880886538,,,,4269.092936148382,47.55966634218519,47.349999999998545
2023-08-24,19551.85,19380.4,19550.0,2023-08-24,0,0.0006849315068493151,1.902587519025875e-06,11.04,11.83,False,,-19285.831153048188,-97.84072386178559,71.75685842527128,169.59758228705687,-19285.831153048188,-97.84072386178559,169.59758228705687,,,,-18456.26973546783,45.01077985774082,171.4499999999971
2023-08-25,19326.85,19244.3,19350.0,2023-08-31,6,0.017123287671232876,0.016438387874175547,11.75,12.23,False,,-1502.2050793237884,-6.426231176019428,210.02258345045448,216.4488146264739,-3055.027365516998,-14.385883925728194,224.40846737618267,,,,561.3715257087555,47.354205022268104,82.54999999999927
2023-08-28,19270.05,19302.65,19250.0,2023-08-31,3,0.008904109589041096,0.008219209791983765,12.53,12.41,False,,255.27133297700865,2.562519656292352,199.27413823215647,196.71161857586412,598.1828411331267,4.32027098016988,194.9538672519866,,,,2682.4125389507885,50.34930962518476,32.60000000000218
2023-08-29,19322.5,19352.95,19300.0,2023-08-31,2,0.0061643835616438354,0.005479483764586505,12.27,12.09,False,,468.92928941167986,3.5928168687778452,164.36283375778112,160.77001688900327,886.8993819267178,5.735330163726758,158.62750359405436,,,,5158.625172513839,49.43875052309205,30.450000000000728
2023-08-30,19433.4,19340.05,19450.0,2023-08-31,1,0.003424657534246575,0.002739757737189244,11.8,11.87,False,,-3764.616804115531,-18.18680412366939,121.95815833026427,140.14496245393366,-3857.15355793359,-18.661146450941487,140.61930478120576,,,,-820.6824490944027,47.81788956695508,93.35000000000218
2023-08-31,19321.95,19279.55,19300.0,2023-08-31,0,0.0006849315068493151,1.902587519025875e-06,11.98,12.06,False,,11225.610826658793,58.57220936748099,79.01988573001199,20.447676362531006,11225.609178293465,58.57220091432546,20.447684815686536,,,,12055.170595873822,48.26889752097414,42.400000000001455
2023-09-01,19293.75,19423.35,19300.0,2023-09-07,6,0.017123287671232876,0.016438387874175547,11.81,11.23,False,,-5546.699303068896,-27.15620155419947,210.98742316172502,238.1436247159245,-3859.063716497026,-18.505506238446287,229.4929294001713,,,,-242.6648252712722,47.51449873514596,129.59999999999854
2023-09-04,19513.9,19535.4,19500.0,2023-09-07,3,0.008904109589041096,0.008219209791983765,11.32,10.86,False,,597.3777740158507,4.284091148799234,182.02256040451903,177.7384692557198,1944.6682918783354,11.190196368606848,170.83236403591218,,,,4028.8979896959972,46.06277621411733,21.5
2023-09-05,19550.3,19577.65,19550.0,2023-09-07,2,0.0061643835616438354,0.005479483764586505,10.93,10.78,False,,882.6347240033325,5.680742174376064,146.75705153113813,141.07630935676207,1245.5720414806717,7.541138674259855,139.21591285687828,,,,5517.297832067793,44.55877014621341,27.350000000002183
2023-09-06,19577.55,19618.9,19600.0,2023-09-07,1,0.003424657534246575,0.002739757737189244,10.84,10.59,False,,1954.73752831925,11.114346299073077,113.4432261373986,102.32887983832552,2400.7954560512358,13.400797210519158,100.04242892687944,,,,5437.266564890424,44.25345993951139,41.35000000000218
2023-09-07,19566.2,19723.25,19550.0,2023-09-07,0,0.0006849315068493151,1.902587519025875e-06,10.64,10.77,False,,-20245.977774245053,-102.76470653459,70.48771117835167,173.25241771294168,-20245.977774245053,-102.76470653459,173.25241771294168,,,,-19416.416356664693,43.41179304000267,157.04999999999927
2023-09-08,19781.9,19820.5,19800.0,2023-09-14,6,0.017123287671232876,0.016438387874175547,10.81,10.79,False,,-51.57516502906378,0.9868453075432626,197.76348613285518,196.77664082531192,17.4006853067672,1.3404137708039343,196.42307236205124,,,,3633.799576532521,44.59162545699921,38.599999999998545
2023-09-11,19896.45,20000.0,19900.0,2023-09-14,3,0.008904109589041096,0.008219209791983765,11.17,11.46,False,,-3156.392235738732,-14.957139670455035,182.20219019866818,197.1593298691232,-3941.660829458658,-18.98236322799312,201.1845534266613,,,,-1857.431131640996,46.34345150628985,103.54999999999927
2023-09-12,20055.75,19985.65,20050.0,2023-09-14,2,0.0061643835616438354,0.005479483764586505,11.46,11.73,False,,295.3968887598887,2.691625070563532,158.05902809066356,155.36740302010003,-355.8890019918306,-0.6468153948299005,158.70584348549346,,,,3915.8367885952903,47.92731864614783,70.09999999999854
2023-09-13,20013.4,20063.35,20000.0,2023-09-14,1,0.003424657534246575,0.002739757737189244,11.67,11.77,False,,0.9713136979178785,1.1201093010149634,124.53773868879944,123.41762938778447,-164.1082245891362,0.27390654056853236,124.2638321482309,,,,2872.362884250051,48.70250942620548,49.94999999999709
2023-09-14,20149.35,20101.85,20150.0,2023-09-14,0,0.0006849315068493151,1.902587519025875e-06,11.77,11.3,False,,5780.618221710884,30.661170367748127,78.80867845390094,48.14750808615281,5780.618221710884,30.661170367748127,48.14750808615281,,,,6610.179639291242,49.453508825917694,47.5
2023-09-15,20157.85,20169.0,20150.0,2023-09-21,6,0.017123287671232876,0.016438387874175547,11.11,10.96,False,,328.8681833602462,2.956657350565365,208.36077663875585,205.4041192881905,856.2809540874846,5.660107456858896,202.70066918189696,,,,4472.679845313238,46.700106998437306,11.150000000001455
2023-09-18,20151.45,20123.65,20150.0,2023-09-21,3,0.008904109589041096,0.008219209791983765,11.27,10.79,False,,1180.1093426459536,7.279124834081813,186.346755987086,179.06763115300419,2660.598341467032,14.86804277675401,171.478713210332,,,,4744.828039284694,47.35761525172096,27.799999999999272
2023-09-20,20032.0,19909.55,20050.0,2023-09-21,1,0.003424657534246575,0.002739757737189244,11.15,11.07,False,,-7750.62186221774,-38.624471088296104,118.90096106778947,157.52543215608557,-7664.391727226316,-38.182470396032386,157.08343146382185,,,,-4627.920618387128,46.57563518735118,122.45000000000073
2023-09-21,19821.9,19748.85,19800.0,2023-09-21,0,0.0006849315068493151,1.902587519025875e-06,11.19,10.92,False,,4628.3114512570455,24.74913564747203,75.89668701748542,51.14755137001339,4628.3114512570455,24.74913564747203,51.14755137001339,,,,5457.872868837403,46.252474762866186,73.05000000000291
2023-09-22,19752.2,19684.6,19750.0,2023-09-28,6,0.017123287671232876,0.016438387874175547,10.7,10.73,False,,138.71681023138933,1.9595221037507145,196.2836871505824,194.3241650468317,35.98664322312135,1.4329058626826736,194.85078128789974,,,,3652.385534448875,44.0716042512218,67.60000000000218
2023-09-25,19655.05,19674.85,19650.0,2023-09-28,3,0.008904109589041096,0.008219209791983765,11.1,10.83,False,,755.8123223628173,5.090934986475986,179.1958374850492,174.1049024985732,1559.8561150061682,9.212390333364965,169.98344715168423,,,,3644.08581282383,45.49427403203989,19.799999999999272
2023-09-26,19665.05,19673.6,19650.0,2023-09-28,2,0.0061643835616438354,0.005479483764586505,11.23,11.19,False,,1264.5671855232824,7.649318900119397,152.56781453667827,144.91849563655887,1362.3830590892958,8.150682354304081,144.4171321823742,,,,5634.108849676417,46.05050729121145,8.549999999999272
2023-09-27,19608.9,19728.2,19600.0,2023-09-28,1,0.003424657534246575,0.002739757737189244,11.45,11.5,False,,-7086.777165616697,-35.22070341341896,119.41626230929796,154.63696572271692,-7142.888523239597,-35.50830011917742,154.92456242847538,,,,-4106.41741440041,46.81858953409576,119.29999999999927
2023-09-28,19732.35,19553.3,19750.0,2023-09-28,0,0.0006849315068493151,1.902587519025875e-06,11.85,12.74,False,,-23184.78159394298,-117.81318766124605,78.88436989217735,196.6975575534234,-23184.78159394298,-117.81318766124605,196.6975575534234,,,,-22355.22017636262,48.759222059150105,179.04999999999927
2023-09-29,19565.8,19638.2,19550.0,2023-10-05,6,0.017123287671232876,0.016438387874175547,12.15,11.4,False,,-2448.873894758819,-11.257096896199073,221.67280141287483,232.9298983090739,-68.51884265983671,0.9444161914880169,220.72838522138682,,,,3547.880048565917,49.57166376768654,72.40000000000146
2023-10-03,19530.25,19522.95,19550.0,2023-10-05,2,0.0061643835616438354,0.005479483764586505,12.23,11.82,False,,1494.1399000962083,8.847743077416453,164.2429054944405,155.39516241702404,2499.388596450393,14.000608186925092,150.2422973075154,,,,6771.1143870375145,49.80739947568317,7.299999999999272
2023-10-04,19396.1,19446.15,19400.0,2023-10-05,1,0.003424657534246575,0.002739757737189244,12.15,11.63,False,,973.8560625446386,6.107723397664813,124.88922206352618,118.78149866586136,1848.6179868704987,10.591681983951275,114.2975400795749,,,,4885.089095709686,49.141713990965094,50.05000000000291
2023-10-05,19523.75,19546.6,19500.0,2023-10-05,0,0.0006849315068493151,1.902587519025875e-06,11.33,10.96,False,,5549.0633331003455,29.46914529795049,76.07155682747998,46.60241152952949,5549.0633331003455,29.46914529795049,46.60241152952949,,,,6378.624750680703,46.12673928598059,22.849999999998545
2023-10-06,19612.5,19649.9,19600.0,2023-10-12,6,0.017123287671232876,0.016438387874175547,10.8,10.33,False,,-747.9321013307285,-2.582882570926813,197.6227791140991,200.20566168502592,809.4501998535086,5.400103588992351,192.22267552510675,,,,4425.8490910792625,44.1688731536662,37.400000000001455
2023-10-09,19506.9,19497.5,19500.0,2023-10-12,3,0.008904109589041096,0.008219209791983765,11.43,11.55,False,,1256.546996331886,7.66511280170198,183.2089412804762,175.54382847877423,897.4727088176692,5.824526711885483,177.38441456859073,,,,2981.702406635331,46.49369855474778,9.400000000001455
2023-10-10,19591.4,19691.5,19600.0,2023-10-12,2,0.0061643835616438354,0.005479483764586505,10.96,11.24,False,,-2863.918343297236,-13.522709452806339,147.35965943007614,160.88236888288247,-3458.365883828773,-16.569773763224475,163.9294331933006,,,,813.3599067583484,44.77500400854513,100.09999999999854
2023-10-11,19800.8,19808.5,19800.0,2023-10-12,1,0.003424657534246575,0.002739757737189244,11.06,11.02,False,,2099.0527759617157,11.859091158778028,116.11720656957914,104.25811541080111,2171.99425960336,12.232944921042872,103.88426164853627,,,,5208.465368442548,45.66647310324914,7.700000000000728
2023-10-12,19820.85,19782.9,19800.0,2023-10-12,0,0.0006849315068493151,1.902587519025875e-06,10.88,10.69,False,,10845.41871310022,56.613480580001124,73.71137655229086,17.097895972289734,10845.435227382406,56.61356526862772,17.09781128366314,,,,11674.996644962763,44.96874607932653,37.94999999999709
2023-10-13,19724.5,19730.95,19700.0,2023-10-19,6,0.017123287671232876,0.016438387874175547,10.65,10.69,False,,322.04335930821753,2.901606970811372,197.56062044741338,194.659013476602,185.9807822990323,2.2041578579437555,195.35646258946963,,,,3802.379673524786,43.804146048356145,6.450000000000728
2023-10-16,19719.95,19730.95,19700.0,2023-10-19,3,0.008904109589041096,0.008219209791983765,10.94,11.09,False,,822.6599887434537,5.432153788427968,178.42250546832656,172.9903516798986,376.964804258328,3.1475630987606564,175.2749423695659,,,,2461.19450207599,44.98655521754473,11.0
2023-10-17,19818.35,19818.35,19800.0,2023-10-19,2,0.0061643835616438354,0.005479483764586505,10.68,10.66,False,,1396.0722041868908,8.312421559932773,146.67021529457816,138.35779373464538,1445.522828457617,8.565911940808292,138.10430335376986,,,,5717.248619044738,44.13654708113106,0.0
2023-10-18,19792.45,19668.25,19800.0,2023-10-19,1,0.003424657534246575,0.002739757737189244,10.59,11.01,False,,-7339.297816289729,-36.53050162199861,111.11643929465208,147.6469409166507,-7798.112770507255,-38.882373182088486,149.99881247674057,,,,-4761.641661668067,43.707415246505064,124.20000000000073
2023-10-19,19553.7,19611.9,19550.0,2023-10-19,0,0.0006849315068493151,1.902587519025875e-06,11.01,10.86,False,,1698.467377071142,9.72301219010842,71.62542990305155,61.902417712943134,1698.467377071142,9.72301219010842,61.902417712943134,,,,2528.0287946514995,44.89271531186705,58.20000000000073
2023-10-20,19577.05,19541.75,19600.0,2023-10-26,6,0.017123287671232876,0.016438387874175547,10.95,10.82,False,,126.09388245594403,1.8984814484920207,198.25295920179087,196.35447775329885,570.2647432345892,4.175255093510714,194.07770410828016,,,,4186.663634460343,44.70138473665292,35.29999999999927
2023-10-23,19546.3,19278.45,19550.0,2023-10-26,3,0.008904109589041096,0.008219209791983765,9.99,10.67,False,,-22892.153250118663,-116.16227307753161,160.1054520932703,276.2677251708019,-23740.367679166502,-120.5101419444436,280.6155940377139,,,,-21656.137981348842,40.71830169148465,267.84999999999854
2023-10-25,19280.3,19125.65,19300.0,2023-10-26,1,0.003424657534246575,0.002739757737189244,11.05,11.15,False,,-13380.721291768994,-67.49375021419996,113.61828590952791,181.11203612372788,-13452.220008475048,-67.8602564537182,181.4785423632461,,,,-10415.748899635859,44.42584251334497,154.64999999999782
2023-10-26,18960.7,18848.5,18950.0,2023-10-26,0,0.0006849315068493151,1.902587519025875e-06,12.24,11.75,False,,-4853.458559312187,-23.85045415031891,77.64720233765001,101.49765648796892,-4853.458559312187,-23.85045415031891,101.49765648796892,,,,-4023.89714173183,48.39443145776152,112.20000000000073
2023-10-27,18967.25,19060.5,18950.0,2023-11-02,6,0.017123287671232876,0.016438387874175547,11.29,10.82,False,,-4433.428714726238,-21.46973699859609,200.19270894001966,221.66244593861575,-3075.6003102651625,-14.509591334693141,214.7023002747128,,,,540.798580960591,44.65374808095059,93.25
2023-10-30,19012.55,19148.85,19000.0,2023-11-02,3,0.008904109589041096,0.008219209791983765,11.93,11.43,False,,-7174.344435461353,-35.544484284417194,186.7118359137221,222.2563201981393,-6047.120660875436,-29.76641364551506,216.47824955923716,,,,-3962.8909630577746,47.29774335001484,136.29999999999927
2023-10-31,19157.75,19086.55,19150.0,2023-11-02,2,0.0061643835616438354,0.005479483764586505,11.74,11.85,False,,279.98533475954423,2.606488896202791,154.77700708664815,152.17051819044536,27.0075280502775,1.3097821951296282,153.46722489151853,,,,4298.733318637399,46.89993124285001,71.20000000000073
2023-11-01,19071.25,18990.4,19050.0,2023-11-02,1,0.003424657534246575,0.002739757737189244,11.99,12.03,False,,864.4097992130469,5.54281948314383,122.8041851839007,117.26136570075687,799.8447133178609,5.211870324706979,117.59231485919372,,,,3836.3158221570484,47.68238278384892,80.84999999999854
2023-11-02,19159.85,19144.85,19150.0,2023-11-02,0,0.0006849315068493151,1.902587519025875e-06,11.39,10.99,False,,12903.946653788664,67.16403412199315,73.00139180074984,5.837357678756689,12918.315095011534,67.2377184359566,5.763673364793249,,,,13747.876512591893,45.50670977551334,15.0
2023-11-03,19248.6,19226.05,19250.0,2023-11-09,6,0.017123287671232876,0.016438387874175547,10.78,10.92,False,,660.2195879284195,4.625587630402151,192.45752530292884,187.8319376725267,184.43551659259677,2.1867462389363936,190.27077906399245,,,,3800.8344078183504,43.26906553289145,22.549999999999272
2023-11-06,19341.65,19411.85,19350.0,2023-11-09,3,0.008904109589041096,0.008219209791983765,11.21,11.11,False,,-809.8099138663667,-2.9371277634172657,177.68470793147026,180.62183569488752,-528.7460596088299,-1.4964413313273326,179.1811492627976,,,,1555.4836382088322,45.21252274720645,70.19999999999709
2023-11-07,19370.7,19417.2,19350.0,2023-11-09,2,0.0061643835616438354,0.005479483764586505,11.28,11.16,False,,-630.0433461636571,-2.0642222880187546,151.55572939160265,153.6199516796214,-361.2983985007917,-0.6866584538502138,152.24238784545287,,,,3910.4273920863293,45.563179476006425,46.5
2023-11-08,19434.25,19436.45,19450.0,2023-11-09,1,0.003424657534246575,0.002739757737189244,11.22,11.06,False,,2173.5220261707445,12.24047192908074,115.95047392542256,103.71000199634182,2460.279741556631,13.710408931059646,102.24006499436291,,,,5496.750850395819,45.469507433524875,2.2000000000007276
2023-11-09,19440.95,19404.0,19450.0,2023-11-09,0,0.0006849315068493151,1.902587519025875e-06,11.01,10.95,False,,4765.722045980578,25.445189979387578,71.44278463326373,45.99759465387615,4765.722045980578,25.445189979387578,45.99759465387615,,,,5595.283463560935,44.6338561879461,36.95000000000073
2023-11-10,19353.8,19443.45,19350.0,2023-11-16,6,0.017123287671232876,0.016438387874175547,11.07,11.03,False,,-3435.816132947118,-16.35818529716471,199.0325458273146,215.39073112447932,-3313.027373065792,-15.728755759311753,214.76130158662636,,,,303.37151815996174,44.67591717896548,89.65000000000146
2023-11-13,19448.9,19440.15,19450.0,2023-11-16,3,0.008904109589041096,0.008219209791983765,11.39,11.17,False,,1192.7534595082461,7.3352485102986975,181.67079350883796,174.33554499853926,1849.6608924252105,10.702517397052361,170.9682761117856,,,,3933.8905902428723,46.1932346940598,8.75
2023-11-15,19628.5,19676.8,19650.0,2023-11-16,1,0.003424657534246575,0.002739757737189244,11.23,11.18,False,,1779.6640200386391,10.224789846351996,117.66550077381544,107.44071092746344,1868.1688530935571,10.678455656890037,106.9870451169254,,,,4904.639961932745,45.96491655833797,48.29999999999927
2023-11-16,19642.3,19761.15,19650.0,2023-11-16,0,0.0006849315068493151,1.902587519025875e-06,11.32,11.57,False,,-7427.332069688552,-37.05057471635155,74.10185536340941,111.15243007976096,-7427.332069688552,-37.05057471635155,111.15243007976096,,,,-6597.770652108195,46.365865830539086,118.85000000000218
2023-11-17,19762.55,19719.7,19750.0,2023-11-23,6,0.017123287671232876,0.016438387874175547,11.58,11.64,False,,950.6561295114026,6.152954510314885,213.24364924255133,207.09069473223644,741.5952585855432,5.081309018387401,208.16234022416393,,,,4357.994149811297,47.72117721962928,42.849999999998545
2023-11-20,19732.0,19693.65,19750.0,2023-11-23,3,0.008904109589041096,0.008219209791983765,12.26,12.0,False,,639.605080655543,4.530846567464323,198.35022471717093,193.8193781497066,1412.307371331726,8.491678827342184,189.85854588982875,,,,3496.537069149388,50.445355211554485,38.349999999998545
2023-11-21,19776.8,19780.8,19800.0,2023-11-23,2,0.0061643835616438354,0.005479483764586505,12.05,12.2,False,,1618.7485592658188,9.48614645777343,164.060015980569,154.57386952279558,1244.8396498476934,7.569536665885607,156.4904793146834,,,,5516.565440434814,49.693853577670986,4.0
2023-11-22,19790.85,19810.6,19800.0,2023-11-23,1,0.003424657534246575,0.002739757737189244,12.14,11.9,False,,2294.741406201086,12.883135416415826,127.39849177198994,114.51535635557411,2732.065788130893,15.124798913491759,112.27369285849818,,,,5768.536896970081,50.1005785949733,19.75
2023-11-23,19858.7,19811.0,19850.0,2023-11-23,0,0.0006849315068493151,1.902587519025875e-06,11.93,11.25,False,,7618.514204793284,40.08258566560659,79.08013085221137,38.99754518660478,7618.51420479328,40.082585665606565,38.9975451866048,,,,8448.075622373637,49.402720616905135,47.70000000000073
2023-11-24,19830.4,19788.7,19850.0,2023-11-30,6,0.017123287671232876,0.016438387874175547,10.96,11.33,False,,81.79288828893448,1.676476350199664,200.9911236670796,199.31464731687993,-1197.2966175839388,-4.880033936327891,205.87115760340748,,,,2419.102273641815,45.3212245929874,41.70000000000073
2023-11-28,19825.35,19908.45,19850.0,2023-11-30,2,0.0061643835616438354,0.005479483764586505,12.21,12.45,False,,-21.443526626543644,1.0836229403766993,166.72558857606964,165.64196563569294,-591.6932511045188,-1.8394525697667632,168.5650411458364,,,,3680.0325394826027,50.47730208008693,83.10000000000218
2023-11-29,19985.2,20096.2,20000.0,2023-11-30,1,0.003424657534246575,0.002739757737189244,12.29,12.78,False,,-2647.1330071759826,-12.44288721628709,130.4614800817326,142.90436729801968,-3373.632575387031,-16.166833719933493,146.62831380166608,,,,-337.1614665478437,51.21769023202079,111.0
2023-11-30,20111.1,20127.2,20100.0,2023-11-30,0,0.0006849315068493151,1.902587519025875e-06,12.45,12.57,False,,10824.80621426317,56.52644212442652,83.72892862718982,27.2024865027633,10824.806169624626,56.52644189551091,27.20248673167891,,,,11654.367587204984,52.21133337943331,16.100000000002183
2023-12-01,20228.25,20255.75,20250.0,2023-12-07,6,0.017123287671232876,0.016438387874175547,12.17,12.35,False,,403.63375727854816,3.3757628578387084,227.65775006175681,224.2819872039181,-237.38679469049012,0.08991387338210188,227.5678361883747,,,,3379.0120965352635,51.33440092472578,27.5
2023-12-04,20565.05,20686.8,20550.0,2023-12-07,3,0.008904109589041096,0.008219209791983765,11.95,12.6,False,,-5378.741582024527,-26.311187600125777,202.40801520033529,228.71920280046106,-7105.8725176518,-35.16437188539385,237.57238708572913,,,,-5021.642819834138,51.24568261899863,121.75
2023-12-05,20750.8,20856.7,20750.0,2023-12-07,2,0.0061643835616438354,0.005479483764586505,13.21,13.47,False,,-2653.783290894561,-12.369657902023391,188.21604805466268,200.58570595668607,-3254.03599005196,-15.44649225667672,203.6625403113394,,,,1017.6898005351611,57.16066461119394,105.90000000000146
2023-12-06,20931.2,20935.9,20950.0,2023-12-07,1,0.003424657534246575,0.002739757737189244,13.44,13.68,False,,2874.401994387503,15.895599971217962,149.56053034272736,133.6649303715094,2410.524072565141,13.517815756744312,136.04271458598305,,,,5446.995181404329,58.661478359011404,4.700000000000728
2023-12-07,20851.45,20916.1,20850.0,2023-12-07,0,0.0006849315068493151,1.902587519025875e-06,13.41,12.59,False,,5028.113249691543,26.830119229187403,92.93269771076302,66.10257848157562,5028.113249691543,26.830119229187403,66.10257848157562,,,,5857.674667271901,58.30753026041298,64.64999999999782
2023-12-08,20958.5,20972.1,20950.0,2023-12-14,6,0.017123287671232876,0.016438387874175547,12.5,12.58,False,,420.0479564252747,3.4891690073091013,243.42084680562402,239.93167779831492,127.06524274970005,1.987360219229231,241.4334865863948,,,,3743.4641339754535,54.62982602690514,13.599999999998545
2023-12-11,20975.15,20992.8,21000.0,2023-12-14,3,0.008904109589041096,0.008219209791983765,13.04,12.75,False,,1483.536188066182,8.905262502903497,224.44185450581426,215.53659200291077,2418.4328961911597,13.697502031749536,210.74435247406473,,,,4502.6625940088215,57.035108779207064,17.649999999997817
2023-12-12,21034.45,20900.4,21050.0,2023-12-14,2,0.0061643835616438354,0.005479483764586505,12.76,12.74,False,,-5054.024097612396,-24.680328705704596,184.31119885574844,208.99152756145304,-5011.313440909607,-24.46140226107491,208.77260111682335,,,,-739.5876503224861,55.96821326088818,134.04999999999927
2023-12-13,20914.75,20937.45,20900.0,2023-12-14,1,0.003424657534246575,0.002739757737189244,12.66,12.1,False,,1983.8056570458555,11.314746959209515,141.1096747514075,129.794927792198,3028.8440111499062,16.67155903153798,124.43811571986953,,,,6065.3151199890945,55.21359062271086,22.700000000000728
2023-12-14,21130.5,21195.25,21150.0,2023-12-14,0,0.0006849315068493151,1.902587519025875e-06,12.22,12.34,False,,7963.367678539395,41.86521886430459,87.11783444633511,45.25261558203052,7963.367678539401,41.86521886430462,45.25261558203049,,,,8792.929096119758,53.844405601117494,64.75
2023-12-15,21254.5,21448.7,21250.0,2023-12-21,6,0.017123287671232876,0.016438387874175547,12.22,13.29,False,,-11634.016804151146,-58.303419508467414,241.0842721418594,299.3876916503268,-14755.425955230263,-74.30351771912956,315.38778986098896,,,,-11139.02706400451,54.160380438179494,194.20000000000073
2023-12-18,21462.95,21410.8,21450.0,2023-12-21,3,0.008904109589041096,0.008219209791983765,14.03,13.93,False,,1640.517079655003,9.75270297258976,247.45427824487342,237.70157527228366,1968.144539354672,11.43212584284447,236.02215240202895,,,,4052.374237172334,62.79234357448869,52.150000000001455
2023-12-19,21436.6,21446.0,21450.0,2023-12-21,2,0.0061643835616438354,0.005479483764586505,13.88,13.86,False,,2025.5606879171376,11.646106091882757,204.24921967912087,192.6031135872381,2079.685403076657,11.923566169623882,192.325653509497,,,,6351.411193663778,62.04474126710962,9.400000000001455
2023-12-20,21564.4,21101.5,21550.0,2023-12-21,1,0.003424657534246575,0.002739757737189244,14.01,14.37,False,,-55750.980126321316,-284.592975006776,160.7689350616929,445.3619100684689,-55784.29541999947,-284.76372010256136,445.53265516425427,,,,-52747.824311160286,62.999212651470486,462.90000000000146
2023-12-21,21026.95,21283.0,21050.0,2023-12-21,0,0.0006849315068493151,1.902587519025875e-06,14.9,13.65,False,,-25054.08862655507,-127.34537757207727,105.65722564313546,233.00260321521273,-25054.08862655507,-127.34537757207727,233.00260321521273,,,,-24224.527208974712,65.3314290377989,256.0499999999993
2023-12-22,21256.25,21332.35,21250.0,2023-12-28,6,0.017123287671232876,0.016438387874175547,13.67,13.51,False,,-1676.2247279031017,-7.207562707195393,269.5858653610321,276.7934280682275,-1104.4000077739138,-4.276410296276481,273.8622756573086,,,,2511.99888345184,60.59192794809468,76.09999999999854
2023-12-26,21335.2,21454.15,21350.0,2023-12-28,2,0.0061643835616438354,0.005479483764586505,14.59,14.64,False,,-1743.352021044897,-7.655446261768702,213.70921011034625,221.36465637211495,-1865.8989946201407,-8.283635869846876,221.99284598019312,,,,2405.826795966981,64.91000128977251,118.95000000000073
2023-12-27,21536.85,21648.95,21550.0,2023-12-28,1,0.003424657534246575,0.002739757737189244,14.87,15.44,False,,-998.6731943393717,-3.9197086889198545,169.88254789834173,173.80225658726158,-1988.5733631652934,-8.993863400847658,178.87641129918939,,,,1047.897745673894,66.78097559304912,112.10000000000218
2023-12-28,21731.5,21773.7,21750.0,2023-12-28,0,0.0006849315068493151,1.902587519025875e-06,15.97,15.12,False,,17833.738669251645,92.51409573975202,116.22075999006665,23.706664250314628,17834.1294939779,92.51609996911742,23.704660020949234,,,,18663.690911558257,72.36927599562914,42.20000000000073
2023-12-29,21732.35,21728.3,21750.0,2024-01-04,6,0.017123287671232876,0.016438387874175547,15.29,14.41,False,,939.4779033763828,6.2704507865455525,307.2908876505626,301.02043686401703,4319.212008651713,23.594676967444684,283.6962106831179,,,,7935.610899877467,69.29051411021729,4.049999999999272
2024-01-01,21700.15,21689.45,21700.0,2024-01-04,3,0.008904109589041096,0.008219209791983765,14.63,14.75,False,,1772.9171704451987,10.455216258693326,260.288712672218,249.8334964135247,1373.1516076873693,8.406059526601894,251.88265314561613,,,,3457.3813055050314,66.20132312423435,10.700000000000728
2024-01-02,21730.7,21661.5,21750.0,2024-01-04,2,0.0061643835616438354,0.005479483764586505,14.59,14.58,False,,310.92261965760247,2.8822185623466794,217.79666655848087,214.9144479961342,337.00093231495805,3.015850934948503,214.78081562353236,,,,4608.726722902079,66.11326657484625,69.20000000000073
2024-01-03,21624.65,21523.7,21600.0,2024-01-04,1,0.003424657534246575,0.002739757737189244,14.7,14.1,False,,1477.035181608808,8.77074452107081,169.98582561737385,161.21508109630304,2584.3823270226817,14.446935010372727,155.53889060700112,,,,5620.853435861869,66.28664360778835,100.95000000000073
2024-01-04,21618.6,21669.6,21600.0,2024-01-04,0,0.0006849315068493151,1.902587519025875e-06,13.95,13.35,False,,5991.0957942467885,31.782029714086093,101.38470094679724,69.60267123271115,5991.0957942467885,31.782029714086093,69.60267123271115,,,,6820.657211827146,62.88707294658016,51.0
2024-01-05,21724.3,21709.55,21700.0,2024-01-11,6,0.017123287671232876,0.016438387874175547,13.2,12.52,False,,1083.6384128052327,6.9358380143858085,267.710056681708,260.7742186673222,3677.2763866702417,20.23064813677047,247.47940854493754,,,,7293.675277895996,59.796990930240604,14.75
2024-01-08,21723.8,21511.35,21700.0,2024-01-11,3,0.008904109589041096,0.008219209791983765,13.11,13.5,False,,-6359.160324070629,-31.27620679010579,234.99796123785381,266.2741680279596,-7423.89358031533,-36.73391579648887,271.7318770343427,,,,-5339.663882497668,59.38791728787241,212.45000000000073
2024-01-09,21663.85,21551.95,21650.0,2024-01-11,2,0.0061643835616438354,0.005479483764586505,12.92,13.3,False,,-616.4280013812793,-1.9177333404168166,192.82331224443806,194.74104558485487,-1575.1445493605365,-6.832074612105316,199.65538685654337,,,,2696.581241226585,58.36570841204384,111.89999999999782
2024-01-10,21475.45,21625.4,21500.0,2024-01-11,1,0.003424657534246575,0.002739757737189244,13.58,12.83,False,,-4128.766784772453,-19.99121428088438,155.42818802365036,175.41940230453474,-3012.172458396162,-14.26765363280083,169.6958416564512,,,,24.298650443025508,60.81373121933807,149.95000000000073
2024-01-11,21703.95,21669.4,21700.0,2024-01-11,0,0.0006849315068493151,1.902587519025875e-06,12.95,12.76,False,,12059.666886314068,62.87434300673881,93.47166020703298,30.59731720029417,12059.666938890266,62.87434327636034,30.59731693067264,,,,12889.228356470623,58.60951886108868,34.54999999999927
2024-01-12,21734.25,21908.25,21750.0,2024-01-18,6,0.017123287671232876,0.016438387874175547,12.47,13.09,False,,-7516.134325243196,-37.17761192432408,250.6823562234331,287.8599681477572,-9544.866877780065,-47.576753219384955,298.25910944281804,,,,-5928.467986554312,56.51590926898788,174.0
2024-01-15,22070.1,22109.8,22050.0,2024-01-18,3,0.008904109589041096,0.008219209791983765,13.62,13.79,False,,513.7233664562821,3.9770429049040104,247.54729000095358,243.57024709604957,-46.32618489629115,1.1062246928395325,246.44106530811405,,,,2037.9035129213707,62.68173601224879,39.70000000000073
2024-01-16,22061.25,22031.6,22050.0,2024-01-18,2,0.0061643835616438354,0.005479483764586505,13.95,13.55,False,,2215.1414880579005,12.631751220809747,211.7118000697683,199.08004884895854,3326.7360210461206,18.3297231848519,193.3820768849164,,,,7598.461811633242,64.17471242553827,29.650000000001455
2024-01-17,21770.9,21577.25,21750.0,2024-01-18,1,0.003424657534246575,0.002739757737189244,13.83,15.11,False,,-8179.1881503245195,-40.74342641192061,160.79066981439064,201.53409622631125,-9877.644325581514,-49.44956064400776,210.2402304583984,,,,-6841.173216742325,62.785328456833206,193.65000000000146
2024-01-18,21438.85,21477.25,21450.0,2024-01-18,0,0.0006849315068493151,1.902587519025875e-06,15.17,14.12,False,,15620.286122103133,81.15356985693914,108.40645273936752,27.252882882428377,15620.318981764447,81.1537383680228,27.252714371344723,,,,16449.880399344805,67.81826483966164,38.400000000001455
2024-01-19,21655.75,21638.2,21650.0,2024-01-25,6,0.017123287671232876,0.016438387874175547,13.79,13.86,False,,1005.8082997071997,6.554145126703588,277.0057898174782,270.45164469077463,738.2858245843007,5.182850382483593,271.8229394349946,,,,4354.6847158100545,62.2726149302817,17.549999999999272
2024-01-20,21677.8,21586.95,21700.0,2024-01-25,5,0.014383561643835616,0.013698661846778286,13.84,13.71,False,,-1154.2516414426902,-4.560316109962514,254.3068386665327,258.8671547764952,-720.8427401236459,-2.3387320006340815,256.6455706671668,,,,2895.556151102108,62.56204016974975,90.84999999999854
2024-01-23,21714.2,21243.05,21700.0,2024-01-25,2,0.0061643835616438354,0.005479483764586505,13.42,14.89,False,,-49676.05310540966,-253.37914413030592,200.7084961075816,454.0876402378875,-50432.39144785885,-257.2560587069685,457.96455481455007,,,,-46160.665657271726,60.76534345403018,471.15000000000146
2024-01-24,21244.2,21460.7,21250.0,2024-01-25,1,0.003424657534246575,0.002739757737189244,15.21,14.04,False,,-13717.747779751819,-69.1142450243683,171.246878736265,240.3611237606333,-12534.226234424033,-63.04757043294376,234.29444916920875,,,,-9497.755125584847,67.37972015450968,216.5
2024-01-25,21438.5,21370.75,21450.0,2024-01-25,0,0.0006849315068493151,1.902587519025875e-06,14.54,13.87,False,,4609.428079322733,24.704451688834524,103.95179900635048,79.24734731751596,4609.428079322733,24.704451688834524,79.24734731751596,,,,5438.98949690309,65.00075626610415,67.75
2024-01-29,21546.3,21744.8,21550.0,2024-02-01,3,0.008904109589041096,0.008219209791983765,15.14,15.67,False,,-8349.246026145664,-41.41710782638802,267.3648957503956,308.7820035767836,-9796.450285109351,-48.83533479543257,316.20023054582816,,,,-7712.22058729169,68.02337646196392,198.5
2024-01-30,21704.5,21530.55,21700.0,2024-02-01,2,0.0061643835616438354,0.005479483764586505,16.49,16.26,False,,-4163.360973649825,-20.000671659742693,245.76835341176957,265.76902507151226,-3628.0834449390522,-17.25688946122591,263.0252428729955,,,,643.6423456480691,74.63285385089915,173.95000000000073
2024-01-31,21522.0,21708.3,21500.0,2024-02-01,1,0.003424657534246575,0.002739757737189244,16.37,16.04,False,,-11686.900301457374,-58.67348872542243,187.81643614802306,246.4899248734455,-11295.097627467409,-56.6651160382944,244.48155218631746,,,,-8258.62651862822,73.46676452931166,186.29999999999927
2024-02-01,21716.55,21690.3,21700.0,2024-02-01,0,0.0006849315068493151,1.902587519025875e-06,15.93,14.61,False,,20336.29435018331,105.34115051376057,115.76175539170436,10.420604877943788,20376.475209199885,105.54715491897377,10.21460047273058,,,,21206.036626780242,72.13835180985306,26.25
2024-02-02,21941.15,21853.3,21950.0,2024-02-08,6,0.017123287671232876,0.016438387874175547,14.21,14.76,False,,-157.87300996047423,0.6105486668693629,288.497010231029,287.8864615641596,-2242.4055847069026,-10.07459274208668,298.57160297311566,,,,1373.9933065188509,65.01492590085194,87.85000000000218
2024-02-05,21902.5,21761.3,21900.0,2024-02-08,3,0.008904109589041096,0.008219209791983765,15.79,15.66,False,,-1535.6074808903347,-6.460756312258127,283.5741075682072,290.0348638804653,-1129.4105090374615,-4.378617995063905,287.9527255632711,,,,954.8191887802006,72.11663041653642,141.20000000000073
2024-02-06,21792.9,21938.8,21800.0,2024-02-08,2,0.0061643835616438354,0.005479483764586505,15.79,15.77,False,,-3607.6235924521407,-17.169915858728928,236.1437702091098,253.31368606783872,-3559.5032789168713,-16.923247584189085,253.06701779329887,,,,712.22251167025,71.75575916012038,145.89999999999782
2024-02-07,21989.85,21949.8,22000.0,2024-02-08,1,0.003424657534246575,0.002739757737189244,15.91,15.48,False,,2817.811899294124,15.672266150226278,185.47774482086606,169.8054786706398,3669.504139362343,20.037969945447912,165.43977487541815,,,,6705.97524820153,72.95449474546992,40.04999999999927
2024-02-08,21997.2,21759.7,22000.0,2024-02-08,0,0.0006849315068493151,1.902587519025875e-06,15.54,15.77,False,,-24928.953914012996,-126.68914827698973,113.60813102302563,240.29727930001536,-24928.953914012996,-126.68914827698973,240.29727930001536,,,,-24099.39249643264,71.28169618660971,237.5
2024-02-09,21770.1,21786.0,21750.0,2024-02-15,6,0.017123287671232876,0.016438387874175547,15.94,15.31,False,,638.1824651358746,4.754320334030126,322.53188250015046,317.77756216612033,3032.6203118070393,17.02805288106174,305.5038296190887,,,,6649.019203032794,72.36163123459384,15.900000000001455
2024-02-12,21800.95,21612.6,21800.0,2024-02-15,3,0.008904109589041096,0.008219209791983765,16.13,16.36,False,,-4614.172813066471,-22.232475964443438,288.28747957392625,310.5199555383697,-5288.925221597477,-25.691206264602442,313.9786858385287,,,,-3204.6955237798147,73.32792467126515,188.35000000000218
2024-02-13,21576.45,21728.0,21600.0,2024-02-15,2,0.0061643835616438354,0.005479483764586505,16.47,15.82,False,,-2505.8477748130013,-11.50721935801539,244.24587580315165,255.75309516116704,-921.0604684120219,-3.3836947098052406,247.6295705129569,,,,3350.6653221750994,74.10255764504994,151.54999999999927
2024-02-14,21563.4,21848.7,21550.0,2024-02-15,1,0.003424657534246575,0.002739757737189244,16.13,15.44,False,,-25835.837506676417,-131.2054743932124,184.82059664244844,316.02607103566083,-25377.59482886689,-128.85653758393278,313.6771342263812,,,,-22341.123720027703,72.52892056797339,285.2999999999993
2024-02-15,21875.1,21927.05,21900.0,2024-02-15,0,0.0006849315068493151,1.902587519025875e-06,15.33,15.16,False,,16578.679782824278,86.075024527304,113.12816813890822,27.053143611604227,16578.69389519082,86.07509689841447,27.05307124049375,,,,17408.25531277118,69.92811305859968,51.95000000000073
2024-02-16,22006.75,22033.5,22000.0,2024-02-22,6,0.017123287671232876,0.016438387874175547,15.1,15.24,False,,417.54556755073895,3.5965413720550714,308.09797940087446,304.5014380288194,-120.8888375337115,0.8365700639296847,307.2614093369448,,,,3495.510053692042,69.29349467244575,26.75
2024-02-19,22070.9,22116.95,22050.0,2024-02-22,3,0.008904109589041096,0.008219209791983765,16.0,16.02,False,,742.6786251798417,5.230300641947906,290.41636481328896,285.18606417134106,676.562707797226,4.891398501524236,285.52496631176473,,,,2760.7924056148877,73.63760130206086,46.04999999999927
2024-02-20,22087.4,22208.15,22100.0,2024-02-22,2,0.0061643835616438354,0.005479483764586505,16.33,16.09,False,,-1148.0167895175427,-4.540906612910476,247.56431503032945,252.10522164323993,-528.2264433098351,-1.3639304785119748,248.92824550884143,,,,3743.4993472772867,75.2125630387069,120.75
2024-02-21,22207.3,22028.75,22200.0,2024-02-22,1,0.003424657534246575,0.002739757737189244,16.24,15.92,False,,-5842.296888791546,-28.70793276303357,191.32223075233924,220.0301635153728,-5364.128340914996,-26.256914568794855,217.5791453211341,,,,-2327.657232075809,75.20407812758813,178.54999999999927
2024-02-22,22006.75,22216.9,22000.0,2024-02-22,0,0.0006849315068493151,1.902587519025875e-06,15.93,15.27,False,,-19774.93599341364,-100.26444099186483,116.63827970812054,216.90272069998537,-19774.93599341364,-100.26444099186483,216.90272069998537,,,,-18945.374575833284,73.10234239285171,210.15000000000146
2024-02-23,22232.8,22194.25,22250.0,2024-02-29,6,0.017123287671232876,0.016438387874175547,15.37,14.96,False,,815.2469649766583,5.649830589623889,316.01765139797317,310.3678208083493,2419.263297528223,13.871914346298581,302.1457370516746,,,,6035.662188753978,71.25701675184125,38.54999999999927
2024-02-26,22180.4,22117.15,22200.0,2024-02-29,3,0.008904109589041096,0.008219209791983765,15.66,15.6,False,,846.2166740465719,5.7504957643413945,284.7411277496103,278.9906319852689,1046.0134913887205,6.774633289172925,277.9664944604374,,,,3130.2431892063823,72.43037590523838,63.25
2024-02-27,22127.25,22194.2,22150.0,2024-02-29,2,0.0061643835616438354,0.005479483764586505,15.86,15.75,False,,1670.9594779073261,9.897074245678596,241.1648856326592,231.2678113869806,1973.6281832168133,11.448503503675965,229.71638212898324,,,,6245.353973803934,73.17963401101358,66.95000000000073
2024-02-28,22198.45,21926.25,22200.0,2024-02-29,1,0.003424657534246575,0.002739757737189244,15.84,16.62,False,,-20210.274746830317,-102.36638331707854,186.3489782652523,288.71536158233084,-20921.94962022856,-106.0144083088644,292.3633865741167,,,,-17885.47851138937,73.32252896426948,272.2000000000007
2024-02-29,21952.5,22042.05,21950.0,2024-02-29,0,0.0006849315068493151,1.902587519025875e-06,16.15,15.48,False,,4814.966674291577,25.783829098931164,117.83654361550725,92.05271451657609,4814.966674291577,25.783829098931164,92.05271451657609,,,,5644.5280918719345,73.92921929362694,89.54999999999927
2024-03-01,22122.1,22326.05,22100.0,2024-03-07,6,0.017123287671232876,0.016438387874175547,15.3,15.19,False,,-11052.154905157782,-55.18366618029631,314.89401823543085,370.07768441572716,-10702.573000129947,-53.39175897502537,368.2857772104562,,,,-7086.1741089041925,70.57930694487453,203.95000000000073
2024-03-04,22380.55,22397.65,22400.0,2024-03-07,3,0.008904109589041096,0.008219209791983765,15.27,14.98,False,,1836.4544533038375,10.817817709250448,280.1510745576852,269.33325684843476,2833.4915948109647,15.92857228108187,264.22250227660334,,,,4917.7212926286265,71.26386942796907,17.100000000002183
2024-03-05,22366.45,22358.5,22350.0,2024-03-07,2,0.0061643835616438354,0.005479483764586505,14.95,14.36,False,,2406.1759896224326,13.64541533139709,230.23565327522374,216.59023794382665,4067.439003619877,22.16091796728142,208.07473530794232,,,,8339.164794206998,69.72649882949682,7.950000000000728
2024-03-06,22328.25,22480.05,22350.0,2024-03-07,1,0.003424657534246575,0.002739757737189244,14.55,14.32,False,,-3631.214732589292,-17.40858837225278,172.75334017108617,190.16192854333895,-3257.411752715846,-15.49252180879921,188.24586197988538,,,,-220.94064387665867,67.745006212984,151.79999999999927
2024-03-07,22482.9,22483.5,22500.0,2024-03-07,0,0.0006849315068493151,1.902587519025875e-06,14.41,13.67,False,,17720.058622834797,91.9169672965887,108.46347546938705,16.546508172798355,17723.41171435679,91.93416263772713,16.529312831659922,,,,18552.973131937146,67.55786512779906,0.5999999999985448
2024-03-11,22487.65,22319.85,22500.0,2024-03-14,3,0.008904109589041096,0.008219209791983765,14.34,13.95,False,,-4843.351436001988,-23.451904800010198,264.2612793990829,287.7131841990931,-3681.9310038546587,-17.49851796848543,281.75979736756835,,,,-1597.7013060369966,67.24389046934239,167.8000000000029
2024-03-12,22331.55,22333.7,22350.0,2024-03-14,2,0.0061643835616438354,0.005479483764586505,14.06,13.72,False,,2155.8026090494513,12.334936456663854,215.65249949616918,203.31756303950533,3113.927234426341,17.246190945776107,198.40630855039308,,,,7385.653025013462,65.47323444422277,2.150000000001455
2024-03-13,22344.25,21981.05,22350.0,2024-03-14,1,0.003424657534246575,0.002739757737189244,13.78,14.44,False,,-40181.139893385014,-204.77861483787188,163.17841776184287,367.95703259971475,-40377.590672310675,-205.78564447338806,368.9640622352309,,,,-37341.11956347148,64.20585104842077,363.2000000000007
2024-03-14,21990.25,22153.05,22000.0,2024-03-14,0,0.0006849315068493151,1.902587519025875e-06,14.41,13.57,False,,-9476.987908641486,-47.49850209559736,105.55421860438582,153.05272069998318,-9476.987908641486,-47.49850209559736,153.05272069998318,,,,-8647.42649106113,66.0775230787213,162.79999999999927
2024-03-15,22106.5,21996.35,22100.0,2024-03-21,6,0.017123287671232876,0.016438387874175547,13.84,13.8,False,,-248.80764090149322,0.13575568768465018,283.8287088122488,283.69295312456416,-97.11376296315663,0.9133140360863763,282.91539477616243,,,,3519.285128262597,63.799266577446645,110.15000000000146
2024-03-18,22030.45,22051.5,22050.0,2024-03-21,3,0.008904109589041096,0.008219209791983765,14.35,13.84,False,,1659.4556798081449,9.871567588759717,259.1689966304093,249.2974290416496,3384.7286489601624,18.715172558770064,240.45382407163925,,,,5468.958346777825,65.92268335577491,21.049999999999272
2024-03-19,21937.4,21810.35,21950.0,2024-03-21,2,0.0061643835616438354,0.005479483764586505,14.32,14.08,False,,-2935.3408608887376,-13.761953132762756,215.62471233098222,229.38666546374498,-2357.452082749759,-10.799754270511585,226.4244666014938,,,,1914.2737078373625,65.50701039601591,127.05000000000291
2024-03-20,21855.3,21855.1,21850.0,2024-03-21,1,0.003424657534246575,0.002739757737189244,14.0,13.52,False,,3111.8958445815188,17.136696638879584,162.31688525286518,145.1801886139856,4080.539982186856,22.10189734454798,140.2149879083172,,,,7117.011091026044,63.80348713780654,0.2000000000007276
2024-03-21,21994.45,22014.6,22000.0,2024-03-21,0,0.0006849315068493151,1.902587519025875e-06,13.06,12.5,False,,15572.858717608931,80.88655752619965,95.53354110456894,14.646983578369287,15575.42794175019,80.89973303461636,14.633808069952579,,,,16404.989359330546,59.898492279010334,20.149999999997817
2024-03-22,21897.25,22080.8,21900.0,2024-03-28,6,0.017123287671232876,0.016438387874175547,13.0,12.15,False,,-9015.4342409372,-44.83873969711385,263.68749736011887,308.5262370572327,-6343.521523882064,-31.142725763497765,294.83022312361663,,,,-2727.12263265631,59.35981469505711,183.54999999999927
2024-03-26,22065.15,22018.25,22050.0,2024-03-28,2,0.0061643835616438354,0.005479483764586505,13.03,12.79,False,,1983.811339601701,11.420724818470262,198.1269712755602,186.70624645708995,2647.605900596471,14.823312310751135,183.30365896480907,,,,6919.331691183592,59.95299829289724,46.900000000001455
2024-03-27,22102.55,22147.2,22100.0,2024-03-28,1,0.003424657534246575,0.002739757737189244,12.7,12.74,False,,1623.4167183751842,9.481829325000945,148.8532851304317,139.37145580543074,1545.3362130790063,9.081570323482083,139.7717148069496,,,,4581.807321918194,58.53366398506515,44.650000000001455
2024-03-28,22217.4,22343.1,22200.0,2024-03-28,0,0.0006849315068493151,1.902587519025875e-06,12.72,12.69,False,,-9587.784962434374,-48.086025448381406,95.0167199852367,143.1027454336181,-9587.784962434374,-48.086025448381406,143.1027454336181,,,,-8758.223544854018,58.930476524241584,125.69999999999709
2024-04-01,22493.75,22469.05,22500.0,2024-04-04,3,0.008904109589041096,0.008219209791983765,12.74,12.03,False,,1476.067996203798,8.886348698481015,234.8699717543459,225.98362305586488,3921.647118245832,21.42224163202991,213.447730122316,,,,6005.876816063494,59.75729076304113,24.700000000000728
2024-04-02,22443.1,22464.3,22450.0,2024-04-04,2,0.0061643835616438354,0.005479483764586505,12.1,11.72,False,,1648.1829138765743,9.678476481418329,186.36132118455498,176.68284470313665,2719.4718462313954,15.16980433964818,171.1915168449068,,,,6991.197636818517,56.627556540415235,21.200000000000728
2024-04-03,22361.1,22445.55,22350.0,2024-04-04,1,0.003424657534246575,0.002739757737189244,11.7,11.41,False,,-2089.6346412359194,-9.56894687813292,139.1920942654724,148.76104114360533,-1602.6071889243283,-7.072498404740145,146.26459267021255,,,,1433.863919914859,54.555511634560375,84.45000000000073
2024-04-04,22519.9,22541.2,22500.0,2024-04-04,0,0.0006849315068493151,1.902587519025875e-06,11.45,11.26,False,,8782.054053639586,46.062020787895314,87.26480332197207,41.20278253407675,8782.054053638554,46.06202078789003,41.20278253408204,,,,9611.615471218913,53.76894953051334,21.299999999999272
2024-04-05,22468.3,22523.4,22450.0,2024-04-10,5,0.014383561643835616,0.013698661846778286,11.57,11.34,False,,-1328.3613759156726,-5.512160902131654,222.36990216890263,227.88206307103428,-543.6870201439812,-1.489984718687083,223.8598868875897,,,,3072.7118710817726,54.20797455463709,55.10000000000218
2024-04-08,22584.0,22661.0,22600.0,2024-04-10,2,0.0061643835616438354,0.005479483764586505,11.64,11.59,False,,12.07731327202194,1.2810631449847278,180.51611382066403,179.2350506756793,147.57482737250766,1.975614499346193,178.54049932131784,,,,4419.300617959629,54.81677141071174,77.0
2024-04-09,22704.85,22642.05,22700.0,2024-04-10,1,0.003424657534246575,0.002739757737189244,11.49,11.36,False,,1253.9225192038268,7.5684744574555225,138.44912355601446,130.88064909855893,1510.2077845284637,8.882193766812634,129.56692978920182,,,,4546.678893367652,54.399921531848435,62.79999999999927
2024-04-10,22715.7,22735.05,22700.0,2024-04-10,0,0.0006849315068493151,1.902587519025875e-06,11.31,11.12,False,,9809.959928095186,51.32938424664198,86.38219151479643,35.05280726815445,9809.959928138978,51.32938424686656,35.05280726792987,,,,10639.521345719337,53.57329235961607,19.349999999998545
2024-04-12,22714.65,22519.4,22700.0,2024-04-18,6,0.017123287671232876,0.016438387874175547,11.31,11.59,False,,-5115.080503945283,-24.890771815104017,239.50282133499604,264.39359315010006,-6085.857902627495,-29.866912321166637,269.3697336561627,,,,-2469.459011401741,53.57081601255313,195.25
2024-04-15,22327.95,22277.45,22350.0,2024-04-18,3,0.008904109589041096,0.008219209791983765,12.42,12.45,False,,513.1035247934033,3.936428332273863,227.41984203258835,223.4834137003145,412.79393298445865,3.4222765794074803,223.99756545318087,,,,2497.0236308021204,57.826919058310324,50.5
2024-04-16,22187.45,22177.45,22200.0,2024-04-18,2,0.0061643835616438354,0.005479483764586505,12.57,12.62,False,,1831.3992844352351,10.627073253514027,191.43401964570148,180.80694639218746,1691.6818190122835,9.910881123139916,181.52313852256157,,,,5963.407609599404,58.157037672932134,10.0
2024-04-18,22266.45,22045.75,22250.0,2024-04-18,0,0.0006849315068493151,1.902587519025875e-06,12.16,12.88,False,,-22295.647674826916,-113.23301371706111,91.01423466590859,204.2472483829697,-22295.647674826916,-113.23301371706111,204.2472483829697,,,,-21466.08625724656,56.46042777183202,220.70000000000073
2024-04-19,21850.65,22149.7,21850.0,2024-04-25,6,0.017123287671232876,0.016438387874175547,14.18,13.37,False,,-20857.27409240207,-105.49571329436958,287.06456399548915,392.56027728985873,-18832.32025952561,-95.1159500488493,382.18051404433845,,,,-15215.921368299858,64.61006812701517,299.0499999999993
2024-04-22,22246.85,22370.5,22250.0,2024-04-25,3,0.008904109589041096,0.008219209791983765,13.13,12.69,False,,-3167.712363507697,-14.908781351321522,239.4489681033192,254.35774945464073,-1815.3890045226785,-7.9768666898598894,247.4258347931791,,,,268.84069329498345,60.91059756290029,123.65000000000146
2024-04-23,22399.0,22361.0,22400.0,2024-04-25,2,0.0061643835616438354,0.005479483764586505,10.36,10.31,False,,1197.6387974503493,7.318814345899227,159.34868075584382,152.0298664099446,1336.9400330002475,8.032871964103833,151.31580879173998,,,,5608.665823587368,48.38914991859179,38.0
2024-04-24,22409.45,22412.2,22400.0,2024-04-25,1,0.003424657534246575,0.002739757737189244,10.34,10.35,False,,2266.5885945014834,12.731172279494785,123.29788434411057,110.56671206461579,2246.012847117503,12.625706908294887,110.67217743581568,,,,5282.483955956691,48.31826639974513,2.75
2024-04-25,22342.0,22559.25,22350.0,2024-04-25,0,0.0006849315068493151,1.902587519025875e-06,10.53,10.58,False,,-25730.279383682733,-130.86215068555248,78.39061329829565,209.25276398384813,-25730.279383682733,-130.86215068555248,209.25276398384813,,,,-24900.717966102377,49.058021154836446,217.25
2024-04-26,22604.9,22450.2,22600.0,2024-05-02,6,0.017123287671232876,0.016438387874175547,10.86,10.88,False,,-3319.037748710935,-15.705475634415052,228.1389058467139,243.84438148112895,-3390.8916584549424,-16.073803376692013,244.2127092234059,,,,225.50723277081113,51.19081251922297,154.70000000000073
2024-04-29,22510.2,22633.15,22500.0,2024-05-02,3,0.008904109589041096,0.008219209791983765,11.93,12.2,False,,-4556.447249110593,-22.06213973902868,220.7392273621972,242.80136710122588,-5364.921468399038,-26.20631522255917,246.94554258475637,,,,-3280.6917705813757,55.99888822685563,122.95000000000073
2024-04-30,22678.25,22587.75,22700.0,2024-05-02,2,0.0061643835616438354,0.005479483764586505,12.57,12.96,False,,-1536.9083250795727,-6.630247820920886,195.94489604750743,202.5751438684283,-2546.5468210240815,-11.805573441149136,207.75046948865656,,,,1725.1789695630398,59.44350700987149,90.5
2024-05-02,22640.0,22656.75,22650.0,2024-05-02,0,0.0006849315068493151,1.902587519025875e-06,13.78,13.37,False,,18521.09497288804,96.01464088660532,103.94111395586333,7.926473069258009,18540.33561468518,96.11325956248811,7.827854393375219,,,,19369.89703226554,65.05568402323847,16.75
2024-05-03,22791.85,22456.7,22800.0,2024-05-09,6,0.017123287671232876,0.016438387874175547,13.79,14.84,False,,-19619.594664270593,-99.14438289369537,290.8732980896457,390.01768098334105,-22499.656180165723,-113.90736502649088,404.78066311613657,,,,-18883.257288939967,65.53954947756327,335.1499999999978
2024-05-06,22576.35,22458.0,22600.0,2024-05-09,3,0.008904109589041096,0.008219209791983765,16.1,16.55,False,,-1463.7626800344383,-6.065552205304812,298.05760667195136,304.1231588772562,-2923.81788295967,-13.54968145107523,311.6072881230266,,,,-839.588185142008,75.7947653598972,118.34999999999854
2024-05-07,22490.45,22304.5,22500.0,2024-05-09,2,0.0061643835616438354,0.005479483764586505,16.79,17.05,False,,-5877.755979175017,-28.76367168807701,259.14520315164555,287.90887483972256,-6487.984818525419,-31.89166573602779,291.03686888767334,,,,-2216.2590279382975,78.74236394846851,185.95000000000073
2024-05-08,22233.5,22306.75,22250.0,2024-05-09,1,0.003424657534246575,0.002739757737189244,17.5,17.03,False,,2748.866676643005,15.357829110989769,206.4561519117433,191.09832280075352,3683.4401727867426,20.148411142496116,186.30774076924718,,,,6719.91128162593,81.13448633045654,73.25
2024-05-09,22235.15,21968.15,22250.0,2024-05-09,0,0.0006849315068493151,1.902587519025875e-06,17.61,18.26,False,,-29720.648019564014,-151.21942574135392,130.62782264161433,281.84724838296825,-29720.648019564014,-151.21942574135392,281.84724838296825,,,,-28891.086601983658,81.65053355752552,267.0
2024-05-10,22049.1,22054.0,22050.0,2024-05-16,6,0.017123287671232876,0.016438387874175547,18.28,18.6,False,,1115.1265197252503,7.292905229360258,373.0144353445994,365.72153011523915,-129.32651734810753,0.9139665777020127,372.1004687668974,,,,3487.072373877646,84.04786115827362,4.900000000001455
2024-05-13,21952.2,22119.4,21950.0,2024-05-16,3,0.008904109589041096,0.008219209791983765,20.7,20.56,False,,-3287.366230794457,-15.275006311766447,372.44658369728677,387.7215900090532,-2850.7853860254954,-13.037104543720488,385.48368824100726,,,,-766.5556882078333,94.75628024903317,167.20000000000073
2024-05-14,22130.05,22223.8,22150.0,2024-05-16,2,0.0061643835616438354,0.005479483764586505,21.11,20.46,False,,1824.0962278411082,10.830031937646709,320.7971918160383,309.9671598783916,3601.1232988621136,19.938939994164684,300.85825182187364,,,,7872.849089449235,97.4159872004668,93.75
2024-05-15,22276.45,22210.4,22300.0,2024-05-16,1,0.003424657534246575,0.002739757737189244,20.33,20.41,False,,2730.2547100821216,15.325819026062163,240.56203267703495,225.2362136509728,2573.7477538147327,14.523578224690937,226.038454452344,,,,5610.218862653921,94.4371709577691,66.04999999999927
2024-05-16,22310.95,22392.35,22300.0,2024-05-16,0,0.0006849315068493151,1.902587519025875e-06,20.16,19.83,False,,10967.011345098257,57.37805817999106,149.73081598043063,92.35275780043958,10967.011345098257,57.37805817999106,92.35275780043958,,,,11796.572762678614,93.79251862726352,81.39999999999782
2024-05-17,22376.3,22465.55,22400.0,2024-05-23,6,0.017123287671232876,0.016438387874175547,20.15,19.78,False,,-51.95975743803655,1.392155090061351,416.95260540375966,415.5604503136983,1391.830502605394,8.792925654386636,408.159679749373,,,,5008.229393831148,94.02058173604263,89.25
2024-05-21,22469.4,22507.55,22450.0,2024-05-23,2,0.0061643835616438354,0.005479483764586505,22.24,21.97,False,,2794.561171146025,15.846672672543718,343.4669109687038,327.6202382961601,3550.4198398335893,19.721127383761996,323.7457835849418,,,,7822.14563042071,104.2043541037371,38.14999999999782
2024-05-22,22557.65,22620.5,22550.0,2024-05-23,1,0.003424657534246575,0.002739757737189244,21.86,21.49,False,,3621.1714324988234,19.931391961532427,261.44583327422333,241.5144413126909,4368.878728938668,23.764096045839324,237.681737228384,,,,7405.349837777856,102.82616035444275,62.849999999998545
2024-05-23,22585.45,22951.0,22600.0,2024-05-23,0,0.0006849315068493151,1.902587519025875e-06,21.51,21.31,False,,-37132.67033450862,-189.1548735103006,161.8479213905939,351.0027949008945,-37132.67033450862,-189.1548735103006,351.0027949008945,,,,-36303.108916928264,101.30450665148265,365.5499999999993
2024-05-24,22985.5,22952.0,23000.0,2024-05-30,6,0.017123287671232876,0.016438387874175547,21.57,21.79,False,,1470.54658148784,9.273572212758154,458.47193318647624,449.1983609737181,578.3346431085345,4.700177656966844,453.7717555295094,,,,4194.733534334288,103.3864701869718,33.5
2024-05-27,22986.85,22931.05,23000.0,2024-05-30,3,0.008904109589041096,0.008219209791983765,22.9,23.23,False,,2587.6003268001164,14.949129881026238,431.3733054115255,416.42417553049927,1430.711338853609,9.019032506941585,422.3542729045839,,,,3514.941036671271,109.76769679398934,55.79999999999927
2024-05-28,22984.1,22868.65,23000.0,2024-05-30,2,0.0061643835616438354,0.005479483764586505,23.31,24.15,False,,1267.2491998855317,8.062918973771957,367.7593289655397,359.6964099917677,-1070.9897681982625,-3.92271675999109,371.68204572553077,,,,3200.736022388859,111.71960294873823,115.44999999999709
2024-05-29,22798.55,22705.8,22800.0,2024-05-30,1,0.003424657534246575,0.002739757737189244,23.95,24.27,False,,3844.984354712447,21.13053515237152,289.3569451783005,268.226410025929,3197.05390738174,17.809250807085846,271.5476943712147,,,,6233.525016220928,113.86030734248527,92.75
2024-05-30,22642.6,22557.1,22650.0,2024-05-30,0,0.0006849315068493151,1.902587519025875e-06,24.38,24.05,False,,17443.830291779042,90.64056559886689,183.53776451456724,92.89719891570036,17443.830291779206,90.64056559886772,92.89719891569952,,,,18273.391709359563,115.11173591494061,85.5
2024-05-31,22636.1,22550.45,22650.0,2024-06-06,6,0.017123287671232876,0.016438387874175547,22.81,24.76,False,,968.7924645313684,6.736884433494197,477.4491529519564,470.7122685184622,-6757.365672916025,-32.86684960469756,510.316002556654,,,,-3140.966781690271,107.6679630103268,85.64999999999782
2024-06-03,23135.6,23305.95,23150.0,2024-06-06,3,0.008904109589041096,0.008219209791983765,20.27,21.13,False,,-2332.585820850184,-10.358799081282996,384.314579052676,394.673378133959,-5212.727802875785,-25.12219386090146,409.43677291357744,,,,-3128.4981050581227,97.78992728441027,170.35000000000218
2024-06-04,22479.7,21996.45,22500.0,2024-06-06,2,0.0061643835616438354,0.005479483764586505,25.2,25.89,False,,-33513.24236489752,-170.17990956357698,388.9558665329114,559.1357760964884,-34599.608178741444,-175.74855476277662,564.704421295688,,,,-30327.882388154318,118.12740386364632,483.25
2024-06-05,22008.2,22573.0,22000.0,2024-06-06,1,0.003424657534246575,0.002739757737189244,21.95,19.05,False,,-63844.48884614853,-325.9024556212745,256.14526227852366,582.0477178997982,-63217.14705619115,-322.68675413431356,578.8320164128372,,,,-60180.67594735196,100.7345976507062,564.7999999999993
2024-06-06,22714.7,22849.05,22700.0,2024-06-06,0,0.0006849315068493151,1.902587519025875e-06,17.84,16.6,False,,-2924.529559561775,-13.855997741342435,135.19680952636918,149.05280726771161,-2924.529559561775,-13.855997741342435,149.05280726771161,,,,-2094.9681419814174,84.50092496726245,134.34999999999854
2024-06-07,22919.25,23270.05,22900.0,2024-06-13,6,0.017123287671232876,0.016438387874175547,16.97,16.85,False,,-24653.985099060414,-124.81976973877136,361.1017119835269,485.92148172229827,-24324.751897612903,-123.13216357750207,484.233875561029,,,,-20708.353006387148,81.10392115327512,350.7999999999993
2024-06-10,23400.1,23234.45,23400.0,2024-06-13,3,0.008904109589041096,0.008219209791983765,16.88,16.43,False,,-2199.39053167322,-9.788515547042152,323.7825299617489,333.57104550879103,-711.7608668962739,-2.1630813686988404,325.9456113304477,,,,1372.4688309213882,82.36633903062011,165.64999999999782
2024-06-11,23282.7,23261.8,23300.0,2024-06-13,2,0.0061643835616438354,0.005479483764586505,15.92,14.79,False,,2377.7582093441283,13.544811329969889,254.4925839800526,240.9477726500827,5680.097929560363,30.472399638771094,224.0201843412815,,,,9951.823720147484,77.29226125515112,20.900000000001455
2024-06-12,23355.3,23308.4,23350.0,2024-06-13,1,0.003424657534246575,0.002739757737189244,14.57,14.46,False,,3005.313545874143,16.624120748072528,180.48974962500688,163.86562887693435,3238.5158818653863,17.819517342899417,162.67023228210746,,,,6274.986990704574,70.95852992340485,46.89999999999782
2024-06-13,23418.2,23399.35,23400.0,2024-06-13,0,0.0006849315068493151,1.902587519025875e-06,14.09,13.35,False,,20248.04191669671,104.87934316254723,110.67682355291254,5.797480390365308,20306.96046460207,105.18133571590806,5.495487837004475,,,,21136.521882182427,68.80565148594977,18.850000000002183
2024-06-14,23351.9,23454.15,23350.0,2024-06-20,6,0.017123287671232876,0.016438387874175547,13.17,12.91,False,,-2771.6745492841355,-12.793869483508388,285.11171232082233,297.9055818043307,-1768.8404573048338,-7.653438242588891,292.7651505634112,,,,1847.55843392092,64.13093985549548,102.25
2024-06-18,23515.0,23562.3,23500.0,2024-06-20,2,0.0061643835616438354,0.005479483764586505,13.39,13.04,False,,777.0393430331599,5.269688938631589,216.84618137589132,211.57649243725973,1776.3655901673196,10.392182513678563,206.45399886221276,,,,6048.09138075444,65.6576247625111,47.29999999999927
2024-06-19,23557.3,23521.4,23550.0,2024-06-20,1,0.003424657534246575,0.002739757737189244,13.17,13.74,False,,2982.3502041991105,16.477026688200567,164.67840209180213,148.20137540360156,1752.3145327608866,10.171971962876341,154.50643012892579,,,,4788.785641600074,64.69502650567465,35.89999999999782
2024-06-20,23497.6,23579.15,23500.0,2024-06-20,0,0.0006849315068493151,1.902587519025875e-06,13.79,13.31,False,,5355.020882891574,28.533235296879866,107.68614149913992,79.15290620226006,5355.020882891574,28.533235296879866,79.15290620226006,,,,6184.582300471931,67.568982676,81.55000000000291
2024-06-21,23607.85,23453.15,23600.0,2024-06-27,6,0.017123287671232876,0.016438387874175547,13.37,13.21,False,,-1894.9224952781444,-8.285141001426382,292.9528230262167,301.2379640276431,-1267.8382944791292,-5.070760484508355,298.0235835107251,,,,2348.5605967466245,65.81841987545738,154.6999999999971
2024-06-24,23411.6,23548.65,23400.0,2024-06-27,3,0.008904109589041096,0.008219209791983765,13.56,13.97,False,,-4568.330489679741,-22.04861789579354,260.79151063421523,282.84012853000877,-5868.9252333678205,-28.715360171117027,289.50687080533226,,,,-3784.6955355501586,66.1988419810801,137.0500000000029
2024-06-25,23579.75,23721.9,23600.0,2024-06-27,2,0.0061643835616438354,0.005479483764586505,14.04,14.27,False,,-2627.3352583056117,-12.161257734900573,227.40878934766806,239.57004708256864,-3239.431385987621,-15.298776338398056,242.70756568606612,,,,1032.2944045995002,69.03445673772893,142.15000000000146
2024-06-26,23696.55,23840.25,23700.0,2024-06-27,1,0.003424657534246575,0.002739757737189244,14.43,13.99,False,,-4256.06264058674,-20.59580841326533,181.2114627469582,201.80727116022354,-3509.8652673411525,-16.770847524826422,197.98231027178463,,,,-473.3941585019652,71.30353477137507,143.70000000000073
2024-06-27,23819.7,24036.1,23800.0,2024-06-27,0,0.0006849315068493151,1.902587519025875e-06,14.09,14.02,False,,-24285.988863237864,-123.39501981147623,112.7079234912344,236.10294330271063,-24285.988863237864,-123.39501981147623,236.10294330271063,,,,-23456.427445657508,69.98530957545317,216.39999999999782
2024-06-28,24131.95,24009.8,24150.0,2024-07-04,6,0.017123287671232876,0.016438387874175547,14.13,13.69,False,,-1496.3098192228824,-6.200255483194269,315.35687553824573,321.55713102144,292.63157189649905,2.9697516507512773,312.38712388749445,,,,3909.0304631222525,71.10402508799514,122.15000000000146
2024-07-01,24042.7,24123.15,24050.0,2024-07-04,3,0.008904109589041096,0.008219209791983765,14.04,13.83,False,,50.33986348152118,1.6557941717001086,276.64046257632435,274.98466840462424,801.2985705919118,5.505172156881599,271.13529041944275,,,,2885.5282684095737,70.38983589767471,80.45000000000073
2024-07-02,24144.5,24117.8,24150.0,2024-07-04,2,0.0061643835616438354,0.005479483764586505,13.83,13.67,False,,2167.8950066848533,12.42202567530694,229.159838023048,216.73781234774106,2653.3413816509405,14.910366059748412,214.24947196329958,,,,6925.067172238061,69.63057856707849,26.700000000000728
2024-07-03,24231.15,24290.8,24250.0,2024-07-04,1,0.003424657534246575,0.002739757737189244,13.5,13.25,False,,2552.394675796993,14.289921414343553,173.73861472892713,159.44869331458358,3098.275151273741,17.088077698839697,156.65053703008743,,,,6134.746260112928,68.21303956134217,59.64999999999782
2024-07-04,24362.45,24304.65,24350.0,2024-07-04,0,0.0006849315068493151,1.902587519025875e-06,13.13,12.82,False,,11780.716229946973,61.46926271767679,106.81625139756943,45.34698867989264,11780.716229960695,61.469262717747156,45.346988679822275,,,,12610.277647541052,66.70298885443471,57.79999999999927
2024-07-05,24186.15,24316.75,24200.0,2024-07-11,6,0.017123287671232876,0.016438387874175547,12.95,12.66,False,,-3630.0251932045735,-17.18510355489525,289.7613358994149,306.94643945431017,-2484.7765541096796,-11.314648995434254,301.07598489484917,,,,1131.6223371160738,65.31247144423573,130.59999999999854
2024-07-08,24324.0,24331.05,24300.0,2024-07-11,3,0.008904109589041096,0.008219209791983765,13.31,13.66,False,,1618.5507101735122,9.676157488069293,266.84332553384957,257.1671680457803,323.76495275174136,3.039153603855084,263.8041719299945,,,,2407.9946505694033,67.51070724712568,7.049999999999272
2024-07-09,24360.55,24417.25,24350.0,2024-07-11,2,0.0061643835616438354,0.005479483764586505,13.75,14.07,False,,729.1652208532153,5.049411388990848,230.34366472485635,225.2942533358655,-218.71766405268374,0.19062736383239098,230.15303736102396,,,,4053.0081265344375,69.84726336625695,56.70000000000073
2024-07-10,24407.95,24312.4,24400.0,2024-07-11,1,0.003424657534246575,0.002739757737189244,14.38,14.38,False,,1153.538109810873,7.142759537491656,186.26148311089855,179.1187235734069,1153.538109810873,7.142759537491656,179.1187235734069,,,,4190.009218650061,73.18967160456516,95.54999999999927
2024-07-11,24346.4,24338.5,24350.0,2024-07-11,0,0.0006849315068493151,1.902587519025875e-06,14.26,13.92,False,,19969.12434231115,103.45838124262127,115.39316611324102,11.934784870619751,19977.934294828432,103.50356048629965,11.889605626941375,,,,20807.495712408792,72.39588575289027,7.900000000001455
2024-07-12,24433.05,24512.4,24450.0,2024-07-18,6,0.017123287671232876,0.016438387874175547,13.88,13.68,False,,-702.1046673492956,-2.1323829094835673,313.66270213199823,315.7950850414818,140.10237792060806,2.1847301431826054,311.4779719888156,,,,3756.5012691463617,70.71747691407933,79.35000000000218
2024-07-15,24567.6,24588.35,24550.0,2024-07-18,3,0.008904109589041096,0.008219209791983765,14.21,14.11,False,,1509.9713752984896,9.157083975889691,287.03027653426943,277.87319255837974,1883.0358665998663,11.069363418460853,275.9609131158086,,,,3967.2655644175284,72.79749208960195,20.75
2024-07-16,24623.2,24601.1,24600.0,2024-07-18,2,0.0061643835616438354,0.005479483764586505,14.36,14.15,False,,2716.6854136761485,15.262489300903326,243.92451476779206,228.66202546688874,3368.2592372282606,18.60240634476031,225.32210842303175,,,,7639.985027815382,73.73242878549866,22.100000000002183
2024-07-18,24538.45,24779.35,24550.0,2024-07-18,0,0.0006849315068493151,1.902587519025875e-06,14.63,14.42,False,,-21624.40572208942,-109.73915754917653,119.61387850466963,229.35303605384615,-21624.40572208942,-109.73915754917653,229.35303605384615,,,,-20794.844304509064,74.86021328967166,240.89999999999782
2024-07-19,24769.4,24525.85,24750.0,2024-07-25,6,0.017123287671232876,0.016438387874175547,14.43,14.81,False,,-5660.663783143773,-27.514839913557807,332.34502594949845,359.85986586305626,-7132.126903761345,-35.05747130134023,367.4024972508387,,,,-3515.728012535591,74.53176830239414,243.5500000000029
2024-07-22,24468.25,24515.9,24450.0,2024-07-25,3,0.008904109589041096,0.008219209791983765,15.35,15.36,False,,920.1782606721847,6.17404236242146,308.67317111785997,302.4991287554385,883.4218568146359,5.985650547767364,302.6875205700926,,,,2967.651554632298,78.31967858188825,47.650000000001455
2024-07-23,24531.65,24476.4,24550.0,2024-07-25,2,0.0061643835616438354,0.005479483764586505,15.16,12.59,False,,1569.9599202757888,9.405743180901482,255.3550057973698,245.94926261646833,9301.744472303528,49.03827934514629,206.31672645222352,,,,13573.470262890649,77.55067257011096,55.25
2024-07-24,24449.1,24441.9,24450.0,2024-07-25,1,0.003424657534246575,0.002739757737189244,12.63,11.73,False,,3143.6317109568986,17.301854927984095,163.67022705298587,146.36837212500177,5177.5021206409565,27.72734420841516,135.9428828445707,,,,8213.973229480143,64.39109861590077,7.19999999999709
2024-07-25,24248.15,24415.0,24250.0,2024-07-25,0,0.0006849315068493151,1.902587519025875e-06,11.99,12.51,False,,-13548.716871378183,-68.38649677629837,96.61650217709575,165.00299895339413,-13548.716871378183,-68.38649677629837,165.00299895339413,,,,-12719.155453797825,60.62578856132589,166.84999999999854
2024-07-26,24477.65,24851.75,24500.0,2024-08-01,6,0.017123287671232876,0.016438387874175547,12.3,12.18,False,,-28959.056073122258,-147.04090293908848,278.42896132900387,425.46986426809235,-28674.151560450962,-145.58046954077417,424.00943086977804,,,,-25057.75266922521,62.781897791860835,374.09999999999854
2024-07-29,24916.35,24840.95,24900.0,2024-08-01,3,0.008904109589041096,0.008219209791983765,12.86,12.83,False,,1522.0658254281457,9.175465771426389,263.5708069619468,254.3953411905204,1635.436321998232,9.756596523067856,253.81421043887894,,,,3719.666019815894,66.81669635987173,75.39999999999782
2024-07-30,24836.0,24840.9,24850.0,2024-08-01,2,0.0061643835616438354,0.005479483764586505,13.01,12.83,False,,2220.9167423435165,12.680085858171878,221.78408160027902,209.10399574210714,2785.3079267870953,15.573117573267155,206.21096402701187,,,,7057.033717374216,67.37806821383916,4.900000000001455
2024-07-31,24926.3,24979.3,24950.0,2024-08-01,1,0.003424657534246575,0.002739757737189244,13.04,13.3,False,,2942.6516643853342,16.2888803301812,172.92594547290355,156.63706514272235,2351.381063442334,13.258056735601713,159.66788873730184,,,,5387.852172281522,67.77897807468118,53.0
2024-08-01,25054.15,25006.0,25050.0,2024-08-01,0,0.0006849315068493151,1.902587519025875e-06,13.05,12.94,False,,12414.677239069058,64.72244737984133,108.71934949284332,43.996902113001994,12414.677239123026,64.72244738011808,43.99690211272524,,,,13244.238656703383,68.17886897464383,48.150000000001455
2024-08-02,24836.0,24699.45,24850.0,2024-08-08,6,0.017123287671232876,0.016438387874175547,13.3,14.41,False,,-2053.7610174430306,-9.075851371502722,305.5831014567266,314.6589528282293,-6671.790620249278,-32.747541642303986,338.33064309903057,,,,-3055.391729023524,68.87996212483174,136.54999999999927
2024-08-05,24215.5,24051.8,24200.0,2024-08-08,3,0.008904109589041096,0.008219209791983765,17.06,20.43,False,,-808.6025351570244,-2.630884795677048,339.1574940429291,341.78837883860615,-12727.979700141506,-63.72871641098209,402.8862104539112,,,,-10643.750002323844,86.1453966639068,163.70000000000073
2024-08-06,24318.6,24033.05,24300.0,2024-08-08,2,0.0061643835616438354,0.005479483764586505,17.59,18.54,False,,-10918.466437821273,-54.53675096318602,294.2566863208358,348.7934372840218,-13138.119324792271,-65.91450935790908,360.1711956787449,,,,-8866.393534205152,89.19982787379928,285.5499999999993
2024-08-07,24266.2,24315.25,24250.0,2024-08-08,1,0.003424657534246575,0.002739757737189244,17.09,16.1,False,,2846.195029783561,15.882589896325953,220.35362547014847,204.47103557382252,4977.002957107962,26.804938241579293,193.54868722856918,,,,8013.474065947149,86.47756310525857,49.04999999999927
2024-08-08,24222.35,24098.7,24200.0,2024-08-08,0,0.0006849315068493151,1.902587519025875e-06,16.64,16.65,False,,6388.139923525593,33.88005088987484,135.17705811989072,101.29700723001588,6388.139923525593,33.88005088987484,101.29700723001588,,,,7217.701341105951,84.04835244484514,123.64999999999782
2024-08-09,24389.1,24364.4,24400.0,2024-08-14,5,0.014383561643835616,0.013698661846778286,15.66,15.37,False,,1250.832737453071,7.897039679246518,323.7777133505733,315.8806736713268,2390.58198853085,13.739292248876154,310.03842110169717,,,,6006.980879756605,79.64291360798043,24.69999999999709
2024-08-12,24274.45,24348.8,24250.0,2024-08-14,2,0.0061643835616438354,0.005479483764586505,16.29,15.9,False,,170.50751071545733,2.264192362643371,272.5463272131965,270.2821348505531,1299.7567695017933,8.052598817957914,264.4937283952386,,,,5571.482560088914,82.45748613954842,74.34999999999854
2024-08-13,24322.15,24141.2,24300.0,2024-08-14,1,0.003424657534246575,0.002739757737189244,15.95,16.3,False,,-3454.0244136097426,-16.43735596722945,206.64761927530162,223.08497524253107,-4082.002463227404,-19.656320324243097,226.30393959954472,,,,-1045.5313543882166,80.8951076783153,180.95000000000073
2024-08-14,24132.65,24144.5,24150.0,2024-08-14,0,0.0006849315068493151,1.902587519025875e-06,16.19,15.46,False,,23643.476524653302,122.32100781873487,130.52665360399078,8.20564578525591,23692.070084505136,122.57005171541095,7.956601888579826,,,,24521.631502085493,81.47258021936317,11.849999999998545
2024-08-16,24385.3,24539.2,24400.0,2024-08-22,6,0.017123287671232876,0.016438387874175547,15.02,14.3,False,,-4167.281188299456,-19.84795481179208,338.7756481952201,358.6236030070122,-1300.9566869155353,-5.155367625207873,343.931015820428,,,,2315.4422043102186,76.37612899068397,153.90000000000146
2024-08-19,24582.5,24579.0,24600.0,2024-08-22,3,0.008904109589041096,0.008219209791983765,14.38,14.19,False,,1930.8479589067472,11.319476712342293,289.71915967849964,278.39968296615734,2648.085016139151,14.995974441739236,274.7231852367604,,,,4732.314713956813,73.71307718260742,3.5
2024-08-20,24622.4,24672.85,24600.0,2024-08-22,2,0.0061643835616438354,0.005479483764586505,13.9,13.78,False,,736.8089047933731,5.099327716889093,236.12958927537875,231.03026155848966,1093.9964795272567,6.930238356550035,229.1993509188287,,,,5365.722270114378,71.36820766475344,50.44999999999709
2024-08-21,24677.7,24781.9,24700.0,2024-08-22,1,0.003424657534246575,0.002739757737189244,13.96,13.3,False,,766.288141323592,5.151939186274831,183.12301555437625,177.97107636810142,2142.252440874419,12.205038158330353,170.9179773960459,,,,5178.723549713606,71.8372512159112,104.20000000000073
2024-08-22,24827.15,24810.9,24850.0,2024-08-22,0,0.0006849315068493151,1.902587519025875e-06,13.37,13.01,False,,13953.81357071771,72.61750549086005,111.71443243986687,39.09692694900681,13953.813582547407,72.61750555152517,39.0969268883417,,,,14783.375000127766,69.21781454096676,16.25
2024-08-23,24829.15,24831.85,24850.0,2024-08-29,6,0.017123287671232876,0.016438387874175547,12.97,13.51,False,,883.5236181640142,5.966018554687253,297.8201870854682,291.85416853078095,-1485.746366898155,-6.178699317426435,303.99888640289464,,,,2130.6525243275987,67.15238407061665,2.6999999999970896
2024-08-26,24917.6,25011.45,24900.0,2024-08-29,3,0.008904109589041096,0.008219209791983765,13.69,13.73,False,,-1561.4116643105208,-6.598675201592414,280.5345404792388,287.1332156808312,-1704.5737851842573,-7.33253223171414,287.8670727109529,,,,379.6559126334047,71.1326953920545,93.85000000000218
2024-08-27,25002.15,24997.05,25000.0,2024-08-29,2,0.0061643835616438354,0.005479483764586505,13.93,13.7,False,,2438.9815877710857,13.830161988569671,239.15013631251531,225.31997432394564,3164.424894577922,17.548743049117547,221.60139326339777,,,,7436.150685165043,72.62532356740915,5.100000000002183
2024-08-28,25012.55,25044.85,25000.0,2024-08-29,1,0.003424657534246575,0.002739757737189244,13.67,13.98,False,,2657.0278807800023,14.841117337333344,181.71294094958466,166.87182361225132,1960.141485483787,11.26893069478865,170.444010254796,,,,4996.6125943229745,71.2994355729781,32.29999999999927
2024-08-29,25054.85,25156.75,25050.0,2024-08-29,0,0.0006849315068493151,1.902587519025875e-06,13.93,13.9,False,,1601.7963342306775,9.310083765285526,116.06318165322227,106.75309788793675,1601.7963342306775,9.310083765285526,106.75309788793675,,,,2431.357751811035,72.77840458452177,101.90000000000146
2024-08-30,25252.75,25247.0,25250.0,2024-09-05,6,0.017123287671232876,0.016438387874175547,13.69,13.42,False,,1047.1436769411116,6.8467880868774955,320.45817250337495,313.61138441649746,2249.2352854818514,13.008591207599238,307.4495812957757,,,,5865.634176707605,72.08945378213409,5.75
2024-09-02,25305.25,25273.9,25300.0,2024-09-05,3,0.008904109589041096,0.008219209791983765,13.61,14.09,False,,1966.5929025326752,11.489399500167565,282.5729429371331,271.08354343696556,103.98703872957967,1.9418309678439982,280.6311119692891,,,,2188.2167365472415,71.8171828058936,31.349999999998545
2024-09-03,25268.05,25268.85,25250.0,2024-09-05,2,0.0061643835616438354,0.005479483764586505,13.84,13.93,False,,2407.1273193838397,13.670140099404307,240.9106495694814,227.2405094700771,2121.5986106409623,12.20655697764596,228.70409259183543,,,,6393.324401228083,72.92348665968156,0.7999999999992724
2024-09-04,25105.5,25206.35,25100.0,2024-09-05,1,0.003424657534246575,0.002739757737189244,14.42,14.32,False,,-660.7365812970304,-2.1463414425488736,192.01566147707126,194.16200291962014,-457.1559117034345,-1.102850829248382,193.11851230631964,,,,2579.315197135753,75.49075051490247,100.84999999999854
2024-09-05,25216.9,25144.8,25200.0,2024-09-05,0,0.0006849315068493151,1.902587519025875e-06,14.15,14.22,False,,12309.830770970504,64.20487574856669,119.40175931040721,55.19688356184052,12309.830770971304,64.2048757485708,55.19688356183641,,,,13139.392188551663,74.40596328218444,72.10000000000218
2024-09-06,25137.3,24868.5,25150.0,2024-09-12,6,0.017123287671232876,0.016438387874175547,13.92,15.14,False,,-10987.774138103987,-54.837251990276854,323.7227148316251,378.559966821902,-15441.428579584905,-77.666351690179,401.3890665218041,,,,-11825.02968835915,72.96548457167383,268.7999999999993
2024-09-09,24754.95,24942.25,24750.0,2024-09-12,3,0.008904109589041096,0.008219209791983765,15.34,14.2,False,,-6579.604066025487,-32.264123415515314,311.45384959583134,343.71797301134666,-2877.9742840790987,-13.289816841431275,324.7436664372626,,,,-793.7445862614366,79.185747472709,187.29999999999927
2024-09-10,24994.25,25052.1,25000.0,2024-09-12,2,0.0061643835616438354,0.005479483764586505,13.94,13.3,False,,1341.1666259663843,8.20275192803274,239.1109969891677,230.90824506113495,3313.804706003837,18.3143318256607,220.796665163507,,,,7585.530496590958,72.65449537579981,57.849999999998545
2024-09-11,25003.7,24951.8,25000.0,2024-09-12,1,0.003424657534246575,0.002739757737189244,13.38,13.62,False,,2728.0971359420887,15.19742120995943,177.41668433885206,162.21926312889263,2186.9158945567174,12.42336356182932,164.99332077702275,,,,5223.387003395905,69.76217309508623,51.900000000001455
2024-09-12,25057.05,25314.95,25050.0,2024-09-12,0,0.0006849315068493151,1.902587519025875e-06,13.07,12.91,False,,-30635.133291839244,-155.94719636840637,109.00590151953111,264.9530978879375,-30635.133291839244,-155.94719636840637,264.9530978879375,,,,-29805.571874258883,68.29126141269403,257.90000000000146
2024-09-13,25314.95,25343.55,25300.0,2024-09-19,6,0.017123287671232876,0.016438387874175547,12.85,12.52,False,,205.82232287994577,2.500934989127927,302.53762628272125,300.0366912935933,1654.7177611833476,9.927834672735116,292.60979160998613,,,,5271.116652409101,67.83281013347505,28.599999999998545
2024-09-16,25396.75,25377.2,25400.0,2024-09-19,3,0.008904109589041096,0.008219209791983765,12.78,12.45,False,,1794.202378387325,10.575089119935,266.0809763747584,255.5058872548234,3080.1979768591636,17.16701526594443,248.91396110881396,,,,5164.4276746768255,67.68128649062368,19.549999999999272
2024-09-17,25378.4,25407.15,25400.0,2024-09-19,2,0.0061643835616438354,0.005479483764586505,12.68,12.7,False,,2146.44185798623,12.297035169160154,221.0757000867652,208.77866491760506,2082.4442673793674,11.968996242971116,209.1067038437941,,,,6354.1700579664885,67.10317961436756,28.75
2024-09-18,25404.7,25343.45,25400.0,2024-09-19,1,0.003424657534246575,0.002739757737189244,12.76,13.42,False,,2287.95901828331,12.931174452734922,171.95525160605757,159.02407715332265,792.5731583201366,5.265913632410957,166.68933797364662,,,,3829.0442671593237,67.59652224939971,61.25
2024-09-19,25564.55,25445.0,25550.0,2024-09-19,0,0.0006849315068493151,1.902587519025875e-06,12.28,12.44,False,,-202.09520278657007,0.042998960068871384,105.03983923803935,104.99684027797048,-202.09520278657007,0.042998960068871384,104.99684027797048,,,,627.4662147937872,65.46303357504068,119.54999999999927
2024-09-20,25488.9,25820.35,25500.0,2024-09-26,6,0.017123287671232876,0.016438387874175547,12.58,12.78,False,,-23316.966418185646,-118.08593034966998,296.7517482009316,414.8376785506016,-23899.179356073997,-121.07030439012306,417.82205259105467,,,,-20282.78046484824,66.86384423131103,331.4499999999971
2024-09-23,25892.75,25930.15,25900.0,2024-09-26,3,0.008904109589041096,0.008219209791983765,13.6,13.8,False,,1471.30175152206,8.961803853959282,288.60099813987836,279.6391942859191,681.6623164215056,4.91416572523849,283.68683241463987,,,,2765.8920142391676,73.43053527254646,37.400000000001455
2024-09-24,25932.9,25951.9,25950.0,2024-09-26,2,0.0061643835616438354,0.005479483764586505,13.9,13.36,False,,2458.670468112297,13.946515221088703,247.46470363148183,233.51818841039312,4225.842704403546,23.00493694565921,224.45976668582261,,,,8497.568494990668,75.1667015623694,19.0
2024-09-25,25939.2,26013.5,25950.0,2024-09-26,1,0.003424657534246575,0.002739757737189244,13.38,12.41,False,,1777.8720102974664,10.33883082203829,183.99033257572592,173.65150175368763,3975.4056674868384,21.603259833265838,162.38707274246008,,,,7011.876776326026,72.37228731539975,74.29999999999927
2024-09-26,26050.25,26184.65,26050.0,2024-09-26,0,0.0006849315068493151,1.902587519025875e-06,12.47,11.84,False,,-5420.7203581198955,-26.70189927240972,107.9513222837104,134.65322155612012,-5420.7203581198955,-26.70189927240972,134.65322155612012,,,,-4591.158940539538,67.73887138661107,134.40000000000146
2024-09-27,26230.75,26175.0,26250.0,2024-10-03,6,0.017123287671232876,0.016438387874175547,11.86,11.93,False,,449.74770921227116,3.723783124165493,287.75233082985505,284.02854770568956,128.41359135960826,2.076685083895427,285.6756457459596,,,,3744.812482585362,64.87165904199315,55.75
2024-09-30,26064.85,25822.8,26050.0,2024-10-03,3,0.008904109589041096,0.008219209791983765,12.59,12.81,False,,-8379.43776270411,-41.56727057796979,269.82817874465945,311.39544932262925,-9085.828134199677,-45.18819555999835,315.0163743046578,,,,-7001.598436382016,68.42905895498168,242.04999999999927
2024-10-01,25851.7,25812.55,25850.0,2024-10-03,2,0.0061643835616438354,0.005479483764586505,12.47,11.97,False,,2048.1382827923403,11.793734783550462,221.3884568382873,209.59472205473685,3668.202160835068,20.09806236325676,201.29039447503055,,,,7939.927951422189,67.22257872478204,39.150000000001455
2024-10-03,25587.1,25266.0,25600.0,2024-10-03,0,0.0006849315068493151,1.902587519025875e-06,12.76,13.12,True,2.248250362443659,-44120.34924629196,-225.07153459636902,108.92529949819436,333.9968340945634,-44120.34924629196,-225.07153459636902,333.9968340945634,-38523.6,-196.3,153.6,-43290.787828711604,68.08184999026224,321.09999999999854
2024-10-04,25128.8,25049.1,25150.0,2024-10-10,6,0.017123287671232876,0.016438387874175547,13.63,14.0,True,1.1358283822459785,-30.80502622518668,1.3143844808964786,316.7463988788568,315.4320143979603,-1642.7244034204305,-6.94817642779708,323.69457530665386,9980.94,52.8,406.15,1973.6744878053232,71.42121156369208,79.70000000000073
2024-10-07,25078.35,24819.0,25100.0,2024-10-10,3,0.008904109589041096,0.008219209791983765,14.28,14.99,True,1.2662270042893637,-12864.892702881012,-64.51524463015903,293.5731148093073,358.08835943946633,-14930.092814627791,-75.10129648527072,368.674411294578,-8214.77,-40.59,341.5,-12845.86311681013,74.67698477237367,259.34999999999854
2024-10-08,24835.7,25039.5,24850.0,2024-10-10,2,0.0061643835616438354,0.005479483764586505,15.21,14.66,True,1.5331508046279558,-7188.776164398045,-35.48362135588741,259.2815835148467,294.7652048707341,-5793.264329283177,-28.33032989375988,287.6119134086066,11323.23,59.6,362.85,-1521.5385386960559,78.7707946564877,203.79999999999927
2024-10-09,25055.6,25019.55,25050.0,2024-10-10,1,0.003424657534246575,0.002739757737189244,14.48,14.09,True,1.461873451370869,3536.5922197902523,19.3696011271295,192.43333815977894,173.06373703264944,4432.636852324957,23.962650524743367,168.47068763503557,14486.34,75.6,247.75,7469.107961164144,75.65418837842789,36.04999999999927
2024-10-10,25049.25,25007.55,25050.0,2024-10-10,0,0.0006849315068493151,1.902587519025875e-06,13.94,13.47,True,1.8212931739155378,14141.816650075216,73.58926487218059,116.03616702314321,42.44690215096261,14141.816655348135,73.5892648992212,42.446902123922,15640.0,81.3,132.8,14971.378072928492,72.8143720372587,41.70000000000073
2024-10-11,24987.75,24975.05,25000.0,2024-10-17,6,0.017123287671232876,0.016438387874175547,13.37,13.33,True,0.9163997853842449,994.5873559266523,6.556294132957191,309.1103130412612,302.554018908304,1171.1689254200096,7.46143038676928,301.6488826544919,5513.55,29.740000000000002,319.78999999999996,4787.567816645764,69.66556553192945,12.700000000000728
2024-10-14,25041.05,25142.3,25050.0,2024-10-17,3,0.008904109589041096,0.008219209791983765,13.55,12.93,True,1.0120569216447954,-814.782691040436,-2.776116364309928,278.0641574202764,280.8402737845863,1453.4480433693866,8.850707914714803,269.2134495055616,4047.24,22.11,258.55,3537.6777411870485,70.75407182067609,101.25
2024-10-15,25176.85,25065.15,25200.0,2024-10-17,2,0.0061643835616438354,0.005479483764586505,12.69,12.93,True,0.9793995660675228,-2345.3533712507565,-10.730376262824393,219.5610114805586,230.29138774338298,-3023.0041088857674,-14.203969789157782,233.76498126971637,-5296.33,-25.9,196.35,1248.7216817013539,66.62276025591763,111.69999999999709
2024-10-16,25017.2,24959.9,25000.0,2024-10-17,1,0.003424657534246575,0.002739757737189244,13.16,13.09,True,1.0879249974984169,3069.123392653535,16.941658423864283,175.34004834840562,158.39838992454133,3228.1287135271305,17.7566600693699,157.58338827903572,6389.84,33.95,168.15,6264.599822366318,68.65215863056089,57.29999999999927
2024-10-17,24940.2,24750.2,24950.0,2024-10-17,0,0.0006849315068493151,1.902587519025875e-06,13.3,13.43,True,1.568031567556337,-17640.01914832939,-89.33245717091995,110.4644573079604,199.79691447888035,-17640.01914832939,-89.33245717091995,199.79691447888035,-17935.49,-90.85,108.85,-16810.457730749033,69.16894956457273,190.0
2024-10-18,24572.5,24862.65,24550.0,2024-10-24,6,0.017123287671232876,0.016438387874175547,13.88,12.96,True,0.9988342154913336,-20527.82957742725,-103.75025424321666,317.5950464701109,421.34530071332756,-17851.56975848931,-90.03194747943235,407.62699394954325,-15033.01,-75.51,357.53999999999996,-14235.170867263554,71.12109218747615,290.15000000000146
2024-10-21,24892.4,24739.45,24900.0,2024-10-24,3,0.008904109589041096,0.008219209791983765,13.59,13.88,True,0.9979693401477119,-2972.8122240576763,-13.839549866962443,277.2403760709458,291.07992593790823,-3977.0403261777037,-18.987129877834377,296.22750594878016,-5570.91,-27.2,254.2,-1892.8106283600416,70.54168598752427,152.95000000000073
2024-10-22,24818.3,24481.75,24800.0,2024-10-24,2,0.0061643835616438354,0.005479483764586505,13.83,14.34,True,1.0335594323184938,-21595.84001250458,-109.37553852566452,236.49356460605304,345.86910313171757,-22462.134885575895,-113.81607633628664,350.3096409423397,-27185.05,-138.05,223.25,-18190.409094988776,71.57375750383417,336.5499999999993
2024-10-23,24490.5,24436.0,24500.0,2024-10-24,1,0.003424657534246575,0.002739757737189244,14.79,14.59,True,1.3661857119835554,2473.976001269638,13.92192821163917,191.99943990598695,178.07751169434778,2909.1510489809975,16.152569481953833,175.8468704240331,14043.68,73.3,231.10000000000002,5945.622157820186,75.5310345540885,54.5
2024-10-24,24410.3,24414.6,24400.0,2024-10-24,0,0.0006849315068493151,1.902587519025875e-06,14.69,13.92,True,1.55816957392079,20206.1154528141,104.68079719391847,119.47899670653351,14.798199512615042,20216.577022977694,104.73439498962921,14.744601716904299,22503.03,116.45,117.0,21046.138440558054,74.77467260296844,4.299999999999272
2024-10-25,24429.2,24211.8,24450.0,2024-10-31,6,0.017123287671232876,0.016438387874175547,13.91,14.53,True,0.8565656985995732,-7662.48860268176,-37.80968514195774,314.25050222984646,352.0601873718042,-9965.730981387938,-49.61595375070738,363.86645598055384,-8056.77,-39.85,303.9,-6349.3320901621855,70.85915720507751,217.40000000000146
2024-10-28,24216.7,24367.7,24200.0,2024-10-31,3,0.008904109589041096,0.008219209791983765,14.93,14.18,True,1.0502198646981646,-4942.683646705047,-23.900018701051522,297.1171391247881,321.0171578258396,-2497.3279361438686,-11.365271467404455,308.48241059219254,4727.62,25.65,286.75,-413.0982383262065,75.39358191332434,151.0
2024-10-29,24261.05,24454.0,24250.0,2024-10-31,2,0.0061643835616438354,0.005479483764586505,14.67,14.52,True,1.0821999902278894,-9238.706075724092,-46.018492696020985,244.7043584844996,290.7228511805206,-8887.59261392462,-44.21873135345959,288.9230898379592,-6376.01,-31.35,241.75,-4615.866823337499,74.21630258085183,192.95000000000073
2024-10-30,24382.45,24350.3,24400.0,2024-10-31,1,0.003424657534246575,0.002739757737189244,15.24,15.47,True,1.1121358700893127,3157.918823585972,17.437429864543446,197.21040919000188,179.77297932545844,2650.2128908613436,14.834989183904327,182.37542000609756,8926.62,47.0,193.25,5686.683999700532,77.48576352136664,32.150000000001455
2024-10-31,24272.0,24238.5,24250.0,2024-10-31,0,0.0006849315068493151,1.902587519025875e-06,15.99,15.57,True,1.3499594996469475,22806.694249129254,118.03114999553463,130.22256419973382,12.19141420419919,22820.326508696187,118.10100773690351,12.121556462830313,12750.91,66.45,110.9,23649.887926276544,80.93076296806514,33.5
2024-11-04,24074.05,23990.95,24050.0,2024-11-07,3,0.008904109589041096,0.008219209791983765,16.81,16.7,True,1.378458890739709,2202.130742137315,12.790003805832384,332.75771511100174,319.96771130516936,2605.126617256319,14.855726242340097,317.90198886866165,6854.26,36.8,420.75,4689.356315073981,84.38718096982625,83.09999999999854
2024-11-05,23982.2,24198.15,24000.0,2024-11-07,2,0.0061643835616438354,0.005479483764586505,16.92,16.0,True,1.4979796454162568,-7125.279802697189,-35.12225539844712,278.59375043799446,313.7160058364416,-4849.723860615453,-23.4579172339254,302.05166767191986,3796.09,21.05,380.9,-577.998070028332,84.61531716686656,215.95000000000073
2024-11-06,24344.85,24493.9,24350.0,2024-11-07,1,0.003424657534246575,0.002739757737189244,15.19,14.8,True,1.3410224943940403,-3793.5273845559145,-18.197473766953408,195.97445624730426,214.17193001425767,-3095.3466161995584,-14.618649313843889,210.59310556114815,8649.37,45.65,231.55,-58.8755073603711,77.11244692929449,149.0500000000029
2024-11-07,24353.8,24194.6,24350.0,2024-11-07,0,0.0006849315068493151,1.902587519025875e-06,15.23,15.02,True,1.7224532396459507,-6477.98466528952,-32.092844437382155,123.30414424240735,155.3969886797895,-6477.98466528952,-32.092844437382155,155.3969886797895,-3576.27,-17.2,133.45,-5648.423247709163,77.34393184070335,159.20000000000073
2024-11-08,24170.35,24110.35,24150.0,2024-11-14,6,0.017123287671232876,0.016438387874175547,15.22,14.57,True,0.9403914361250226,1493.419317457008,9.17430419208722,341.95446495561555,332.78016076352833,4262.801053935311,23.369954122745185,318.58451083287036,13605.76,71.3,362.79999999999995,7879.199945161065,76.71092139629522,60.0
2024-11-11,24098.65,24122.1,24100.0,2024-11-14,3,0.008904109589041096,0.008219209791983765,15.06,14.22,True,0.9979244655164534,1734.513320161092,10.3275554880056,297.5072642905543,287.1797088025487,4828.89659505883,26.189110743891433,271.31815354666287,7062.02,37.59,272.78999999999996,6913.126292876491,75.6793326170028,23.44999999999709
2024-11-12,24172.6,23842.95,24150.0,2024-11-14,2,0.0061643835616438354,0.005479483764586505,14.32,14.74,True,1.0421481547029563,-19791.41537225822,-100.12192498593959,238.78723438780435,338.90915937374393,-20519.835084933795,-103.85571838427586,342.6429527720802,-22338.61,-113.2,227.3,-16248.109294346674,72.18151465072133,329.6499999999978
2024-11-13,23801.75,23602.9,23800.0,2024-11-14,1,0.003424657534246575,0.002739757737189244,14.95,15.32,True,1.3795799528032051,-9070.741346029312,-45.26169921040673,188.63211854280598,233.89381775321272,-9609.068702169367,-48.021121549586496,236.65324009239248,-1552.83,-6.65,229.25,-6572.59759333018,74.20098824422186,198.84999999999854
2024-11-14,23581.2,23559.6,23600.0,2024-11-14,0,0.0006849315068493151,1.902587519025875e-06,15.54,14.79,True,2.0898040222147056,15828.037441410865,82.24496123800444,122.64204343140591,40.39708219340148,15828.037555250552,82.2449618217977,40.39708160960821,18002.18,93.46000000000001,160.60000000000002,16657.59897283091,76.41463159473392,21.600000000002183
2024-11-18,23471.15,23465.3,23450.0,2024-11-21,3,0.008904109589041096,0.008219209791983765,15.81,15.3,True,1.0424757778405283,2129.8670703258035,12.368241386286172,305.13318184072705,292.7649404544409,3961.440722950577,21.756772938208087,283.37640890251896,11475.59,60.25,292.35,6045.670420768238,77.37948703811266,5.850000000002183
2024-11-19,23664.1,23468.7,23650.0,2024-11-21,2,0.0061643835616438354,0.005479483764586505,14.7,16.18,True,1.000140736218371,-5304.044842293146,-25.85966585791357,239.3464560068569,265.20612186477047,-9008.426642961307,-44.848034066468244,284.19449007332514,-8884.25,-44.25,218.64999999999998,-4736.700852374186,72.53822665333607,195.39999999999782
2024-11-21,23380.2,23346.75,23400.0,2024-11-21,0,0.0006849315068493151,1.902587519025875e-06,16.21,15.97,True,1.8800768001289754,14146.385089831398,73.6327953324687,126.879901497221,53.247106164752296,14146.385089848794,73.63279533255792,53.24710616466309,19204.0,99.6,149.60000000000002,14975.946507429151,79.02979297131974,33.45000000000073
2024-11-22,23508.3,23873.5,23500.0,2024-11-28,6,0.017123287671232876,0.016438387874175547,15.61,15.58,True,0.9524925475621845,-26680.31034212637,-135.24538636987882,340.2252856146624,475.47067198454124,-26600.423001338615,-134.83586154532622,475.06114715998865,-34659.74,-176.1,365.7,-22984.02411011286,76.52154585387034,365.2000000000007
2024-11-25,24311.1,24250.8,24300.0,2024-11-28,3,0.008904109589041096,0.008219209791983765,16.16,15.28,True,1.1485806098339628,2105.2875159632017,12.274397517760008,322.4111060084506,310.1367084906906,5370.453086544208,29.011400443816456,293.39970556463413,12843.38,67.35,340.15,7454.682784361869,81.92294831224267,60.29999999999927
2024-11-26,24306.5,24192.95,24300.0,2024-11-28,2,0.0061643835616438354,0.005479483764586505,15.2,15.23,True,1.114350585800468,236.59292571776524,2.5680662857321295,253.79136648752865,251.22330020179652,149.62992961580792,2.1223073313631176,251.66905915616553,6542.54,34.9,258.15,4421.355720202929,77.04165839390849,113.54999999999927
2024-11-27,24169.35,24277.35,24150.0,2024-11-28,1,0.003424657534246575,0.002739757737189244,15.08,14.51,True,1.1307765650121628,-2181.1501088206082,-9.936103122156965,194.06200551511938,203.99810863727635,-1127.315733224888,-4.5342345293584,198.59624004447778,-2905.43,-13.65,193.35,1909.1553756142994,76.0021573150955,108.0
2024-11-28,24276.55,23957.45,24300.0,2024-11-28,0,0.0006849315068493151,1.902587519025875e-06,14.75,15.16,True,1.9619342795043628,-43557.513362303966,-222.16519672976392,120.38179813343413,342.54699486319805,-43557.513362303966,-222.16519672976392,342.54699486319805,-46559.09,-237.5,147.85,-42727.95194472361,74.66870098430171,319.09999999999854
2024-11-29,24027.55,24123.65,24050.0,2024-12-05,6,0.017123287671232876,0.016438387874175547,15.22,14.47,True,1.00826677876159,-926.3042019129055,-3.23602154827131,338.1784086647858,341.41443021305713,2171.0062986725584,12.640545121397736,325.5378635433881,8964.42,47.55,384.95,5787.4051898983125,76.25770828289839,96.10000000000218
2024-12-02,24033.05,24275.25,24050.0,2024-12-05,3,0.008904109589041096,0.008219209791983765,14.94,14.75,True,1.1172417573542073,-10251.242921891399,-51.11657908662255,294.2707876188142,345.38736670543676,-9689.093273406846,-48.23504242772742,342.50583004654163,-18776.12,-94.8,302.05,-7604.863575589186,74.87194150541283,242.20000000000073
2024-12-03,24300.0,24445.85,24300.0,2024-12-05,2,0.0061643835616438354,0.005479483764586505,14.79,14.41,True,1.4000446697738134,-3836.7134826242877,-18.324530680124553,246.71310469696436,265.0376353770889,-2824.050065305971,-13.133692642594724,259.8467973395591,3213.17,17.94,315.24,1447.67572528115,74.94351441025503,145.84999999999854
2024-12-04,24516.4,24461.55,24500.0,2024-12-05,1,0.003424657534246575,0.002739757737189244,14.49,14.5,True,1.5313987179209245,3399.827639314218,18.66214174007291,188.9850207485706,170.3228790084977,3377.48580181775,18.547619496501284,170.43740125206932,3042.06,16.95,254.5,6413.956910656938,74.07722270971374,54.85000000000218
2024-12-05,24513.4,24701.55,24500.0,2024-12-05,0,0.0006849315068493151,1.902587519025875e-06,14.8,14.34,True,3.0211554323401986,-15915.82236418515,-80.47462750864179,121.07840236179436,201.55302987043615,-15915.82236418515,-80.47462750864179,201.55302987043615,3499.97,19.25,229.1,-15086.26094660479,75.65277707642612,188.14999999999782
2024-12-06,24705.25,24669.0,24700.0,2024-12-12,6,0.017123287671232876,0.016438387874175547,14.99,14.13,True,1.2322624557820876,1288.891560029363,8.128315692458273,343.244057298185,335.1157416057267,5039.104153263878,27.351611042378863,315.89244625580614,22587.17,117.55,476.85,8655.503044489633,77.22367996439998,36.25
2024-12-09,24664.0,24626.6,24650.0,2024-12-12,3,0.008904109589041096,0.008219209791983765,14.52,14.13,True,1.2561643219663448,2152.061235888462,12.461647363530574,294.1764839046409,281.71483654111034,3626.9404197990184,20.02179702461035,274.15468688003057,8503.03,45.1,339.25,5711.170117616681,74.67749399215624,37.400000000001455
2024-12-10,24596.0,24620.5,24600.0,2024-12-12,2,0.0061643835616438354,0.005479483764586505,14.11,13.78,True,1.2156481720524623,2147.7411813430995,12.33549323765692,238.18424167190096,225.84874843424404,3167.0177489474804,17.560193584346052,220.6240480875549,6715.89,35.8,264.3,7438.743539534602,72.36875572398398,24.5
2024-12-11,24622.45,24629.5,24600.0,2024-12-12,1,0.003424657534246575,0.002739757737189244,13.6,13.22,True,1.2203363857162501,3234.9007522747597,17.79774744756287,178.75983679488672,160.96208934732385,4086.9540341500965,22.165302739231265,156.59453405565546,13365.29,69.75,192.0,7123.425142989285,69.82802843350018,7.049999999999272
2024-12-12,24654.4,24539.5,24650.0,2024-12-12,0,0.0006849315068493151,1.902587519025875e-06,13.01,13.22,True,1.1395081282280137,-958.308327337278,-3.8302991145501437,106.66665246478442,110.49695157933456,-958.308327337278,-3.8302991145501437,110.49695157933456,-5001.19,-24.61,76.44,-128.74690975692062,66.88540203620859,114.90000000000146
2024-12-13,24418.7,24781.3,24400.0,2024-12-19,6,0.017123287671232876,0.016438387874175547,13.81,12.98,True,1.0311472096366379,-29786.54721658352,-151.21701136709498,313.7087123015226,464.9257236686176,-27795.64983715303,-141.0117940366822,454.7205063382048,-20730.13,-104.7,364.54999999999995,-24179.250945927273,70.31950830836954,362.59999999999854
2024-12-16,24703.2,24648.25,24700.0,2024-12-19,3,0.008904109589041096,0.008219209791983765,13.8,14.04,True,1.2134497403035311,1644.5127699990205,9.83293728204626,279.61889432280805,269.7859570407618,741.0384231603564,5.201838067489007,274.41705625531904,-61.03,1.15,311.65,2825.2681209780185,71.08728182894096,54.95000000000073
2024-12-17,24591.45,24319.35,24600.0,2024-12-19,2,0.0061643835616438354,0.005479483764586505,14.34,14.53,True,1.4360966824690728,-16134.740708658857,-81.37210619825055,242.00000114333488,323.37210734158543,-16508.30438848912,-83.2869455819955,325.2869467253304,-3635.09,-17.16,317.24,-12236.578597902,73.53479666760688,272.1000000000022
2024-12-18,24301.35,24214.7,24300.0,2024-12-19,1,0.003424657534246575,0.002739757737189244,14.97,14.38,True,1.4015553751868002,1463.365657621259,8.743157218570559,192.8406051888287,184.09744797025814,2693.1085252552966,15.046710385924598,177.7938948029041,12306.82,64.41000000000001,238.1,5729.579634094484,75.8598200638496,86.64999999999782
2024-12-19,23887.25,23961.95,23900.0,2024-12-19,0,0.0006849315068493151,1.902587519025875e-06,15.02,14.64,True,1.8726070840593134,11034.345714199526,57.66726007281808,119.62021574234859,61.95295566953051,11034.345714199504,57.667260072817975,61.95295566953062,17127.63,88.94,140.64,11863.907131779863,74.81620842198849,74.70000000000073
2024-12-20,23913.3,23631.35,23900.0,2024-12-26,6,0.017123287671232876,0.016438387874175547,14.78,15.08,False,,-9529.069322176507,-47.351842677828245,328.1297584513086,375.48160112913683,-10578.793285449954,-52.732683515127974,380.86244196643656,,,,-6962.3943942242,73.70102940121645,281.9500000000007
2024-12-23,23743.85,23747.2,23750.0,2024-12-26,3,0.008904109589041096,0.008219209791983765,14.84,13.56,False,,1917.8997892568518,11.25133225259924,288.7731265335351,277.52179428093586,6583.699920504864,35.16789702823007,253.60522950530503,,,,8667.929618322527,73.47585499909076,3.350000000002183
2024-12-24,23765.5,23730.35,23750.0,2024-12-26,2,0.0061643835616438354,0.005479483764586505,13.51,13.14,False,,2372.262915887935,13.454681619938128,221.12722979551836,207.67254817558023,3479.744135370903,19.131508386517453,201.9957214090009,,,,7751.469925958025,66.95174678446269,35.150000000001455
2024-12-26,23826.75,23760.3,23850.0,2024-12-26,0,0.0006849315068493151,1.902587519025875e-06,13.33,14.03,False,,3178.7065495866727,17.3764951260855,107.07354563996705,89.69705051388155,3178.7065495866727,17.3764951260855,89.69705051388155,,,,4008.2679671670303,66.22997101177992,66.45000000000073
2024-12-27,23855.0,23832.45,23850.0,2025-01-02,6,0.017123287671232876,0.016438387874175547,13.82,13.25,True,0.9952032815198689,1133.2906910049974,7.26097790258973,305.71496874523655,298.4539908426468,3533.5884862667103,19.56471018598313,286.1502585592534,11827.8,62.15,343.25,7149.987377492465,68.74594265134846,22.549999999999272
2024-12-30,23755.7,23658.65,23750.0,2025-01-02,3,0.008904109589041096,0.008219209791983765,13.7,13.97,True,1.0381601899065431,464.3417204448807,3.760111386896824,267.0491460692647,263.28903468236786,-489.82828435734024,-1.130862996704309,268.180009065969,-1532.81,-6.5,254.75,1594.401413460322,67.86533649495412,97.04999999999927
2024-12-31,23541.25,23668.8,23550.0,2025-01-02,2,0.0061643835616438354,0.005479483764586505,14.31,14.42,True,1.203143068994193,-2308.2867241932217,-10.518803713811394,231.18180328301605,241.70060699682745,-2602.78122612921,-12.028365262201078,243.21016854521713,-9043.34,-45.0,253.9,1668.9445644579112,70.24715833247095,127.54999999999927
2025-01-01,23640.75,23758.7,23650.0,2025-01-02,1,0.003424657534246575,0.002739757737189244,14.53,14.44,True,1.441866932859265,-1293.7794079611203,-5.40974055364677,182.0818386092924,187.49157916293916,-1124.5382305612236,-4.542247336211403,186.6240859455038,-8723.01,-43.4,231.3,1911.9328782779637,71.62860153789613,117.95000000000073
2025-01-02,23760.3,24167.95,23750.0,2025-01-02,0,0.0006849315068493151,1.902587519025875e-06,14.68,13.65,True,3.1403273834602987,-59075.68571476017,-301.71792674235985,116.23501037694223,417.9529371193021,-59075.68571476017,-301.71792674235985,417.9529371193021,-41213.81,-209.95,228.85,-58246.12429717981,72.73401853184167,407.65000000000146
2025-01-03,24132.15,23990.15,24150.0,2025-01-09,6,0.017123287671232876,0.016438387874175547,13.82,13.59,True,1.0585775811775773,-2546.427204511902,-11.595934382112318,308.44680556236926,320.0427399444816,-1629.1035616017145,-6.893761854367767,315.34056741673703,5897.73,31.8,368.6,1987.2953296240391,69.54464053463586,142.0
2025-01-06,24035.65,23629.6,24050.0,2025-01-09,3,0.008904109589041096,0.008219209791983765,14.31,15.55,True,1.1978750370152549,-31996.506507350772,-162.60423849923473,281.8679238048571,444.47216230409185,-34309.37578149178,-174.45982452047065,456.3277483253278,-38814.47,-197.5,310.20000000000005,-32225.14608367411,71.72244936755081,406.0500000000029
2025-01-07,23761.0,23694.6,23750.0,2025-01-09,2,0.0061643835616438354,0.005479483764586505,15.06,14.67,True,1.3974358792888493,2054.7066791009393,11.873111174876612,246.01157807082927,234.13846689595266,3206.6344415747053,17.777817649101053,228.23376042172822,14989.22,78.3,313.55,7478.360232161826,74.61897750756177,66.40000000000146
2025-01-08,23637.8,23675.2,23650.0,2025-01-09,1,0.003424657534246575,0.002739757737189244,14.75,14.46,True,1.1839440925669544,3232.227499499818,17.79542307435804,184.88186234676323,167.0864392724052,3860.2491160769137,21.01461085167648,163.86725149508675,10975.17,57.5,192.85,6896.720224916102,72.70406297957193,37.400000000001455
2025-01-09,23613.7,23557.2,23600.0,2025-01-09,0,0.0006849315068493151,1.902587519025875e-06,14.57,14.57,True,1.2050943703391865,13852.265521441379,72.10290010995578,114.89998155827561,42.79708144831983,13852.265521441379,72.10290010995578,42.79708144831983,2497.88,13.85,87.35,14681.826939021736,71.74360586472044,56.5
2025-01-10,23518.65,23437.35,23500.0,2025-01-16,6,0.017123287671232876,0.016438387874175547,14.87,14.86,True,0.9942326106368207,1196.9699206586195,7.62338420850574,325.08264435704587,317.4592601485401,1238.247338636378,7.834960710955784,317.2476836460901,10620.34,56.0,364.44,4854.646229862132,72.92609604614717,81.30000000000291
2025-01-13,23255.95,23088.7,23250.0,2025-01-16,3,0.008904109589041096,0.008219209791983765,15.9,16.0,True,1.1827577114635208,-2365.5168068260605,-10.678188752954156,303.2925156156052,313.9707043685594,-2692.8360367698215,-12.355979675742674,315.6484952913479,11532.35,60.61000000000001,329.5,-608.6063389521594,77.10646922704366,167.25
2025-01-14,23192.5,23206.85,23200.0,2025-01-16,2,0.0061643835616438354,0.005479483764586505,15.85,15.47,True,1.009654209737306,2476.310763479504,14.045850069125663,252.26441868947404,238.21856862034838,3587.58605276138,19.742184885955794,232.52223380351825,10238.98,53.8,232.5,7859.3118433485015,76.65428539654884,14.349999999998545
2025-01-15,23207.5,23228.1,23200.0,2025-01-16,1,0.003424657534246575,0.002739757737189244,15.48,15.3,True,0.9342639700853415,3337.169343269834,18.343996632152994,190.60261460765832,172.25861797550533,3719.100813284178,20.30174776043168,170.30086684722664,8237.45,43.4,157.0,6755.571922123366,74.91329903495127,20.599999999998545
2025-01-16,23348.4,23350.8,23350.0,2025-01-16,0,0.0006849315068493151,1.902587519025875e-06,15.15,15.5,True,0.9957179303216435,21501.898867646214,111.31927624433956,117.54811593142949,6.2288396870899305,21474.11276244575,111.17688596126027,6.3712299701692245,6669.94,35.21,73.55,22303.674180026108,73.7614363798931,2.399999999997817
2025-01-17,23221.1,23203.1,23200.0,2025-01-23,6,0.017123287671232876,0.016438387874175547,15.56,15.85,True,0.9265928990469864,1306.123768243956,8.202993683302338,335.89985146108666,327.6968577777843,120.11530008708519,2.123616923523514,333.77623453756314,3252.81,18.209999999999997,351.20000000000005,3736.514191312839,75.34457524371072,18.0
2025-01-20,23208.9,23337.05,23200.0,2025-01-23,3,0.008904109589041096,0.008219209791983765,16.84,16.41,True,1.17822197000025,-2350.0827652821417,-10.566834693754572,320.6295835269193,331.1964182206739,-927.1030915956288,-3.272733803054507,323.9023173299738,6771.75,36.24,346.99,1157.1266062220334,81.49974538485148,128.14999999999782
2025-01-21,23414.6,23053.05,23400.0,2025-01-23,2,0.0061643835616438354,0.005479483764586505,16.55,16.99,True,1.0967868636553297,-22909.72761321473,-116.05465442674222,266.48556862027544,382.54022304701766,-23635.48468362097,-119.77484453138959,386.26041315166503,-19572.95,-98.95,266.8,-19363.75889303385,80.80613757779398,361.5499999999993
2025-01-22,23083.0,23161.75,23100.0,2025-01-23,1,0.003424657534246575,0.002739757737189244,17.25,16.77,True,1.166293462235897,2660.376876250789,14.913214750004045,211.28328445606712,196.37006970606308,3647.0104216419586,19.97061754688184,191.31266690918528,16282.49,84.75,217.1,6683.481530481146,83.03113192103875,78.75
2025-01-23,23105.55,23216.3,23100.0,2025-01-23,0,0.0006849315068493151,1.902587519025875e-06,17.0,16.74,True,1.082733240173884,2572.2852906117405,14.31177072108585,130.61462745606877,116.30285673498292,2572.2852906117405,14.31177072108585,116.30285673498292,-3384.56,-16.3,88.95,3401.846708192098,81.90772051378215,110.75
2025-01-24,23235.25,23090.35,23250.0,2025-01-30,6,0.017123287671232876,0.016438387874175547,17.04,16.74,True,0.9289160453004849,-1757.852282092129,-7.446473241498097,366.1653645649094,373.6118378064075,-585.126104007631,-1.4351595077314414,367.60052407264084,7511.37,40.1,384.0,3031.2727872181226,82.56130473026477,144.90000000000146
2025-01-27,22967.55,22816.85,22950.0,2025-01-30,3,0.008904109589041096,0.008219209791983765,17.79,18.13,True,1.1174387543526036,-163.38285299520132,0.6696776769476855,335.5166567161559,334.84697903920824,-1306.146241078301,-5.188032005529749,340.70468872168567,4111.71,22.6,344.4,778.083456739361,85.20208567978023,150.70000000000073
2025-01-28,22908.8,22976.3,22900.0,2025-01-30,2,0.0061643835616438354,0.005479483764586505,18.23,18.2,True,1.17643188039576,1282.0924233178762,7.988627811886545,286.846891359206,278.85826354731944,1366.2706696066086,8.42015728003389,278.4267340791721,4132.71,22.64,307.99,5637.99646019373,87.08605488822025,67.5
2025-01-29,22988.0,23176.2,23000.0,2025-01-30,1,0.003424657534246575,0.002739757737189244,18.54,18.55,True,1.4861989304837542,-5303.84804550723,-25.883528438498615,225.96437265530767,251.84790109380629,-5320.455658353974,-25.968644401815254,251.93301705712292,-9263.39,-46.05,295.85,-2283.984549514787,88.87314023693843,188.20000000000073
2025-01-30,23169.0,23297.95,23150.0,2025-01-30,0,0.0006849315068493151,1.902587519025875e-06,18.97,17.36,True,2.6824471546839077,-438.02342122783034,-1.0886329293734889,146.86422998902162,147.9528629183951,-438.02342122783034,-1.0886329293734889,147.9528629183951,28367.17,146.75,246.60000000000002,391.537996352527,91.65037113134399,128.95000000000073
2025-01-31,23325.35,23533.85,23350.0,2025-02-06,6,0.017123287671232876,0.016438387874175547,17.84,16.17,True,1.472698742898705,-6159.3432491092535,-29.973555123637198,384.811872926688,414.7854280503252,56.771541645375464,1.8898027776685922,382.9220701490194,20536.27,107.33999999999999,639.79,3673.1704328711294,86.77260321224296,208.5
2025-02-01,23510.05,23495.3,23500.0,2025-02-06,5,0.014383561643835616,0.013698661846778286,16.01,14.18,False,,1375.1398066264687,8.52687080321266,319.82916142869,311.3022906254773,8303.988801994732,44.04368616407555,275.78547526461443,,,,11920.387693220486,78.4882221974103,14.75
2025-02-03,23334.2,23359.7,23350.0,2025-02-06,3,0.008904109589041096,0.008219209791983765,14.65,14.4,True,1.050114640989379,1728.0553804071567,10.262181437985419,280.16042613637,269.8982446983846,2622.6583723518256,14.84788908898372,265.3125370473863,7648.18,40.59,270.28999999999996,4706.888070169487,71.28368593892958,25.5
2025-02-04,23514.1,23707.7,23500.0,2025-02-06,2,0.0061643835616438354,0.005479483764586505,14.32,13.96,True,1.057291802568609,-10318.946401588744,-51.5798277004551,231.7253039095358,283.3051316099909,-9539.330390512549,-47.58359174621819,279.308895655754,-7110.79,-35.15,223.7,-5267.604599925427,70.21517559751646,193.60000000000218
2025-02-05,23764.0,23686.75,23750.0,2025-02-06,1,0.003424657534246575,0.002739757737189244,14.29,14.14,True,1.134984529318996,2308.652916496099,13.053194443569737,180.5500000000011,167.49680555643135,2623.637180380605,14.66778041220823,165.88221958779286,991.19,6.3,180.55,5660.108289219793,70.81273687983858,77.25
2025-02-06,23699.05,23628.05,23700.0,2025-02-06,0,0.0006849315068493151,1.902587519025875e-06,14.37,14.11,True,1.950414780636542,7828.27485820049,41.22115311897687,113.16822218308334,71.94706906410647,7828.27485820049,41.22115311897687,71.94706906410647,7961.21,41.95,138.7,8657.836275780848,71.0145456634284,71.0
2025-02-07,23593.15,23563.15,23600.0,2025-02-13,6,0.017123287671232876,0.016438387874175547,14.43,13.7,True,1.0998862537050307,1037.590747071693,6.7878499849830405,315.0920547423775,308.3042047573945,4077.4194467821785,22.369792034780403,292.7222627075971,17380.18,90.7,391.1,7693.818338007934,70.99240148423578,30.0
2025-02-10,23473.6,23376.05,23450.0,2025-02-13,3,0.008904109589041096,0.008219209791983765,14.48,14.46,True,1.158049772786939,1395.8628438986498,8.558937661018717,279.9020352066236,271.3430975456049,1466.5619536431718,8.921343352016265,270.98069185460736,3406.85,18.9,297.6,3550.7916514608337,70.8774148820968,97.54999999999927
2025-02-11,23314.7,23070.5,23300.0,2025-02-13,2,0.0061643835616438354,0.005479483764586505,14.83,14.96,True,1.2965572289419693,-10220.345014961276,-51.06289751262193,237.93214001677734,288.99503752939927,-10498.74598719743,-52.48997942152528,290.4221194383026,-3261.17,-15.309999999999999,281.34000000000003,-6227.020196610309,72.09922394146324,244.20000000000073
2025-02-12,22978.85,23057.8,23000.0,2025-02-13,1,0.003424657534246575,0.002739757737189244,15.14,15.02,True,1.270489735717919,2160.4581914728556,12.30163175114285,184.87792482716395,172.5762930760211,2404.7330254004537,13.553759104617711,171.32416572254624,6005.14,32.05,206.85,5441.2041342396415,72.54605032943009,78.95000000000073
2025-02-13,23024.9,23019.4,23000.0,2025-02-13,0,0.0006849315068493151,1.902587519025875e-06,15.37,15.03,True,2.2723362314553492,19276.54131483304,99.91564776837455,119.34966758928385,19.4340198209093,19277.64776517625,99.92127059064744,19.428396998636416,26619.98,137.65,169.1,20107.209182756607,73.79572905839434,5.5
2025-02-14,23027.2,22897.25,23050.0,2025-02-20,6,0.017123287671232876,0.016438387874175547,14.88,15.04,True,1.0099863424172666,-2130.903073475509,-9.450323453720557,316.8596054811005,326.3099289348211,-2746.1862704265036,-12.60423728423848,329.463842765339,4759.12,25.95,361.3,870.2126207992499,71.45023667424613,129.95000000000073
2025-02-17,22830.35,22963.5,22850.0,2025-02-20,3,0.008904109589041096,0.008219209791983765,16.02,15.68,True,1.248042152913386,-1506.7104990673897,-6.282464097781485,299.80902873447667,306.09149283225815,-382.20626838968826,-0.5183398378958373,300.3273685723725,1497.78,9.2,343.75,1702.023429427974,76.26665320173228,133.15000000000146
2025-02-18,22900.4,22923.15,22900.0,2025-02-20,2,0.0061643835616438354,0.005479483764586505,16.21,15.58,True,1.3356635732081956,2321.7288244557867,13.258199099773265,254.81170327993823,241.55350418016496,4133.11498690494,22.543256343102257,232.26844693683597,14266.51,74.58999999999999,310.63,8404.840777492062,77.40797217134201,22.75
2025-02-19,22852.2,22914.4,22850.0,2025-02-20,1,0.003424657534246575,0.002739757737189244,15.72,15.49,True,1.2552646156951206,1957.0414958350675,11.269238440179834,190.43658980467626,179.16735136449643,2418.9682045992467,13.637016433842291,176.79957337083397,6315.92,33.65,210.6,5455.4393134384345,74.91006355004298,62.20000000000073
2025-02-20,22846.3,22906.25,22850.0,2025-02-20,0,0.0006849315068493151,1.902587519025875e-06,15.69,14.72,True,1.6241985962141008,12053.625599465679,62.891105638285524,119.14393145622307,56.25282581793755,12053.625599466346,62.89110563828895,56.252825817934124,11215.6,58.6,121.6,12883.187017046703,74.74780198004473,59.95000000000073
2025-02-21,22896.4,22764.35,22900.0,2025-02-27,6,0.017123287671232876,0.016438387874175547,14.6,14.57,True,0.88564017896939,-1326.6199729827135,-5.341333194783147,309.4875918155976,314.8289250103808,-1210.7346544315967,-4.7473059201620345,314.23489773575966,2612.46,14.85,309.45000000000005,2405.6642367941567,69.70752559650543,132.0500000000029
2025-02-24,22619.95,22548.85,22600.0,2025-02-27,3,0.008904109589041096,0.008219209791983765,15.25,14.53,True,0.9970577226492213,1858.6837290022897,10.93837809744764,283.70943320529113,272.7710551078435,4337.250676305009,23.643336801564146,260.066096403727,11594.58,60.8,260.1,6421.48037412267,71.93182711308049,71.10000000000218
2025-02-25,22554.25,22526.3,22550.0,2025-02-27,2,0.0061643835616438354,0.005479483764586505,14.16,13.77,True,0.8463082698697744,2192.7805688582594,12.531387532606459,219.36184502934884,206.83045749674238,3299.9846509796007,18.20679308194667,201.15505194740217,10895.81,57.05,169.6,7571.710441566722,66.59647632007758,27.950000000000728
2025-02-27,22554.8,22510.85,22550.0,2025-02-27,0,0.0006849315068493151,1.902587519025875e-06,13.46,13.35,True,1.0505366766317634,11853.192591833948,61.82996200940486,100.97717329630905,39.14721128690419,11853.192592062098,61.82996201057486,39.14721128573419,11840.25,61.7,66.75,12682.754009642456,63.30582134776544,43.95000000000073
2025-02-28,22337.7,22127.4,22350.0,2025-03-06,6,0.017123287671232876,0.016438387874175547,13.52,13.89,True,0.8970464050386951,-7648.650963621677,-37.80354340318809,279.3908224090501,317.1943658122382,-8881.16710542475,-44.12131848935769,323.5121408984078,-6057.34,-29.64,282.95,-5264.768214198996,62.97595369383499,210.29999999999927
2025-03-03,22173.2,22143.15,22150.0,2025-03-06,3,0.008904109589041096,0.008219209791983765,14.05,13.64,True,1.1485230864396685,2027.2569190276813,11.752291892449648,256.7094576454547,244.95716575300503,3421.3853492827507,18.898488970680773,237.8109686747739,8166.97,43.25,270.7,5505.615047100413,64.96273577349453,30.049999999999272
2025-03-04,21999.5,22080.3,22000.0,2025-03-06,2,0.0061643835616438354,0.005479483764586505,13.91,13.84,True,1.1045177894688123,-364.35017434929375,-0.5935393556374038,210.07010753192844,210.66364688756585,-181.55889313828223,0.3433902915985527,209.7267172403299,101.97,1.8,211.8,4090.166897448839,63.811587318991315,80.79999999999927
2025-03-05,22192.8,22346.65,22200.0,2025-03-06,1,0.003424657534246575,0.002739757737189244,13.61,13.73,True,1.1900274370121342,-6298.202627128666,-31.102936549377773,160.08732467444315,191.19026122382093,-6472.9381382525125,-31.998605837192372,192.08593051163552,-8105.0,-40.35,167.85,-3436.4670294133252,62.98394106261094,153.85000000000218
2025-03-06,22364.1,22529.2,22350.0,2025-03-06,0,0.0006849315068493151,1.902587519025875e-06,13.88,13.69,True,1.7649859991562753,-14916.213936121847,-75.38278941600947,103.81997456783938,179.20276398384885,-14916.213936121847,-75.38278941600947,179.20276398384885,-15723.48,-79.5,115.0,-14086.65251854149,64.72923869325203,165.10000000000218
2025-03-07,22511.6,22536.95,22500.0,2025-03-13,6,0.017123287671232876,0.016438387874175547,13.82,13.47,True,0.9436179940232119,296.00787071866364,2.9379890806085314,288.9593004435992,286.0213113629907,1667.3002899830217,9.967129692220624,278.9921707513786,5100.46,27.6,307.65,5283.699181208775,64.87449853657915,25.350000000002183
2025-03-10,22582.85,22441.1,22600.0,2025-03-13,3,0.008904109589041096,0.008219209791983765,13.99,14.01,True,1.0884650658839794,-3429.435604120767,-16.21413130318342,258.9499999999989,275.16413130318233,-3491.309324933225,-16.531278589401154,275.48127858940006,-441.85,-0.9,258.95,-1407.079627115563,65.88037640868119,141.75
2025-03-11,22362.9,22520.5,22350.0,2025-03-13,2,0.0061643835616438354,0.005479483764586505,14.28,14.08,True,1.1622595478649733,-6999.761603874442,-34.58821335320226,219.73878611886903,254.3269994720713,-6554.036902320205,-32.30347129394977,252.0422574128188,-6645.97,-32.75,233.05,-2282.3111117330836,66.59106132445379,157.59999999999854
2025-03-12,22462.1,22468.5,22450.0,2025-03-13,1,0.003424657534246575,0.002739757737189244,14.1,13.71,True,1.272479847296008,3116.105676887541,17.169465009679698,168.3346089124043,151.1651439027246,3920.0730486745797,21.290528454741434,147.04408045766286,10645.07,55.8,188.60000000000002,6956.5441575137675,66.04334727888022,6.400000000001455
2025-03-13,22483.85,22383.3,22500.0,2025-03-13,0,0.0006849315068493151,1.902587519025875e-06,13.58,13.34,True,1.2287649512457441,-3034.5304632265206,-14.481130580648824,102.21608688527522,116.69721746592404,-3034.5304632265206,-14.481130580648824,116.69721746592404,-4756.42,-23.35,79.3,-2204.969045646163,63.66929729881861,100.54999999999927
2025-03-17,22539.1,22515.25,22550.0,2025-03-20,3,0.008904109589041096,0.008219209791983765,13.58,13.42,True,1.0180052786499114,1548.3101852939712,9.286308642533186,250.82572030616757,241.53941166363438,2100.3315528734224,12.115956681402167,238.7097636247654,1935.33,11.24,234.59,4184.561250691084,63.82575309601347,23.849999999998545
2025-03-18,22644.1,22848.75,22650.0,2025-03-20,2,0.0061643835616438354,0.005479483764586505,13.57,13.26,True,1.2270161332995069,-10661.460526760226,-53.37431039364219,210.87527476405012,264.2495851576923,-10033.884821436286,-50.157409340698905,261.032684104749,-9029.12,-44.96,236.19,-5762.159030849166,64.07587113498155,204.65000000000146
2025-03-19,22848.45,22911.8,22850.0,2025-03-20,1,0.003424657534246575,0.002739757737189244,13.51,13.26,True,1.2286084617943032,1282.1720566726442,7.760010547039201,163.59883091761185,155.83882037057265,1777.5269368404602,10.299163778669026,153.29966713894282,385.73,3.19,177.09,4813.9980456796475,64.36824972407298,63.349999999998545
2025-03-20,23064.65,23165.7,23050.0,2025-03-20,0,0.0006849315068493151,1.902587519025875e-06,13.15,12.53,True,1.7539461424608582,-2974.2386194162223,-14.173377535467807,101.52947301610948,115.70285055157728,-2974.2386194162223,-14.173377535467807,115.70285055157728,-5919.2,-29.25,111.75,-2144.6772018358647,63.245878443055254,101.04999999999927
2025-03-21,23196.2,23355.65,23200.0,2025-03-27,6,0.017123287671232876,0.016438387874175547,12.55,12.57,True,0.8566813799608991,-6733.462242592392,-33.13042175688406,269.66083680128577,302.79125855816983,-6804.409231960726,-33.49409862543962,303.1549354267254,-7309.59,-36.1,260.85,-3188.0103407349725,60.704400981331595,159.45000000000073
2025-03-24,23498.9,23674.15,23500.0,2025-03-27,3,0.008904109589041096,0.008219209791983765,13.07,13.69,True,1.100055309419072,-7126.464104902066,-35.17807233283111,251.82275449967892,287.00082683251003,-9002.374565819322,-44.79386956830422,296.61662406798314,-15179.04,-76.45,254.5,-6918.144868001661,64.04463106434142,175.25
2025-03-25,23721.65,23605.95,23700.0,2025-03-27,2,0.0061643835616438354,0.005479483764586505,14.05,13.8,True,1.3833314792541773,559.8743874063233,4.1808430123401195,229.92282998539486,225.74198697305474,1268.748989380261,7.81445635579621,222.10837362959865,13749.31,71.9,289.7,5540.474779967382,69.49936324307346,115.70000000000073
2025-03-26,23699.8,23464.3,23700.0,2025-03-27,1,0.003424657534246575,0.002739757737189244,13.85,13.55,True,1.3269983082734063,-15760.022083898633,-79.57770299435197,173.98133897868865,253.55904197304062,-15443.984099998472,-77.9577133333255,251.93905231201416,-5445.2,-26.65,203.4,-12407.512991159285,68.44694389229528,235.5
2025-03-27,23543.8,23601.05,23550.0,2025-03-27,0,0.0006849315068493151,1.902587519025875e-06,13.59,13.37,True,1.8599530900852252,10589.554519980265,55.36274112810393,106.41565351376812,51.05291238566419,10589.554519980855,55.36274112810695,51.05291238566117,15789.38,82.05,124.35,11419.115937561211,66.71993646868417,57.25
2025-03-28,23558.75,23495.15,23550.0,2025-04-03,6,0.017123287671232876,0.016438387874175547,12.87,12.76,True,0.9779231503569605,971.7538053462232,6.388070796647298,281.57353168096597,275.1854608843187,1427.1639677181186,8.722481885733941,272.85104979523203,14756.19,77.1,310.6,5043.562858943872,63.22522709941682,63.599999999998545
2025-04-01,23471.45,23179.7,23450.0,2025-04-03,2,0.0061643835616438354,0.005479483764586505,13.47,13.86,True,1.0882592169268197,-16615.484301938945,-83.88053488173819,218.22141858353098,302.10195346526916,-17301.621361352714,-87.39759672488572,305.6190153084167,-14941.02,-75.3,216.8,-13029.895570765593,65.92757828827928,291.75
2025-04-02,23246.3,23330.8,23250.0,2025-04-03,1,0.003424657534246575,0.002739757737189244,13.88,13.76,True,1.3059629199051053,355.66158005239697,3.0245722053969075,170.99241725932916,167.96784505393225,589.8065226536442,4.224751398223816,166.76766586110534,7959.67,42.05,196.75,3626.2776314928315,67.28262266019847,84.5
2025-04-03,23251.65,23241.6,23250.0,2025-04-03,0,0.0006849315068493151,1.902587519025875e-06,13.84,13.56,True,1.3918803534222666,18857.518817173303,97.74471188294001,106.95217539002624,9.207463507086231,18868.33282010085,97.8001170261582,9.152058363868036,18014.78,93.4,93.55000000000001,19697.89423768121,67.10416468981917,10.05000000000291
2025-04-04,23077.8,22912.05,23100.0,2025-04-09,5,0.014383561643835616,0.013698661846778286,13.88,13.73,True,0.9979780602231298,-5263.122547890784,-25.59016691226043,271.50005907004197,297.0902259823024,-4774.05795606697,-23.083271569574208,294.5833306396162,3130.72,17.5,305.9,-1157.6590648412166,66.79492690137907,165.75
2025-04-07,22042.35,22238.0,22050.0,2025-04-09,2,0.0061643835616438354,0.005479483764586505,20.77,22.82,True,1.961604333655929,-4865.145303259223,-23.470847709021655,314.1747331060087,337.64558081503037,-9918.117048896536,-49.37203614818736,363.5467692541961,-17387.89,-87.2,562.55,-5646.391258309414,95.46715888518986,195.65000000000146
2025-04-08,22545.15,22547.2,22550.0,2025-04-09,1,0.003424657534246575,0.002739757737189244,19.67,20.36,True,1.5395926830027191,4579.185482786453,24.79300247582796,235.01274787547482,210.21974539964685,3140.612793488439,17.418988684556098,217.59375919091872,-5701.62,-27.75,318.78999999999996,6177.083902327627,92.47345766029801,2.0499999999992724
2025-04-09,22382.9,22420.4,22400.0,2025-04-09,0,0.0006849315068493151,1.902587519025875e-06,21.13,21.52,True,1.9339925039824897,26526.05670413057,137.14747027759267,157.7450896208793,20.597619343286624,26521.553492584655,137.12437688504951,20.620712735829784,36941.7,190.6,191.5,27351.11491016501,98.62237547082856,37.5
2025-04-11,22762.45,22844.5,22750.0,2025-04-17,6,0.017123287671232876,0.016438387874175547,19.93,19.77,True,1.001662622024862,-728.2075045527524,-2.0680897669371916,420.26161974769457,422.32970951463176,-100.8223618972792,1.1478340415524144,419.11378570614215,-6589.32,-32.01,474.99,3515.5765293284744,94.5988617929005,82.04999999999927
2025-04-15,23297.9,23344.1,23300.0,2025-04-17,2,0.0061643835616438354,0.005479483764586505,17.49,16.05,True,1.1185969884730187,2160.2456952767398,12.476644591162767,279.6532841532917,267.1766395621289,6340.927634757507,33.90650069106414,245.74678346222754,17584.27,91.55,285.55,10612.653425344628,84.97011260968544,46.19999999999709
2025-04-16,23333.5,23433.3,23350.0,2025-04-17,1,0.003424657534246575,0.002739757737189244,15.17,15.81,True,0.8281231006156516,811.0130368590505,5.3899642915848744,187.8488878008884,182.45892350930353,-463.50306957090254,-1.1430926644661668,188.99198046535457,-3655.66,-17.6,137.2,2572.968039268285,73.81167752170684,99.79999999999927
2025-04-17,23309.8,23837.75,23300.0,2025-04-17,0,0.0006849315068493151,1.902587519025875e-06,15.84,15.44,True,1.199962235514162,-81135.13517181668,-414.7805393426497,122.97234212596959,537.7528814686193,-81135.13517181668,-414.7805393426497,537.7528814686193,-89614.31,-458.3,92.9,-80305.57375423633,76.99337051241545,527.9500000000007
2025-04-21,23958.7,24121.2,23950.0,2025-04-24,3,0.008904109589041096,0.008219209791983765,15.88,15.45,True,1.1671388174989923,-4859.630486824424,-23.4463101888432,312.1603124848498,335.606622673693,-3455.839346812389,-16.25061203493533,328.4109245197851,9089.95,48.1,334.65,-1371.609648994727,79.3365580618968,162.5
2025-04-22,24132.6,24134.05,24150.0,2025-04-24,2,0.0061643835616438354,0.005479483764586505,15.13,15.24,True,0.9330895961308704,2530.8552605270843,14.322539797574791,250.68777436470737,236.36523456713257,2195.816990914664,12.605164055972637,238.08261030873473,5202.86,27.95,213.55,6467.542781501785,76.13820782898914,1.4500000000007276
2025-04-23,24317.6,24300.85,24300.0,2025-04-24,1,0.003424657534246575,0.002739757737189244,15.52,16.04,True,0.9963224392284836,4038.254046809909,21.95653357338415,200.7564860819857,178.79995250860156,2870.165816356438,15.969004186443271,184.78748189554244,10464.14,54.85,176.45,5906.636925195626,78.69951118533024,16.75
2025-04-24,24253.55,24245.05,24250.0,2025-04-24,0,0.0006849315068493151,1.902587519025875e-06,16.41,16.33,True,0.8761192516857819,24017.020211821975,124.23902672729218,132.29677358680237,8.057746859510189,24022.658877480266,124.26794296143726,8.028830625365117,13369.45,69.55,72.9,24852.220295060622,82.99338991451414,8.5
2025-04-25,24319.0,23991.65,24300.0,2025-04-30,5,0.014383561643835616,0.013698661846778286,16.15,17.23,True,0.9396256564581407,-13181.59422172633,-66.06304729090425,334.26459104029345,400.3276383311977,-16503.61428120395,-83.09145785232795,417.3560488926214,-9011.5,-44.65,354.4,-12887.215389978197,81.89885817112919,327.34999999999854
2025-04-28,24117.05,24312.9,24100.0,2025-04-30,2,0.0061643835616438354,0.005479483764586505,17.45,16.95,True,1.0043831472162055,-7895.249160182189,-39.04891877016507,289.4332419289567,328.4821606991218,-6663.681743712681,-32.736008942116314,322.169250871073,-10266.84,-51.25,265.5,-2391.9559531255595,87.75648558398325,195.85000000000218
2025-04-29,24418.25,24325.45,24400.0,2025-04-30,1,0.003424657534246575,0.002739757737189244,16.95,17.43,True,0.8651979096990985,2940.3543782684555,16.36463783727413,220.0486860222627,203.68404818498857,1901.298713669049,11.038506223943841,209.01017979831886,6943.87,36.79,168.19,4937.769822508237,86.3065677487073,92.79999999999927
2025-04-30,24322.25,24246.25,24300.0,2025-04-30,0,0.0006849315068493151,1.902587519025875e-06,17.92,18.49,True,0.6875916287397438,17764.73471162462,92.21566518781856,145.9626600800384,53.74699489221984,17764.734701097845,92.2156651338351,53.7469949462033,5919.9,31.35,65.3,18594.2961186782,90.88691471853599,76.0
2025-05-02,24487.1,24313.65,24500.0,2025-05-08,6,0.017123287671232876,0.016438387874175547,17.58,18.18,True,0.8401055951780534,-2512.0832511070266,-11.253196159523213,398.1484560164936,409.4016521760168,-4967.330727945399,-23.838619117668713,421.9870751341623,7691.2,41.01,377.65,-1350.9318367196458,89.76681845300865,173.4499999999971
2025-05-05,24442.25,24459.5,24450.0,2025-05-08,3,0.008904109589041096,0.008219209791983765,18.58,18.29,True,0.8094962190349094,2432.7427378075517,14.045296091320779,372.14665489867366,358.1013588073529,3520.3308678743965,19.62020957884306,352.5264453198306,15478.56,80.74,276.78999999999996,5604.560565692058,94.69924116909033,17.25
2025-05-06,24433.1,24335.9,24450.0,2025-05-08,2,0.0061643835616438354,0.005479483764586505,18.62,19.29,True,0.6131015001156784,989.4015918290563,6.535649188866955,312.30623281386215,305.7705836249952,-993.1468643890018,-3.6267531507128297,315.932985964575,-860.06,-3.2,174.85,3278.57892619812,94.86758751929122,97.19999999999709
2025-05-07,24428.5,24409.3,24450.0,2025-05-08,1,0.003424657534246575,0.002739757737189244,19.32,19.01,True,0.8276580476583077,4603.456083505259,24.946236325667996,250.52505670913888,225.57882038347088,5297.7429050733535,28.505091820888993,222.0199648882499,11837.16,61.9,182.9,8334.21401391254,98.41550608105824,19.200000000000728
2025-05-08,24393.35,24154.1,24400.0,2025-05-08,0,0.0006849315068493151,1.902587519025875e-06,18.48,21.86,True,0.6558183887911743,-18957.89656162693,-96.01454646988168,149.88243602650073,245.8969824963824,-18957.89656162693,-96.01454646988168,245.8969824963824,-12709.65,-64.15,61.9,-18128.33514404657,94.00111857189684,239.25
2025-05-09,24083.55,24038.65,24100.0,2025-05-15,6,0.017123287671232876,0.016438387874175547,22.29,21.54,True,0.9122598812306533,1541.484278167207,9.707662964960036,496.3970162529931,486.6893532880331,4724.930664876558,26.025798281418247,470.3712179715749,14539.08,76.36,511.25,8341.329556102311,111.94125712409932,44.89999999999782
2025-05-12,24596.1,24920.25,24600.0,2025-05-15,3,0.008904109589041096,0.008219209791983765,17.48,18.47,True,0.8811957544340621,-17311.46401972162,-87.19884112677755,352.35411347813533,439.5529546049129,-20132.243823160563,-101.65791704184903,454.01203051998436,-48218.38,-245.75,285.3,-18048.0141253429,89.65350766773393,324.15000000000146
2025-05-13,24765.6,24593.65,24750.0,2025-05-15,2,0.0061643835616438354,0.005479483764586505,18.46,18.16,True,1.3133902478899016,-987.5972729877184,-3.5947039640395815,314.23783071651997,317.83253468055955,-126.33150017911248,0.8200948708763462,313.4177358456436,9484.46,50.2,376.5,4145.394290408009,95.33231917582835,171.9499999999971
2025-05-14,24717.9,24685.75,24700.0,2025-05-15,1,0.003424657534246575,0.002739757737189244,17.9,17.19,True,1.1917718476849226,4710.965134909278,25.46864171748348,235.10934766511127,209.6407059476278,6330.837712495407,33.77198826920721,201.33735939590406,13306.41,69.55,246.8,9367.308821334595,92.2622856553011,32.150000000001455
2025-05-15,24611.3,25035.3,24600.0,2025-05-15,0,0.0006849315068493151,1.902587519025875e-06,17.31,16.74,True,1.454076939211092,-57466.95726748588,-293.42403726915836,141.87900496809561,435.303042237254,-57466.95726748588,-293.42403726915836,435.303042237254,-65066.23,-332.4,129.7,-56637.39584990552,88.83645701970369,424.0
2025-05-16,25033.25,25013.1,25050.0,2025-05-22,6,0.017123287671232876,0.016438387874175547,16.47,16.51,True,0.8677299424918716,1222.4764743702497,7.858597304462819,381.3020996549294,373.4435023504666,1045.6262190816567,6.9520831747777265,374.3500164801517,2901.36,16.45,373.55,4662.025110307411,85.97465529166969,20.150000000001455
2025-05-19,25014.15,24935.35,25000.0,2025-05-22,3,0.008904109589041096,0.008219209791983765,17.15,17.24,True,1.0714017596684624,2151.6307952282796,12.567081001170664,352.09606350332615,339.5289825021555,1809.1015451702956,10.811289975232285,341.28477352809387,6744.58,36.1,346.6,3893.3312429879575,89.45600139510783,78.80000000000291
2025-05-20,24935.4,24713.85,24950.0,2025-05-22,2,0.0061643835616438354,0.005479483764586505,17.27,17.42,True,0.98288200670429,-7903.75706374126,-39.08111314739108,295.5770260109275,334.6581391583186,-8284.1047751372,-41.03074243660103,336.60776844752854,-9096.21,-45.25,265.20000000000005,-4012.378984550079,89.7983350287396,221.5500000000029
2025-05-21,24738.2,24800.95,24750.0,2025-05-22,1,0.003424657534246575,0.002739757737189244,17.54,17.51,True,1.1646805621233622,3519.0934938850482,19.349761507102812,230.03422479351866,210.68446328641585,3586.253424942619,19.694017563808302,210.34020722971036,1848.96,10.8,236.05,6622.724533781807,90.48097938809546,62.75
2025-05-22,24591.45,24637.0,24600.0,2025-05-22,0,0.0006849315068493151,1.902587519025875e-06,18.03,17.19,True,1.9098408262185647,21326.877236266588,110.47778069880302,147.48115778231477,37.00337708351175,21326.91467127509,110.4779726732056,37.00318510910917,32401.45,167.3,176.95,22156.47608885545,92.45693053814172,45.54999999999927
2025-05-23,24714.0,24845.15,24700.0,2025-05-29,6,0.017123287671232876,0.016438387874175547,17.04,17.16,True,0.8791740926107324,-3433.7950394206287,-15.991974561131428,390.52745963716734,406.51943419829877,-3926.5944525674877,-18.518022833679424,409.04548247084676,-9881.93,-49.05,387.65,-310.1955613417341,87.81571470518989,131.15000000000146
2025-05-26,25040.05,24996.35,25050.0,2025-05-29,3,0.008904109589041096,0.008219209791983765,17.89,18.08,True,1.210973801526917,2280.096731408157,13.253470417477729,367.08868853159584,353.8352181141181,1553.0346280179779,9.52658783598963,357.5621006956062,-505.78,-0.95,408.4,3637.2643258356397,93.41253108921939,43.70000000000073
2025-05-27,24791.9,24837.7,24800.0,2025-05-29,2,0.0061643835616438354,0.005479483764586505,18.74,18.46,True,1.4960514299623648,2767.8574553052413,15.663986950283288,318.8273276056425,303.1633406553592,3638.0894295512353,20.12476630539095,298.70256130025155,13628.21,71.55,435.4,7909.815220138356,96.88108758105508,45.79999999999927
2025-05-28,24768.9,24757.15,24750.0,2025-05-29,1,0.003424657534246575,0.002739757737189244,18.94,18.0,True,1.6570096343366254,4975.603620853895,26.851454465917413,249.252468050654,222.40101358473657,7125.115139312969,37.86971866314343,211.38274938751056,28968.65,150.05,363.3,10161.586248152156,97.82419931886629,11.75
2025-05-29,24802.7,24880.85,24800.0,2025-05-29,0,0.0006849315068493151,1.902587519025875e-06,17.23,16.27,True,1.1381138474772272,11711.383069505222,61.179349074385755,142.0324160452783,80.85306697089254,11711.383069505222,61.179349074385755,80.85306697089254,13058.61,68.01,101.6,12540.94448708558,89.11357058849545,78.14999999999782
2025-05-30,24848.05,24736.65,24850.0,2025-06-05,6,0.017123287671232876,0.016438387874175547,16.21,16.22,True,1.008060680378913,145.95611411609832,2.3247493031594786,372.8601046070671,370.53535530390764,102.93911103266998,2.1042518514495896,370.7558527556175,824.83,5.9,424.20000000000005,3719.338002258424,83.99142211105983,111.39999999999782
2025-06-02,24564.8,24690.35,24550.0,2025-06-05,3,0.008904109589041096,0.008219209791983765,16.97,17.15,True,1.2595347962821315,-2091.794274939708,-9.202791153536964,342.19924248230564,351.4020336358426,-2727.1846987053264,-12.45976768566834,354.659010167974,-10616.44,-52.8,395.75,-642.9550008876643,86.926998149851,125.54999999999927
2025-06-03,24647.9,24538.4,24650.0,2025-06-05,2,0.0061643835616438354,0.005479483764586505,17.25,16.69,True,1.6211038174361487,732.9985935014988,5.183223556417943,291.80117744430027,286.6179538878823,2392.663408657607,13.690581582859522,278.11059586144074,26934.45,139.75,431.75,6664.389199244728,88.66018439875975,109.5
2025-06-04,24572.65,24612.0,24550.0,2025-06-05,1,0.003424657534246575,0.002739757737189244,16.07,15.68,True,1.0831145101905089,2811.680099607388,15.687077433884042,210.35081622279722,194.66373878891318,3662.485109359204,20.0482313300472,190.30258489275002,8221.55,43.4,200.85000000000002,6698.956218198392,82.3431504504116,39.349999999998545
2025-06-05,24715.35,24761.1,24700.0,2025-06-05,0,0.0006849315068493151,1.902587519025875e-06,15.69,15.09,True,1.6939489638348566,13121.625480089582,68.38479733379273,129.48785193786352,61.103054604070785,13121.62548009022,68.384797333796,61.10305460406752,16720.94,86.85,137.75,13951.186897670577,80.86290067396027,45.75
2025-06-06,24728.75,25000.3,24750.0,2025-06-12,6,0.017123287671232876,0.016438387874175547,14.96,14.73,True,0.8858560456028424,-12927.948601334412,-64.74830051966364,342.10832219731856,406.8566227169822,-12115.151718315452,-60.58195752982283,402.6902797271414,-13601.35,-68.2,342.15,-8498.752827089698,77.14243886930056,271.5499999999993
2025-06-09,25093.9,25103.1,25100.0,2025-06-12,3,0.008904109589041096,0.008219209791983765,15.0,14.71,True,1.0991057765065604,2021.3580533500672,11.818297709487524,308.4857633417141,296.6674656322266,3138.047294285877,17.542345098901933,290.9434182428122,8259.47,43.8,311.5,5222.276992103539,78.4908495170869,9.19999999999709
2025-06-10,25087.75,25091.5,25100.0,2025-06-12,2,0.0061643835616438354,0.005479483764586505,14.56,13.98,True,1.0293110568420982,2530.1844639956444,14.319099815362279,250.69298366658768,236.3738838512254,4367.098853213577,23.734968478018345,226.95801518856933,11057.24,58.0,235.55,8638.824643800697,76.16977903845596,3.75
2025-06-11,25135.95,25126.8,25150.0,2025-06-12,1,0.003424657534246575,0.002739757737189244,13.88,13.72,True,0.9906560044960686,3466.604792989743,18.997152784562786,185.04760895536856,166.05045617080577,3836.980973997668,20.895646020500863,164.1519629348677,2158.85,12.25,161.55,6873.452082836856,72.75190628425237,9.150000000001455
2025-06-12,25173.65,24856.0,25150.0,2025-06-12,0,0.0006849315068493151,1.902587519025875e-06,13.61,14.15,True,1.3635408589466542,-35035.0427986018,-178.48868101847074,115.50820872677468,293.9968897452454,-35035.0427986018,-178.48868101847074,293.9968897452454,-31958.83,-162.75,99.5,-34205.48138102144,71.44369741225967,317.65000000000146
2025-06-13,24641.9,24735.55,24650.0,2025-06-19,6,0.017123287671232876,0.016438387874175547,15.11,15.05,True,1.0115930598688723,-1286.7130699847314,-5.071656769152469,344.5418235820471,349.61348035119954,-1033.9802865391002,-3.776155315585129,348.3179788976322,5098.64,27.75,393.4,2582.4186046866535,77.64227687165729,93.64999999999782
2025-06-16,24786.5,24940.95,24800.0,2025-06-19,3,0.008904109589041096,0.008219209791983765,14.8,14.86,True,1.0476624504639809,-3178.0176313118336,-14.847936570829916,300.61884919439035,315.46678576522027,-3387.4772358117953,-15.921626850316898,316.54047604470725,-5612.92,-27.35,289.35,-1303.2475379941334,76.4956129710622,154.45000000000073
2025-06-17,24882.7,24841.5,24900.0,2025-06-19,2,0.0061643835616438354,0.005479483764586505,14.83,14.48,True,1.0883824809810296,1972.4448064554217,11.465101571566265,253.34221790390257,241.8771163323363,3055.5973319315494,17.01726836887974,236.32494953502282,5793.8,31.05,251.70000000000002,7327.32312251867,76.94816401533141,41.20000000000073
2025-06-18,24897.05,24798.75,24900.0,2025-06-19,1,0.003424657534246575,0.002739757737189244,14.4,14.26,True,1.1672545349419265,364.5103817656957,3.1052327270035676,189.99861270001202,186.89337997300845,654.1946867410817,4.590126598672214,185.4084861013398,2127.07,12.15,195.4,3690.665795580269,74.7601202192809,98.29999999999927
2025-06-19,24816.3,24744.7,24800.0,2025-06-19,0,0.0006849315068493151,1.902587519025875e-06,13.99,14.19,True,1.304405778222325,11659.91901735585,60.86748214028641,116.16441516939267,55.296933029106256,11659.9190173559,60.86748214028667,55.296933029106,17106.9,88.75,95.55,12489.480434936258,72.3959635329799,71.59999999999854
2025-06-20,24831.6,25079.75,24850.0,2025-06-26,6,0.017123287671232876,0.016438387874175547,13.65,13.6,True,0.9047334954215518,-12087.89252417218,-60.49539755985734,313.48450679121015,373.9799043510675,-11910.975337494,-59.58854019227692,373.0730469834871,-15524.75,-78.1,320.2,-8294.576446268245,70.68006865295274,248.15000000000146
2025-06-23,24908.9,24958.9,24900.0,2025-06-26,3,0.008904109589041096,0.008219209791983765,14.26,13.97,True,1.0759324656101785,855.7550756716229,5.812026029085246,291.54301520981244,285.7309891807272,1942.1556037125633,11.380797967756735,280.1622172420557,601.01,4.5,288.20000000000005,4026.385301530225,74.06852260006278,50.0
2025-06-24,25199.9,25071.55,25200.0,2025-06-26,2,0.0061643835616438354,0.005479483764586505,13.53,13.53,True,1.0911594683261105,-1479.3565024055558,-6.264392320028492,234.07369888409994,240.33809120412843,-1479.3565024055558,-6.264392320028492,240.33809120412843,1615.91,9.6,233.15,2792.369288181566,71.09780966643551,128.35000000000218
2025-06-25,25159.45,25236.35,25150.0,2025-06-26,1,0.003424657534246575,0.002739757737189244,13.35,12.97,True,1.1157958919243132,299.0527505222396,2.7480653872935363,178.35148042549554,175.603415038202,1094.9308188603181,6.827645224924709,171.52383520057083,2153.84,12.25,175.35,4131.401927699506,70.03933535463113,76.89999999999782
2025-06-26,25350.45,25530.4,25350.0,2025-06-26,0,0.0006849315068493151,1.902587519025875e-06,13.11,12.58,True,1.9171572002355672,-13860.595821867215,-69.9594657531652,110.44366923522648,180.40313498839168,-13860.595821867215,-69.9594657531652,180.40313498839168,-13232.91,-66.7,133.05,-13031.034404286856,69.3023516976931,179.95000000000073
2025-06-27,25537.3,25632.45,25550.0,2025-07-03,6,0.017123287671232876,0.016438387874175547,12.71,12.36,True,0.9967200055501086,-1675.594657230317,-7.147152088360599,300.3350423775664,307.482194465927,-163.43610195357243,0.6040199899816798,299.73102238758474,8679.09,46.0,337.9,3452.962789272181,67.68308356518799,95.15000000000146
2025-06-30,25631.85,25507.45,25650.0,2025-07-03,3,0.008904109589041096,0.008219209791983765,12.79,12.74,True,1.0968245162311578,-2041.1756570998548,-9.079926446665922,268.68670506495255,277.76663151161847,-1859.8861347570398,-8.150646844907897,276.83735190986044,743.9,5.2,270.75,224.34356306062222,68.36126724682947,124.39999999999782
2025-07-01,25574.2,25533.0,25550.0,2025-07-03,2,0.0061643835616438354,0.005479483764586505,12.66,12.48,True,1.1300879768460859,2568.3816524196263,14.464828986767316,223.7388694912006,209.2740405044333,3148.3208887857454,17.43754301941408,206.30132647178652,10112.82,53.15,230.7,7420.0466793728665,67.5142380044386,41.20000000000073
2025-07-02,25567.85,25442.85,25550.0,2025-07-03,1,0.003424657534246575,0.002739757737189244,12.44,12.47,True,1.0622401933697783,-732.8256475740374,-2.5576699875591657,169.5269512087434,172.08462119630258,-793.8290551753329,-2.870354129104271,172.39730533784768,-210.46,0.1,158.8,2242.6420536638543,66.32453252067529,125.0
2025-07-03,25434.85,25397.4,25450.0,2025-07-03,0,0.0006849315068493151,1.902587519025875e-06,12.43,12.41,True,1.5459362370213232,10145.819746050043,53.08681921051305,105.68367185530406,52.59685264479101,10145.819746051013,53.086819210518016,52.59685264478604,11095.64,57.95,102.69999999999999,10975.38116363137,65.92648436240731,37.44999999999709
2025-07-04,25424.55,25467.8,25400.0,2025-07-10,6,0.017123287671232876,0.016438387874175547,12.32,12.28,True,0.9054458954882224,-549.1050247065134,-1.3875642292641714,292.43132563680047,293.81888986606464,-375.6744324975145,-0.4985868333205872,292.92991247012105,3377.15,18.75,298.8,3240.7244587282394,65.31660306838053,43.25
2025-07-07,25441.4,25454.95,25450.0,2025-07-10,3,0.008904109589041096,0.008219209791983765,12.65,12.63,True,0.999066256745124,1660.4995139010805,9.885433404620926,263.75492075160764,253.86948734698672,1738.5402248480614,10.285437050502878,253.46948370110476,1583.4,9.45,242.10000000000002,3822.7699226657232,67.11060271257367,13.549999999999272
2025-07-08,25475.9,25523.1,25500.0,2025-07-10,2,0.0061643835616438354,0.005479483764586505,12.46,12.21,True,1.0213241191630118,1884.1060266294364,10.946953982715058,218.18101751698669,207.23406353427163,2682.6280810464164,15.040092723314956,203.14092479367173,4991.92,26.85,203.45,6954.353871633537,66.19225632212326,47.19999999999709
2025-07-09,25483.35,25464.65,25500.0,2025-07-10,1,0.003424657534246575,0.002739757737189244,11.88,11.89,True,0.9995777163962113,2720.6927690085327,15.128424456454013,160.7125452576911,145.58412080123708,2697.4741162169507,15.009405724189492,145.7031395335016,3629.23,19.75,141.60000000000002,5733.945225056139,63.12953162771332,18.69999999999709
2025-07-10,25451.9,25348.15,25450.0,2025-07-10,0,0.0006849315068493151,1.902587519025875e-06,11.85,11.65,True,1.5135781355475078,-520.5935589248573,-1.5985310714095249,100.24832157337732,101.84685264478685,-520.5935589248573,-1.5985310714095249,101.84685264478685,-21.63,0.95,95.35,308.9678586555,62.89239973582886,103.75
2025-07-11,25309.9,25140.55,25300.0,2025-07-17,6,0.017123287671232876,0.016438387874175547,11.7,11.87,True,0.8348292209165706,-2714.7437492667186,-12.52022435521394,275.32852583583735,287.8487501910513,-3416.032121056434,-16.11498523618684,291.4435110720242,-1368.79,-5.65,259.7,200.3667701693197,61.749848796327555,169.35000000000218
2025-07-14,25071.9,25087.1,25050.0,2025-07-17,3,0.008904109589041096,0.008219209791983765,12.13,11.97,True,0.9874629096739971,1297.8122680431102,8.002114195092872,250.7370156626239,242.73490146753102,1904.9566809877997,11.114290671732306,239.62272499089158,3539.45,19.45,227.8,3989.1863788054616,63.41728647198559,15.19999999999709
2025-07-15,25147.95,25219.65,25150.0,2025-07-17,2,0.0061643835616438354,0.005479483764586505,11.78,11.44,True,0.9762134554311485,5.574322062681176,1.2901760105778521,203.3688633068923,202.07868729631446,1028.394956835496,6.533102342746133,196.83576096414617,3312.47,18.2,181.25,5300.120747422618,61.77425068337669,71.70000000000073
2025-07-16,25147.15,25198.55,25150.0,2025-07-17,1,0.003424657534246575,0.002739757737189244,11.6,11.24,True,0.9829954015483704,1678.1163933867197,9.772904581470357,154.59812215698548,144.82521757551513,2476.6491941569,13.866098431573846,140.73202372541164,3475.95,18.95,133.9,5513.120302996088,60.82839662396013,51.39999999999782
2025-07-17,25209.9,25109.5,25200.0,2025-07-17,0,0.0006849315068493151,1.902587519025875e-06,11.21,11.28,True,1.217175044422461,535.6642707546619,3.804739850023907,94.3016234118586,90.4968835618347,535.6642707546619,3.804739850023907,90.4968835618347,-3339.52,-16.1,72.35,1365.2256883350194,58.92998669735002,100.40000000000146
2025-07-18,25071.85,24967.45,25050.0,2025-07-24,6,0.017123287671232876,0.016438387874175547,11.18,11.4,True,0.8698412693093056,685.2725332243124,4.883192478073397,261.99534142803896,257.11214894996556,-272.139430493923,-0.02440733586627175,262.0197487639052,-343.75,-0.4,257.4,3344.2594607318306,58.450440957359945,104.39999999999782
2025-07-21,24901.9,25093.3,24900.0,2025-07-24,3,0.008904109589041096,0.008219209791983765,11.61,11.11,True,1.0025908876955232,-9672.070695890077,-48.25384972251322,237.20528123975419,285.4591309622674,-8209.990606563846,-40.759336443917164,277.96461768367135,-10210.8,-51.05,218.55,-6125.760908746184,60.28708869670753,191.39999999999782
2025-07-22,25124.85,25064.9,25100.0,2025-07-24,2,0.0061643835616438354,0.005479483764586505,11.07,10.72,True,0.9441909889585219,2086.413297635954,11.93673485967156,192.76883507645107,180.8321002167795,3186.6176608513706,17.576295696673697,175.19253937977737,6156.24,32.75,166.75,7458.343451438492,57.99769129235245,59.94999999999709
2025-07-23,25114.35,25209.2,25100.0,2025-07-24,1,0.003424657534246575,0.002739757737189244,10.63,10.49,True,0.9978345219535361,-3258.1931496633288,-15.553093075196557,142.3168040310702,157.86989710626676,-3006.9898186572514,-14.265434967473084,156.5822389985433,-6207.0,-30.7,125.35,29.481290181935947,55.66917873967583,94.85000000000218
2025-07-24,25188.8,25051.9,25200.0,2025-07-24,0,0.0006849315068493151,1.902587519025875e-06,10.54,10.73,True,1.1695687375389123,-11810.084329412668,-59.489252971347014,88.60763059048622,148.09688356183324,-11810.084329412668,-59.489252971347014,148.09688356183324,-14378.89,-72.7,65.35,-10980.522911832311,55.36148060081168,136.89999999999782
2025-07-25,24991.55,24832.2,25000.0,2025-07-31,6,0.017123287671232876,0.016438387874175547,11.01,11.29,True,0.8964531813861999,-3909.823895588194,-18.68422510558048,254.83143621900854,273.515661324589,-5024.93191581786,-24.40016367086082,279.23159988986936,-3465.32,-16.4,257.9,-1408.5330245921061,57.37730144945922,159.34999999999854
2025-07-28,24784.05,24673.95,24800.0,2025-07-31,3,0.008904109589041096,0.008219209791983765,11.67,12.07,True,1.0368761435198044,-1778.5741919402008,-7.792688163795901,237.03401162905539,244.8266997928513,-3187.0255210359874,-15.012284723261473,252.04629635231686,233.46,2.5,225.8,-1102.7958232183255,60.31186248935953,110.09999999999854
2025-07-29,24710.0,24830.4,24700.0,2025-07-31,2,0.0061643835616438354,0.005479483764586505,12.06,11.44,True,1.094188242236344,-3999.625476872096,-19.23705372754921,205.04172766164447,224.27878138919368,-2371.6045835087602,-10.891920941070566,215.93364860271504,338.62,3.0,204.8,1900.1212070783613,62.14120359210975,120.40000000000146
2025-07-30,24832.65,24844.55,24850.0,2025-07-31,1,0.003424657534246575,0.002739757737189244,11.56,11.25,True,1.0661515643074326,2955.741905709365,16.317907208765973,152.45955249418694,136.14164528542096,3667.9403419589294,19.96861713825092,132.49093535593602,4808.91,25.8,143.25,6704.411450798118,59.86052329225096,11.899999999997817
2025-07-31,24708.4,24765.6,24700.0,2025-07-31,0,0.0006849315068493151,1.902587519025875e-06,11.98,11.49,True,1.7903297352920766,6236.471541609849,33.0346745723582,98.63772917642927,65.60305460407108,6236.471541609849,33.0346745723582,65.60305460407108,8088.34,42.55,110.9,7066.032959190206,61.72499294880887,57.19999999999709
2025-08-01,24685.5,24572.15,24700.0,2025-08-07,6,0.017123287671232876,0.016438387874175547,11.81,12.03,True,0.9994093460546308,-1459.5624918554413,-6.096679445412519,269.7356681039437,275.8323475493562,-2373.74572138693,-10.782696007112463,280.51836411105614,-2136.04,-9.5,304.3,1242.6531698388233,60.79270015038267,113.34999999999854
2025-08-04,24659.65,24726.9,24650.0,2025-08-07,3,0.008904109589041096,0.008219209791983765,12.27,11.83,True,1.1786492178231447,-383.6766828762614,-0.6210599121859559,248.5719519812701,249.19301189345606,1207.667352272489,7.536037703961483,241.03591427730862,5748.49,30.85,269.05,3291.897050090151,63.09443831475053,67.25
2025-08-05,24672.75,24649.5,24650.0,2025-08-07,2,0.0061643835616438354,0.005479483764586505,11.91,11.66,True,1.162300108475846,2324.0498367721393,13.174204291139176,203.20549364337785,190.03128935223867,3101.269775102852,17.15820397488642,186.04728966849143,7396.91,39.2,215.39999999999998,7372.995565689973,61.27579114022246,23.25
2025-08-06,24650.65,24569.6,24650.0,2025-08-07,1,0.003424657534246575,0.002739757737189244,11.88,12.01,True,1.3047133172750744,477.57131465413283,3.620211870021194,155.2545433554169,151.6343314853957,208.49262306818832,2.240936528554812,153.0136068268621,3323.24,18.25,178.45,3244.9637319073754,61.066696051291984,81.05000000000291
2025-08-07,24526.25,24626.65,24550.0,2025-08-07,0,0.0006849315068493151,1.902587519025875e-06,11.78,11.57,True,1.5913827510784202,3907.8979694990776,21.096963946149117,97.74999999999818,76.65303605384906,3907.8979694990776,21.096963946149117,76.65303605384906,9848.88,51.55,97.75,4737.459387079435,60.24708637575498,100.40000000000146
2025-08-08,24514.95,24350.85,24500.0,2025-08-14,6,0.017123287671232876,0.016438387874175547,11.99,12.12,True,0.8861538182487544,-2123.2364840046407,-9.491264020536619,273.6765548460935,283.1678188666301,-2647.488024606757,-12.178553972342343,285.85510881843584,-144.85,0.65,273.8,968.9108666189966,61.29284812620657,164.10000000000218
2025-08-11,24400.85,24562.15,24400.0,2025-08-14,3,0.008904109589041096,0.008219209791983765,12.51,12.22,True,1.0720660470460928,-6140.597334876464,-30.127319666033145,250.3633150574169,280.49063472345006,-5222.767242242514,-25.42254996021802,275.78586501763493,-954.35,-3.55,246.6,-3138.537544424852,63.65343902287544,161.3000000000029
2025-08-12,24618.85,24485.85,24600.0,2025-08-14,2,0.0061643835616438354,0.005479483764586505,12.21,12.22,True,1.0083546518435829,-1101.0160360051782,-4.374543774385529,207.43847022115915,211.81301399554468,-1129.207953365799,-4.519066427516918,211.95753664867607,2665.1,14.9,191.15,3142.517837221322,62.68202721840209,133.0
2025-08-13,24546.85,24630.4,24550.0,2025-08-14,1,0.003424657534246575,0.002739757737189244,12.3,12.08,True,1.1076019907697154,-37.70545073061686,0.9877669193301699,160.00984243259154,159.02207551326137,408.914186062413,3.2770983900636566,156.73274404252788,2297.37,12.95,156.14999999999998,3445.3852949016004,62.959386534742464,83.55000000000291
2025-08-14,24634.0,24616.05,24650.0,2025-08-14,0,0.0006849315068493151,1.902587519025875e-06,12.38,12.33,True,1.5681429089346988,13080.516251332756,68.1231602632449,102.07011232987861,33.94695206663371,13080.516261730932,68.12316031656889,33.94695201330973,15768.73,81.9,100.6,13910.077679311291,63.59386041257972,17.950000000000728
2025-08-18,24963.75,24884.05,24950.0,2025-08-21,3,0.008904109589041096,0.008219209791983765,12.59,12.29,True,1.1143608084000005,1276.7157253041546,7.908234488739254,258.3986525974742,250.49041810873496,2407.7021961874793,13.705601006089637,244.69305159138457,10071.31,53.0,264.5,4491.931894005142,65.53829853183211,79.70000000000073
2025-08-19,24921.55,24989.7,24900.0,2025-08-21,2,0.0061643835616438354,0.005479483764586505,12.1,11.79,True,0.9935394364678483,-744.1565408681112,-2.5436232865031343,208.33985566640513,210.88347895290826,153.79143640718758,2.0591868533701927,206.28066881303494,1251.41,7.65,189.25,4425.517226994309,62.88108513083244,68.15000000000146
2025-08-20,24937.65,25047.15,24950.0,2025-08-21,1,0.003424657534246575,0.002739757737189244,11.86,11.81,True,0.997656292891529,-1481.7292958606552,-6.420047671080283,156.85436555353226,163.27441322461254,-1383.9423687525543,-5.9187813782182275,162.7731469317505,-1051.51,-4.25,137.89999999999998,1652.528740086633,61.67367414612852,109.5
2025-08-21,25065.7,25076.95,25050.0,2025-08-21,0,0.0006849315068493151,1.902587519025875e-06,11.78,11.4,True,1.264629462492658,13847.954956971518,72.05130747164881,99.00445063107873,26.953143159429906,13847.959296261579,72.05132972441835,26.953120906660374,8665.61,45.45,79.1,14677.520713841937,61.57220908083224,11.25
2025-08-22,24986.9,24869.45,25000.0,2025-08-28,6,0.017123287671232876,0.016438387874175547,11.55,11.72,True,0.7814885988382452,-1594.947399987725,-6.795576410193462,267.0711877916492,273.86676420184267,-2307.495515704516,-10.448079567715467,277.5192673593647,-2569.62,-11.85,235.7,1308.9033755212374,60.18024763009513,117.45000000000073
2025-08-25,24947.8,24978.55,24950.0,2025-08-28,3,0.008904109589041096,0.008219209791983765,12.01,11.71,True,0.8193718858709915,1165.0391096287476,7.312149280147423,245.67393053758133,238.3617812574339,2303.3256027971142,13.14690052716469,232.52703001041664,5135.15,27.55,185.05,4387.555300614777,62.4791149167577,30.75
2025-08-26,24799.75,24710.7,24800.0,2025-08-28,2,0.0061643835616438354,0.005479483764586505,12.24,12.16,True,0.8255831648529528,138.38254352249598,1.9803207360128,208.4169445004136,206.4366237644008,375.1709324437982,3.194107345865632,205.22283715454796,414.42,3.3,157.15,4646.896723030919,63.29775807563125,89.04999999999927
2025-08-28,24529.35,24533.1,24550.0,2025-08-28,0,0.0006849315068493151,1.902587519025875e-06,12.88,12.15,True,1.4842591460071262,17201.757686226232,89.25598813449349,106.18688119874605,16.930893064252558,17204.411801610175,89.26959898261629,16.917282216129763,9555.73,50.05,99.2,18033.973219190535,65.88120144065074,3.75
2025-08-29,24532.55,24433.65,24550.0,2025-09-02,4,0.011643835616438357,0.010958935819381024,11.81,11.63,True,0.8536998373306418,-1687.6923872057605,-7.356730190798771,220.94401608013322,228.300746270932,-1094.0777144315116,-4.313885715033393,225.25790179516662,5905.39,31.55,212.95,2522.321176794242,60.41603192458206,98.89999999999782
2025-09-01,24529.25,24624.3,24550.0,2025-09-02,1,0.003424657534246575,0.002739757737189244,11.83,11.32,True,0.9860455454302726,240.76575163079826,2.4045935981066577,154.3134822740576,151.90888867595095,1281.175513649794,7.737669300768175,146.57581297328943,530.03,3.85,134.2,4317.646622488982,60.51020463729209,95.04999999999927
2025-09-02,24653.9,24575.0,24650.0,2025-09-02,0,0.0006849315068493151,1.902587519025875e-06,11.18,11.38,True,1.340516480762459,3047.2773562955067,16.67419157074619,91.67114315008075,74.99695157933456,3047.2773562955067,16.67419157074619,74.99695157933456,1145.69,6.9,77.25,3876.8387738758643,57.47606683665771,78.90000000000146
2025-09-03,24598.55,24713.6,24600.0,2025-09-09,6,0.017123287671232876,0.016438387874175547,11.29,10.94,True,0.857959859407391,-3949.259968751157,-18.88138445513414,257.5261236682418,276.4075081233759,-2571.239224513444,-11.817739612889454,269.34386328113123,-945.65,-3.5,249.5,1045.1596667123097,57.911265726801055,115.04999999999927
2025-09-04,24898.45,24739.8,24900.0,2025-09-09,5,0.014383561643835616,0.013698661846778286,10.89,10.8,True,0.8073466897383705,-4100.23731508901,-19.70572982096928,230.3696174669567,250.07534728792598,-3781.4733846409304,-18.071760946876566,248.44137841383326,-4140.54,-19.95,210.1,-165.0744934151768,56.54052009879793,158.65000000000146
2025-09-05,24784.45,24743.95,24800.0,2025-09-09,4,0.011643835616438357,0.010958935819381024,10.66,10.74,True,0.7596278723423693,493.82964154492095,3.789434059204723,201.48371250103628,197.69427844183156,211.36938820945375,2.341586606202327,199.14212589483395,1647.54,9.65,172.8,3827.7682794352077,55.092958916827676,40.5
2025-09-08,24787.75,24791.2,24800.0,2025-09-09,1,0.003424657534246575,0.002739757737189244,10.93,10.79,True,1.051534617381837,2740.8989609976675,15.200404928193166,143.70019145683727,128.4997865286441,3061.763988452129,16.845097376677586,126.85509408015969,5563.65,29.65,133.14999999999998,6098.235097291317,56.49589288613482,3.4500000000007276
2025-09-09,24850.15,24878.8,24850.0,2025-09-09,0,0.0006849315068493151,1.902587519025875e-06,10.87,10.64,True,1.5645009835758978,11688.138509677618,60.96306928039804,89.7661438018331,28.803074521435057,11688.138626252556,60.963069878218235,28.803073923614857,13383.4,69.65,88.25,12517.700043832914,56.3272003832562,28.649999999997817
2025-09-10,24990.9,24977.55,25000.0,2025-09-16,6,0.017123287671232876,0.016438387874175547,10.56,10.6,True,0.8434769745462134,796.3338681378455,5.419865990450489,244.41981472556836,238.99994873511787,619.7573840839403,4.514755815815079,239.90505890975328,2347.61,13.35,232.8,4236.156275309694,55.03074881634116,13.350000000002183
2025-09-11,24985.2,25008.1,25000.0,2025-09-16,5,0.014383561643835616,0.013698661846778286,10.62,10.23,True,0.799970070834574,542.5829554179076,4.082989514963629,224.96477234172562,220.881782826762,2105.545232068127,12.094642215733984,212.87013012599164,2319.33,13.15,203.2,5721.944123293881,55.330800630227195,22.899999999997817
2025-09-12,25060.0,25107.7,25050.0,2025-09-16,4,0.011643835616438357,0.010958935819381024,10.19,10.16,True,0.7559074757790705,-737.6213122983226,-2.5330836528119107,195.9952923950932,198.5283760479051,-634.4736264513693,-2.0043262894942018,197.9996186845874,-184.42,0.25,167.7,2981.9252647743842,53.249417108998955,47.70000000000073
2025-09-15,25114.3,25069.7,25100.0,2025-09-16,1,0.003424657534246575,0.002739757737189244,10.46,10.41,True,0.9894217341716814,2507.73698445052,13.998446074105232,140.06491813074354,126.0664720566383,2622.119298234009,14.584765631969276,125.48015249877426,6026.02,32.0,122.35,5658.590407073197,54.77878177990712,44.599999999998545
2025-09-16,25113.6,25254.45,25100.0,2025-09-16,0,0.0006849315068493151,1.902587519025875e-06,10.35,10.3,True,1.3398965171927733,-13334.566137931459,-67.30633916887928,87.14676490246893,154.4531040713482,-13334.566137931459,-67.30633916887928,154.4531040713482,-12928.51,-65.25,73.65,-12505.0047203511,54.20120351632454,140.85000000000218
2025-09-17,25302.6,25330.15,25300.0,2025-09-23,6,0.017123287671232876,0.016438387874175547,10.16,10.2,True,0.8281599985895247,29.98678019644524,1.48126553946895,238.85956140402413,237.37829586455518,-145.52961461671424,0.5815917199142859,238.27796968410985,-1540.99,-6.6,223.5,3470.8692766090394,53.60662498575084,27.55000000000291
2025-09-18,25424.75,25420.75,25400.0,2025-09-23,5,0.014383561643835616,0.013698661846778286,9.99,9.88,True,0.7533415284874748,883.8451338091553,5.82033401953413,218.5446335154229,212.72429949588877,1328.5368535471716,8.099778736139342,210.44485477928356,2793.41,15.55,187.0,4944.935744772925,52.96412318088715,4.0
2025-09-19,25364.8,25352.5,25350.0,2025-09-23,4,0.011643835616438357,0.010958935819381024,9.95,9.93,True,0.682150566604786,1117.1129168961534,6.970886753313607,194.24342490801246,187.27253815469885,1189.9809396264466,7.344415075007419,186.89900983300504,3128.5,17.2,150.6,4806.3798308522,52.627668512582765,12.299999999999272
2025-09-22,25288.0,25200.2,25300.0,2025-09-23,1,0.003424657534246575,0.002739757737189244,10.44,10.55,True,0.942831224163873,-1660.6274479428373,-7.368345886886345,140.02114307983538,147.38948896672173,-1874.442641913673,-8.464372522634221,148.4855156024696,331.66,2.8,116.35,1162.0284669255143,55.05218859568712,87.79999999999927
2025-09-23,25186.25,25185.8,25200.0,2025-09-23,0,0.0006849315068493151,1.902587519025875e-06,10.59,10.57,True,1.3077474334221022,14426.957197390768,75.00106255072188,89.2275594522107,14.226496901488815,14427.047807689292,75.00152721891945,14.22603223329125,8199.42,43.05,73.55,15256.60922526965,55.618475087838455,0.4500000000007276
2025-09-24,25072.3,25060.9,25050.0,2025-09-30,6,0.017123287671232876,0.016438387874175547,10.73,10.49,True,0.8423654008518721,991.9578671235982,6.436245472428709,251.75824757569717,245.32200210326846,2046.1023101252717,11.839704154488572,239.9185434212086,4530.06,24.55,239.75,5662.501201351026,56.098791434587895,11.399999999997817
2025-09-25,25059.3,24904.55,25050.0,2025-09-30,5,0.014383561643835616,0.013698661846778286,10.56,10.7,True,0.7925219671746989,-3020.740613865161,-14.181028789052107,225.6633785844224,239.8444073734745,-3530.975803942949,-16.796491302271534,242.45986988669392,-479.82,-1.2,202.25,85.42308728280466,55.18136777040194,154.75
2025-09-26,24790.9,24673.1,24800.0,2025-09-30,4,0.011643835616438357,0.010958935819381024,10.99,11.35,True,0.7759751036665071,-2546.4473910726506,-11.782909697808464,207.8742246556394,219.65713435344787,-3719.5230581543974,-17.796015682843063,225.67024033848247,-1877.16,-8.4,182.14999999999998,-103.12416692864383,56.81324472271937,117.80000000000291
2025-09-29,24712.9,24677.55,24700.0,2025-09-30,1,0.003424657534246575,0.002739757737189244,11.5,11.23,True,1.168529285301249,2880.8957863149067,15.93208095546106,151.27080450029644,135.33872354483537,3493.6507024690327,19.073029243430938,132.1977752568655,10374.12,54.35,155.7,6530.1218113082205,59.26266256701003,35.35000000000218
2025-09-30,24668.6,24633.6,24650.0,2025-09-30,0,0.0006849315068493151,1.902587519025875e-06,11.51,11.0,True,1.8198634352760192,15245.526264776932,79.20885263988171,95.62216853659629,16.41331589671458,15246.670601724423,79.21472103448423,16.407447502112063,13473.42,70.15,109.0,16076.232019304782,59.20786951748403,35.0
2025-10-01,24652.2,24853.4,24650.0,2025-10-07,6,0.017123287671232876,0.016438387874175547,11.02,10.22,True,0.8476686844223438,-11943.98190885904,-59.871650814661734,252.194382732976,312.06603354763774,-9343.965555526274,-46.54413105398089,298.7385137869569,-8931.53,-44.45,241.45,-5727.566664300521,56.64960479778147,201.20000000000073
2025-10-03,24779.45,24895.0,24800.0,2025-10-07,4,0.011643835616438357,0.010958935819381024,10.51,10.05,True,0.7498673216013446,-3183.75185957752,-15.066881331166769,198.61760361464803,213.6844849458148,-1711.2503860184313,-7.518976338556058,206.1365799532041,-1345.35,-5.7,168.14999999999998,1905.1485052073224,54.306771637743424,115.54999999999927
2025-10-06,24900.45,25072.55,24900.0,2025-10-07,1,0.003424657534246575,0.002739757737189244,10.51,10.22,True,0.9924228248441483,-11579.38357181008,-58.21350549646195,138.75650763835074,196.9700131348127,-11233.716210616265,-56.4416728749552,195.19818051330594,-16935.32,-85.7,121.35,-8197.245101777076,54.57195586774719,172.09999999999854
2025-10-07,25119.9,25112.8,25100.0,2025-10-07,0,0.0006849315068493151,1.902587519025875e-06,10.35,10.02,True,1.6170367035809867,14452.814157458835,75.1312520895325,87.98341847513257,12.852166385600071,14454.913781777967,75.14201939373316,12.841399081399402,15606.98,81.05,89.35,15284.475199358323,54.21480043521123,7.100000000002183
2025-10-08,25175.3,25023.8,25200.0,2025-10-14,6,0.017123287671232876,0.016438387874175547,10.15,10.33,True,0.8056765130965595,-5054.91580274248,-24.588286167910155,236.30929983697752,260.89758600488767,-5755.566224250948,-28.17977550897922,264.48907534595673,-4239.85,-20.45,214.95,-2139.1673330251942,53.28442753299224,151.5
2025-10-09,25107.35,25170.3,25100.0,2025-10-14,5,0.014383561643835616,0.013698661846778286,10.38,10.03,True,0.7975805593267237,-1448.699002811868,-6.129430783650605,222.12318981588942,228.25262059954002,-113.38568799320399,0.7152528820861335,221.40793693380328,691.4,4.8,200.3,3503.0132032325496,54.34478034865046,62.95000000000073
2025-10-10,25231.45,25278.2,25250.0,2025-10-14,4,0.011643835616438357,0.010958935819381024,10.23,10.15,True,0.7577757190781074,176.79582598451788,2.155722184535989,196.83882935541624,194.68310717088025,462.9947415208704,3.6227422642095917,193.21608709120665,468.86,3.6,168.4,4079.393632746624,53.82418350765204,46.75
2025-10-13,25196.2,25237.15,25200.0,2025-10-14,1,0.003424657534246575,0.002739757737189244,11.12,10.99,True,1.201989258424426,2005.5945596710114,11.44017722908211,148.48492130600243,137.04474407692032,2299.2980986581956,12.945682557221517,135.53923874878092,7018.06,37.15,157.25,5335.769207497384,58.425096951155375,40.95000000000073
2025-10-14,25291.8,25123.35,25300.0,2025-10-14,0,0.0006849315068493151,1.902587519025875e-06,10.93,11.33,True,1.6226437251313273,-16709.772420960293,-84.59832010748869,92.04855108752963,176.64687119501832,-16709.772420960293,-84.59832010748869,176.64687119501832,-11960.4,-60.25,93.85,-15880.211003379936,57.644716591765885,168.45000000000073
2025-10-15,25253.3,25327.75,25250.0,2025-10-20,5,0.014383561643835616,0.013698661846778286,10.75,10.54,True,0.9193076278654119,-1791.4642922851858,-7.870022011718902,230.97329126678233,238.84331327850123,-988.4397816390747,-3.7537424699439725,234.7270337367263,-3331.89,-15.75,239.64999999999998,2627.959109586679,56.60909471672636,74.45000000000073
2025-10-16,25424.75,25566.3,25400.0,2025-10-20,4,0.011643835616438357,0.010958935819381024,10.44,10.85,True,0.8918390045085735,-8840.99935981914,-44.053124922149436,205.2798869907565,249.33301191290593,-9992.935358775065,-49.95787363474392,255.2377606255004,-12118.34,-60.85,206.65,-6376.53646754931,55.349894495341516,141.54999999999927
2025-10-17,25604.55,25704.7,25600.0,2025-10-20,3,0.008904109589041096,0.008219209791983765,11.16,11.67,True,0.8425342760882878,-2259.16375039585,-10.260685899465898,234.5897157911004,244.8504016905663,-4106.272261027634,-19.728832107834023,254.3185478989344,-2969.54,-14.0,181.85,-2022.042563209972,59.585549614289896,100.15000000000146
2025-10-20,25879.4,25850.7,25900.0,2025-10-20,0,0.0006849315068493151,1.902587519025875e-06,11.65,11.35,True,1.8364525909749094,9960.320253010657,52.12805257954183,101.4248495736465,49.29679699410467,9960.320253009597,52.128052579536394,49.2967969941101,11480.74,59.95,116.69999999999999,10789.881670589955,62.86946086515744,28.700000000000728
2025-10-23,26055.25,25870.3,26050.0,2025-10-28,5,0.014383561643835616,0.013698661846778286,11.91,11.75,True,0.9050994173596952,-4484.017669637811,-21.61060343404006,263.9296800965931,285.54028353063313,-3890.396951594957,-18.567727956897215,282.4974080534903,5202.03,28.05,269.65,-273.9980603692035,64.70928684910605,184.95000000000073
2025-10-24,25885.85,25797.45,25900.0,2025-10-28,4,0.011643835616438357,0.010958935819381024,11.87,11.6,True,0.8561205256948996,-731.9587034429937,-2.4328138638102246,234.33552025167774,236.76833411548796,230.9173624622482,2.502806986985888,231.83271326469185,4729.95,25.55,226.5,3847.316253688002,64.07266036036981,88.39999999999782
2025-10-27,25889.15,25974.0,25900.0,2025-10-28,1,0.003424657534246575,0.002739757737189244,12.14,11.98,True,1.132415148517903,624.9969181016805,4.397009836418874,166.6269845853767,162.22997474895783,975.8581675555238,6.195529064387301,160.4314555209894,-3695.46,-17.75,166.25,4012.3292763947115,65.5384379312689,84.84999999999854
2025-10-28,25987.45,25965.4,26000.0,2025-10-28,0,0.0006849315068493151,1.902587519025875e-06,12.3,11.92,True,1.9559704224467709,13842.050392005352,72.03518149746334,106.63196720401356,34.59678570655022,13842.050514808227,72.03518212722167,34.596785076791896,12899.73,67.25,130.9,14671.611932388585,66.65433282080157,22.049999999999272
2025-10-29,26010.75,26068.3,26000.0,2025-11-04,6,0.017123287671232876,0.016438387874175547,12.03,11.98,True,0.9743495184987353,-871.222818452637,-3.04160419719301,290.88369539124506,293.92529958843807,-649.53738250378,-1.905217346173231,292.7889127374183,-210.24,0.4,319.65,2966.8615087219737,65.24963847745498,57.54999999999927
2025-10-30,25978.85,25891.2,26000.0,2025-11-04,5,0.014383561643835616,0.013698661846778286,12.03,12.03,True,0.8745911269400614,-692.2638610726802,-2.1725839029368217,264.8861907419614,267.0587746448982,-692.2638610726802,-2.1725839029368217,267.0587746448982,3322.38,18.4,261.55,2924.1350301530733,65.16961527676177,87.64999999999782
2025-10-31,25914.9,25732.55,25900.0,2025-11-04,4,0.011643835616438357,0.010958935819381024,12.1,12.19,True,0.8687603690844183,-4240.338540983674,-20.404966876839353,240.5522444373837,260.95721131422306,-4534.272156473247,-21.91165208447819,262.4638965218619,4004.69,21.85,236.0,-917.8732652474938,65.38746719433621,182.35000000000218
2025-11-03,25677.7,25774.3,25700.0,2025-11-04,1,0.003424657534246575,0.002739757737189244,12.84,12.6,True,1.1735136384445644,969.3219174904533,6.17811239738694,175.28313372289267,169.10502132550573,1495.3671674561047,8.874549576697973,166.4085841461947,4483.01,24.2,181.2,4531.838276295292,68.75127423668845,96.59999999999854
2025-11-04,25729.85,25586.25,25750.0,2025-11-04,0,0.0006849315068493151,1.902587519025875e-06,12.84,12.67,True,1.6035264412987535,-10528.192391907362,-52.876986625165955,110.86982891916887,163.74681554433482,-10528.192391907362,-52.876986625165955,163.74681554433482,-8104.15,-40.45,111.69999999999999,-9698.630974327003,68.89090430291103,143.59999999999854
2025-11-06,25625.6,25519.95,25650.0,2025-11-11,5,0.014383561643835616,0.013698661846778286,12.56,12.08,True,0.8183676251357695,-1546.7925221473374,-6.538115498191473,272.802261701916,279.34037720010747,330.06053144387874,3.0825155458660447,269.71974615604995,5861.95,31.4,252.04999999999998,3946.4594226696327,67.11557104612777,105.64999999999782
2025-11-07,25350.1,25510.05,25350.0,2025-11-11,4,0.011643835616438357,0.010958935819381024,12.51,12.44,True,0.7552233679170526,-7028.456878741271,-34.69352245508344,242.23980043301708,276.9333228881005,-6814.674002425467,-33.59766155089983,275.8374619839169,-5534.18,-27.1,206.7,-3198.275111199713,66.12970632473026,159.95000000000073
2025-11-10,25539.6,25574.25,25550.0,2025-11-11,1,0.003424657534246575,0.002739757737189244,12.69,12.32,True,1.0443489612529642,2955.5731606700942,16.353041849590227,171.81344014431306,155.46039829472284,3820.0977219553124,20.784501138232372,151.0289390060807,5281.48,28.25,158.1,6856.5688307945,67.58266613305612,34.650000000001455
2025-11-11,25527.25,25705.55,25550.0,2025-11-11,0,0.0006849315068493151,1.902587519025875e-06,12.74,12.49,True,1.606444259244495,-9198.484229431986,-46.063611432984544,109.48954828904425,155.5531597220288,-9198.484229431986,-46.063611432984544,155.5531597220288,-6864.91,-34.1,110.5,-8368.92281185163,67.81614006694488,178.29999999999927
2025-11-12,25792.75,25874.0,25800.0,2025-11-18,6,0.017123287671232876,0.016438387874175547,11.98,12.18,True,0.926287714484757,-1406.3901806880335,-5.793590670195044,286.14939810715623,291.9429887773513,-2282.566858853457,-10.2848044043767,296.43420251153293,1035.97,6.75,299.2,1333.8320323722967,64.43384888865283,81.25
2025-11-13,25875.8,25884.1,25900.0,2025-11-18,5,0.014383561643835616,0.013698661846778286,11.77,12.1,True,0.8815022093761232,926.0207504987836,6.110106412814275,258.1373857603885,252.02727934757422,-451.78079850933733,-0.952414351329935,259.08980011171843,-3942.91,-18.85,256.9,3164.6180927164164,63.50820764330766,8.299999999999272
2025-11-14,25824.0,25916.8,25800.0,2025-11-18,4,0.011643835616438357,0.010958935819381024,12.13,11.93,True,0.9670622085441972,-3264.814009054033,-15.403302610533501,241.20025415541204,256.60355676594554,-2596.3126769526416,-11.976577830526367,253.1768319859384,5975.07,32.0,262.9,1020.0862142731119,65.31966088938435,92.79999999999927
2025-11-17,25966.45,26014.3,25950.0,2025-11-18,1,0.003424657534246575,0.002739757737189244,12.07,11.78,True,1.151000351733316,1381.3886742727436,8.27486499627048,166.97037911788357,158.6955141216131,2030.9087749002083,11.604250127693376,155.3661289901902,4604.38,24.8,169.3,5067.379883739396,65.35509597598498,47.849999999998545
2025-11-18,25963.2,25894.7,25950.0,2025-11-18,0,0.0006849315068493151,1.902587519025875e-06,11.89,12.06,True,1.6866881362397959,9134.330565056907,47.89738751311234,103.19417832381077,55.29679081069843,9134.33056505691,47.897387513112356,55.29679081069842,13307.48,69.3,109.30000000000001,9963.891982637268,64.37239698764598,68.5
2025-11-19,25903.65,26052.7,25900.0,2025-11-25,6,0.017123287671232876,0.016438387874175547,11.89,12.0,True,0.9272130084808883,-6148.75473294777,-30.103203758706513,285.82738197387334,315.93058573257986,-6591.523906596566,-32.37284054664906,318.2002225205224,-5704.24,-27.8,299.1,-2975.1250153708124,64.22475046331101,149.04999999999927
2025-11-20,26103.7,26197.4,26100.0,2025-11-25,5,0.014383561643835616,0.013698661846778286,11.85,12.14,True,0.8801577892372124,-2425.7829995828806,-11.06196410042503,262.9977434592183,274.05970755964336,-3567.4704079129306,-16.91415593801503,279.91189939723336,-1047.49,-4.0,261.35,48.928483312823005,64.50301686648761,93.70000000000073
2025-11-21,26158.55,26063.95,26150.0,2025-11-25,4,0.011643835616438357,0.010958935819381024,13.29,13.43,True,0.7672989067953104,455.88216217723084,3.71467775475503,265.93508967159323,262.2204119168382,-60.10335765549732,1.0697776530487317,264.8653120185445,3148.25,17.45,230.65,3556.2955335702563,72.49336432793552,94.59999999999854
2025-11-24,26113.95,25943.35,26100.0,2025-11-25,1,0.003424657534246575,0.002739757737189244,13.03,13.19,True,1.040488818656607,-4816.299312497065,-23.468047756395208,180.94506011926023,204.41310787565544,-5106.870031391103,-24.957487340467196,205.90254745972743,-2885.76,-13.6,166.0,-2070.398922551916,70.95395226276747,170.60000000000218
2025-11-25,25954.85,25860.3,25950.0,2025-11-25,0,0.0006849315068493151,1.902587519025875e-06,12.48,12.16,True,1.5405625754825956,3307.267673735883,18.036706019158373,107.73349682985827,89.6967908106999,3307.267673735883,18.036706019158373,89.6967908106999,7437.19,39.2,104.30000000000001,4136.82909131624,67.54492381374295,94.54999999999927
2025-11-26,25979.6,26203.5,26000.0,2025-12-02,6,0.017123287671232876,0.016438387874175547,11.84,12.02,True,0.8368482842653844,-10828.884909968723,-54.0957174870191,284.4968623336954,338.5925798207145,-11498.971040519798,-57.53051815651179,342.0273804902072,-14540.44,-73.15,268.79999999999995,-7882.572149294045,64.14218794079058,223.90000000000146
2025-11-27,26282.55,26219.85,26300.0,2025-12-02,5,0.014383561643835616,0.013698661846778286,12.09,11.55,True,0.7939642006858212,307.88798925546234,2.9624512269510888,269.3470744463084,266.3846232193573,2559.7423456666174,14.505294080341628,254.84178036596677,5290.29,28.45,241.45000000000002,6176.141236892372,66.26030149327532,62.70000000000073
2025-11-28,26231.0,26204.55,26250.0,2025-12-02,4,0.011643835616438357,0.010958935819381024,11.1,11.59,True,0.8147840826298375,854.4883298779838,5.676350409630686,222.03890372102796,216.36255331139728,-990.9758938899893,-3.783363558410201,225.82226727943817,6571.84,34.95,204.25,2625.422997335764,60.71520052782561,26.450000000000728
2025-12-01,26284.75,26175.95,26300.0,2025-12-02,1,0.003424657534246575,0.002739757737189244,11.32,11.58,True,1.1004697017728207,-2946.50721995551,-13.92644728182313,157.8904154302909,171.81686271211402,-3450.83412770573,-16.511610911311436,174.40202634160232,-481.51,-1.3,153.1,-414.3630188665429,62.0454423305449,108.79999999999927
2025-12-02,26131.25,26057.0,26150.0,2025-12-02,0,0.0006849315068493151,1.902587519025875e-06,11.2,11.12,True,1.5996672390720956,826.3058329917275,5.301978630726808,98.29874470779032,92.99676607706351,826.3058329917275,5.301978630726808,92.99676607706351,-3895.36,-18.9,98.80000000000001,1655.8672505720851,61.029219393732674,74.25
2025-12-03,25962.85,25985.1,25950.0,2025-12-09,6,0.017123287671232876,0.016438387874175547,10.99,11.28,True,0.9195790613712694,212.01444407693154,2.4643304824458028,265.75676349850255,263.29243301605675,-1094.2771875054127,-4.231626602591859,269.9883901010944,4799.89,26.0,275.75,2522.121703720341,59.49899966315279,22.25
2025-12-04,25994.45,26017.1,26000.0,2025-12-09,5,0.014383561643835616,0.013698661846778286,11.16,10.8,True,0.8473025764260859,542.8221909401086,4.12375482533389,246.2477882299736,242.1240334046397,2039.1175466113104,11.793679726211849,234.45410850376174,4648.62,25.15,235.6,5655.516437837065,60.49290419754217,22.649999999997817
2025-12-05,26036.6,26176.65,26050.0,2025-12-09,4,0.011643835616438357,0.010958935819381024,10.83,10.34,True,0.8436423419353475,-5201.0722588115905,-25.37693466057226,215.0678454880308,240.44478014860306,-3628.9615322176733,-17.318418113936787,232.38626360196758,-392.98,-0.75,204.85,-12.562640991919693,58.799324279263665,140.0500000000029
2025-12-08,26139.6,25932.8,26150.0,2025-12-09,1,0.003424657534246575,0.002739757737189244,10.76,11.02,True,1.1047966823392141,-15705.560627603894,-79.34477244925074,149.11363167086165,228.4584041201124,-15987.999826850715,-80.79251193256778,229.90614360342943,-16046.55,-81.1,145.14999999999998,-12951.528718011527,58.65037811844432,206.79999999999927
2025-12-09,25799.25,25841.75,25800.0,2025-12-09,0,0.0006849315068493151,1.902587519025875e-06,11.23,10.98,True,1.790111032053521,10429.614131089276,54.5240724671245,96.27726310625076,41.75319063912626,10429.614131096727,54.5240724671627,41.753190639088054,13210.3,68.8,108.30000000000001,11259.175548677085,60.41523160290908,42.5
2025-12-10,25888.05,25742.65,25900.0,2025-12-16,6,0.017123287671232876,0.016438387874175547,10.95,11.0,True,0.8789367000210697,-3052.019553695323,-14.27307463433499,262.4125998974141,276.6856745317491,-3262.3028501807453,-15.350988975285873,277.7635888727,-3037.03,-14.2,260.4,354.0960410450083,59.11164772688978,145.39999999999782
2025-12-11,25801.35,25898.4,25800.0,2025-12-16,5,0.014383561643835616,0.013698661846778286,10.65,10.53,True,0.9095304365151228,-3033.0955492004723,-14.229515636925498,233.67287264455263,247.90238828147812,-2576.54191603299,-11.889240595040974,245.5621132395936,1720.76,10.15,239.9,1039.8569751927637,57.2996072724152,97.05000000000291
2025-12-12,26010.15,26043.0,26000.0,2025-12-16,4,0.011643835616438357,0.010958935819381024,10.13,10.07,True,0.8465378640274748,-25.238573311774758,1.1301098804524372,202.2246294889719,201.09451960851948,192.94719962868518,2.248549741685565,199.97607974728635,5902.72,31.5,193.39999999999998,3809.346090854439,54.94294187222731,32.849999999998545
2025-12-15,25918.75,26014.0,25900.0,2025-12-16,1,0.003424657534246575,0.002739757737189244,10.58,10.18,True,1.2281969675764093,-3455.8016069643722,-16.5581108049455,146.57026089316423,163.12837169810973,-2726.3643734599696,-12.819048069025484,159.38930896218972,-971.15,-3.8,158.4,310.10673537921775,57.18199825095379,95.25
2025-12-16,25922.75,25851.35,25900.0,2025-12-16,0,0.0006849315068493151,1.902587519025875e-06,10.18,10.07,True,1.775539061208205,7807.848893907417,41.072866122602136,89.71966311671349,48.646796994111355,7807.848893907417,41.072866122602136,48.646796994111355,11457.66,59.8,99.65,8637.410311487773,55.02859912480211,71.40000000000146
2025-12-17,25903.9,25821.8,25900.0,2025-12-23,6,0.017123287671232876,0.016438387874175547,9.92,9.85,True,0.9316173912034408,346.4575383387162,3.103577119685724,238.92195621306746,235.81837909338174,661.465388626117,4.718284044236498,234.20367216883096,3530.99,19.45,251.14999999999998,4277.86427985187,53.58416092811991,82.10000000000218
2025-12-18,25780.15,25815.65,25800.0,2025-12-23,5,0.014383561643835616,0.013698661846778286,9.84,9.83,True,0.8945213380898978,296.3918290957596,2.802573482542357,215.02079484029673,212.21822135775437,337.5738205937797,3.0136606184296397,212.0071342218671,1816.8,10.6,217.14999999999998,3953.9727118195333,52.8981088416197,35.5
2025-12-19,25951.25,25961.4,25950.0,2025-12-23,4,0.011643835616438357,0.010958935819381024,9.67,9.53,True,0.8554326932765826,707.5430345283404,4.86734889501713,192.02155813687932,187.1542092418622,1227.4538976250592,7.532378962179791,184.48917917469953,5651.97,30.2,185.5,4843.852788850812,52.32923225163092,10.150000000001455
2025-12-22,26125.5,26162.75,26150.0,2025-12-23,1,0.003424657534246575,0.002739757737189244,9.71,9.68,True,1.1162083756433967,2535.830902901245,14.13364565590382,135.31095695240947,121.17731129650565,2607.9018798679363,14.503086563425313,120.80787038898416,4305.36,23.2,133.1,5644.372988707124,52.898511087713295,37.25
2025-12-23,26150.0,26165.95,26150.0,2025-12-23,0,0.0006849315068493151,1.902587519025875e-06,9.66,9.39,True,1.623675898856499,13060.518175462714,67.9869650023729,83.94671937034582,15.95975436797292,13060.861275130472,67.98872448784857,15.957994882497246,11199.37,58.45,85.65,13890.422692710828,52.67547094622413,15.950000000000728
2025-12-24,26217.6,26141.65,26200.0,2025-12-30,6,0.017123287671232876,0.016438387874175547,9.44,9.16,True,0.7998183254089931,1043.5808029371617,6.6635938612162136,231.71009626256637,225.04650240135015,2330.40431348361,13.25976571017236,218.450330552394,7878.84,41.66,209.85000000000002,5946.803204709364,51.608891969932216,75.94999999999709
2025-12-26,26131.85,26047.65,26150.0,2025-12-30,4,0.011643835616438357,0.010958935819381024,9.23,9.13,True,0.721356456857276,-1526.8998178487604,-6.60128111717313,183.93573463471876,190.5370157518919,-1176.1899818922775,-4.803538368678346,188.7392730033971,-1280.17,-5.4,149.8,2440.208909333476,50.29577044074987,84.19999999999709
2025-12-29,26054.05,25949.8,26050.0,2025-12-30,1,0.003424657534246575,0.002739757737189244,9.58,9.74,True,0.9364539328574326,-2048.793512935583,-9.372069297105554,132.4836156973779,141.85568499448345,-2362.103576826581,-10.978069624751697,143.4616853221296,-4074.78,-19.8,109.4,674.3675320126063,52.04755812130997,104.25
2025-12-30,25884.75,25970.55,25900.0,2025-12-30,0,0.0006849315068493151,1.902587519025875e-06,9.88,9.61,True,1.4022989041089309,2761.3054425036225,15.197309961557039,85.75051296744641,70.55320300588937,2761.3054425036225,15.197309961557039,70.55320300588937,6979.33,36.8,75.75,3590.86686008398,53.32864228180199,85.79999999999927
2025-12-31,26013.1,26141.85,26000.0,2026-01-06,6,0.017123287671232876,0.016438387874175547,9.58,9.43,True,0.8405791635266949,-6654.702175450936,-32.79534448949198,232.7124249750941,265.5077694645861,-6078.672391519222,-29.842678930867805,262.5551039059619,-7100.1,-35.1,221.10000000000002,-2462.2735002934687,51.965753276954956,128.75
2026-01-01,26184.0,26140.25,26200.0,2026-01-06,5,0.014383561643835616,0.013698661846778286,9.33,9.16,True,0.7592904981121313,371.88836512961393,3.1749146929723793,207.1386146898949,203.96369999692251,1081.9402851116097,6.814565564674922,200.32404912521997,4045.37,21.95,177.60000000000002,4698.339176337364,50.942146861821435,43.75
2026-01-02,26207.0,26335.7,26200.0,2026-01-06,4,0.011643835616438357,0.010958935819381024,9.26,9.52,True,0.7019610179657323,-6925.761733276838,-34.27123965782994,186.20731187755518,220.47855153538512,-7710.283229921942,-38.29263194831765,224.49994382587283,-9112.31,-45.55,148.15,-4093.884338696188,50.604356065033556,128.70000000000073
2026-01-05,26301.2,26244.65,26300.0,2026-01-06,1,0.003424657534246575,0.002739757737189244,10.05,9.98,True,0.9908097126645607,1446.2634907451531,8.55760764484694,140.17532953037335,131.6177218855264,1607.6049788696378,9.384640917280194,130.79068861309315,2153.53,12.15,122.4,4644.076087708825,55.118987721462204,56.54999999999927
2026-01-06,26171.85,26174.65,26150.0,2026-01-06,0,0.0006849315068493151,1.902587519025875e-06,10.2,9.98,True,1.5617477047277348,12653.376987430642,65.91229224323406,90.56555869610747,24.65326645287341,12653.379305553692,65.91230413104458,24.653254565062888,11549.33,60.25,88.94999999999999,13482.94072313405,55.66653661467385,2.8000000000029104
2026-01-07,26121.75,26142.9,26100.0,2026-01-13,6,0.017123287671232876,0.016438387874175547,10.13,9.94,True,0.7683883610746463,42.95140897273123,1.5643661998601601,247.82303693613358,246.25867073627342,895.3186694388273,5.933582920199115,241.88945401593446,2888.26,16.09,215.94,4511.7175606645815,55.17868185500098,21.150000000001455
2026-01-08,26065.0,25868.9,26050.0,2026-01-13,5,0.014383561643835616,0.013698661846778286,10.04,10.6,True,0.7232787508523056,-5608.876016514589,-27.451005212895325,223.85771803114767,251.308723244043,-7603.16144734583,-37.67354588382477,261.53126391497244,-8617.97,-42.95,183.7,-3986.7625561200766,54.56963508086352,196.09999999999854
2026-01-09,25841.1,25703.7,25850.0,2026-01-13,4,0.011643835616438357,0.010958935819381024,10.66,10.96,True,0.7966850345037086,-3782.5148127207895,-18.114588783183535,210.1990847547895,228.31367353797305,-4769.475922756827,-23.17367139875296,233.37275615354247,-4328.02,-20.95,189.1,-1153.0770315310729,57.44176936206515,137.39999999999782
2026-01-12,25532.35,25806.1,25550.0,2026-01-13,1,0.003424657534246575,0.002739757737189244,11.94,11.3,True,1.2201838354121246,-21931.818495538875,-111.23635125917372,161.8791916682585,273.1155429274322,-21416.57276680126,-108.59524495795517,270.4744366262137,-20185.04,-102.26,173.99,-18380.10165796207,63.5703676976239,273.75
2026-01-13,25761.4,25714.2,25750.0,2026-01-13,0,0.0006849315068493151,1.902587519025875e-06,11.6,11.13,True,2.1282594056879756,12274.423070034403,63.986938820689254,99.78375441779463,35.79681559710537,12274.423077799176,63.986938860508594,35.79681555728603,22304.04,115.46000000000001,133.15,13103.984495379531,62.31420486172336,47.20000000000073
2026-01-14,25737.7,25669.1,25750.0,2026-01-20,6,0.017123287671232876,0.016438387874175547,11.31,11.39,True,0.8912537784200939,248.6556470340694,2.658952036072151,269.4292103503849,266.77025831431274,-110.02356135042646,0.8203919930747361,268.60881835731016,2645.87,14.95,271.1,3506.375329875327,60.70045504933109,68.60000000000218
2026-01-16,25725.75,25701.9,25750.0,2026-01-20,4,0.011643835616438357,0.010958935819381024,11.3,11.3,True,0.8757929230846376,807.8254513306342,5.436592058105816,221.74145708489777,216.30486502679196,807.8254513306342,5.436592058105816,216.30486502679196,3698.62,20.25,219.25,4424.224342556388,60.61862705862233,23.849999999998545
2026-01-19,25556.35,25555.5,25550.0,2026-01-20,1,0.003424657534246575,0.002739757737189244,12.02,11.86,True,1.1926829122525138,3132.4581512945424,17.24342641689509,163.03980865520134,145.79638223830625,3509.9128801341103,19.178219898123643,143.8615887570777,9968.53,52.3,171.3,6546.383988973298,64.0564553061718,0.8499999999985448
2026-01-20,25488.75,25225.35,25500.0,2026-01-20,0,0.0006849315068493151,1.902587519025875e-06,12.11,12.71,True,1.8245311684551944,-33713.27308592296,-171.7368363380665,102.91001012331617,274.64684646138267,-33713.27308592296,-171.7368363380665,274.64684646138267,-29271.35,-148.94,117.9,-32883.71166834261,64.36537269485927,263.40000000000146
2026-01-21,25201.95,25168.1,25200.0,2026-01-27,6,0.017123287671232876,0.016438387874175547,13.1,13.66,True,0.9136451734672018,1134.8203250673773,7.269488846499371,306.06852912939576,298.7990402828964,-1356.5501618110484,-5.501129034928454,311.5696581643242,3410.06,18.95,315.65,2259.8487294147053,68.84383400303565,33.85000000000218
2026-01-22,25385.2,25320.45,25400.0,2026-01-27,5,0.014383561643835616,0.013698661846778286,13.28,13.26,True,0.8318727202148242,431.0788185576551,3.6244041977315646,285.77047747427787,282.1460732765463,511.7975402181179,4.038192513939066,281.7322849603388,7007.03,37.3,268.4,4128.196431443872,70.29723963932837,64.75
2026-01-23,25344.2,25064.75,25350.0,2026-01-27,4,0.011643835616438357,0.010958935819381024,13.62,14.36,True,0.7918035674645125,-14922.004440862935,-75.1159714916048,263.3864211189375,338.5023926105423,-16848.526996147855,-84.99116408280952,348.377585201747,-15630.6,-78.8,235.5,-13232.128104922102,71.98057343834583,279.4500000000007
2026-01-27,24958.4,25234.1,24950.0,2026-01-27,0,0.0006849315068493151,1.902587519025875e-06,15.8,14.22,True,2.3460855981324613,-30042.121381949695,-152.8661096510241,131.23697587009337,284.10308552111746,-30042.121381949695,-152.8661096510241,284.10308552111746,-6338.93,-31.25,193.3,-29212.55996436934,82.23059546657085,275.6999999999971
2026-01-28,25352.1,25348.05,25350.0,2026-02-03,6,0.017123287671232876,0.016438387874175547,14.31,13.45,True,1.2644195837890633,1081.618377600507,7.0527096287205495,336.1705799281226,329.11787029940206,4925.427801800231,26.75578359897554,309.41479632914707,13407.47,70.5,479.25,8541.826693025985,75.65073998877021,4.049999999999272
2026-01-29,25270.7,25422.1,25250.0,2026-02-03,5,0.014383561643835616,0.013698661846778286,13.67,13.33,True,1.2123092666350788,-6670.553004998118,-32.76150258973394,294.67193361059253,327.43343620032647,-5475.532368537499,-26.635909582243585,321.3078431928361,-3351.71,-15.55,401.95,-1859.1334773117453,72.03530413868468,151.39999999999782
2026-01-30,25242.5,25315.8,25250.0,2026-02-03,4,0.011643835616438357,0.010958935819381024,13.79,13.63,True,1.3141134155031653,-446.41183965302844,-0.9110863571950176,265.5560011530906,266.46708751028564,117.71841542234506,1.9806072585761285,263.5753938945145,1821.02,10.95,393.85,3734.1173066480987,72.58656395542226,73.29999999999927
2026-02-01,25319.85,24768.0,25300.0,2026-02-03,2,0.0061643835616438354,0.005479483764586505,14.26,15.22,False,,-55339.19497545264,-282.31864089975716,248.79036982617436,531.1090107259315,-55997.208123748846,-285.69152883973766,534.481898665912,,,,-51725.48233316172,75.29051391089928,551.8499999999985
2026-02-02,24853.1,25079.9,24850.0,2026-02-03,1,0.003424657534246575,0.002739757737189244,15.41,13.77,True,1.866003287960907,-13424.861991617538,-67.55385636726942,203.04600384937112,270.59986021664054,-11321.275050121867,-56.77100025703521,259.81700410640633,11772.74,61.85,333.7,-8284.80394128268,79.86248388166385,226.8000000000029
2026-02-03,25785.3,25714.8,25800.0,2026-02-03,0,0.0006849315068493151,1.902587519025875e-06,14.92,13.04,True,3.420268669873579,8196.555890046375,43.13710712844295,128.3339164893714,85.19680936092846,8196.555890046375,43.13710712844295,85.19680936092846,39271.96,202.7,275.05,9026.117307626733,80.22331781197789,70.5
2026-02-04,25752.65,25737.5,25750.0,2026-02-10,6,0.017123287671232876,0.016438387874175547,12.83,12.43,True,1.032684004816386,1088.2946185337464,7.031562146326905,306.38890700197044,299.35734485564353,2906.0603265143245,16.349283725714486,290.03962327625595,5931.24,31.95,356.9,6522.459217740079,68.89824972529036,15.150000000001455
2026-02-05,25690.7,25641.6,25700.0,2026-02-10,5,0.014383561643835616,0.013698661846778286,12.28,12.14,True,0.9679054454895119,784.7535508532658,5.403505388991107,267.5771501088657,262.1736447198746,1360.9618011596415,8.357137441844316,259.22001266702136,4325.66,23.6,292.35,4977.360692385395,65.78606533916292,49.10000000000218
2026-02-06,25574.6,25673.6,25550.0,2026-02-10,4,0.011643835616438357,0.010958935819381024,12.26,12.01,True,0.8854862632908512,-3728.652321673638,-17.78037088037763,241.46986858115815,259.2502394615358,-2910.23966005817,-13.585280307990615,255.05514888914877,617.98,4.5,241.39999999999998,706.1592311675835,65.3821093347568,99.0
2026-02-09,25822.0,25863.3,25800.0,2026-02-10,1,0.003424657534246575,0.002739757737189244,12.18,12.26,True,1.159687234045537,1561.3701985892355,9.199488197893515,168.0554790526694,158.85599085477588,1382.4139824889285,8.282174269173993,159.7733047834954,4886.4,26.25,171.64999999999998,4418.885091328117,65.58382959918295,41.29999999999927
2026-02-10,25918.2,25916.8,25900.0,2026-02-10,0,0.0006849315068493151,1.902587519025875e-06,11.88,11.78,True,1.4780567721860172,16687.236737573417,86.61347044909445,103.44485913741482,16.831388688320374,16687.62788613875,86.61547633917309,16.82938279824174,11722.26,61.15,96.25,17517.18930371911,64.20677919635368,1.4000000000014552
2026-02-11,25980.1,25945.35,26000.0,2026-02-17,6,0.017123287671232876,0.016438387874175547,11.41,11.54,True,0.797220005983368,693.652777546983,4.948834756651195,274.1836196741424,269.2347849174912,99.01637679082808,1.9007506502093747,272.282869023933,1103.74,7.0,246.8,3715.4152680165816,61.813889335491886,34.75
2026-02-12,25835.8,25796.15,25850.0,2026-02-17,5,0.014383561643835616,0.013698661846778286,11.63,11.74,True,0.8224112098637334,754.900246722985,5.226667931912743,254.74753918532952,249.52087125341677,298.9676475758806,2.889577679876311,251.8579615054532,3448.49,19.0,236.55,3915.3665388016343,62.65579374578373,39.64999999999782
2026-02-13,25586.1,25460.55,25600.0,2026-02-17,4,0.011643835616438357,0.010958935819381024,12.11,13.53,True,0.7753018729822776,-2697.594617755122,-12.504844193616009,236.30437795704893,248.80922215066494,-7525.6392284684725,-37.25307296650499,273.5574509235539,-12206.2,-61.3,206.85000000000002,-3909.240337242719,64.61120542623466,125.54999999999927
2026-02-16,25473.55,25682.45,25450.0,2026-02-17,1,0.003424657534246575,0.002739757737189244,13.79,13.28,True,1.0650821885816664,-15156.93274773289,-76.4611422960661,187.5134073695972,263.9745496656633,-14536.734935575243,-73.28207659269356,260.79548396229075,-23012.63,-116.75,176.14999999999998,-11500.263826736056,73.25096429619279,208.90000000000146
2026-02-17,25593.1,25716.0,25600.0,2026-02-17,0,0.0006849315068493151,1.902587519025875e-06,13.26,12.67,True,1.4575131749172379,-822.7893617036315,-3.1240992907878535,112.87906661464876,116.00316590543662,-822.7893617036315,-3.1240992907878535,116.00316590543662,-4472.53,-21.85,103.4,6.772055876725915,70.76622438623606,122.90000000000146
2026-02-18,25730.25,25805.7,25750.0,2026-02-24,6,0.017123287671232876,0.016438387874175547,12.46,12.27,True,0.803196824083593,-650.6795970924818,-1.9006133184229839,296.5182991928814,298.41891251130437,192.03986548996755,2.419076233281885,294.0992229595995,-933.18,-3.4,268.9,3808.4387567157214,66.85311620913538,75.45000000000073
2026-02-19,25817.75,25416.45,25800.0,2026-02-24,5,0.014383561643835616,0.013698661846778286,12.12,13.66,True,0.7732449115115443,-26762.34403716522,-135.80176429315497,267.1039974155847,402.90576170873965,-30406.751243829938,-154.48272432733302,421.5867217429177,-42668.98,-217.4,233.75,-26790.352352604183,65.25001538767486,401.2999999999993
2026-02-20,25381.75,25565.9,25400.0,2026-02-24,4,0.011643835616438357,0.010958935819381024,14.63,14.35,True,0.8382826012836925,-6269.765366386633,-30.728437776341707,283.17442050082536,313.90285827716707,-5378.822876448617,-26.16155321255701,309.3359737133824,-6765.94,-33.3,268.0,-1762.4239852228632,77.43289485135057,184.15000000000146
2026-02-23,25760.3,25704.0,25750.0,2026-02-24,1,0.003424657534246575,0.002739757737189244,14.08,14.14,True,1.2031578856048881,3215.6693883909816,17.72486865841529,192.5822143457808,174.85734568736552,3075.551144365514,17.00662125315648,175.57559309262433,6688.94,35.55,204.10000000000002,6112.022253204702,75.6333224618344,56.29999999999927
2026-02-24,25548.6,25460.25,25550.0,2026-02-24,0,0.0006849315068493151,1.902587519025875e-06,13.96,13.99,True,1.6642868816479353,5397.973853434235,28.773558222739666,118.52039850071014,89.74684027797048,5397.973853434235,28.773558222739666,89.74684027797048,-383.16,-0.85,123.94999999999999,6227.535271014593,74.37245757971077,88.34999999999854
2026-02-25,25584.85,25478.65,25600.0,2026-03-02,5,0.014383561643835616,0.013698661846778286,13.2,13.46,True,0.8901418958942086,-952.2691059279518,-3.465585158604881,286.2807650608938,289.7463502194987,-1982.281457634495,-8.745340808382025,295.02610586927585,-1086.31,-4.15,287.7,1634.1174335912585,70.42330677635489,106.19999999999709
2026-02-26,25505.15,25493.3,25500.0,2026-03-02,4,0.011643835616438357,0.010958935819381024,13.42,13.03,True,0.9081328033621759,1372.6220041889796,8.405856431738357,261.6246508874283,253.21879445568993,2806.314453630527,15.754843351951422,245.86980753547687,6070.69,32.5,268.2,6422.713344856282,71.37399487876863,11.850000000002183
2026-02-27,25365.1,25181.8,25350.0,2026-03-02,3,0.008904109589041096,0.008219209791983765,13.42,13.68,True,0.8908031355170015,-3223.451070273894,-15.119543950122534,279.8032190844733,294.92276303459585,-4131.777263139999,-19.77552442635897,299.5787435108323,534.54,4.05,229.4,-2047.5475653223373,70.98207685504512,183.29999999999927
2026-03-02,24889.75,24849.75,24900.0,2026-03-02,0,0.0006849315068493151,1.902587519025875e-06,16.1,16.93,True,2.2721204495619927,15998.80734762269,83.14029409037276,133.3872147685579,50.246920678185134,15998.807333666728,83.14029401880373,50.24692074975417,30182.38,155.95,190.3,16828.368751247086,83.56145971853296,40.0
2026-03-04,24344.75,24473.95,24350.0,2026-03-10,6,0.017123287671232876,0.016438387874175547,20.48,20.95,True,1.2169111074508914,-1760.779552064351,-7.284920779817185,461.1947022188542,468.4796229986714,-3719.7225151064467,-17.32632059028947,478.5210228091437,-3640.46,-16.6,633.4,-103.32362388069316,103.96684832525554,129.20000000000073
2026-03-05,24570.6,24737.45,24550.0,2026-03-10,5,0.014383561643835616,0.013698661846778286,19.11,17.81,True,1.0783011287656261,-5291.7746815645905,-25.499870161869694,399.13603307442645,424.63590323629614,-610.1744661262435,-1.5023305955191972,400.63836366994565,519.81,4.45,485.3,3006.22442509951,97.91203034769956,166.85000000000218
2026-03-06,24681.5,24469.4,24700.0,2026-03-10,4,0.011643835616438357,0.010958935819381024,18.26,19.9,True,1.0996952288245156,-6323.045174600351,-30.88910345948898,343.68734097628476,374.57644443577374,-11481.098672006796,-57.328916266701526,401.0162572429863,-1917.04,-8.15,426.7,-7864.699780781042,93.97924047150956,212.09999999999854
2026-03-09,23736.25,24005.8,23750.0,2026-03-10,1,0.003424657534246575,0.002739757737189244,24.05,23.4,True,1.7410722602362467,-9057.242593022871,-44.98062868216857,302.6542055317623,347.63483421393084,-7992.617950640696,-39.52347666995229,342.17768220171456,459.17,4.1,464.20000000000005,-4956.146841801508,119.03832183848505,269.5499999999993
2026-03-10,24159.35,24286.15,24150.0,2026-03-10,0,0.0006849315068493151,1.902587519025875e-06,20.33,18.84,True,1.7061947523662975,5082.253592015746,27.238582523157675,163.39156910973543,136.15298658657775,5082.253592015746,27.238582523157675,136.15298658657775,12181.37,63.65,175.15,5911.815009596104,102.4194010346612,126.80000000000291
2026-03-11,24237.9,23848.2,24250.0,2026-03-17,6,0.017123287671232876,0.016438387874175547,18.72,21.21,True,1.0447279038416615,-18595.981515667103,-93.65811033675436,419.63981597450766,513.297926311262,-26928.45126511049,-136.3697500774897,556.0095660519974,-27185.98,-137.55,494.9,-23312.052373884737,94.61509750037779,389.7000000000007
2026-03-12,23600.45,23639.35,23600.0,2026-03-17,5,0.014383561643835616,0.013698661846778286,21.94,21.43,True,1.1282865132648712,1204.234840341719,7.872332514572918,439.02281354006846,431.15048102549554,3134.5681374670057,17.76706737162567,421.2557461684428,9408.53,50.15,559.05,6750.96702869276,107.97333473211314,38.89999999999782
2026-03-13,23469.8,23170.9,23450.0,2026-03-17,4,0.011643835616438357,0.010958935819381024,21.41,22.75,True,1.0686114866642882,-8675.737089514485,-42.873831228279414,384.0568424092926,426.930673637572,-12549.07859320625,-62.72824919592949,446.7850916052221,-12152.71,-60.55,462.9,-8932.679701980496,104.78175386931237,298.8999999999978
2026-03-16,23159.5,23355.6,23150.0,2026-03-17,1,0.003424657534246575,0.002739757737189244,22.04,21.65,True,1.4872907774336086,-5672.624045621834,-27.690789977547865,270.6722101919295,298.36300016947735,-5014.069490985158,-24.3150743127444,294.9872845046739,1766.99,10.6,354.55,-1977.5983821459708,106.43889975857897,196.09999999999854
2026-03-17,23376.7,23558.8,23400.0,2026-03-17,0,0.0006849315068493151,1.902587519025875e-06,21.0,19.8,True,1.6592898894078985,816.1162219761034,5.372134471672325,164.17502830710873,158.8028938354364,816.1162219761034,5.372134471672325,158.8028938354364,-2136.52,-9.75,171.1,1645.677639556461,102.36750200919425,182.09999999999854
2026-03-18,23714.8,23764.1,23700.0,2026-03-24,6,0.017123287671232876,0.016438387874175547,18.89,18.67,True,0.941198235676566,258.86365289094636,2.98217257892793,415.2157411856988,412.23356860677086,1166.9414508350621,7.636930517102883,407.5788106685959,1979.49,11.85,441.05,4783.340342060816,93.41379840421878,49.29999999999927
2026-03-19,23317.2,23087.85,23300.0,2026-03-24,5,0.014383561643835616,0.013698661846778286,21.17,22.74,True,0.9657572560919447,-3282.556058057105,-15.163466964395411,419.1870019723283,434.3504689367237,-8781.1974806481,-43.349115285374864,462.53611725770315,-17369.08,-87.3,456.85,-5164.798589422346,102.93352919962585,229.35000000000218
2026-03-20,23287.05,23134.65,23300.0,2026-03-24,4,0.011643835616438357,0.010958935819381024,22.01,22.81,True,1.0830706068949143,-1400.19093736542,-5.567286858284206,390.8418137886765,396.4091006469607,-3955.348002512038,-18.664810269292502,409.506624057969,3556.09,20.0,477.9,-338.9491112862844,106.87942919143379,152.39999999999782
2026-03-23,22702.15,22492.65,22700.0,2026-03-24,1,0.003424657534246575,0.002739757737189244,25.11,26.87,True,1.649094482508632,-3073.7673176620247,-14.310806757241153,302.1043224018922,316.41512915913336,-6176.05814604797,-30.21291356947677,332.317235971369,2780.12,15.95,438.9,-3139.5870372087825,118.870286400117,209.5
2026-03-24,22839.6,22958.4,22850.0,2026-03-24,0,0.0006849315068493151,1.902587519025875e-06,25.2,24.91,True,1.7999429549598605,15958.870610405856,83.04343902772234,191.44626484566106,108.40282581793872,15958.870610405856,83.04343902772234,108.40282581793872,29831.48,154.2,216.5,16788.432027986215,120.01862361526783,118.80000000000291
2026-03-25,23214.65,23309.0,23200.0,2026-03-30,5,0.014383561643835616,0.013698661846778286,24.73,24.44,True,1.082314712414892,-271.5525161639811,0.39685889146676345,487.06640812121805,486.6695492297513,790.3763006870167,5.840186157369317,481.22622196384873,3806.34,21.5,594.8,4406.77519191277,119.71425417230412,94.34999999999854
2026-03-27,23056.55,22839.5,23050.0,2026-03-30,3,0.008904109589041096,0.008219209791983765,25.81,26.78,True,1.1299986868868657,-1322.8490856497688,-4.990815823844969,487.71045262446023,492.7012684483052,-4555.885970755435,-21.563158824386846,509.2736114488471,9164.29,48.8,506.3,-2471.656272937773,124.09147176522484,217.04999999999927
2026-03-30,22581.4,22379.2,22600.0,2026-03-30,0,0.0006849315068493151,1.902587519025875e-06,28.79,27.76,True,1.7162394347020062,-1074.2337530799734,-4.220275656820377,216.57692944228438,220.79720509910476,-1074.2337530799734,-4.220275656820377,220.79720509910476,-6968.03,-34.4,233.5,-244.67233549961605,135.56642271021872,202.20000000000073
2026-04-01,22928.55,22703.15,22950.0,2026-04-07,6,0.017123287671232876,0.016438387874175547,24.94,24.87,True,1.0413407024653758,-3730.9072856981174,-16.99378095229804,528.7755714648138,545.7693524171118,-3464.905553965975,-15.630284892133204,544.405856356947,1355.94,9.3,621.65,151.49333725977874,119.24293237350743,225.39999999999782
2026-04-02,22244.35,22700.7,22250.0,2026-04-07,5,0.014383561643835616,0.013698661846778286,26.06,25.38,True,1.0971769642293805,-26066.929669817797,-131.57497266573228,491.3005977950652,622.8755704607975,-24256.511279540868,-122.29487835661985,613.595476151685,-16312.87,-81.3,608.5,-20640.112388315116,120.87980163983553,456.3500000000022
2026-04-06,22604.85,22959.45,22600.0,2026-04-07,1,0.003424657534246575,0.002739757737189244,26.46,25.56,True,1.561459427669776,-20690.60252791911,-104.42729501496979,317.00336613878426,421.43066115375404,-19578.61666139489,-98.7273162122815,415.73068235106575,-12048.93,-59.85,436.05,-16542.145552555703,124.72430047947715,354.6000000000022
2026-04-07,22891.45,23129.95,22900.0,2026-04-07,0,0.0006849315068493151,1.902587519025875e-06,25.5,24.77,True,1.824013509381257,-7255.769241034936,-35.85112431299967,194.10170768834905,229.95283200134872,-7255.769241034936,-35.85112431299967,229.95283200134872,-411.29,-0.7,222.45,-6426.207823454579,121.72312423347758,238.5
2026-04-08,23878.4,24012.35,23900.0,2026-04-13,5,0.014383561643835616,0.013698661846778286,20.2,19.54,True,1.0379316763685542,-1413.2672595687761,-5.3966013311219285,408.813796696184,414.2103980273059,1044.9522482352443,7.204062811462791,401.6097338847212,8483.67,45.5,479.04999999999995,4661.351139460998,100.58105808555841,133.9499999999971
2026-04-09,23983.6,23766.05,24000.0,2026-04-13,4,0.011643835616438357,0.010958935819381024,20.1,20.38,True,0.9699349152702447,-5952.245552278972,-28.760233601430627,367.6117021661248,396.37193576755544,-6810.388956458254,-33.15902028952951,400.7707224556543,-1528.1,-6.0,402.55,-3193.9900652325005,100.52406383864314,217.54999999999927
2026-04-10,23938.05,24050.5,23950.0,2026-04-13,3,0.008904109589041096,0.008219209791983765,19.44,18.98,True,0.9110872394419566,242.36036794063097,3.0252326561058,381.3412415578714,378.3160089017656,1885.8242285792494,11.44950886450897,369.8917326933624,3884.88,21.55,319.2,3970.0539263969113,97.03862583520787,112.45000000000073
2026-04-13,23604.3,23818.9,23600.0,2026-04-13,0,0.0006849315068493151,1.902587519025875e-06,21.3,20.42,True,1.5579430971197132,-10353.551281760654,-51.79380144492643,167.10911712415145,218.90291856907788,-10353.551281760654,-51.79380144492643,218.90291856907788,-15649.75,-78.95,163.60000000000002,-9523.989864180296,104.84080251151744,214.60000000000218
2026-04-15,24193.5,24211.9,24200.0,2026-04-21,6,0.017123287671232876,0.016438387874175547,18.6,18.76,True,0.9699397811220208,1088.8953929203674,7.446950732924961,416.2907179929771,408.8437672600521,406.53048193127455,3.949181958621921,412.34153603435516,1802.89,11.2,455.8,4022.9293731570283,93.8363815932014,18.400000000001455
2026-04-16,24385.65,24188.4,24400.0,2026-04-21,5,0.014383561643835616,0.013698661846778286,17.91,18.17,True,0.9050838404014659,-4440.495689284712,-21.005054816844677,370.1721118811365,391.1771666979812,-5373.98803432867,-25.79009248373677,395.9622043648733,-7418.29,-36.25,378.25,-1757.589143102917,91.07297626612295,197.25
2026-04-17,24232.6,24366.9,24250.0,2026-04-21,4,0.011643835616438357,0.010958935819381024,18.19,17.17,True,0.9187179691823769,-1934.7150970423502,-8.240897933550514,336.1384446422908,344.3793425758413,1445.1344353985294,9.083971463582202,327.0544731787086,1510.78,9.45,348.65,5061.533326624283,91.91625475657736,134.3000000000029
2026-04-20,24383.15,24330.9,24400.0,2026-04-21,1,0.003424657534246575,0.002739757737189244,18.2,19.01,True,1.3299926257468728,3408.6527503608404,18.91129615569662,235.40972780721313,216.4984316515165,1635.8300488309344,9.823948968363766,225.58577883884936,2246.61,13.05,275.8,4672.301157670122,92.53814848688738,52.25
2026-04-21,24449.75,24580.6,24450.0,2026-04-21,0,0.0006849315068493151,1.902587519025875e-06,18.19,17.57,True,1.4353645499026444,3112.315992082807,17.185723036322088,147.7887467233504,130.60302368702833,3112.315992082807,17.185723036322088,130.60302368702833,1141.64,7.05,133.3,3941.8774096631646,92.73992265520943,130.84999999999854
2026-04-22,24439.45,24367.65,24450.0,2026-04-28,6,0.017123287671232876,0.016438387874175547,18.16,18.2,True,1.0049555418876206,922.5257868809604,6.580491214774156,410.5090033516244,403.92851213685026,751.1059699720845,5.701825487036331,404.8071778645881,6148.77,33.5,465.70000000000005,4367.504861197838,92.54796629434117,71.79999999999927
2026-04-23,24230.5,24156.05,24250.0,2026-04-28,5,0.014383561643835616,0.013698661846778286,18.8,18.55,True,0.9570344275514607,715.1886681947096,5.460095734331844,386.0801384314236,380.6200426970918,1679.5251177914438,10.403205732263814,375.6769326991598,8121.97,43.5,417.15,5295.924009017197,94.99042542718072,74.45000000000073
2026-04-24,24058.05,23903.95,24050.0,2026-04-28,4,0.011643835616438357,0.010958935819381024,18.91,19.72,True,0.8730159963461736,-1034.5717879369456,-3.6003168612151057,347.37487995518495,350.97519681640006,-3712.9500503548215,-17.329487437717034,364.704367392902,-4933.96,-23.6,342.4,-96.55115912906797,94.86621197944862,154.09999999999854
2026-04-27,24045.05,24110.2,24050.0,2026-04-28,1,0.003424657534246575,0.002739757737189244,18.99,18.36,True,1.0785491563447582,3455.9605541987903,19.16928489332713,241.98201673756193,222.8127318442348,4818.373661241872,26.152941852522417,215.82907488503952,6315.75,33.8,229.95,7854.844770081059,95.216070993147,65.15000000000146
2026-04-28,24116.2,24016.5,24100.0,2026-04-28,0,0.0006849315068493151,1.902587519025875e-06,18.02,18.09,True,1.271340351525782,11762.588575135884,61.51983884685069,145.01685844368512,83.49701959683443,11762.588575135884,61.51983884685069,83.49701959683443,2203.0,12.45,116.14999999999999,12592.149992716242,90.61983582393586,99.70000000000073
2026-04-29,24110.45,24163.6,24100.0,2026-05-05,6,0.017123287671232876,0.016438387874175547,17.37,17.35,True,0.867642032473465,11.986285586560314,1.8603912081362068,388.1367440096983,386.2763528015621,95.76292913144971,2.2898098929817934,385.8469341167165,-522.9,-0.9,380.25,3712.1618203572034,87.33025778265035,53.14999999999782
2026-04-30,23874.1,24043.7,23850.0,2026-05-05,5,0.014383561643835616,0.013698661846778286,18.37,18.18,True,0.8838328166308654,-6235.3323407431835,-30.198114567913763,373.1989887440468,403.39710331196056,-5579.44403053411,-26.83612323350826,400.03511197755506,-7308.31,-35.7,372.4,-1963.045139308357,91.45254007992538,169.60000000000218
2026-05-04,24215.6,24123.8,24200.0,2026-05-05,1,0.003424657534246575,0.002739757737189244,17.78,18.27,True,1.2779624393499613,3048.0889804752233,17.04722554089858,228.6878849906043,211.6406594497057,1994.8533482945516,11.648427427151546,217.03945756345274,8293.03,44.0,257.35,5031.324457133739,89.78144653152876,91.79999999999927
2026-05-05,23990.6,24052.15,24000.0,2026-05-05,0,0.0006849315068493151,1.902587519025875e-06,18.83,17.8,True,1.3495505640278795,18903.644488284546,98.13679224761304,150.28976055127168,52.152968303658646,18903.64453180664,98.13679247080327,52.15296808046841,18243.66,94.7,127.5,19733.205949386997,94.20002916091345,61.55000000000291
2026-05-06,24174.6,24339.3,24150.0,2026-05-12,6,0.017123287671232876,0.016438387874175547,17.37,16.62,True,0.9023184522738115,-6061.795006686501,-29.268794906084622,390.0831025766802,419.3518974827648,-3171.9383723610968,-14.455581396723574,404.53868397340375,-10011.96,-49.5,397.29999999999995,444.4605188646568,87.56261495710194,164.70000000000073
2026-05-07,24334.8,24336.4,24350.0,2026-05-12,5,0.014383561643835616,0.013698661846778286,16.96,16.45,True,0.9267639162686753,1305.5702644261967,8.40082186885229,349.8068768532539,341.40605498440164,3307.62331742687,18.663196499624974,331.14368035362895,6292.18,34.0,366.0,6924.022208652625,86.06235713882596,1.6000000000021828
2026-05-08,24244.3,24179.8,24250.0,2026-05-12,4,0.011643835616438357,0.010958935819381024,17.04,16.92,True,0.9471571778192852,1057.4103775128806,7.046976294937849,315.12457656853985,308.077600273602,1472.6167885546254,9.175316864382694,305.94925970415716,9807.35,51.95,336.95,5089.015679780379,86.14673998652728,64.5
2026-05-11,23952.2,23820.35,23950.0,2026-05-12,1,0.003424657534246575,0.002739757737189244,18.31,18.51,True,1.2111577237972608,11.896903440841044,1.4928559150812362,232.4590834374667,230.96622752238545,-381.7293028609664,-0.5248682197998278,232.98395165726652,8902.08,47.1,248.05,2654.741805978221,91.45203231982282,131.85000000000218
2026-05-12,23638.95,23430.55,23650.0,2026-05-12,0,0.0006849315068493151,1.902587519025875e-06,18.58,19.26,True,1.4182976509963499,-14528.970200612726,-73.24600102878321,146.201074218734,219.4470752475172,-14528.970200612726,-73.24600102878321,219.4470752475172,-27573.76,-140.15,130.35,-13699.40878303237,91.58692947801728,208.40000000000146
2026-05-13,23367.7,23428.7,23350.0,2026-05-19,6,0.017123287671232876,0.016438387874175547,19.37,19.35,True,0.9944452602626478,-160.40440849465233,1.0510030333607574,419.641550485323,418.59054745196227,-79.43225709128302,1.4660909892754717,418.17545949604755,5102.71,28.15,470.79999999999995,3536.9666341344705,94.38548170916589,61.0
2026-05-14,23581.35,23713.75,23600.0,2026-05-19,5,0.014383561643835616,0.013698661846778286,18.72,18.6,True,0.9272120933709372,-1842.8909756061328,-7.680569105672475,374.13726331206635,381.8178324177388,-1404.4603853014582,-5.433232745135683,379.57049605720204,4212.46,23.4,391.65,2211.9385059242954,92.05218807902224,132.40000000000146
2026-05-15,23787.3,23659.35,23800.0,2026-05-19,4,0.011643835616438357,0.010958935819381024,18.46,18.8,True,0.9215855949000695,-1112.571994802919,-4.029651255399585,334.8542507482489,338.8839020036485,-2224.7331426982687,-9.730528936914197,344.5847796851631,3569.06,20.0,348.4,1391.6657485274848,91.56646622456883,127.95000000000073
2026-05-18,23373.15,23644.45,23350.0,2026-05-19,1,0.003424657534246575,0.002739757737189244,20.01,19.46,True,1.2520960411094235,-17961.055025377034,-90.59679500193351,248.73771569443488,339.3345106963684,-17297.110456220114,-87.1934895190775,335.9312052135124,-14812.99,-74.4,274.2,-14260.639347380926,97.52679275786787,271.2999999999993
2026-05-19,23759.6,23606.2,23750.0,2026-05-19,0,0.0006849315068493151,1.902587519025875e-06,18.93,18.57,True,1.3655082709792719,904.2911247614081,5.871954485955939,149.66901736665386,143.79706288069792,904.2911247614081,5.871954485955939,143.79706288069792,-807.02,-2.95,128.5,1733.8525423417657,93.7884473713116,153.39999999999782
2026-05-20,23477.85,23664.15,23500.0,2026-05-26,6,0.017123287671232876,0.016438387874175547,19.3,18.31,True,0.95760344862874,-4366.8117441154645,-20.512214072386996,419.0116291902177,439.5238432626047,-524.0002464305605,-0.8142576740028744,419.8258868642206,1823.69,11.3,453.0,3092.398644795193,94.48769183682211,186.3000000000029
2026-05-21,23760.15,23648.6,23750.0,2026-05-26,5,0.014383561643835616,0.013698661846778286,17.88,17.82,True,0.9130037274282512,554.5261842829159,4.576852227091877,360.75549139498617,356.1786391678943,780.0594627190009,5.732920321635902,355.02257107335026,2260.97,13.35,371.8,4396.458353944755,88.58828619381075,111.55000000000291
2026-05-22,23738.6,23748.85,23750.0,2026-05-26,4,0.011643835616438357,0.010958935819381024,18.6,17.81,True,0.8350744001021967,1579.155883210426,9.772286580566288,336.70780408129394,326.93551750072766,4283.959927491664,23.636922705085453,313.0708813762085,7231.42,38.7,317.45000000000005,7900.358818717417,92.0720163716854,10.25
2026-05-25,23981.95,24049.9,24000.0,2026-05-26,1,0.003424657534246575,0.002739757737189244,16.65,16.51,True,1.1548023076679184,3126.456217642649,17.40936521868025,211.9083470757887,194.49898185710845,3429.4063643171703,18.96228904778036,192.94605802800834,4371.48,23.8,215.6,6465.877473156358,83.2642047557253,67.95000000000073
2026-05-26,24034.4,23933.75,24050.0,2026-05-26,0,0.0006849315068493151,1.902587519025875e-06,16.42,16.22,True,1.380638901254378,2780.550479496103,15.447130664082579,131.69415644432775,116.24702578024517,2780.550479496103,15.447130664082579,116.24702578024517,-4477.92,-21.8,114.4,3610.1118970764605,82.29359692212488,100.65000000000146
2026-05-27,23899.9,23920.65,23900.0,2026-06-02,6,0.017123287671232876,0.016438387874175547,16.16,15.24,True,0.8335491417335068,782.8790350631458,5.739892487503312,357.5974047881846,351.85751230068126,4646.357673193962,25.543834221507495,332.0535705666771,4452.38,24.5,336.6,8262.756564419717,80.53729664094874,20.75
2026-05-29,23892.2,23609.3,23900.0,2026-06-02,4,0.011643835616438357,0.010958935819381024,14.85,16.38,True,0.9373927828272288,-15250.95567783976,-76.65341373251158,270.63469278312914,347.2881065156407,-19068.418827426452,-96.2214298842382,366.85612266736734,-7736.95,-38.1,286.4,-15452.019936200697,73.98474864743314,282.90000000000146
2026-06-01,23591.95,23379.2,23600.0,2026-06-02,1,0.003424657534246575,0.002739757737189244,15.79,16.49,True,1.2727341664420502,-11396.302843403015,-57.06734791488725,197.4404122211854,254.50776013607265,-12353.529880589998,-61.973999387641015,259.4144116088264,-2820.13,-13.05,221.39999999999998,-9317.058771750812,77.67934888507735,212.75
2026-06-02,23281.3,23523.3,23300.0,2026-06-02,0,0.0006849315068493151,1.902587519025875e-06,16.09,15.32,True,1.4726852335144105,-19344.39522787885,-97.97874475835306,125.32413671026552,223.30288146861858,-19344.39522787885,-97.97874475835306,223.30288146861858,-13296.62,-67.0,116.10000000000001,-18514.83381029849,78.11292106616104,242.0
2026-06-03,23293.5,23396.95,23300.0,2026-06-09,6,0.017123287671232876,0.016438387874175547,16.54,16.32,True,1.0055250509771108,-1638.2950049111503,-6.673461563646924,356.4815963385754,363.1550579022223,-765.6527262064956,-2.200372954905106,358.6819692934805,1328.98,8.65,404.6,2850.746165019258,80.33963637208619,103.45000000000073
2026-06-04,23334.75,23438.0,23350.0,2026-06-09,5,0.014383561643835616,0.013698661846778286,16.16,15.77,True,1.0056156573002963,-1280.5576140392654,-4.9267057130218745,319.60971810043156,324.53642381345344,133.99567315269022,2.324182939244565,317.285535161187,4606.13,25.35,362.85,3750.3945643784436,78.63286803678587,103.25
2026-06-05,23462.2,23368.85,23450.0,2026-06-09,4,0.011643835616438357,0.010958935819381024,15.78,15.74,True,1.0042558701865203,701.6229463091506,5.1479125451751315,283.16895183341876,278.0210392882436,834.342762732689,5.828219296065072,277.3407325373537,10009.87,52.95,320.8,4450.741653958443,77.2032065974546,93.35000000000218
2026-06-08,23156.1,23103.7,23150.0,2026-06-09,1,0.003424657534246575,0.002739757737189244,16.98,17.09,True,1.3554594713051764,3508.1462159144553,19.35787803033054,208.5148220292922,189.15694399896165,3276.70613954486,18.171569946383897,190.3432520829083,11993.79,62.95,248.95,6313.177248384048,81.99034423859828,52.39999999999782
2026-06-09,23224.9,23257.75,23200.0,2026-06-09,0,0.0006849315068493151,1.902587519025875e-06,16.02,15.56,True,1.4521319328597633,12947.08553494722,67.5449514612678,125.29782056306976,57.75286910180196,12947.085534948152,67.54495146127257,57.75286910179718,13908.89,72.45,114.65,13776.64695252851,77.58467977691592,32.849999999998545
2026-06-10,23339.45,23216.1,23350.0,2026-06-16,6,0.017123287671232876,0.016438387874175547,15.71,15.61,True,0.9843396117666657,-992.0533039545758,-3.4016579689978244,339.19328322569345,342.5949411946913,-594.727909548669,-1.3650149207624054,340.55829814645585,3604.72,20.25,376.9,3021.6709816770845,76.45861206490908,123.35000000000218
2026-06-11,23121.9,23186.55,23100.0,2026-06-16,5,0.014383561643835616,0.013698661846778286,15.65,15.6,True,0.952849192721898,-936.7658620689717,-3.1909018567639578,308.3757584146824,311.5666602714464,-757.5971719496292,-2.272498317690406,310.64825673237283,3186.69,18.0,331.45,2858.8017192761245,75.45664092197416,64.64999999999782
2026-06-12,23402.85,23631.75,23400.0,2026-06-16,4,0.011643835616438357,0.010958935819381024,14.72,14.8,True,0.9355829460420645,-13171.36966324962,-66.0113828884596,263.10333862450716,329.11472151296675,-13372.82742710945,-67.04403808774077,330.14737671224793,-17253.25,-86.9,277.85,-9756.428535883697,71.83501164979135,228.90000000000146
2026-06-15,23947.05,23856.55,23950.0,2026-06-16,1,0.003424657534246575,0.002739757737189244,14.19,14.24,True,1.2869970440303604,490.7801840510773,3.8240522259029603,180.08351550186126,176.2594632759583,390.5536745837106,3.310275254275439,176.77324024758582,5283.88,28.45,204.2,3427.024783422898,70.85883763942773,90.5
2026-06-16,23938.2,23995.0,23950.0,2026-06-16,0,0.0006849315068493151,1.902587519025875e-06,13.72,13.39,True,1.5058230560095678,12359.75769242518,64.49711637141118,109.50007822485168,45.0029618534405,12359.757692488389,64.49711637173533,45.00296185311635,12372.76,64.55,103.65,13189.319110068747,68.48653750285723,56.79999999999927
2026-06-17,24022.75,24081.95,24000.0,2026-06-23,6,0.017123287671232876,0.016438387874175547,13.39,13.2,True,0.9627404135289135,-1147.7807130679118,-4.292824169579035,299.77870202647136,304.0715261960504,-375.498652352686,-0.33419821719326137,300.1129002436646,4759.92,26.05,325.4,3240.900238873068,67.07534362167185,59.20000000000073
2026-06-18,24092.2,24179.4,24100.0,2026-06-23,5,0.014383561643835616,0.013698661846778286,13.02,12.73,True,0.8824217933124698,-1498.5020122795852,-6.170164165536335,266.04713936926964,272.217303534806,-423.40207824020206,-0.659292708924113,266.70643207819376,4046.35,22.25,265.05,3192.9968129855515,65.41043713533834,87.20000000000073
2026-06-19,23955.45,24042.7,23950.0,2026-06-23,4,0.011643835616438357,0.010958935819381024,13.43,12.78,True,0.9180078630638535,-1905.8237270919815,-8.30545501072811,245.94417341672852,254.24962842745663,190.4729753210212,2.440015258056519,243.504158158672,9493.96,50.15,254.85000000000002,3806.871866546775,67.08724439243763,87.25
2026-06-22,24130.25,24086.85,24150.0,2026-06-23,1,0.003424657534246575,0.002739757737189244,13.05,12.81,True,1.135491701768282,1861.0595671306332,10.817946498105812,167.32558212786353,156.50763562975771,2369.943306345657,13.426427212029012,153.89915491583452,8929.42,47.05,167.4,5406.414415184845,65.66469639063386,43.400000000001455
2026-06-23,24090.05,23795.25,24100.0,2026-06-23,0,0.0006849315068493151,1.902587519025875e-06,12.7,14.23,True,1.2400089324774013,-39785.77557037579,-202.81490036090145,101.93211923593299,304.74701959683443,-39785.77557037579,-202.81490036090145,304.74701959683443,-38406.97,-195.8,79.55,-38956.21415279543,63.79711354949625,294.7999999999993
2026-06-24,23879.65,24013.15,23900.0,2026-06-30,6,0.017123287671232876,0.016438387874175547,13.87,13.33,True,0.8806917155731324,-3187.4920754799077,-14.732882438358502,306.2980380543304,321.0309204926889,-1057.2252753473795,-3.813309104345535,310.1113471586759,-390.53,-0.4,304.54999999999995,2559.173615878374,69.0659556930374,133.5
2026-06-25,24149.15,24052.95,24150.0,2026-06-30,5,0.014383561643835616,0.013698661846778286,12.92,13.09,True,0.7769133351928458,-212.2848630496944,0.4201801894887467,264.8994045455529,264.47922435606415,-855.5007776768978,-2.87687578295845,267.77628032851135,4246.66,23.2,232.5,2760.8981135488557,65.06148479142483,96.20000000000073
2026-06-29,24065.7,23978.5,24050.0,2026-06-30,1,0.003424657534246575,0.002739757737189244,13.73,13.57,True,1.1822909943945865,1785.297658524808,10.449629018075939,175.8368760438134,165.38724702573745,2120.0198931956397,12.165384067669947,163.67149197614344,3303.7,18.25,183.1,5156.491002034827,68.90149469811843,87.20000000000073
2026-06-30,23896.7,23917.75,23900.0,2026-06-30,0,0.0006849315068493151,1.902587519025875e-06,13.88,13.48,True,1.981368471171528,17813.11853889381,92.45240276355798,110.24077829984526,17.788375536287276,17814.65527891355,92.46028348160795,17.780494818237315,19887.65,103.15,137.25,18644.21669649391,69.16509934587289,21.049999999999272
2026-07-01,23919.95,23987.95,23900.0,2026-07-07,6,0.017123287671232876,0.016438387874175547,13.89,13.19,True,0.9554720140867424,-1386.8865280731602,-5.496289887554667,309.2009312125774,314.6972211001321,1436.6487983013435,8.976968196417147,300.22396301616027,5751.27,31.15,333.2,5053.047689527097,69.28227192302437,68.0
2026-07-02,24110.1,24167.2,24100.0,2026-07-07,5,0.014383561643835616,0.013698661846778286,12.92,12.21,True,0.8757044256031626,-745.510101536091,-2.3125646232620056,265.1270521263432,267.4396167496052,1910.3046368074474,11.300946855422808,253.82610527092038,4447.61,24.3,262.15,5526.703528033201,64.95627814932331,57.10000000000218
2026-07-03,24349.0,24271.2,24350.0,2026-07-07,4,0.011643835616438357,0.010958935819381024,12.03,11.83,True,0.8144683386214472,96.38264051838254,1.9053468744532438,223.73180259505352,221.82645572060028,779.7889597066536,5.408404921572583,218.32339767348094,5546.51,29.8,205.8,4396.187850932407,61.08103177676735,77.79999999999927
2026-07-06,24353.15,24423.95,24350.0,2026-07-07,1,0.003424657534246575,0.002739757737189244,11.96,11.85,True,1.068134515840639,217.59252426531043,2.363346278283643,154.4803766775185,152.11703039923486,441.35065185853625,3.5103110351719806,150.97006564234653,1994.46,11.45,145.39999999999998,3477.8217606977237,60.73596426682145,70.79999999999927
2026-07-07,24456.8,24355.1,24450.0,2026-07-07,0,0.0006849315068493151,1.902587519025875e-06,11.81,11.76,True,1.4887928203602907,32.161271826328374,1.2753398555196327,96.1723161684913,94.89697631297167,32.161271826328374,1.2753398555196327,94.89697631297167,7326.3,38.65,90.0,861.7226894066857,60.22948326093776,101.70000000000073
2026-07-08,24239.6,23895.7,24250.0,2026-07-14,6,0.017123287671232876,0.016438387874175547,12.44,14.54,True,0.9491157373395004,-21702.3702522631,-109.70297565263127,279.07812899835153,388.7811046509828,-27696.777922868434,-140.42988678394067,419.5080157822922,-36917.96,-187.65,299.0,-24080.37903164268,62.878972556869684,343.8999999999978
2026-07-09,24022.65,23981.9,24000.0,2026-07-14,5,0.014383561643835616,0.013698661846778286,13.62,13.27,True,0.9676178627819042,1497.5581751481577,9.218862436657218,279.38882818363345,270.16996574697623,2851.834634938107,16.1607929996826,263.22803518395085,6573.95,35.3,304.8,6468.233526163862,68.22721263676415,40.75
2026-07-10,24168.6,24211.65,24150.0,2026-07-14,4,0.011643835616438357,0.010958935819381024,12.64,12.33,True,0.8920931690884877,-299.43183284210284,-0.09785555303642468,234.6456043432445,234.7434598962809,739.9852271021567,5.23012936975465,229.41547497348984,6234.79,33.4,236.29999999999998,4356.38411832791,63.702749201659216,43.05000000000291
2026-07-13,24027.2,24211.15,24050.0,2026-07-14,1,0.003424657534246575,0.002739757737189244,13.38,13.3,True,1.1737252384209251,-7209.81173533038,-35.67000889913015,171.00133759793607,206.67134649706622,-7087.035728637199,-35.04069604429333,206.0420336422294,-12105.25,-60.75,176.8,-4050.564619798012,67.03766584106575,183.95000000000073
2026-07-14,24140.6,24035.15,24150.0,2026-07-14,0,0.0006849315068493151,1.902587519025875e-06,13.74,13.8,True,1.8336709107921811,-1082.5458185266923,-4.404901633470217,110.44211177995203,114.84701341342225,-1082.5458185266923,-4.404901633470217,114.84701341342225,5533.9,29.55,127.2,-252.98440094633492,69.16627709908,105.44999999999709
2026-07-15,24196.5,24073.45,24200.0,2026-07-21,6,0.017123287671232876,0.016438387874175547,13.24,13.27,True,0.9690233023620843,-1046.236948315113,-3.7795740939236566,296.7108586767881,300.4904327707118,-1169.3329408096301,-4.410579183639129,301.12143786042725,-321.68,0.0,324.5,2447.0659504161235,66.80364244193252,123.04999999999927
2026-07-16,24129.25,24081.1,24150.0,2026-07-21,5,0.014383561643835616,0.013698661846778286,12.96,12.87,True,0.9041471666207205,462.6110681135958,3.8800054775056196,265.0446571655739,261.16465168806826,808.9194699368728,5.65517676890704,259.38948039666684,1771.06,10.6,270.54999999999995,4425.318361162626,65.20913392233118,48.150000000001455
2026-07-17,24211.65,24346.7,24200.0,2026-07-21,4,0.011643835616438357,0.010958935819381024,13.05,13.24,True,0.9484272876008848,-5721.958013338526,-27.87598981199244,241.9882735384108,269.86426335040323,-6292.594551504166,-30.801048982072643,272.78932252048344,-4173.75,-19.9,258.95,-2676.195660278412,65.886206996044,135.04999999999927
2026-07-20,24191.9,24239.5,24200.0,2026-07-21,1,0.003424657534246575,0.002739757737189244,13.55,12.9,True,1.239248843559771,2534.689854824768,14.286050537562915,173.74186063695015,159.45581009938724,3952.232159258586,21.552267483377364,152.1895931535728,7514.54,39.85,189.7,6988.703268097774,68.35477865659044,47.599999999998545
2026-07-21,24248.6,24193.05,24250.0,2026-07-21,0,0.0006849315068493151,1.902587519025875e-06,12.92,12.54,True,1.407041288373483,8980.522685207696,47.162680436962546,104.10968148356915,56.9470010466066,8980.522685207696,47.162680436962546,56.9470010466066,5608.59,29.85,92.05,9810.084102788052,65.32941822438238,55.54999999999927
2026-07-22,24051.0,23991.05,24050.0,2026-07-28,6,0.017123287671232876,0.016438387874175547,12.94,13.31,True,0.9769986594574234,818.1732315446358,5.757862725869927,288.4967243689716,282.7388616431017,-745.2328044625306,-2.2560143818591314,290.75273875083076,529.92,4.35,318.05,2871.166086763223,64.8973587930581,59.95000000000073
2026-07-23,23922.55,23871.7,23900.0,2026-07-28,5,0.014383561643835616,0.013698661846778286,13.28,13.47,True,0.9101716193481638,1473.4608583094878,9.076517222099937,271.3960111764609,262.31949395436095,741.6271544940091,5.325216176892354,266.07079499956853,4049.8,22.3,278.75,4358.026045719763,66.24683792657984,50.849999999998545
2026-07-24,23703.4,23787.0,23700.0,2026-07-28,4,0.011643835616438357,0.010958935819381024,14.25,13.9,True,0.8823646460617679,-1422.327168010735,-5.798600861593513,258.0313354032023,263.82993626479583,-288.918390378734,0.011187741647518124,258.0201476615548,1611.45,9.75,257.04999999999995,3327.48050084702,70.43444830501245,83.59999999999854
2026-07-27,23941.8,24003.65,23950.0,2026-07-28,1,0.003424657534246575,0.002739757737189244,13.39,12.64,True,1.06270918430905,1854.238419945138,10.789068820231478,169.91822661144215,159.12915779121067,3437.711922873687,18.905856014736855,151.0123705967053,2183.24,12.45,159.1,6474.183031712875,66.84931833038861,61.85000000000218
2026-07-28,24006.7,23987.8,24000.0,2026-07-28,0,0.0006849315068493151,1.902587519025875e-06,12.69,12.43,True,1.3769609244912393,17149.989867893146,89.03240957893922,101.40861796375066,12.376208384811434,17153.882854651096,89.05237361359536,12.356244350155293,14077.31,73.25,87.80000000000001,17983.444272231452,63.52631956085603,18.900000000001455
2026-07-29,24175.6,24242.0,24200.0,2026-08-04,6,0.017123287671232876,0.016438387874175547,12.29,12.03,True,0.8947329589580716,-344.4349080464456,-0.23392260536638787,274.7630564144092,274.9969790197756,745.4689475371523,5.35281511557514,269.4102412988341,2938.36,16.6,277.55,4361.867838762906,61.95676760669105,66.40000000000146
2026-07-30,24274.5,24296.6,24250.0,2026-08-04,5,0.014383561643835616,0.013698661846778286,12.21,12.16,True,0.8300724021505285,243.92383907343705,2.732481226017626,253.78709720036386,251.05461597434623,434.8996341600429,3.7113827392822714,250.0757144610816,2546.78,14.5,238.2,4051.2985253857964,61.805278057793174,22.099999999998545
2026-07-31,24344.75,24366.7,24350.0,2026-08-04,4,0.011643835616438357,0.010958935819381024,11.9,11.81,True,0.7891081473913095,706.1343927208547,5.024689193440281,221.1169704160493,216.09228122260902,1019.8818239682014,6.632932430606161,214.48403798544314,5277.42,28.4,197.05,4636.280715193955,60.41042456399128,21.950000000000728
2026-08-03,24550.25,24774.3,24550.0,2026-08-04,1,0.003424657534246575,0.002739757737189244,11.83,11.86,True,0.9580862975112158,-17771.221526155157,-89.84723859566748,153.96361938002337,243.81085797569085,-17799.93895533986,-89.99440489917879,243.95802427920216,4223.58,22.84,129.99,-14763.467846500675,60.56200867929838,224.04999999999927
2026-08-04,24598.5,24614.9,24600.0,2026-08-04,0,0.0006849315068493151,1.902587519025875e-06,11.97,12.1,True,1.5288177707427084,15954.700011937222,82.89707698429345,97.84678164311481,14.94970465882136,15953.910796168922,82.89302972394319,14.953751919171623,14835.3,77.15,94.0,16783.47221374928,61.399153386008464,16.400000000001455
2026-08-05,24622.2,24624.65,24600.0,2026-08-11,6,0.017123287671232876,0.016438387874175547,11.86,11.92,True,0.9072267968088885,718.3105082514822,5.208669273084524,272.6763496714175,267.46768039833296,460.4557615884096,3.8869526235303056,268.7893970478872,1376.93,8.6,279.15,4076.8546528141633,60.893530046367864,2.4500000000007276
2026-08-06,24637.75,24636.0,24650.0,2026-08-11,5,0.014383561643835616,0.013698661846778286,12.1,12.14,True,0.9333930719716582,912.3320815671681,6.156267084959836,252.76896048303934,246.6126933980795,753.3854343738051,5.3415663301220775,247.42739415291726,3382.46,18.85,266.35,4369.7843255995585,62.16501201498972,1.75
2026-08-07,24604.0,24570.65,24600.0,2026-08-11,4,0.011643835616438357,0.010958935819381024,12.43,12.14,True,0.9956060656403005,1204.4115882871968,7.608777375831778,233.8142621711322,226.20548479530044,2232.162068026637,12.876933682187882,220.93732848894433,9500.13,50.2,262.65,5848.560959252391,63.77294229188179,33.349999999998545
2026-08-10,24557.9,24583.8,24550.0,2026-08-11,1,0.003424657534246575,0.002739757737189244,12.78,12.21,True,1.322531072192068,2620.2652328220033,14.707872988830786,166.62222099677638,151.9143480079456,3886.970196677553,21.200924085525912,145.42129691125047,7434.5,39.45,194.05,6923.441305516741,65.4457859965581,25.899999999997817
2026-08-11,24486.9,24471.7,24500.0,2026-08-11,0,0.0006849315068493151,1.902587519025875e-06,12.25,11.85,True,2.2364995442180082,13801.903651545541,71.86745462331046,100.16444888847764,28.296994265167175,13801.906080269973,71.86746707830756,28.296981810170077,21593.19,111.9,140.45,14631.467497850332,62.550315394682784,15.200000000000728
2026-08-12,24458.55,24435.95,24450.0,2026-08-18,6,0.017123287671232876,0.016438387874175547,11.74,11.7,True,0.9079605502164128,1036.9943145023772,6.828586228217318,266.8831208639331,260.05453463571575,1209.613664389206,7.713403407124133,259.16971745680894,5651.93,30.5,273.5,4826.01255561496,59.876776411625016,22.599999999998545
2026-08-13,24342.05,24395.85,24350.0,2026-08-18,5,0.014383561643835616,0.013698661846778286,11.74,11.38,True,0.8455254981816581,-332.8765329349039,-0.25095657915335323,242.43214806576725,242.6831046449206,1044.9921401106585,6.811908410823889,235.62023965494336,2959.57,16.6,231.45,4661.391031336412,59.59157371351109,53.79999999999927
2026-08-14,24309.45,24366.0,24300.0,2026-08-18,4,0.011643835616438357,0.010958935819381024,11.47,11.27,True,0.8166823132486417,-924.2388582021617,-3.3500454266777524,213.67262583376942,217.02267126044717,-258.18756001147034,0.06411507686425466,213.60851075690516,-282.62,-0.1,197.2,3358.2113312142833,58.1430966866248,56.54999999999927
2026-08-17,24306.5,24287.65,24300.0,2026-08-18,1,0.003424657534246575,0.002739757737189244,11.55,11.29,True,0.9935201677887879,2860.9751244602357,15.900333971590953,149.046033095261,133.14569912367006,3444.323089053323,18.890528661811913,130.1555044334491,918.56,5.9,130.55,6480.794197892511,58.54152331905547,18.849999999998545
2026-08-18,24246.4,24154.9,24250.0,2026-08-18,0,0.0006849315068493151,1.902587519025875e-06,11.43,11.36,True,1.3620121813287327,-795.4095482567673,-2.9762540936244477,92.12074695297997,95.09700104660442,-795.4095482567673,-2.9762540936244477,95.09700104660442,-3398.34,-16.35,78.85,34.15186932359012,57.79005442370836,91.5
2026-08-19,24098.25,24078.3,24100.0,2026-08-25,6,0.017123287671232876,0.016438387874175547,11.6,11.31,True,0.8762825721582246,892.9305145202799,6.071900074462974,259.1527869721576,253.08088689769465,2127.0302371422995,12.397796087909228,246.7549908842484,4333.21,23.7,256.4,5743.429128368053,58.291214270537516,19.950000000000728
2026-08-20,24190.95,24231.85,24200.0,2026-08-25,5,0.014383561643835616,0.013698661846778286,10.97,10.83,True,0.8237332971427663,-8.503538327951759,1.3709562137028115,225.12384277440106,223.75288656069824,528.000927088346,4.121030395324851,221.0028123790762,267.76,2.75,209.4,4144.399818314099,55.33745207904538,40.89999999999782
2026-08-21,24230.95,24252.0,24250.0,2026-08-25,4,0.011643835616438357,0.010958935819381024,11.22,11.22,True,0.7642792302225302,807.5457367408446,5.512029419183818,207.33252700972844,201.82049759054462,807.5457367408446,5.512029419183818,201.82049759054462,3169.07,17.55,178.89999999999998,4423.944627966598,56.6921471704012,21.049999999999272
2026-08-24,24290.3,24219.05,24300.0,2026-08-25,1,0.003424657534246575,0.002739757737189244,11.13,11.49,True,0.9521263613613488,-39.170737085304836,1.0208680149471547,143.32698549263296,142.3061174776858,-762.2049152157754,-2.685307257516797,146.01229275014975,-5026.85,-24.6,120.25,2274.2661936234117,56.37514221633437,71.25
2026-08-25,24182.2,24334.55,24200.0,2026-08-25,0,0.0006849315068493151,1.902587519025875e-06,11.27,11.03,True,1.423779491061499,-8598.66612033483,-42.976492924794,91.57649984518866,134.55299276998267,-8598.66612033483,-42.976492924794,134.55299276998267,-10452.24,-52.5,82.15,-7769.104702754473,56.830219341048235,152.34999999999854
2026-08-26,24350.9,24207.75,24350.0,2026-09-01,6,0.017123287671232876,0.016438387874175547,10.87,10.48,True,0.826238717656095,-2453.5368487431633,-11.113676147400838,245.6631371105068,256.77681325790763,-906.3677094218888,-3.182962612419942,248.84609972292674,2755.72,15.55,229.3,2710.031181803865,55.19556315807485,143.15000000000146
2026-08-27,24202.5,24090.85,24200.0,2026-09-01,5,0.014383561643835616,0.013698661846778286,10.86,11.13,True,0.8497427707060875,-1135.4596452952946,-4.409382796386126,223.5629019857097,227.9722847820958,-2134.963672458671,-9.53278806389062,233.0956900496003,2343.06,13.4,214.55,1481.4352187670822,54.80872023306868,111.65000000000146
2026-08-28,24148.35,24175.65,24150.0,2026-09-01,4,0.011643835616438357,0.010958935819381024,10.98,10.59,True,0.8918187818759217,394.5540259202835,3.383815517539915,202.56760986510017,199.18379434756025,1732.92999115198,10.244256364881949,192.32335350021822,3342.88,18.5,203.95000000000002,5349.328882377734,55.2903589456048,27.30000000000291
2026-08-31,24045.5,24080.4,24050.0,2026-09-01,1,0.003424657534246575,0.002739757737189244,11.13,11.04,True,1.1795707997573375,2078.989929103964,11.874871431302381,141.82861515413424,129.95374372283186,2274.508164964102,12.877118794687703,128.95149635944654,1515.57,9.0,147.39999999999998,5310.97927380329,55.806988063666076,34.900000000001455
2026-09-01,24064.75,24055.8,24050.0,2026-09-01,0,0.0006849315068493151,1.902587519025875e-06,11.24,11.31,True,1.5799291850884711,16154.808661808032,83.90604441952837,90.74031177915458,6.83426735962621,16151.233128396962,83.88770835075366,6.852603428400926,16183.19,84.05,90.1,16980.79454597732,56.40365831563156,8.950000000000728
2026-09-02,23822.55,23914.45,23800.0,2026-09-08,6,0.017123287671232876,0.016438387874175547,11.86,11.53,True,0.9911827020089978,-3458.9761624928547,-16.224390576886435,263.94094977883105,280.1653403557175,-2197.3426237366502,-9.757346788393079,273.69829656722413,4452.15,24.4,294.7,1419.0562674891032,58.915903705034516,91.90000000000146
2026-09-03,23982.8,23873.45,24000.0,2026-09-08,5,0.014383561643835616,0.013698661846778286,11.06,11.38,True,0.8641328544291496,-2215.987186780177,-9.945113778359882,224.83475744914722,234.7798712275071,-3366.259537912608,-15.8413309636544,240.67608841280162,-1853.51,-8.1,219.35,250.13935331314576,55.31139606180576,109.34999999999854
2026-09-04,23908.7,23897.7,23900.0,2026-09-08,4,0.011643835616438357,0.010958935819381024,11.14,10.62,True,0.9126276350994621,1074.96077452243,6.875183459089385,204.12274723698647,197.24756377789708,2864.6214245430565,16.0488791002208,188.07386813676567,6227.27,33.3,210.25,6481.020315768811,55.53934594112465,11.0
2026-09-07,23830.95,23779.15,23850.0,2026-09-08,1,0.003424657534246575,0.002739757737189244,10.99,11.13,True,1.1884560622790936,545.7397424080553,4.00953714055413,139.2686253854754,135.25908824492126,264.17076920560044,2.566209072849233,136.70241631262616,2197.17,12.49,145.79000000000002,3300.6418780447875,54.61332966229097,51.79999999999927
2026-09-08,23670.85,23635.1,23650.0,2026-09-08,0,0.0006849315068493151,1.902587519025875e-06,11.32,11.15,True,1.8692670583535407,14572.190053391918,75.79359001739445,90.71172955551447,14.918139538120016,14572.715036233896,75.7962822370969,14.915447318417563,17512.22,90.9,106.0,15402.276453814255,55.87530254577193,35.75
2026-09-09,23510.85,23431.5,23500.0,2026-09-15,6,0.017123287671232876,0.016438387874175547,11.62,11.98,True,0.9425238702682058,649.3113367490931,4.81139147050817,254.17210019908453,249.36070872857636,-828.9721783982882,-2.766216299478401,256.9383164985629,5360.79,29.0,270.25,2787.4267128274655,56.968405783784064,79.34999999999854
2026-09-10,23439.15,23477.8,23450.0,2026-09-15,5,0.014383561643835616,0.013698661846778286,11.69,11.74,True,0.8769559534660897,160.53128717221276,2.254468139344681,232.35301797039574,230.09854983105106,-25.95159484295064,1.2985559238823043,231.05446204651344,5271.99,28.45,230.05,3590.447296382803,57.13680833166365,38.64999999999782
2026-09-11,23258.4,23398.1,23250.0,2026-09-15,4,0.011643835616438357,0.010958935819381024,12.51,12.24,True,0.8320474509489805,-6490.53950531775,-31.861125668296154,222.73238474149912,254.59351040979527,-5738.734067046177,-28.007405472031678,250.7397902135308,-11622.75,-58.2,209.35000000000002,-2122.3351758204235,60.67317926095388,139.6999999999971
2026-09-15,23464.2,23118.6,23450.0,2026-09-15,0,0.0006849315068493151,1.902587519025875e-06,12.37,13.47,True,1.8798838753350582,-45908.33316341636,-234.20986237649413,97.18723760465946,331.3970999811536,-45908.33316341636,-234.20986237649413,331.3970999811536,-42666.2,-217.55,114.55,-45078.771745836,60.525036341167464,345.6000000000022
2026-09-16,23204.0,23217.6,23200.0,2026-09-22,6,0.017123287671232876,0.016438387874175547,13.23,13.14,True,1.030072283769318,591.5712226248118,4.587390885255445,284.71184932679535,280.1244584415399,957.8594126364164,6.464971346853417,278.2468779799419,4103.89,22.7,330.79999999999995,4574.258303862171,64.01508234573085,13.599999999998545
2026-09-17,23253.45,23270.6,23250.0,2026-09-22,5,0.014383561643835616,0.013698661846778286,12.76,12.29,True,0.9318592859432984,600.2504094678461,4.555130304963313,252.15471885165243,247.59958854668912,2347.1362138174186,13.50951904521753,238.6451998064349,5090.0,27.6,265.2,5963.535105043173,61.87250195043845,17.149999999997817
