date,expiry,dte,atm,premium_open,straddle_sell_net,straddle_sell_gross_pts,iron_fly_w1_net,iron_fly_w1_gross_pts,iron_fly_w1_width,iron_fly_w1_min_wing_contracts,iron_fly_w2_net,iron_fly_w2_gross_pts,iron_fly_w2_width,iron_fly_w2_min_wing_contracts,expiry_day,S4_net
2022-01-03,2022-01-06,3,17400.0,222.0,-15485.490000000002,-78.10000000000001,-7322.780000000001,-35.150000000000006,200.0,665896.0,-14020.200000000003,-69.65,450.0,98518.0,False,-15485.490000000002
2022-01-04,2022-01-06,2,17700.0,223.3,7567.640000000002,40.05000000000001,3730.4300000000017,21.35000000000001,200.0,1410088.0,5841.090000000003,32.100000000000016,450.0,172400.0,False,7567.640000000002
2022-01-05,2022-01-06,1,17800.0,153.65,-1589.55,-7.0,-2383.1599999999994,-10.099999999999998,150.0,705797.0,-1979.74,-8.1,300.0,1004611.0,False,-1589.55
2022-01-06,2022-01-06,0,17750.0,130.0,22974.34,118.85000000000001,15133.58,79.55,150.0,2003569.0,20333.57,106.2,250.0,1550311.0,True,20333.57
2022-01-07,2022-01-13,6,17800.0,295.25,3514.3599999999983,19.39999999999999,-1825.5900000000004,-6.950000000000003,300.0,754072.0,-469.2400000000013,-0.10000000000000675,600.0,250481.0,False,3514.3599999999983
2022-01-10,2022-01-13,3,17900.0,262.0,2998.6400000000003,16.700000000000003,802.2100000000012,6.450000000000006,250.0,218126.0,1903.940000000001,12.000000000000004,500.0,327248.0,False,2998.6400000000003
2022-01-11,2022-01-13,2,18000.0,222.0,5294.909999999998,28.39999999999999,-301.1400000000022,0.6999999999999886,200.0,1030013.0,3070.8999999999983,17.89999999999999,450.0,159410.0,False,5294.909999999998
2022-01-12,2022-01-13,1,18150.0,148.0,2646.4600000000005,14.700000000000003,-4668.92,-21.849999999999998,150.0,1711430.0,218.11000000000047,3.1500000000000026,300.0,396351.0,False,2646.4600000000005
2022-01-13,2022-01-13,0,18250.0,94.65,16186.17,84.0,7281.97,39.25,100.0,1706702.0,14501.51,76.25,200.0,378604.0,True,14501.51
2022-01-14,2022-01-20,6,18200.0,280.0,2426.7800000000025,13.800000000000011,-490.24999999999835,-0.14999999999999147,300.0,442274.0,346.52000000000226,4.050000000000011,550.0,60944.0,False,2426.7800000000025
2022-01-17,2022-01-20,3,18250.0,244.0,5355.86,28.75,1449.3400000000004,9.700000000000003,250.0,751527.0,3570.7,20.5,500.0,95391.0,False,5355.86
2022-01-18,2022-01-20,2,18350.0,190.15,-16879.729999999996,-85.29999999999998,-5081.6699999999955,-23.74999999999998,200.0,739644.0,-11709.359999999997,-57.84999999999998,400.0,245059.0,False,-16879.729999999996
2022-01-19,2022-01-20,1,18150.0,175.05,-6884.479999999999,-34.099999999999994,-6706.339999999998,-32.19999999999999,200.0,837795.0,-7452.699999999999,-36.099999999999994,350.0,995736.0,False,-6884.479999999999
2022-01-20,2022-01-20,0,17900.0,136.65,-3418.020000000001,-16.400000000000006,-6226.820000000001,-29.900000000000006,150.0,1239623.0,-5073.520000000002,-24.000000000000007,250.0,646015.0,True,-5073.520000000002
2022-01-21,2022-01-27,6,17600.0,317.0,4385.150000000001,23.900000000000006,-3027.6999999999994,-13.049999999999997,300.0,765858.0,1376.0100000000014,9.400000000000007,650.0,100331.0,False,4385.150000000001
2022-01-24,2022-01-27,3,17600.0,320.0,-34152.28,-173.6,-6025.679999999998,-28.149999999999984,300.0,1038025.0,-22762.999999999996,-114.19999999999999,650.0,109126.0,False,-34152.28
2022-01-25,2022-01-27,2,17000.0,315.0,-4940.9800000000005,-23.900000000000006,-9204.920000000002,-44.70000000000001,300.0,1114090.0,-8424.290000000003,-40.85000000000001,650.0,108237.0,False,-4940.9800000000005
2022-01-27,2022-01-27,0,17050.0,149.25,20080.120000000003,104.05000000000001,1146.540000000001,7.900000000000006,150.0,5134177.0,13605.17,71.75,300.0,741351.0,True,13605.17
2022-01-28,2022-02-03,6,17200.0,511.05,1159.3899999999976,7.699999999999989,-1192.1200000000033,-3.200000000000017,500.0,328243.0,593.7799999999979,5.749999999999989,1000.0,115831.0,False,1159.3899999999976
2022-01-31,2022-02-03,3,17300.0,424.4,-10031.140000000001,-49.80000000000001,-16311.97,-80.8,400.0,368742.0,-10238.900000000001,-49.90000000000001,850.0,40746.0,False,-10031.140000000001
2022-02-01,2022-02-03,2,17550.0,425.65,28904.86,149.75,4759.2,26.95,450.0,960948.0,21208.0,111.2,850.0,506927.0,False,28904.86
2022-02-02,2022-02-03,1,17700.0,185.8,6906.989999999999,36.599999999999994,-8153.660000000001,-39.650000000000006,200.0,1310022.0,-19.24000000000069,1.9999999999999964,350.0,380797.0,False,6906.989999999999
2022-02-03,2022-02-03,0,17750.0,82.2,-16775.39,-84.95,-14032.530000000002,-69.9,100.0,1649335.0,-17149.77,-85.95,150.0,1695272.0,True,-17149.77
2022-02-04,2022-02-10,6,17600.0,379.0,15691.22,81.95,6190.19,34.25,400.0,679447.0,12995.970000000001,69.05000000000001,750.0,41901.0,False,15691.22
2022-02-07,2022-02-10,3,17450.0,220.2,-20226.329999999994,-102.39999999999996,-15713.219999999992,-78.09999999999997,200.0,510276.0,-16674.809999999994,-83.19999999999996,450.0,790111.0,False,-20226.329999999994
2022-02-08,2022-02-10,2,17300.0,363.0,33003.81,170.65,25427.69,132.75,350.0,483836.0,31083.420000000002,161.70000000000002,750.0,64954.0,False,33003.81
2022-02-09,2022-02-10,1,17350.0,168.0,1527.59,9.0,-1471.7499999999998,-5.399999999999999,150.0,1695008.0,-1203.16,-4.1000000000000005,350.0,1298267.0,False,1527.59
2022-02-10,2022-02-10,0,17550.0,112.44999999999999,9302.21,48.75,914.9199999999997,6.649999999999999,100.0,2632124.0,6827.290000000001,36.95,200.0,1134316.0,True,6827.290000000001
2022-02-11,2022-02-17,6,17450.0,268.0,-6174.0599999999995,-30.299999999999997,-7780.120000000001,-37.45,250.0,778102.0,-7861.1,-38.0,550.0,413884.0,False,-6174.0599999999995
2022-02-14,2022-02-17,3,17100.0,258.65,-24502.569999999996,-124.24999999999999,-23882.15,-119.85000000000001,250.0,367684.0,-18864.449999999997,-94.29999999999998,500.0,663813.0,False,-24502.569999999996
2022-02-15,2022-02-17,2,16950.0,287.75,-34268.340000000004,-174.25000000000003,-23775.010000000006,-119.25000000000003,300.0,326204.0,-29227.690000000002,-147.45000000000002,600.0,119095.0,False,-34268.340000000004
2022-02-16,2022-02-17,1,17400.0,246.5,14954.98,77.95,7492.980000000001,40.650000000000006,250.0,906118.0,13363.15,70.7,500.0,943028.0,False,14954.98
2022-02-17,2022-02-17,0,17400.0,140.0,11371.05,59.4,476.5200000000002,4.450000000000001,150.0,2112060.0,8974.17,48.0,300.0,1087839.0,True,8974.17
2022-02-18,2022-02-24,6,17250.0,513.0,23461.08,122.0,16635.89,88.05,500.0,55264.0,20735.81,108.95,1050.0,171559.0,False,23461.08
2022-02-21,2022-02-24,3,17200.0,375.05,14112.060000000003,73.85000000000002,3655.4900000000043,21.25000000000002,400.0,858005.0,9816.600000000006,52.75000000000003,750.0,75133.0,False,14112.060000000003
2022-02-22,2022-02-24,2,16850.0,494.5,25740.420000000006,133.65000000000003,19893.150000000005,104.65000000000002,500.0,130818.0,25117.310000000005,131.35000000000002,1000.0,36906.0,False,25740.420000000006
2022-02-23,2022-02-24,1,17200.0,241.65,10556.62,55.4,-2458.7,-10.350000000000001,250.0,738523.0,6312.569999999999,34.55,500.0,706198.0,False,10556.62
2022-02-24,2022-02-24,0,16550.0,217.85,-13132.889999999996,-66.04999999999998,-58900.689999999995,-299.59999999999997,200.0,1629464.0,-20817.909999999996,-104.54999999999998,450.0,1313614.0,True,-20817.909999999996
2022-02-25,2022-03-03,6,16500.0,546.45,5401.209999999995,29.49999999999997,-24436.940000000006,-122.30000000000004,550.0,52658.0,-5250.010000000007,-24.150000000000034,1100.0,222170.0,False,5401.209999999995
2022-02-28,2022-03-03,3,16500.0,451.05,-20654.629999999997,-104.19999999999999,-24677.029999999995,-123.59999999999998,450.0,91618.0,-25651.28,-128.85,900.0,280107.0,False,-20654.629999999997
2022-03-02,2022-03-03,1,16600.0,440.0,30139.090000000004,156.10000000000002,11774.160000000005,62.950000000000024,450.0,273303.0,22343.000000000004,117.05000000000003,900.0,552893.0,False,30139.090000000004
2022-03-03,2022-03-03,0,16700.0,247.75,7676.549999999998,40.64999999999999,-4087.4800000000023,-18.75000000000001,250.0,802881.0,2323.599999999998,14.09999999999999,500.0,906510.0,True,2323.599999999998
2022-03-04,2022-03-10,6,16350.0,454.4,-6997.270000000004,-34.20000000000002,-13580.180000000006,-66.75000000000003,450.0,361030.0,-13745.480000000001,-67.80000000000001,900.0,60059.0,False,-6997.270000000004
2022-03-07,2022-03-10,3,15850.0,431.6,-7087.220000000004,-34.70000000000002,191.44999999999726,3.749999999999986,450.0,487416.0,-6281.250000000004,-29.60000000000002,850.0,466102.0,False,-7087.220000000004
2022-03-08,2022-03-10,2,15750.0,335.85,-21035.680000000004,-106.35000000000002,-28689.180000000008,-144.40000000000003,350.0,615324.0,-26328.81000000001,-132.50000000000003,650.0,390515.0,False,-21035.680000000004
2022-03-09,2022-03-10,1,16100.0,328.0,-1686.7900000000034,-7.200000000000017,-3682.980000000004,-16.40000000000002,350.0,432101.0,-6381.070000000002,-30.350000000000016,650.0,151636.0,False,-1686.7900000000034
2022-03-10,2022-03-10,0,16750.0,192.5,7265.729999999998,38.44999999999999,-6030.000000000002,-28.80000000000001,200.0,1105343.0,-2858.0000000000027,-12.550000000000013,400.0,265065.0,True,-2858.0000000000027
2022-03-11,2022-03-17,6,16550.0,479.15,1540.7700000000045,9.600000000000023,-6352.939999999997,-29.749999999999986,500.0,77883.0,596.4100000000042,5.700000000000021,950.0,176330.0,False,1540.7700000000045
2022-03-14,2022-03-17,3,16650.0,437.7,-7216.080000000002,-35.35000000000001,-6177.720000000004,-28.90000000000002,450.0,441202.0,-8957.800000000001,-43.35000000000001,900.0,61085.0,False,-7216.080000000002
2022-03-15,2022-03-17,2,16900.0,404.8,1380.2299999999955,8.649999999999977,1720.3699999999972,11.499999999999986,400.0,1022573.0,1663.2699999999954,11.049999999999976,800.0,486585.0,False,1380.2299999999955
2022-03-16,2022-03-17,1,16900.0,287.0,3507.360000000002,19.35000000000001,-1223.8899999999983,-3.8999999999999915,300.0,1206114.0,-816.2999999999979,-1.8999999999999897,550.0,203685.0,False,3507.360000000002
2022-03-17,2022-03-17,0,17200.0,156.95,13121.480000000001,68.4,4080.290000000001,22.950000000000003,150.0,1207193.0,9875.840000000002,52.650000000000006,300.0,1558430.0,True,9875.840000000002
2022-03-21,2022-03-24,3,17350.0,361.0,-8331.929999999998,-41.19999999999999,-1648.669999999998,-5.79999999999999,350.0,643304.0,-6775.189999999997,-32.249999999999986,700.0,103152.0,False,-8331.929999999998
2022-03-22,2022-03-24,2,17100.0,374.95,3897.5,21.5,432.4700000000023,4.800000000000011,350.0,245588.0,853.35,6.8,750.0,126899.0,False,3897.5
2022-03-23,2022-03-24,1,17400.0,248.5,5305.579999999997,28.499999999999986,3405.4799999999973,19.749999999999986,250.0,947077.0,4542.869999999997,25.499999999999986,500.0,1188253.0,False,5305.579999999997
2022-03-24,2022-03-24,0,17100.0,156.2,5043.71,27.0,-13754.070000000003,-68.45000000000002,150.0,1163448.0,2461.47,14.65,300.0,1180631.0,True,2461.47
2022-03-25,2022-03-31,6,17300.0,386.0,4410.8899999999985,24.14999999999999,828.8499999999996,6.849999999999998,400.0,371489.0,2842.389999999998,17.04999999999999,750.0,60788.0,False,4410.8899999999985
2022-03-28,2022-03-31,3,17200.0,321.95,8949.33,47.3,332.45999999999975,4.149999999999999,300.0,893695.0,5660.449999999999,31.349999999999994,650.0,121428.0,False,8949.33
2022-03-29,2022-03-31,2,17300.0,232.0,7379.369999999999,39.099999999999994,479.90999999999855,4.699999999999992,250.0,377640.0,4499.619999999999,25.249999999999996,450.0,238587.0,False,7379.369999999999
2022-03-30,2022-03-31,1,17450.0,198.0,9029.740000000002,47.50000000000001,3521.020000000002,20.20000000000001,200.0,635272.0,7811.200000000002,42.150000000000006,400.0,323931.0,False,9029.740000000002
2022-03-31,2022-03-31,0,17500.0,105.0,13743.7,71.5,3210.1199999999994,18.4,100.0,5088166.0,11112.67,58.9,200.0,2022917.0,True,11112.67
2022-04-01,2022-04-07,6,17450.0,359.45,2927.0699999999974,16.499999999999986,2302.689999999996,14.34999999999998,350.0,338663.0,544.879999999997,5.199999999999985,700.0,42550.0,False,2927.0699999999974
2022-04-04,2022-04-07,3,17800.0,149.5,-35509.98,-180.85,-20977.95,-105.14999999999999,150.0,323208.0,-29522.61,-149.1,300.0,1109602.0,False,-35509.98
2022-04-05,2022-04-07,2,18100.0,184.2,-4897.299999999997,-23.899999999999984,-6742.099999999999,-32.349999999999994,200.0,1421477.0,-7645.059999999997,-37.04999999999998,350.0,437969.0,False,-4897.299999999997
2022-04-06,2022-04-07,1,17850.0,175.0,9466.69,49.7,4223.080000000001,23.750000000000004,200.0,878636.0,6930.47,37.6,350.0,1459213.0,False,9466.69
2022-04-07,2022-04-07,0,17700.0,114.3,10960.12,57.25,-705.2700000000011,-1.6500000000000057,100.0,5818898.0,8729.12,46.7,250.0,436899.0,True,8729.12
2022-04-08,2022-04-13,5,17700.0,301.9,3814.5799999999977,20.94999999999999,278.9299999999975,3.849999999999987,300.0,845123.0,1577.8399999999976,10.399999999999988,600.0,333631.0,False,3814.5799999999977
2022-04-11,2022-04-13,2,17750.0,243.25,9151.209999999997,48.19999999999999,291.13999999999726,3.749999999999986,250.0,1504177.0,6605.189999999998,36.04999999999999,500.0,245717.0,False,9151.209999999997
2022-04-12,2022-04-13,1,17600.0,165.3,7421.150000000001,39.2,76.24000000000137,2.500000000000007,150.0,1422488.0,5588.1900000000005,30.700000000000003,350.0,667371.0,False,7421.150000000001
2022-04-13,2022-04-13,0,17600.0,122.05,469.77,3.5,-2519.25,-10.9,100.0,4309011.0,-1205.13,-4.200000000000001,250.0,820819.0,True,-1205.13
2022-04-18,2022-04-21,3,17200.0,251.25,-158.72999999999723,0.5000000000000142,-6288.879999999998,-29.89999999999999,250.0,333807.0,-3957.789999999997,-18.049999999999983,500.0,444825.0,False,-158.72999999999723
2022-04-19,2022-04-21,2,17250.0,227.55,-11262.969999999998,-56.44999999999999,-313.53999999999655,0.7500000000000178,250.0,1946325.0,-5579.819999999998,-26.34999999999999,450.0,982637.0,False,-11262.969999999998
2022-04-20,2022-04-21,1,17050.0,201.05,7594.580000000001,40.150000000000006,-1242.0299999999984,-4.199999999999992,200.0,815657.0,6220.250000000002,34.00000000000001,400.0,449864.0,False,7594.580000000001
2022-04-21,2022-04-21,0,17250.0,107.65,-6569.290000000002,-32.60000000000001,-6199.040000000002,-29.750000000000007,100.0,1862860.0,-9132.080000000002,-44.85000000000001,200.0,917594.0,True,-9132.080000000002
2022-04-22,2022-04-28,6,17250.0,310.95,4260.339999999997,23.249999999999986,-6010.970000000003,-28.350000000000016,300.0,247993.0,-1785.1500000000024,-6.800000000000011,600.0,86122.0,False,4260.339999999997
2022-04-25,2022-04-28,3,17000.0,250.55,-5914.57,-29.0,-10872.070000000002,-53.35000000000001,250.0,372740.0,-8898.03,-43.35,500.0,908110.0,False,-5914.57
2022-04-26,2022-04-28,2,17100.0,248.85,6749.359999999998,35.89999999999999,491.4199999999981,4.79999999999999,250.0,482059.0,4593.269999999999,25.749999999999993,500.0,626820.0,False,6749.359999999998
2022-04-27,2022-04-28,1,17050.0,180.6,5045.319999999996,27.049999999999983,-3470.5400000000022,-15.650000000000013,200.0,1014659.0,2244.6999999999966,13.599999999999984,350.0,1139320.0,False,5045.319999999996
2022-04-28,2022-04-28,0,17200.0,171.3,22726.4,117.65,18553.87,97.15,150.0,2507256.0,20719.78,108.25,350.0,161202.0,True,20719.78
2022-04-29,2022-05-05,6,17350.0,302.15,-6263.510000000004,-30.700000000000017,-1699.2000000000041,-6.200000000000021,300.0,362147.0,-5962.2000000000035,-28.200000000000017,600.0,160658.0,False,-6263.510000000004
2022-05-02,2022-05-05,3,16900.0,274.95000000000005,-5142.239999999998,-24.999999999999993,-7771.689999999998,-37.39999999999999,250.0,237592.0,-7927.199999999999,-38.349999999999994,550.0,101345.0,False,-5142.239999999998
2022-05-04,2022-05-05,1,17100.0,219.35,-40733.279999999984,-207.49999999999994,-9257.999999999996,-44.89999999999998,200.0,2580585.0,-28365.699999999993,-143.09999999999997,450.0,582599.0,False,-40733.279999999984
2022-05-05,2022-05-05,0,16850.0,148.65,-3051.29,-14.5,-7746.79,-37.65,150.0,6874998.0,-6053.08,-29.0,300.0,1160495.0,True,-6053.08
2022-05-06,2022-05-12,6,16400.0,339.65,-4519.940000000003,-21.700000000000017,-14096.870000000004,-69.70000000000002,350.0,199379.0,-6439.370000000003,-30.600000000000016,700.0,303370.0,False,-4519.940000000003
2022-05-09,2022-05-12,3,16250.0,309.9,914.3600000000046,6.100000000000023,-11503.409999999996,-56.49999999999998,300.0,356945.0,-6279.9199999999955,-29.849999999999977,600.0,151981.0,False,914.3600000000046
2022-05-10,2022-05-12,2,16250.0,317.4,14531.310000000001,75.9,7521.400000000001,40.95,300.0,453436.0,12980.820000000002,68.85000000000001,650.0,440922.0,False,14531.310000000001
2022-05-11,2022-05-12,1,16250.0,220.65,7685.600000000003,40.65000000000001,2647.4900000000025,15.800000000000015,200.0,1232699.0,7217.260000000003,39.15000000000001,450.0,1839229.0,False,7685.600000000003
2022-05-12,2022-05-12,0,16000.0,133.2,-13914.38,-70.2,-22241.13,-111.9,150.0,1440535.0,-18741.04,-94.05,250.0,943914.0,True,-18741.04
2022-05-13,2022-05-19,6,16000.0,358.0,-5013.869999999995,-24.199999999999974,-9808.479999999994,-47.64999999999997,350.0,287592.0,-4382.409999999994,-19.99999999999997,700.0,389441.0,False,-5013.869999999995
2022-05-16,2022-05-19,3,15850.0,351.2,9427.359999999997,49.79999999999998,4390.359999999995,24.99999999999998,350.0,1159265.0,6810.609999999996,37.29999999999998,700.0,102603.0,False,9427.359999999997
2022-05-17,2022-05-19,2,15900.0,267.45,-28173.77999999999,-143.04999999999995,-10692.959999999994,-52.24999999999997,250.0,453274.0,-23910.43999999999,-120.24999999999997,550.0,197518.0,False,-28173.77999999999
2022-05-18,2022-05-19,1,16300.0,201.9,9077.220000000001,47.75000000000001,2062.220000000001,12.750000000000007,200.0,2287866.0,6237.290000000002,34.10000000000001,400.0,1662515.0,False,9077.220000000001
2022-05-19,2022-05-19,0,15900.0,129.0,6067.430000000001,32.2,-14797.789999999999,-73.85,150.0,2132116.0,3026.6600000000008,17.500000000000004,250.0,1073727.0,True,3026.6600000000008
2022-05-20,2022-05-26,6,16050.0,353.25,-11314.699999999995,-56.49999999999997,-6823.439999999993,-32.349999999999966,350.0,579441.0,-18484.089999999993,-92.29999999999997,700.0,62518.0,False,-11314.699999999995
2022-05-23,2022-05-26,3,16300.0,314.3,395.82000000000056,3.450000000000003,-1958.719999999999,-7.549999999999994,300.0,1383126.0,-684.1999999999998,-1.1499999999999995,650.0,134642.0,False,395.82000000000056
2022-05-24,2022-05-26,2,16250.0,295.1,4704.649999999998,25.499999999999993,2066.359999999999,12.999999999999995,300.0,487381.0,2593.159999999999,15.599999999999994,600.0,246391.0,False,4704.649999999998
2022-05-25,2022-05-26,1,16200.0,278.9,7871.020000000001,41.7,6363.540000000001,34.95,300.0,1962274.0,7021.93,38.25,550.0,232339.0,False,7871.020000000001
2022-05-26,2022-05-26,0,16100.0,159.9,20164.37,104.5,12177.18,64.45,150.0,3895081.0,17338.24,90.9,300.0,2266273.0,True,17338.24
2022-05-27,2022-06-02,6,16300.0,355.45,4674.739999999998,25.44999999999999,-523.7300000000039,-0.1500000000000199,350.0,204035.0,2466.3599999999983,15.04999999999999,700.0,268427.0,False,4674.739999999998
2022-05-30,2022-06-02,3,16550.0,340.7,11616.23,61.0,10233.89,54.9,350.0,779466.0,9645.24,51.8,700.0,184787.0,False,11616.23
2022-05-31,2022-06-02,2,16600.0,238.25,2011.4499999999991,11.599999999999994,-3099.640000000001,-13.600000000000005,250.0,640790.0,1052.5599999999988,7.599999999999994,500.0,774689.0,False,2011.4499999999991
2022-06-01,2022-06-02,1,16600.0,236.0,11631.670000000002,60.90000000000001,8180.230000000001,44.15000000000001,250.0,1042357.0,10334.870000000003,55.15000000000001,450.0,555578.0,False,11631.670000000002
2022-06-02,2022-06-02,0,16500.0,122.1,733.1700000000017,4.8500000000000085,-6773.189999999998,-32.69999999999999,100.0,5483876.0,-1663.6999999999985,-6.549999999999992,250.0,1254785.0,True,-1663.6999999999985
2022-06-03,2022-06-09,6,16750.0,322.3,-1431.2299999999955,-5.899999999999977,-1017.959999999995,-2.6999999999999744,300.0,254942.0,-1466.6099999999951,-5.149999999999975,650.0,321379.0,False,-1431.2299999999955
2022-06-06,2022-06-09,3,16550.0,307.0,8495.779999999999,44.94999999999999,2019.0099999999977,12.74999999999999,300.0,330075.0,6553.819999999998,35.89999999999999,600.0,160369.0,False,8495.779999999999
2022-06-07,2022-06-09,2,16450.0,245.15,5218.890000000002,28.05000000000001,-3722.8199999999997,-16.799999999999997,250.0,1301275.0,2926.190000000002,17.20000000000001,500.0,336371.0,False,5218.890000000002
2022-06-08,2022-06-09,1,16450.0,189.55,7052.079999999999,37.349999999999994,1804.599999999999,11.399999999999995,200.0,1480500.0,5453.039999999999,30.049999999999997,400.0,985809.0,False,7052.079999999999
2022-06-09,2022-06-09,0,16250.0,110.0,-21623.670000000002,-109.75000000000001,-11338.240000000002,-55.95000000000001,100.0,2046214.0,-19832.05,-99.65,200.0,875691.0,True,-19832.05
2022-06-10,2022-06-16,6,16300.0,333.95000000000005,4252.660000000005,23.25000000000003,4471.990000000005,25.400000000000027,350.0,192629.0,5272.890000000006,29.400000000000027,650.0,125996.0,False,4252.660000000005
2022-06-13,2022-06-16,3,15900.0,260.9,-9410.699999999999,-46.89999999999999,-1401.599999999998,-4.749999999999989,250.0,378382.0,-6770.45,-32.4,500.0,904439.0,False,-9410.699999999999
2022-06-14,2022-06-16,2,15650.0,316.95000000000005,10511.970000000001,55.30000000000001,5869.170000000003,32.500000000000014,300.0,382981.0,8043.5700000000015,43.55000000000001,650.0,913808.0,False,10511.970000000001
2022-06-15,2022-06-16,1,15750.0,246.3,4291.679999999999,23.299999999999997,3084.9699999999993,18.099999999999998,250.0,2040786.0,3373.71,19.5,500.0,446507.0,False,4291.679999999999
2022-06-16,2022-06-16,0,15850.0,151.0,-65003.04,-332.0,-12095.810000000003,-59.40000000000002,150.0,4325418.0,-33489.23,-169.3,300.0,753980.0,True,-33489.23
2022-06-17,2022-06-23,6,15250.0,428.04999999999995,7499.269999999997,40.04999999999998,3393.3899999999967,20.049999999999983,450.0,771328.0,5143.5099999999975,28.899999999999984,850.0,303023.0,False,7499.269999999997
2022-06-20,2022-06-23,3,15350.0,346.0,11858.36,62.25,2102.65,13.25,350.0,1758045.0,9768.23,52.45,700.0,136397.0,False,11858.36
2022-06-21,2022-06-23,2,15450.0,211.25,-13218.49,-66.5,-15643.420000000002,-77.85000000000001,200.0,524615.0,-16025.920000000004,-79.95000000000002,400.0,369759.0,False,-13218.49
2022-06-22,2022-06-23,1,15550.0,205.65,3944.280000000004,21.450000000000017,7449.720000000004,40.40000000000002,200.0,1380317.0,2985.5900000000033,17.450000000000017,400.0,826578.0,False,3944.280000000004
2022-06-23,2022-06-23,0,15450.0,119.6,2324.24,13.0,-9588.07,-47.15,100.0,4631255.0,141.99000000000012,2.7000000000000006,250.0,3640324.0,True,141.99000000000012
2022-06-24,2022-06-30,6,15650.0,366.5,9539.330000000002,50.400000000000006,4559.000000000001,25.900000000000006,350.0,671320.0,7137.800000000002,39.00000000000001,750.0,239251.0,False,9539.330000000002
2022-06-27,2022-06-30,3,15950.0,278.05,2524.99,14.299999999999997,-636.8900000000004,-0.9000000000000021,300.0,364737.0,2062.2199999999993,12.849999999999998,550.0,725423.0,False,2524.99
2022-06-28,2022-06-30,2,15750.0,235.14999999999998,2119.7999999999956,12.149999999999977,-930.2200000000056,-2.5000000000000284,250.0,1600715.0,332.9499999999958,3.899999999999978,450.0,900777.0,False,2119.7999999999956
2022-06-29,2022-06-30,1,15700.0,203.0,2979.3100000000013,16.500000000000007,419.61000000000104,4.350000000000005,200.0,2412395.0,706.5700000000015,5.750000000000008,400.0,1189649.0,False,2979.3100000000013
2022-06-30,2022-06-30,0,15750.0,145.5,20774.05,107.60000000000001,14182.03,74.7,150.0,5687837.0,18786.960000000003,98.30000000000001,300.0,1236251.0,True,18786.960000000003
2022-07-01,2022-07-07,6,15700.0,317.9,921.4400000000012,6.150000000000006,-8592.429999999998,-41.54999999999999,300.0,1155551.0,-2116.0599999999986,-8.499999999999993,650.0,139647.0,False,921.4400000000012
2022-07-04,2022-07-07,3,15700.0,281.0,1509.3700000000017,9.100000000000009,-1417.4899999999977,-4.899999999999988,300.0,937566.0,-550.3399999999983,-0.5499999999999918,550.0,242539.0,False,1509.3700000000017
2022-07-05,2022-07-07,2,15900.0,205.0,-1743.2800000000004,-7.700000000000003,-4731.01,-22.0,200.0,2206343.0,-2460.150000000001,-10.450000000000005,400.0,1886566.0,False,-1743.2800000000004
2022-07-06,2022-07-07,1,15800.0,191.65,-8168.069999999998,-40.64999999999999,-4648.139999999999,-21.599999999999994,200.0,2783923.0,-8363.949999999999,-40.74999999999999,400.0,1644250.0,False,-8168.069999999998
2022-07-07,2022-07-07,0,16100.0,128.0,18389.66,95.35,9573.31,51.05,150.0,3339940.0,16129.4,84.64999999999999,250.0,1269463.0,True,16129.4
2022-07-08,2022-07-14,6,16250.0,309.1,8543.859999999999,45.19999999999999,3109.369999999998,18.34999999999999,300.0,279960.0,7878.149999999998,42.69999999999999,600.0,121576.0,False,8543.859999999999
2022-07-11,2022-07-14,3,16150.0,256.25,5127.379999999999,27.599999999999994,798.1099999999998,6.399999999999999,250.0,972268.0,3478.0599999999986,20.049999999999994,500.0,337854.0,False,5127.379999999999
2022-07-12,2022-07-14,2,16150.0,206.15,-348.55000000000086,-0.5500000000000043,305.13999999999874,3.7999999999999936,200.0,664821.0,-1219.4900000000007,-4.100000000000004,400.0,448638.0,False,-348.55000000000086
2022-07-13,2022-07-14,1,16150.0,168.35,-10306.62,-51.65,-3702.4300000000007,-16.750000000000004,150.0,2794307.0,-9326.03,-45.699999999999996,350.0,1824886.0,False,-10306.62
2022-07-14,2022-07-14,0,16000.0,143.4,13857.710000000001,72.15,7753.490000000002,41.75000000000001,150.0,3785341.0,12787.680000000002,67.55000000000001,300.0,2092225.0,True,12787.680000000002
2022-07-15,2022-07-21,6,16000.0,275.0,4721.119999999999,25.549999999999997,1222.469999999999,8.599999999999994,300.0,788049.0,2544.3399999999997,15.299999999999997,550.0,230866.0,False,4721.119999999999
2022-07-18,2022-07-21,3,16150.0,204.39999999999998,-4855.27,-23.65,-4859.189999999999,-22.649999999999995,200.0,486868.0,-5667.9,-26.9,400.0,422829.0,False,-4855.27
2022-07-19,2022-07-21,2,16200.0,168.8,-7604.340000000002,-37.80000000000001,-4849.370000000001,-22.650000000000006,150.0,787542.0,-8337.710000000003,-40.65000000000001,350.0,565108.0,False,-7604.340000000002
2022-07-20,2022-07-21,1,16550.0,125.1,1902.889999999999,10.849999999999994,-1244.000000000001,-4.350000000000005,150.0,2386840.0,-3804.610000000001,-17.500000000000004,250.0,1823076.0,False,1902.889999999999
2022-07-21,2022-07-21,0,16500.0,104.95,3431.570000000001,18.650000000000006,-2732.159999999999,-12.049999999999995,100.0,4522958.0,1971.3000000000013,12.050000000000006,200.0,2036588.0,True,1971.3000000000013
2022-07-22,2022-07-28,6,16650.0,247.95,-3084.449999999997,-14.499999999999986,-4865.829999999997,-22.599999999999987,250.0,811440.0,-4054.0999999999967,-18.549999999999983,500.0,178717.0,False,-3084.449999999997
2022-07-25,2022-07-28,3,16650.0,232.65,4452.339999999999,24.099999999999994,-2536.720000000002,-10.75000000000001,250.0,1138772.0,2148.6099999999988,13.199999999999994,450.0,863549.0,False,4452.339999999999
2022-07-26,2022-07-28,2,16650.0,204.3,-2172.3199999999983,-9.899999999999991,-798.1299999999995,-1.8499999999999979,200.0,807378.0,-848.9299999999987,-2.1999999999999926,400.0,402168.0,False,-2172.3199999999983
2022-07-27,2022-07-28,1,16500.0,191.0,-4811.770000000004,-23.450000000000017,-1483.5500000000025,-5.400000000000013,200.0,1812142.0,-4792.1200000000035,-22.450000000000017,400.0,925680.0,False,-4811.770000000004
2022-07-28,2022-07-28,0,16750.0,126.9,-8526.929999999998,-42.599999999999994,-8462.68,-41.349999999999994,150.0,2712915.0,-10533.559999999998,-51.99999999999999,250.0,2466388.0,True,-10533.559999999998
2022-07-29,2022-08-04,6,17100.0,274.15,3482.3800000000006,19.200000000000003,-1693.4199999999996,-6.299999999999997,250.0,396646.0,562.9900000000006,5.150000000000003,550.0,173327.0,False,3482.3800000000006
2022-08-01,2022-08-04,3,17250.0,240.75,1600.8600000000001,9.5,411.869999999999,4.399999999999995,250.0,1525390.0,535.94,4.95,500.0,293580.0,False,1600.8600000000001
2022-08-02,2022-08-04,2,17300.0,202.0,1204.0499999999984,7.3999999999999915,-1085.9900000000011,-3.350000000000005,200.0,1837541.0,-96.16000000000167,1.6499999999999915,400.0,1052371.0,False,1204.0499999999984
2022-08-03,2022-08-04,1,17350.0,174.35,5896.19,31.4,-1977.5400000000006,-8.000000000000004,150.0,3786812.0,3750.369999999999,21.299999999999997,350.0,1592601.0,False,5896.19
2022-08-04,2022-08-04,0,17450.0,109.55,8834.88,46.35,2320.5300000000007,13.850000000000001,100.0,3870362.0,5072.090000000001,27.950000000000003,200.0,1893781.0,True,5072.090000000001
2022-08-05,2022-08-11,6,17400.0,350.0,13398.480000000001,70.15,3790.510000000002,21.90000000000001,350.0,244425.0,10567.97,56.550000000000004,700.0,390631.0,False,13398.480000000001
2022-08-08,2022-08-11,3,17400.0,260.5,1291.8300000000004,7.950000000000003,-3363.5099999999984,-14.899999999999991,250.0,404836.0,-1723.9199999999996,-6.599999999999998,500.0,593853.0,False,1291.8300000000004
2022-08-10,2022-08-11,1,17550.0,196.0,7332.849999999999,38.8,1968.87,12.25,200.0,973990.0,6728.58,36.6,400.0,521599.0,False,7332.849999999999
2022-08-11,2022-08-11,0,17700.0,88.1,10344.48,54.050000000000004,1596.3700000000008,10.100000000000005,100.0,5522993.0,7879.32,42.300000000000004,200.0,1988011.0,True,7879.32
2022-08-12,2022-08-18,6,17650.0,255.70000000000002,6317.800000000004,33.70000000000002,419.1600000000033,4.450000000000017,250.0,701078.0,4199.690000000003,23.750000000000018,500.0,161851.0,False,6317.800000000004
2022-08-16,2022-08-18,2,17800.0,180.0,4440.649999999998,23.94999999999999,-3031.2800000000007,-13.400000000000006,200.0,1219184.0,2215.839999999998,13.449999999999989,350.0,317485.0,False,4440.649999999998
2022-08-17,2022-08-18,1,17850.0,147.0,-2445.870000000002,-11.400000000000013,-1493.070000000003,-5.550000000000015,150.0,1668981.0,-2953.0900000000024,-13.100000000000012,300.0,499890.0,False,-2445.870000000002
2022-08-18,2022-08-18,0,17900.0,119.0,12412.199999999999,64.69999999999999,4151.859999999999,23.249999999999996,100.0,7664191.0,10844.6,57.55,250.0,952455.0,True,10844.6
2022-08-19,2022-08-25,6,17950.0,264.9,-6182.780000000002,-30.35000000000001,952.1799999999996,7.299999999999997,250.0,1480276.0,-3410.5300000000016,-15.20000000000001,550.0,873866.0,False,-6182.780000000002
2022-08-22,2022-08-25,3,17700.0,259.95,-3556.749999999998,-16.89999999999999,2373.5400000000013,14.550000000000008,250.0,651713.0,-773.889999999998,-1.6999999999999904,500.0,971581.0,False,-3556.749999999998
2022-08-23,2022-08-25,2,17350.0,194.5,-15759.229999999996,-79.54999999999998,-13714.509999999997,-67.99999999999999,200.0,768754.0,-15171.389999999996,-75.59999999999998,400.0,358498.0,False,-15759.229999999996
2022-08-24,2022-08-25,1,17550.0,147.75,2480.690000000002,13.850000000000009,-4348.039999999999,-20.199999999999992,150.0,3121964.0,402.4600000000015,4.100000000000008,300.0,858525.0,False,2480.690000000002
2022-08-25,2022-08-25,0,17700.0,116.05,-9596.479999999998,-48.099999999999994,-4999.369999999999,-23.549999999999994,100.0,6762425.0,-11174.3,-55.3,250.0,659383.0,True,-11174.3
2022-08-26,2022-09-01,6,17600.0,282.15,1304.1100000000024,8.050000000000011,-971.9099999999976,-2.599999999999987,300.0,906773.0,-3656.419999999998,-16.44999999999999,550.0,150729.0,False,1304.1100000000024
2022-08-29,2022-09-01,3,17200.0,349.9,16930.200000000004,88.25000000000001,1415.8500000000026,9.700000000000014,350.0,292860.0,15896.700000000003,83.85000000000001,700.0,526289.0,False,16930.200000000004
2022-08-30,2022-09-01,2,17400.0,187.0,-41590.76,-211.95,-15676.400000000001,-77.9,200.0,1709158.0,-29063.330000000005,-146.70000000000002,350.0,551063.0,False,-41590.76
2022-09-01,2022-09-01,0,17500.0,204.7,30861.559999999998,159.39999999999998,19645.17,102.8,200.0,3757640.0,28601.259999999995,148.7,400.0,1030783.0,True,28601.259999999995
2022-09-02,2022-09-08,6,17600.0,342.04999999999995,5596.289999999995,30.149999999999977,1220.509999999996,8.749999999999979,350.0,280866.0,3749.4299999999953,21.599999999999977,700.0,370818.0,False,5596.289999999995
2022-09-05,2022-09-08,3,17550.0,315.6,5936.829999999999,31.849999999999994,2100.0199999999986,13.199999999999992,300.0,283492.0,4444.269999999999,25.099999999999994,650.0,397267.0,False,5936.829999999999
2022-09-06,2022-09-08,2,17700.0,261.6,9613.379999999997,50.599999999999994,4048.349999999999,23.049999999999997,250.0,698235.0,7944.65,42.949999999999996,500.0,897120.0,False,9613.379999999997
2022-09-07,2022-09-08,1,17500.0,211.0,3210.7899999999977,17.69999999999999,288.4599999999977,3.6999999999999886,200.0,1801391.0,1376.9999999999977,9.199999999999989,400.0,951888.0,False,3210.7899999999977
2022-09-08,2022-09-08,0,17750.0,110.0,11507.89,60.05,2935.2799999999993,16.999999999999996,100.0,3955061.0,6759.789999999999,36.599999999999994,200.0,1503746.0,True,6759.789999999999
2022-09-09,2022-09-15,6,17900.0,275.0,828.4499999999989,5.599999999999994,-2109.2900000000022,-8.45000000000001,300.0,841546.0,-463.220000000001,-0.10000000000000497,550.0,159238.0,False,828.4499999999989
2022-09-12,2022-09-15,3,17900.0,268.75,5708.569999999999,30.599999999999994,2879.489999999999,17.099999999999994,250.0,339878.0,4235.019999999999,23.949999999999996,550.0,197187.0,False,5708.569999999999
2022-09-13,2022-09-15,2,18050.0,212.2,3288.440000000002,18.10000000000001,-1995.3599999999992,-7.9999999999999964,200.0,375179.0,2096.970000000002,12.90000000000001,400.0,271541.0,False,3288.440000000002
2022-09-14,2022-09-15,1,17750.0,188.0,-21152.160000000003,-107.20000000000002,-21697.490000000005,-108.90000000000002,200.0,617959.0,-20455.810000000005,-102.70000000000002,400.0,259762.0,False,-21152.160000000003
2022-09-15,2022-09-15,0,18050.0,123.95,-6935.709999999998,-34.44999999999999,-8863.349999999999,-43.349999999999994,100.0,2587685.0,-10971.629999999996,-54.249999999999986,250.0,2035060.0,True,-10971.629999999996
2022-09-16,2022-09-22,6,17800.0,286.1,-19653.219999999998,-99.34999999999998,-11986.779999999999,-58.89999999999999,300.0,1127198.0,-13038.259999999998,-64.44999999999999,550.0,257661.0,False,-19653.219999999998
2022-09-19,2022-09-22,3,17550.0,354.0,11104.470000000001,58.400000000000006,5924.290000000002,32.85000000000001,350.0,975600.0,9425.86,50.7,700.0,148690.0,False,11104.470000000001
2022-09-20,2022-09-22,2,17750.0,253.45,3947.8300000000017,21.55000000000001,700.1500000000011,5.900000000000006,250.0,1133119.0,1722.130000000002,11.05000000000001,500.0,215618.0,False,3947.8300000000017
2022-09-21,2022-09-22,1,17750.0,198.0,-8384.82,-41.75,-8958.32,-43.65,200.0,903410.0,-8010.01,-38.9,400.0,561022.0,False,-8384.82
2022-09-22,2022-09-22,0,17600.0,211.1,33883.799999999996,174.89999999999998,24940.599999999995,129.95,200.0,3860864.0,31711.339999999997,164.64999999999998,400.0,1438499.0,True,31711.339999999997
2022-09-23,2022-09-29,6,17600.0,288.25,-25692.930000000004,-130.3,-12425.139999999998,-61.09999999999999,300.0,918148.0,-18425.56,-92.05,600.0,807376.0,False,-25692.930000000004
2022-09-26,2022-09-29,3,17150.0,315.55,1468.5700000000033,8.950000000000017,-10688.829999999996,-52.29999999999998,300.0,418342.0,-652.6799999999965,-0.9999999999999822,650.0,999847.0,False,1468.5700000000033
2022-09-27,2022-09-29,2,17100.0,276.0,6350.050000000001,33.900000000000006,1690.6400000000012,11.000000000000007,300.0,1247386.0,2738.9900000000016,16.300000000000008,550.0,449089.0,False,6350.050000000001
2022-09-28,2022-09-29,1,16850.0,187.7,5179.54,27.75,-10575.43,-52.05,200.0,749666.0,1668.26,10.65,400.0,486220.0,False,5179.54
2022-09-29,2022-09-29,0,17000.0,133.75,-10646.280000000002,-53.45000000000001,-14723.570000000002,-73.4,150.0,2065552.0,-15804.200000000004,-79.00000000000001,250.0,1035357.0,True,-15804.200000000004
2022-09-30,2022-10-06,6,16800.0,378.75,-6396.400000000005,-31.25000000000003,-3152.790000000005,-13.550000000000026,400.0,599640.0,-8828.500000000005,-42.800000000000026,750.0,104424.0,False,-6396.400000000005
2022-10-03,2022-10-06,3,17100.0,303.65,-1112.8099999999938,-4.299999999999969,4524.690000000005,25.650000000000027,300.0,1576166.0,-445.0799999999943,0.05000000000002913,600.0,871237.0,False,-1112.8099999999938
2022-10-04,2022-10-06,2,17150.0,176.95,-6250.970000000002,-30.85000000000001,-8209.6,-39.900000000000006,200.0,573119.0,-8487.24,-41.400000000000006,350.0,1234401.0,False,-6250.970000000002
2022-10-06,2022-10-06,0,17400.0,143.85,16042.909999999998,83.35,8143.62,43.75,150.0,2704717.0,14514.350000000002,76.4,300.0,982383.0,True,14514.350000000002
2022-10-07,2022-10-13,6,17300.0,307.0,4905.559999999997,26.549999999999983,103.21999999999639,2.9499999999999815,300.0,1012969.0,2630.4299999999967,15.799999999999983,600.0,400984.0,False,4905.559999999997
2022-10-10,2022-10-13,3,17100.0,282.65,1206.3799999999997,7.549999999999997,845.089999999999,6.699999999999996,300.0,1249011.0,1039.2199999999996,7.599999999999998,550.0,303746.0,False,1206.3799999999997
2022-10-11,2022-10-13,2,17250.0,237.05,-15910.020000000006,-80.25000000000003,-4903.680000000006,-22.75000000000003,250.0,2083175.0,-11521.390000000007,-56.80000000000003,450.0,1059064.0,False,-15910.020000000006
2022-10-12,2022-10-13,1,17050.0,203.75,3525.3999999999996,19.299999999999997,-1744.8899999999999,-6.75,200.0,1269700.0,541.3899999999992,4.899999999999996,400.0,1064281.0,False,3525.3999999999996
2022-10-13,2022-10-13,0,17100.0,132.85,8339.299999999997,43.849999999999994,-1784.490000000002,-7.150000000000011,150.0,1945110.0,5425.349999999999,29.799999999999997,250.0,1013976.0,True,5425.349999999999
2022-10-14,2022-10-20,6,17300.0,332.25,7706.8700000000035,40.95000000000002,3139.950000000002,18.55000000000001,350.0,350320.0,7664.780000000003,41.65000000000002,650.0,142690.0,False,7706.8700000000035
2022-10-17,2022-10-20,3,17150.0,311.05,4455.42,24.25,5614.660000000001,31.200000000000003,300.0,458634.0,3509.04,20.3,600.0,188680.0,False,4455.42
2022-10-18,2022-10-20,2,17450.0,229.75,8043.53,42.5,4483.67,25.2,250.0,1379026.0,6316.759999999999,34.55,450.0,840024.0,False,8043.53
2022-10-19,2022-10-20,1,17550.0,174.05,8364.57,44.050000000000004,3848.86,21.85,150.0,3072458.0,7399.540000000002,40.00000000000001,350.0,1032519.0,False,8364.57
2022-10-20,2022-10-20,0,17400.0,126.05000000000001,-4868.13,-23.85,-11110.92,-54.95,150.0,1576197.0,-6660.1,-32.15,250.0,781787.0,True,-6660.1
2022-10-21,2022-10-27,6,17600.0,258.45,6648.589999999998,35.39999999999999,6544.039999999997,35.84999999999999,250.0,415842.0,5124.739999999998,28.49999999999999,500.0,580849.0,False,6648.589999999998
2022-10-25,2022-10-27,2,17800.0,175.95,-1060.42,-4.25,1590.5000000000005,10.300000000000002,200.0,1856104.0,-720.22,-1.6000000000000003,350.0,205456.0,False,-1060.42
2022-10-27,2022-10-27,0,17750.0,84.15,10970.19,57.25,5948.61,32.4,100.0,3474513.0,5704.99,31.15,150.0,3426875.0,True,5704.99
2022-10-28,2022-11-03,6,17750.0,280.05,4143.829999999999,22.599999999999994,4878.299999999999,27.349999999999994,300.0,230313.0,2494.1199999999985,15.049999999999994,550.0,420548.0,False,4143.829999999999
2022-10-31,2022-11-03,3,17900.0,201.39999999999998,-6415.2300000000005,-31.650000000000006,-3639.850000000001,-16.400000000000006,200.0,1060854.0,-7559.830000000002,-36.60000000000001,400.0,803170.0,False,-6415.2300000000005
2022-11-01,2022-11-03,2,18150.0,181.0,693.99,4.75,-547.6599999999994,-0.6499999999999968,200.0,773670.0,-888.84,-2.4499999999999997,350.0,1195386.0,False,693.99
2022-11-02,2022-11-03,1,18200.0,167.7,-3067.4099999999994,-14.549999999999997,-892.8099999999993,-2.399999999999997,150.0,1138980.0,-2718.5599999999995,-11.849999999999998,350.0,339828.0,False,-3067.4099999999994
2022-11-03,2022-11-03,0,17950.0,146.6,6988.370000000002,36.95000000000001,-2745.2799999999984,-12.049999999999992,150.0,2180235.0,5645.180000000002,30.95000000000001,300.0,413798.0,True,5645.180000000002
2022-11-04,2022-11-10,6,18050.0,288.9,8111.590000000004,42.95000000000002,3979.9400000000037,22.750000000000018,300.0,326495.0,6980.220000000004,38.05000000000002,600.0,155394.0,False,8111.590000000004
2022-11-07,2022-11-10,3,18200.0,214.2,8926.77,47.0,2741.42,16.25,200.0,1472310.0,7727.93,41.75,450.0,309257.0,False,8926.77
2022-11-09,2022-11-10,1,18300.0,140.0,-4180.11,-20.299999999999997,-1385.17,-5.0,150.0,1263926.0,-4337.299999999999,-20.199999999999996,300.0,1272333.0,False,-4180.11
2022-11-10,2022-11-10,0,18050.0,100.0,14574.63,75.75,10753.34,57.05,100.0,3887363.0,12382.659999999998,65.39999999999999,200.0,1447928.0,True,12382.659999999998
2022-11-11,2022-11-17,6,18250.0,249.95,573.4,4.25,-5222.449999999999,-24.449999999999996,250.0,1123805.0,-1584.0000000000002,-5.900000000000001,500.0,167699.0,False,573.4
2022-11-14,2022-11-17,3,18400.0,198.95,3117.250000000002,17.20000000000001,176.38000000000102,3.100000000000005,200.0,1047804.0,2023.0100000000023,12.50000000000001,400.0,628976.0,False,3117.250000000002
2022-11-15,2022-11-17,2,18350.0,169.8,3614.7899999999977,19.69999999999999,2050.1599999999976,12.649999999999988,150.0,1810449.0,2883.489999999998,16.849999999999987,350.0,791144.0,False,3614.7899999999977
2022-11-16,2022-11-17,1,18400.0,142.55,6472.659999999999,34.3,2478.7599999999993,14.749999999999998,150.0,1454033.0,5225.489999999999,28.799999999999997,300.0,1423987.0,False,6472.659999999999
2022-11-17,2022-11-17,0,18350.0,112.15,19253.48,99.75,13939.490000000002,73.4,100.0,3047520.0,17656.63,92.45,200.0,777939.0,True,17656.63
2022-11-18,2022-11-24,6,18400.0,222.6,3499.5999999999976,19.19999999999999,563.1199999999983,5.1499999999999915,200.0,1080904.0,1517.119999999998,9.94999999999999,450.0,303191.0,False,3499.5999999999976
2022-11-21,2022-11-24,3,18250.0,182.0,1522.92,9.0,-1601.4,-6.050000000000001,200.0,698106.0,28.44000000000017,2.250000000000001,350.0,834478.0,False,1522.92
2022-11-22,2022-11-24,2,18200.0,158.5,2321.0099999999993,13.049999999999997,86.13999999999942,2.549999999999997,150.0,610733.0,1375.0199999999995,9.099999999999998,300.0,823380.0,False,2321.0099999999993
2022-11-23,2022-11-24,1,18350.0,111.15,2444.1300000000006,13.600000000000001,-325.3799999999997,0.3500000000000014,100.0,1516704.0,1047.9500000000003,7.350000000000001,200.0,727487.0,False,2444.1300000000006
2022-11-24,2022-11-24,0,18350.0,79.95,-3194.209999999999,-15.349999999999994,-6628.919999999999,-32.05,100.0,3221046.0,-4586.409999999999,-21.599999999999994,150.0,2949978.0,True,-4586.409999999999
2022-11-25,2022-12-01,6,18550.0,207.9,4675.2300000000005,25.200000000000003,1314.680000000002,8.95000000000001,200.0,599396.0,3307.3300000000004,19.1,400.0,240162.0,False,4675.2300000000005
2022-11-28,2022-12-01,3,18450.0,171.35,-6171.050000000004,-30.450000000000017,-4137.010000000003,-19.000000000000014,150.0,1106660.0,-6602.670000000004,-31.750000000000018,350.0,608633.0,False,-6171.050000000004
2022-11-29,2022-12-01,2,18550.0,163.6,4319.289999999998,23.29999999999999,1392.269999999998,9.24999999999999,150.0,1146869.0,3344.3899999999976,19.19999999999999,350.0,570417.0,False,4319.289999999998
2022-11-30,2022-12-01,1,18650.0,119.1,-1431.68,-6.25,-889.5000000000007,-2.5000000000000036,100.0,1850622.0,-1968.3600000000001,-8.100000000000001,250.0,1636116.0,False,-1431.68
2022-12-01,2022-12-01,0,18850.0,74.5,7607.57,40.0,-370.86,0.0,50.0,12526560.0,5552.03,30.35,150.0,4726792.0,True,5552.03
2022-12-02,2022-12-08,6,18750.0,194.14999999999998,-3027.4600000000023,-14.300000000000011,-8754.630000000001,-42.65000000000001,200.0,601088.0,-5518.710000000003,-26.150000000000013,400.0,279165.0,False,-3027.4600000000023
2022-12-05,2022-12-08,3,18700.0,208.6,5162.799999999998,27.69999999999999,2856.1399999999976,16.849999999999987,200.0,1864966.0,4517.569999999998,25.29999999999999,400.0,740418.0,False,5162.799999999998
2022-12-06,2022-12-08,2,18600.0,175.0,861.8399999999989,5.599999999999994,-613.0500000000013,-1.000000000000007,200.0,1247785.0,-681.2300000000012,-1.4000000000000057,350.0,332100.0,False,861.8399999999989
2022-12-07,2022-12-08,1,18650.0,151.55,4635.51,24.9,1681.1399999999999,10.7,150.0,3367203.0,3182.5500000000006,18.35,300.0,1026734.0,False,4635.51
2022-12-08,2022-12-08,0,18550.0,98.1,7199.689999999999,37.949999999999996,2100.109999999999,12.699999999999996,100.0,3579454.0,5485.699999999999,30.049999999999997,200.0,1037603.0,True,5485.699999999999
2022-12-09,2022-12-15,6,18650.0,206.85,-3314.630000000003,-15.750000000000014,-1601.320000000002,-5.95000000000001,200.0,849332.0,-2841.4000000000033,-12.400000000000016,400.0,466159.0,False,-3314.630000000003
2022-12-12,2022-12-15,3,18400.0,205.35,880.9799999999973,5.749999999999986,3146.4499999999975,18.349999999999987,200.0,1349080.0,410.83999999999725,4.249999999999986,400.0,727452.0,False,880.9799999999973
2022-12-13,2022-12-15,2,18500.0,156.95,-7424.780000000001,-36.900000000000006,-4218.440000000001,-19.45000000000001,150.0,760418.0,-6804.790000000002,-32.80000000000001,300.0,834618.0,False,-7424.780000000001
2022-12-14,2022-12-15,1,18650.0,145.2,4949.83,26.5,2749.1199999999994,16.15,150.0,2123187.0,3682.74,20.9,300.0,755734.0,False,4949.83
2022-12-15,2022-12-15,0,18600.0,112.0,-11682.920000000002,-58.80000000000001,-4922.510000000002,-23.15000000000001,100.0,4842681.0,-12948.480000000001,-64.4,200.0,2528285.0,True,-12948.480000000001
2022-12-16,2022-12-22,6,18300.0,235.0,4949.110000000001,26.650000000000006,1831.9100000000005,11.650000000000002,250.0,651104.0,2429.380000000001,14.650000000000006,450.0,342662.0,False,4949.110000000001
2022-12-19,2022-12-22,3,18300.0,199.25,-3868.179999999999,-18.599999999999994,-4269.19,-19.65,200.0,1427665.0,-4328.839999999998,-20.049999999999994,400.0,815749.0,False,-3868.179999999999
2022-12-20,2022-12-22,2,18350.0,154.05,2976.1499999999996,16.4,-878.9899999999998,-2.3999999999999986,150.0,2743977.0,1238.0999999999997,8.399999999999999,300.0,853650.0,False,2976.1499999999996
2022-12-21,2022-12-22,1,18450.0,127.0,-21902.52,-111.14999999999999,-6804.129999999999,-32.699999999999996,150.0,3551927.0,-14415.519999999997,-71.79999999999998,250.0,2036555.0,False,-21902.52
2022-12-22,2022-12-22,0,18300.0,98.95,-14507.819999999996,-73.29999999999998,-9787.189999999997,-48.09999999999998,100.0,4394447.0,-17052.209999999995,-85.44999999999999,200.0,3061594.0,True,-17052.209999999995
2022-12-23,2022-12-29,6,18000.0,257.0,-3477.71,-16.5,-1217.0400000000018,-3.8500000000000085,250.0,659734.0,-1448.8100000000009,-5.150000000000004,500.0,1173251.0,False,-3477.71
2022-12-26,2022-12-29,3,17850.0,261.35,-1576.74,-6.75,280.87999999999977,3.799999999999999,250.0,970685.0,-3852.61,-17.5,500.0,189504.0,False,-1576.74
2022-12-27,2022-12-29,2,18100.0,185.2,6068.170000000002,32.30000000000001,1503.1500000000015,9.850000000000009,200.0,1909297.0,1910.630000000002,11.90000000000001,350.0,591396.0,False,6068.170000000002
2022-12-28,2022-12-29,1,18100.0,152.5,8274.2,43.550000000000004,2425.7000000000007,14.500000000000005,150.0,1301716.0,6118.900000000001,33.400000000000006,300.0,1710998.0,False,8274.2
2022-12-29,2022-12-29,0,18050.0,104.5,-4997.519999999999,-24.54999999999999,-6682.419999999998,-32.24999999999999,100.0,5735712.0,-7033.4699999999975,-34.09999999999999,200.0,2080991.0,True,-7033.4699999999975
2022-12-30,2023-01-05,6,18250.0,236.7,-992.899999999998,-3.79999999999999,1580.630000000001,10.400000000000006,250.0,1487136.0,-695.3999999999982,-1.3499999999999908,450.0,721620.0,False,-992.899999999998
2023-01-02,2023-01-05,3,18150.0,207.05,2656.0099999999993,14.849999999999994,366.88999999999885,4.099999999999994,200.0,652044.0,947.6199999999989,6.999999999999995,400.0,377061.0,False,2656.0099999999993
2023-01-03,2023-01-05,2,18150.0,199.85,5107.189999999997,27.399999999999984,4745.5899999999965,26.499999999999982,200.0,822777.0,4015.6099999999974,22.699999999999985,400.0,337713.0,False,5107.189999999997
2023-01-04,2023-01-05,1,18250.0,150.0,-13129.750000000002,-66.15,-4472.950000000002,-20.750000000000007,150.0,2859117.0,-10392.84,-51.2,300.0,927548.0,False,-13129.750000000002
2023-01-05,2023-01-05,0,18100.0,112.95,228.91,2.25,-4484.18,-21.0,100.0,6358050.0,-1007.05,-3.2,250.0,1527885.0,True,-1007.05
2023-01-06,2023-01-12,6,18000.0,250.05,2007.509999999996,11.59999999999998,251.09999999999548,3.5999999999999766,250.0,881766.0,1351.5399999999963,9.14999999999998,500.0,1100856.0,False,2007.509999999996
2023-01-09,2023-01-12,3,17950.0,199.0,-4121.760000000001,-19.900000000000006,-4561.4,-21.150000000000002,200.0,824495.0,-5859.740000000001,-27.900000000000006,400.0,516176.0,False,-4121.760000000001
2023-01-10,2023-01-12,2,18100.0,161.2,-12821.299999999996,-64.54999999999998,-2823.1899999999973,-12.249999999999986,150.0,1271302.0,-8839.899999999998,-43.19999999999999,300.0,1096860.0,False,-12821.299999999996
2023-01-11,2023-01-12,1,17900.0,146.1,4481.229999999999,24.099999999999994,113.34999999999829,2.6499999999999915,150.0,2594923.0,2228.489999999999,13.449999999999996,300.0,2622871.0,False,4481.229999999999
2023-01-12,2023-01-12,0,17900.0,120.0,14675.270000000002,76.30000000000001,8209.87,44.050000000000004,100.0,7372228.0,13078.39,69.0,250.0,2042266.0,True,13078.39
2023-01-13,2023-01-19,6,17850.0,279.2,5519.709999999998,29.64999999999999,890.8599999999984,6.8999999999999915,300.0,501078.0,3265.9699999999975,18.99999999999999,550.0,681236.0,False,5519.709999999998
2023-01-16,2023-01-19,3,18050.0,190.4,-6206.679999999999,-30.599999999999994,-7594.669999999999,-36.699999999999996,200.0,967147.0,-5976.219999999998,-28.499999999999993,400.0,368700.0,False,-6206.679999999999
2023-01-17,2023-01-19,2,17900.0,175.05,-5294.240000000003,-25.950000000000017,-4763.680000000003,-22.250000000000014,200.0,1834488.0,-6202.920000000004,-29.700000000000017,350.0,591385.0,False,-5294.240000000003
2023-01-18,2023-01-19,1,18050.0,140.8,-1468.1900000000012,-6.400000000000006,-1360.6000000000013,-4.9000000000000075,150.0,2811291.0,-2442.5900000000015,-10.500000000000007,300.0,1001864.0,False,-1468.1900000000012
2023-01-19,2023-01-19,0,18100.0,109.0,18025.27,93.45,11794.210000000001,62.400000000000006,100.0,8154696.0,16086.94,84.4,200.0,3279779.0,True,16086.94
2023-01-20,2023-01-25,5,18100.0,215.0,5385.050000000002,28.85000000000001,1165.5700000000027,8.200000000000014,200.0,1456988.0,4233.690000000001,23.85000000000001,450.0,378037.0,False,5385.050000000002
2023-01-23,2023-01-25,2,18100.0,130.45,-928.1499999999997,-3.6499999999999986,-9092.41,-44.55,150.0,902374.0,-5738.58,-27.4,250.0,765770.0,False,-928.1499999999997
2023-01-24,2023-01-25,1,18200.0,112.5,453.44999999999976,3.3999999999999986,-1331.2199999999996,-4.799999999999997,100.0,2649671.0,-374.6500000000004,0.049999999999998046,250.0,566094.0,False,453.44999999999976
2023-01-25,2023-01-25,0,18100.0,80.55,-25711.38,-130.75,-8262.82,-40.25,100.0,3425261.0,-15397.530000000004,-76.90000000000002,150.0,1730745.0,True,-15397.530000000004
2023-01-27,2023-02-02,6,17900.0,312.5,-20393.740000000005,-103.10000000000002,-4542.020000000004,-20.65000000000002,300.0,1044465.0,-11866.290000000005,-58.40000000000002,650.0,268895.0,False,-20393.740000000005
2023-01-30,2023-02-02,3,17550.0,370.0,7616.220000000002,40.55000000000001,-335.07999999999623,0.8500000000000192,350.0,1148490.0,5221.880000000002,29.20000000000001,750.0,490730.0,False,7616.220000000002
2023-01-31,2023-02-02,2,17750.0,304.4,1296.6799999999967,8.049999999999983,-1169.8900000000035,-3.5500000000000185,300.0,417045.0,-1176.6900000000037,-3.700000000000019,600.0,216754.0,False,1296.6799999999967
2023-02-01,2023-02-02,1,17800.0,255.25,3400.89,18.75,-5651.6,-26.65,250.0,2308346.0,-1645.0900000000001,-6.200000000000001,500.0,2474804.0,False,3400.89
2023-02-02,2023-02-02,0,17500.0,147.2,7797.93,41.1,-3272.39,-14.75,150.0,3310355.0,3010.8000000000006,17.450000000000003,300.0,2811729.0,True,3010.8000000000006
2023-02-03,2023-02-09,6,17700.0,319.2,6813.669999999999,36.349999999999994,2850.3199999999983,17.04999999999999,300.0,1357877.0,4862.1399999999985,27.249999999999993,650.0,149642.0,False,6813.669999999999
2023-02-06,2023-02-09,3,17800.0,204.45,-357.7399999999989,-0.5999999999999943,-2806.159999999999,-12.149999999999995,200.0,1943822.0,-2829.119999999999,-12.349999999999996,400.0,1043737.0,False,-357.7399999999989
2023-02-07,2023-02-09,2,17800.0,183.5,1961.4399999999987,11.249999999999993,-1640.5700000000006,-6.2500000000000036,200.0,2272366.0,-517.9800000000012,-0.550000000000006,350.0,694421.0,False,1961.4399999999987
2023-02-08,2023-02-09,1,17750.0,167.14999999999998,835.1999999999978,5.449999999999989,-173.4200000000021,1.2499999999999893,150.0,2812666.0,-353.7200000000022,0.2499999999999889,350.0,1285926.0,False,835.1999999999978
2023-02-09,2023-02-09,0,17900.0,110.0,18337.130000000005,95.05000000000001,9959.77,53.0,100.0,6762322.0,15618.34,82.0,200.0,2141007.0,True,15618.34
2023-02-10,2023-02-16,6,17850.0,234.55,8959.0,47.2,3710.750000000001,21.250000000000004,250.0,958407.0,6500.44,35.5,450.0,584990.0,False,8959.0
2023-02-13,2023-02-16,3,17850.0,179.35,1.8599999999977967,1.1999999999999886,-527.9500000000029,-0.5500000000000149,200.0,812854.0,-566.0400000000022,-0.8000000000000114,350.0,909237.0,False,1.8599999999977967
2023-02-14,2023-02-16,2,17850.0,136.0,-5437.3,-26.75,-7159.350000000002,-34.60000000000001,150.0,1871749.0,-7557.870000000001,-36.7,250.0,1399344.0,False,-5437.3
2023-02-15,2023-02-16,1,17900.0,137.7,-511.06,-1.5,-2733.7100000000005,-11.950000000000003,150.0,2081726.0,-1075.57,-3.4999999999999996,300.0,1348340.0,False,-511.06
2023-02-16,2023-02-16,0,18100.0,63.0,2899.2299999999996,15.849999999999998,-5997.03,-28.85,50.0,11214633.0,638.9399999999994,5.149999999999997,150.0,2712161.0,True,638.9399999999994
2023-02-17,2023-02-23,6,17950.0,209.95000000000002,3191.630000000002,17.60000000000001,-54.06999999999874,1.9500000000000064,200.0,884216.0,1725.9700000000018,11.000000000000009,400.0,494833.0,False,3191.630000000002
2023-02-20,2023-02-23,3,17950.0,186.7,-751.8100000000011,-2.6500000000000057,-337.58000000000186,0.4499999999999904,200.0,1050127.0,-1145.270000000001,-3.7500000000000053,350.0,1124215.0,False,-751.8100000000011
2023-02-21,2023-02-23,2,17900.0,165.6,3303.9999999999977,18.099999999999987,14.479999999996437,2.1999999999999815,150.0,1175688.0,1577.9799999999977,10.149999999999988,350.0,643789.0,False,3303.9999999999977
2023-02-22,2023-02-23,1,17750.0,152.0,-9998.719999999998,-50.099999999999994,-3631.2100000000005,-16.450000000000003,150.0,2899641.0,-7875.589999999998,-38.29999999999999,300.0,1011699.0,False,-9998.719999999998
2023-02-23,2023-02-23,0,17550.0,111.5,14629.330000000002,76.05000000000001,7324.970000000002,39.50000000000001,100.0,7390524.0,12369.000000000002,65.35000000000001,200.0,2656753.0,True,12369.000000000002
2023-02-24,2023-03-02,6,17600.0,208.0,-3110.1300000000006,-14.700000000000003,-4665.670000000001,-21.650000000000006,200.0,1425743.0,-4608.27,-21.450000000000003,400.0,1097815.0,False,-3110.1300000000006
2023-02-27,2023-03-02,3,17450.0,186.65,2643.3100000000027,14.750000000000014,-2266.159999999996,-9.449999999999982,200.0,1006706.0,1733.7800000000027,11.000000000000014,350.0,1289161.0,False,2643.3100000000027
2023-02-28,2023-03-02,2,17400.0,176.0,4051.739999999999,21.949999999999996,1409.7799999999988,9.349999999999994,200.0,2321860.0,2881.0299999999993,16.849999999999994,350.0,757164.0,False,4051.739999999999
2023-03-01,2023-03-02,1,17350.0,130.6,-879.4200000000011,-3.4000000000000057,-3081.8600000000015,-13.750000000000007,150.0,2479115.0,-2137.630000000001,-8.950000000000006,250.0,1421445.0,False,-879.4200000000011
2023-03-02,2023-03-02,0,17400.0,99.05000000000001,4467.680000000002,23.95000000000001,285.2000000000018,3.4000000000000092,100.0,6536696.0,2880.550000000002,16.70000000000001,200.0,2635147.0,True,2880.550000000002
2023-03-03,2023-03-09,6,17450.0,173.95,-8942.639999999998,-44.64999999999999,-6161.829999999997,-29.349999999999987,150.0,1350093.0,-10546.289999999999,-51.94999999999999,350.0,874381.0,False,-8942.639999999998
2023-03-06,2023-03-09,3,17700.0,135.55,2543.2999999999997,14.149999999999999,526.7799999999996,4.749999999999998,150.0,890346.0,249.74999999999966,3.299999999999998,250.0,871605.0,False,2543.2999999999997
2023-03-08,2023-03-09,1,17650.0,135.0,2026.4200000000014,11.500000000000007,79.84000000000125,2.4500000000000064,150.0,3884945.0,963.9300000000012,6.950000000000006,250.0,2252543.0,False,2026.4200000000014
2023-03-09,2023-03-09,0,17750.0,79.0,-14101.16,-71.25,-9265.539999999999,-45.49999999999999,100.0,3338476.0,-14626.68,-73.05,150.0,2852261.0,True,-14626.68
2023-03-10,2023-03-16,6,17450.0,190.0,-2196.810000000002,-10.050000000000011,-8000.660000000002,-38.80000000000001,200.0,925018.0,-3049.470000000002,-13.50000000000001,400.0,504871.0,False,-2196.810000000002
2023-03-13,2023-03-16,3,17400.0,203.0,-20220.59,-102.4,-4909.700000000002,-22.800000000000008,200.0,2429455.0,-12501.7,-61.85,400.0,1746490.0,False,-20220.59
2023-03-14,2023-03-16,2,17150.0,201.0,697.0699999999981,4.79999999999999,-3028.300000000001,-13.300000000000004,200.0,1165241.0,-2895.860000000002,-12.70000000000001,400.0,613913.0,False,697.0699999999981
2023-03-15,2023-03-16,1,17150.0,165.0,-6129.910000000003,-30.250000000000014,-5157.260000000003,-24.250000000000014,150.0,4154083.0,-6122.270000000002,-29.30000000000001,350.0,2476579.0,False,-6129.910000000003
2023-03-16,2023-03-16,0,17000.0,132.0,20700.51,107.2,14957.270000000002,78.65,150.0,5827181.0,17650.01,92.45,250.0,2119626.0,True,17650.01
2023-03-17,2023-03-23,6,17100.0,297.05,11523.48,60.45,1773.24,11.45,300.0,1571042.0,7005.750000000001,38.2,600.0,813557.0,False,11523.48
2023-03-20,2023-03-23,3,17050.0,266.55,8841.000000000004,46.65000000000002,4639.110000000005,26.100000000000026,250.0,1893903.0,7962.070000000003,43.05000000000002,550.0,973609.0,False,8841.000000000004
2023-03-21,2023-03-23,2,17050.0,226.05,7391.110000000001,39.150000000000006,2173.2800000000007,13.350000000000005,250.0,1650166.0,6269.790000000001,34.300000000000004,450.0,980735.0,False,7391.110000000001
2023-03-22,2023-03-23,1,17200.0,183.1,7356.669999999998,38.89999999999999,4052.579999999997,22.899999999999988,200.0,2226296.0,6625.059999999999,36.04999999999999,350.0,431525.0,False,7356.669999999998
2023-03-23,2023-03-23,0,17100.0,121.0,18655.409999999996,96.69999999999999,7126.81,38.5,100.0,8354208.0,16931.73,88.75,250.0,1711205.0,True,16931.73
2023-03-24,2023-03-29,5,17100.0,228.05,-3165.6100000000033,-14.950000000000017,-1676.2400000000023,-6.300000000000011,250.0,952098.0,-2391.9500000000035,-10.050000000000018,450.0,512116.0,False,-3165.6100000000033
2023-03-27,2023-03-29,2,17000.0,209.3,8108.9,42.8,1415.6299999999992,9.449999999999996,200.0,2361139.0,7260.169999999999,39.349999999999994,400.0,1284530.0,False,8108.9
2023-03-28,2023-03-29,1,17050.0,144.0,2589.260000000001,14.400000000000006,-2023.8399999999995,-8.299999999999997,150.0,2733948.0,551.120000000001,4.850000000000005,300.0,906438.0,False,2589.260000000001
2023-03-29,2023-03-29,0,17000.0,105.85,8621.49,45.25,2438.96,14.45,100.0,9889451.0,6780.700000000001,36.7,200.0,3561697.0,True,6780.700000000001
2023-03-31,2023-04-06,6,17200.0,185.0,-14009.730000000001,-70.60000000000001,-10761.100000000002,-52.900000000000006,200.0,1690775.0,-12779.430000000002,-63.35000000000001,350.0,359036.0,False,-14009.730000000001
2023-04-03,2023-04-06,3,17450.0,177.9,7461.390000000001,39.45,1708.730000000001,10.900000000000004,200.0,1005724.0,3549.340000000001,20.300000000000004,350.0,973473.0,False,7461.390000000001
2023-04-05,2023-04-06,1,17400.0,132.5,-7000.329999999997,-34.749999999999986,-2350.779999999997,-9.949999999999983,150.0,1768568.0,-7304.019999999998,-35.399999999999984,250.0,1098671.0,False,-7000.329999999997
2023-04-06,2023-04-06,0,17550.0,87.35,7054.810000000001,37.2,2209.080000000001,13.250000000000004,100.0,4797696.0,5516.450000000001,30.200000000000003,150.0,4625445.0,True,5516.450000000001
2023-04-10,2023-04-13,3,17650.0,194.45,11065.2,57.95,7206.4,39.1,200.0,1103175.0,10373.65,55.300000000000004,400.0,405377.0,False,11065.2
2023-04-11,2023-04-13,2,17700.0,127.35,3499.0299999999997,19.049999999999997,1309.4299999999996,8.749999999999998,150.0,1318380.0,1558.3299999999992,9.999999999999996,250.0,816947.0,False,3499.0299999999997
2023-04-12,2023-04-13,1,17750.0,101.8,-364.96999999999946,-0.7999999999999972,-139.7299999999995,1.3000000000000025,100.0,2774599.0,-852.7199999999996,-2.3999999999999977,200.0,1521148.0,False,-364.96999999999946
2023-04-13,2023-04-13,0,17800.0,82.5,11085.8,57.85,7518.150000000001,40.45,100.0,7395037.0,9127.92,48.7,150.0,3249628.0,True,9127.92
2023-04-17,2023-04-20,3,17850.0,174.9,125.91000000000165,1.8500000000000085,-616.1899999999985,-0.9499999999999922,150.0,2185850.0,152.58000000000192,2.9000000000000097,350.0,918788.0,False,125.91000000000165
2023-04-18,2023-04-20,2,17750.0,146.85,3960.330000000001,21.450000000000003,2284.0400000000004,13.800000000000002,150.0,1999554.0,2965.760000000001,17.250000000000004,300.0,638025.0,False,3960.330000000001
2023-04-19,2023-04-20,1,17650.0,94.0,1315.8700000000003,7.800000000000001,-2299.1799999999994,-9.799999999999997,100.0,3651095.0,136.3200000000001,2.6500000000000004,200.0,2015316.0,False,1315.8700000000003
2023-04-20,2023-04-20,0,17650.0,80.3,10130.49,52.95,7557.98,40.65,100.0,5519267.0,8387.3,44.9,150.0,4606793.0,True,8387.3
2023-04-21,2023-04-27,6,17650.0,194.8,7523.630000000002,39.80000000000001,4373.450000000003,24.600000000000012,200.0,893839.0,6645.710000000002,36.20000000000001,400.0,461932.0,False,7523.630000000002
2023-04-24,2023-04-27,3,17700.0,145.0,1648.8100000000002,9.600000000000001,-2380.500000000001,-10.100000000000005,150.0,1482386.0,614.4700000000003,5.200000000000001,300.0,1413899.0,False,1648.8100000000002
2023-04-25,2023-04-27,2,17750.0,120.0,2926.0600000000004,16.1,-1014.5699999999995,-3.149999999999997,100.0,1531327.0,1863.3600000000001,11.55,250.0,1245106.0,False,2926.0600000000004
2023-04-26,2023-04-27,1,17750.0,101.0,435.3100000000008,3.3000000000000043,77.2400000000004,2.400000000000002,100.0,3098250.0,-285.5399999999991,0.5000000000000044,200.0,1513624.0,False,435.3100000000008
2023-04-27,2023-04-27,0,17800.0,73.0,-7066.820000000001,-35.2,-3736.9199999999996,-17.15,50.0,5722414.0,-8419.83,-41.25,150.0,2069720.0,True,-8419.83
2023-04-28,2023-05-04,6,17950.0,192.0,4422.199999999998,23.89999999999999,2967.7599999999984,17.39999999999999,200.0,832285.0,3261.579999999998,18.84999999999999,400.0,414708.0,False,4422.199999999998
2023-05-02,2023-05-04,2,18100.0,121.9,-1503.8700000000003,-6.600000000000001,31.28999999999931,2.2499999999999964,100.0,2134609.0,-2938.6900000000005,-13.050000000000002,250.0,636962.0,False,-1503.8700000000003
2023-05-03,2023-05-04,1,18100.0,131.9,6521.780000000001,34.550000000000004,4256.28,23.85,150.0,2405370.0,5820.720000000001,31.850000000000005,250.0,1310010.0,False,6521.780000000001
2023-05-04,2023-05-04,0,18100.0,90.0,-12468.009999999998,-62.84999999999999,-5624.509999999997,-26.799999999999983,100.0,5979272.0,-13440.529999999999,-66.94999999999999,200.0,2408067.0,True,-13440.529999999999
2023-05-05,2023-05-11,6,18100.0,183.0,1147.3900000000017,7.1000000000000085,-632.7599999999974,-1.0499999999999865,200.0,1844257.0,-1314.0499999999986,-4.5999999999999925,350.0,723054.0,False,1147.3900000000017
2023-05-08,2023-05-11,3,18100.0,179.8,-7592.889999999999,-37.699999999999996,-3427.9199999999996,-15.349999999999998,200.0,1422464.0,-7332.549999999999,-35.449999999999996,350.0,529395.0,False,-7592.889999999999
2023-05-09,2023-05-11,2,18300.0,131.9,2141.3100000000004,12.100000000000001,-177.73999999999995,1.1500000000000004,150.0,1413077.0,1184.5400000000002,8.100000000000001,250.0,1096715.0,False,2141.3100000000004
2023-05-10,2023-05-11,1,18300.0,106.0,1574.9799999999998,9.149999999999999,-1759.3200000000004,-7.000000000000002,100.0,4940261.0,43.3899999999997,2.1999999999999984,200.0,3091939.0,False,1574.9799999999998
2023-05-11,2023-05-11,0,18350.0,83.0,4851.500000000001,25.900000000000006,893.3400000000012,6.500000000000005,100.0,5498889.0,2835.0800000000013,16.450000000000006,150.0,3608094.0,True,2835.0800000000013
2023-05-12,2023-05-18,6,18250.0,216.9,5203.5199999999995,27.949999999999996,1509.3299999999986,9.999999999999993,200.0,674362.0,4442.299999999999,24.949999999999996,450.0,664107.0,False,5203.5199999999995
2023-05-15,2023-05-18,3,18350.0,177.55,3968.849999999998,21.54999999999999,984.3999999999977,7.199999999999989,200.0,784203.0,2329.1299999999983,14.04999999999999,350.0,1120257.0,False,3968.849999999998
2023-05-16,2023-05-18,2,18450.0,154.9,-3418.1300000000006,-16.35,-1447.0199999999995,-5.249999999999998,150.0,1814855.0,-3206.7900000000004,-14.350000000000001,300.0,506133.0,False,-3418.1300000000006
2023-05-17,2023-05-18,1,18300.0,123.7,-1338.67,-5.75,-1451.2899999999995,-5.349999999999998,100.0,4550094.0,-2187.12,-9.2,250.0,1584498.0,False,-1338.67
2023-05-18,2023-05-18,0,18300.0,66.9,-19747.51,-100.2,-3844.6800000000003,-17.6,50.0,6827049.0,-18453.67,-92.65,150.0,1989374.0,True,-18453.67
2023-05-19,2023-05-25,6,18200.0,165.55,-251.23000000000167,-0.10000000000000853,-5869.06,-27.900000000000002,150.0,1288634.0,-2184.480000000002,-9.10000000000001,350.0,717198.0,False,-251.23000000000167
2023-05-22,2023-05-25,3,18200.0,166.1,-4387.989999999999,-21.299999999999997,-1639.6799999999992,-6.199999999999996,150.0,1140530.0,-4798.619999999999,-22.499999999999996,350.0,809749.0,False,-4387.989999999999
2023-05-23,2023-05-25,2,18350.0,107.3,-1323.0300000000004,-5.700000000000003,-5480.980000000001,-26.050000000000008,100.0,1215984.0,-3441.9200000000005,-15.650000000000002,200.0,951579.0,False,-1323.0300000000004
2023-05-24,2023-05-25,1,18300.0,102.65,3693.24,20.0,-1023.51,-3.25,100.0,5541045.0,1811.19,11.25,200.0,2648624.0,False,3693.24
2023-05-25,2023-05-25,0,18250.0,85.35,2821.400000000001,15.500000000000004,-814.7599999999993,-2.2499999999999964,100.0,9458496.0,1204.9800000000007,8.100000000000003,150.0,4898554.0,True,1204.9800000000007
2023-05-26,2023-06-01,6,18350.0,195.0,-7598.329999999998,-37.69999999999999,-3681.869999999999,-16.599999999999994,200.0,829538.0,-7123.149999999997,-34.34999999999999,400.0,497709.0,False,-7598.329999999998
2023-05-29,2023-06-01,3,18600.0,157.1,1137.16,7.0,177.0300000000001,3.0500000000000007,150.0,1094965.0,-270.28999999999996,0.7000000000000002,300.0,1449941.0,False,1137.16
2023-05-30,2023-06-01,2,18600.0,147.0,4545.640000000001,24.450000000000003,1729.0200000000004,10.950000000000003,150.0,1136111.0,2634.1400000000003,15.550000000000002,300.0,1208283.0,False,4545.640000000001
2023-05-31,2023-06-01,1,18600.0,105.85,804.3099999999993,5.199999999999996,-4501.740000000001,-21.050000000000004,100.0,4663399.0,-445.020000000001,-0.30000000000000515,200.0,2467372.0,False,804.3099999999993
2023-06-01,2023-06-01,0,18600.0,92.8,-1678.8100000000002,-7.550000000000001,-4722.79,-22.25,100.0,5144057.0,-2651.32,-11.65,200.0,1780902.0,True,-2651.32
2023-06-02,2023-06-08,6,18550.0,185.4,3097.750000000002,17.10000000000001,-2698.989999999998,-11.649999999999991,200.0,980170.0,745.3600000000014,5.950000000000007,350.0,1078298.0,False,3097.750000000002
2023-06-05,2023-06-08,3,18600.0,141.1,528.2600000000002,3.8500000000000014,-2613.8399999999997,-11.299999999999997,150.0,951458.0,-1384.0299999999997,-5.049999999999999,300.0,979866.0,False,528.2600000000002
2023-06-06,2023-06-08,2,18600.0,127.45,4289.23,23.1,373.26000000000056,3.950000000000003,150.0,1431517.0,2387.7700000000004,14.250000000000002,250.0,812005.0,False,4289.23
2023-06-07,2023-06-08,1,18650.0,96.25,-3094.6800000000007,-14.800000000000004,-7172.48,-34.75,100.0,2522473.0,-3221.2200000000007,-14.550000000000004,200.0,1493482.0,False,-3094.6800000000007
2023-06-08,2023-06-08,0,18750.0,72.2,-8354.33,-41.8,-4013.15,-18.55,50.0,12206113.0,-10039.19,-49.55,150.0,3834498.0,True,-10039.19
2023-06-09,2023-06-15,6,18650.0,182.6,1976.799999999999,11.349999999999994,-104.04000000000167,1.6499999999999915,200.0,1108614.0,1223.2899999999986,8.399999999999993,350.0,1082850.0,False,1976.799999999999
2023-06-12,2023-06-15,3,18600.0,157.2,2278.5800000000004,12.850000000000001,-2386.71,-10.100000000000001,150.0,1010627.0,1849.09,11.55,300.0,1123954.0,False,2278.5800000000004
2023-06-13,2023-06-15,2,18650.0,133.65,452.8800000000019,3.45000000000001,-793.7999999999975,-1.9999999999999876,150.0,1579403.0,-288.4699999999981,0.5500000000000096,250.0,807284.0,False,452.8800000000019
2023-06-14,2023-06-15,1,18750.0,98.85,2036.0800000000013,11.500000000000007,-1139.3899999999985,-3.8499999999999925,100.0,2964690.0,739.6200000000014,5.750000000000007,200.0,1299710.0,False,2036.0800000000013
2023-06-15,2023-06-15,0,18750.0,74.55,1908.200000000001,10.800000000000004,-3928.3199999999993,-18.199999999999996,50.0,16118658.0,886.9000000000009,6.450000000000005,150.0,4480653.0,True,886.9000000000009
2023-06-16,2023-06-22,6,18700.0,180.0,-8149.049999999999,-40.55,-4492.12,-20.799999999999997,200.0,1225991.0,-7674.689999999999,-37.199999999999996,350.0,394911.0,False,-8149.049999999999
2023-06-19,2023-06-22,3,18850.0,156.55,3927.590000000001,21.300000000000004,-444.35999999999973,-0.14999999999999858,150.0,2518848.0,2609.500000000001,15.450000000000005,300.0,589275.0,False,3927.590000000001
2023-06-20,2023-06-22,2,18750.0,144.55,4156.280000000001,22.450000000000003,1983.0700000000008,12.250000000000004,150.0,2768540.0,3220.760000000001,18.550000000000004,300.0,700848.0,False,4156.280000000001
2023-06-21,2023-06-22,1,18850.0,96.45,2622.3,14.5,-493.8700000000001,-0.5500000000000007,100.0,4006374.0,1345.4800000000002,8.850000000000001,200.0,1723550.0,False,2622.3
2023-06-22,2023-06-22,0,18850.0,79.75,491.7100000000008,3.5500000000000043,-2256.879999999999,-9.649999999999995,100.0,8438600.0,-1280.829999999999,-4.649999999999996,150.0,5308249.0,True,-1280.829999999999
2023-06-23,2023-06-29,6,18750.0,208.9,9167.35,48.25,4864.48,27.150000000000002,200.0,1091399.0,8016.12,43.25,400.0,515475.0,False,9167.35
2023-06-26,2023-06-29,3,18700.0,159.9,5438.580000000001,29.050000000000004,2512.550000000001,15.000000000000004,150.0,1500249.0,3868.140000000001,21.900000000000006,300.0,1305601.0,False,5438.580000000001
2023-06-27,2023-06-29,2,18750.0,122.55,4915.379999999999,26.299999999999997,352.84999999999957,3.849999999999998,100.0,1993155.0,3356.149999999999,19.199999999999996,250.0,1326269.0,False,4915.379999999999
2023-06-28,2023-06-28,0,18900.0,80.25,3535.4199999999996,19.15,357.1799999999998,3.7499999999999987,100.0,7186932.0,1323.7999999999997,8.7,150.0,3667897.0,True,1323.7999999999997
2023-06-30,2023-07-06,6,19100.0,172.7,-2839.140000000003,-13.350000000000016,-2130.8300000000036,-8.700000000000017,150.0,876172.0,-4978.550000000004,-23.400000000000016,350.0,463115.0,False,-2839.140000000003
2023-07-03,2023-07-06,3,19250.0,182.10000000000002,3059.900000000004,16.90000000000002,2365.100000000004,14.300000000000022,200.0,716504.0,2510.650000000004,15.000000000000021,350.0,840722.0,False,3059.900000000004
2023-07-04,2023-07-06,2,19400.0,126.8,1411.429999999999,8.349999999999994,-3844.870000000001,-17.650000000000006,150.0,1666622.0,-1751.3900000000012,-6.950000000000007,250.0,828031.0,False,1411.429999999999
2023-07-05,2023-07-06,1,19400.0,116.95,3707.6300000000006,20.1,928.8699999999998,6.799999999999999,100.0,5465893.0,2137.81,12.950000000000001,250.0,1388353.0,False,3707.6300000000006
2023-07-06,2023-07-06,0,19400.0,98.85,299.4999999999975,2.599999999999987,-4479.500000000003,-21.000000000000014,100.0,7087438.0,-1365.6900000000028,-5.050000000000013,200.0,3014348.0,True,-1365.6900000000028
2023-07-07,2023-07-13,6,19400.0,192.4,1368.4200000000028,8.250000000000014,-3974.5099999999966,-18.149999999999984,200.0,1898423.0,-1024.1499999999971,-3.0999999999999854,400.0,1253828.0,False,1368.4200000000028
2023-07-10,2023-07-13,3,19400.0,163.9,2676.1800000000007,14.900000000000006,-2234.679999999999,-9.299999999999994,150.0,1629094.0,226.980000000001,3.2500000000000053,350.0,768367.0,False,2676.1800000000007
2023-07-11,2023-07-13,2,19450.0,140.1,5621.279999999999,29.949999999999996,913.9599999999989,6.749999999999995,150.0,1678295.0,4539.379999999999,25.299999999999997,300.0,579025.0,False,5621.279999999999
2023-07-12,2023-07-13,1,19500.0,105.95,-2756.6899999999987,-13.049999999999994,-2204.2399999999993,-9.249999999999996,100.0,4322903.0,-2534.499999999999,-10.999999999999995,200.0,1854492.0,False,-2756.6899999999987
2023-07-13,2023-07-13,0,19500.0,106.15,1672.4900000000011,9.650000000000006,-2833.969999999999,-12.549999999999995,100.0,14753028.0,-304.9099999999989,0.4000000000000057,200.0,4059474.0,True,-304.9099999999989
2023-07-14,2023-07-20,6,19500.0,174.4,-947.0799999999983,-3.6499999999999915,-2910.2999999999993,-12.699999999999996,150.0,1600432.0,-1954.3999999999983,-7.8999999999999915,350.0,645273.0,False,-947.0799999999983
2023-07-17,2023-07-20,3,19600.0,165.8,-4358.62,-21.15,-1923.6999999999998,-7.649999999999999,150.0,1223588.0,-5366.6,-25.4,350.0,574355.0,False,-4358.62
2023-07-18,2023-07-20,2,19800.0,174.3,6204.149999999998,32.99999999999999,3430.929999999999,19.749999999999996,150.0,1661330.0,4242.479999999999,23.849999999999994,350.0,508074.0,False,6204.149999999998
2023-07-19,2023-07-20,1,19800.0,141.0,7562.409999999998,39.89999999999999,3373.519999999998,19.34999999999999,150.0,3336850.0,6275.709999999998,34.19999999999999,300.0,1773525.0,False,7562.409999999998
2023-07-20,2023-07-20,0,19850.0,103.75,-5419.310000000002,-26.70000000000001,-4578.4800000000005,-21.450000000000006,100.0,8440164.0,-7611.390000000002,-37.05000000000001,200.0,4312030.0,True,-7611.390000000002
2023-07-21,2023-07-27,6,19800.0,200.05,-3941.6199999999976,-18.94999999999999,-7479.469999999998,-36.04999999999999,200.0,1920418.0,-7342.659999999998,-35.44999999999999,400.0,1066356.0,False,-3941.6199999999976
2023-07-24,2023-07-27,3,19750.0,203.1,3267.01,18.0,-1587.8799999999997,-5.899999999999999,200.0,1191403.0,1353.1800000000003,9.100000000000001,400.0,655998.0,False,3267.01
2023-07-25,2023-07-27,2,19750.0,178.15,5900.329999999999,31.449999999999996,1142.5099999999984,7.999999999999992,200.0,1103730.0,4047.379999999999,22.849999999999994,350.0,936323.0,False,5900.329999999999
2023-07-26,2023-07-27,1,19750.0,143.4,6117.659999999998,32.49999999999999,3185.7599999999984,18.39999999999999,150.0,2872886.0,4226.509999999998,23.699999999999992,300.0,860569.0,False,6117.659999999998
2023-07-27,2023-07-27,0,19850.0,104.1,-20170.590000000004,-102.30000000000001,-6390.820000000001,-30.600000000000005,100.0,5657328.0,-20483.09,-103.0,200.0,2524866.0,True,-20483.09
2023-07-28,2023-08-03,6,19650.0,258.05,12778.990000000002,66.85000000000001,5870.230000000001,32.400000000000006,250.0,1333817.0,11217.830000000002,59.75000000000001,500.0,392564.0,False,12778.990000000002
2023-07-31,2023-08-03,3,19650.0,180.0,-705.1799999999985,-2.3999999999999915,-2348.269999999999,-9.849999999999994,200.0,1013481.0,-2453.199999999998,-10.44999999999999,350.0,744646.0,False,-705.1799999999985
2023-08-01,2023-08-03,2,19800.0,157.75,4258.869999999998,22.999999999999993,2102.519999999998,12.899999999999991,150.0,1437854.0,3253.5999999999985,18.749999999999993,300.0,622977.0,False,4258.869999999998
2023-08-02,2023-08-03,1,19650.0,131.55,-5741.460000000002,-28.30000000000001,-4722.470000000002,-22.10000000000001,150.0,3407507.0,-4593.6500000000015,-21.50000000000001,250.0,2329548.0,False,-5741.460000000002
2023-08-03,2023-08-03,0,19450.0,97.45,3304.87,18.0,-4351.63,-20.35,100.0,8577731.0,1005.52,7.1000000000000005,200.0,5362048.0,True,1005.52
2023-08-04,2023-08-10,6,19450.0,181.2,-2432.43,-11.25,-6039.75,-28.75,200.0,1112237.0,-4660.65,-21.75,350.0,1041839.0,False,-2432.43
2023-08-07,2023-08-10,3,19600.0,158.0,1439.2799999999995,8.549999999999997,-3696.25,-16.8,150.0,1492656.0,-1138.1500000000005,-3.7500000000000027,300.0,1090092.0,False,1439.2799999999995
2023-08-08,2023-08-10,2,19650.0,150.65,1451.6700000000003,8.600000000000001,337.2700000000001,3.8500000000000005,150.0,1546460.0,504.31000000000023,4.650000000000001,300.0,531465.0,False,1451.6700000000003
2023-08-09,2023-08-10,1,19600.0,135.3,6579.099999999999,34.849999999999994,3005.659999999999,17.449999999999996,150.0,2660497.0,5194.879999999999,28.649999999999995,250.0,1118097.0,False,6579.099999999999
2023-08-10,2023-08-10,0,19600.0,90.0,5288.01,28.15,-426.26000000000033,-0.2500000000000018,100.0,10921808.0,3915.53,22.0,200.0,4185970.0,True,3915.53
2023-08-11,2023-08-17,6,19550.0,206.05,4709.8499999999985,25.39999999999999,3212.049999999999,18.699999999999992,200.0,849549.0,3820.749999999998,21.749999999999993,400.0,525838.0,False,4709.8499999999985
2023-08-14,2023-08-17,3,19400.0,188.0,8023.620000000002,42.35000000000001,2992.840000000001,17.500000000000004,200.0,2383626.0,6902.8200000000015,37.50000000000001,400.0,1317234.0,False,8023.620000000002
2023-08-16,2023-08-17,1,19350.0,122.05000000000001,-2908.7999999999984,-13.79999999999999,-5101.0099999999975,-24.049999999999986,100.0,2993688.0,-4459.959999999998,-20.84999999999999,250.0,1585581.0,False,-2908.7999999999984
2023-08-17,2023-08-17,0,19450.0,95.85,3393.2400000000002,18.450000000000003,-2028.1999999999996,-8.449999999999998,100.0,4707696.0,1913.460000000001,11.750000000000004,200.0,1955209.0,True,1913.460000000001
2023-08-18,2023-08-24,6,19300.0,235.0,11382.380000000001,59.650000000000006,7042.830000000002,38.35000000000001,250.0,836507.0,9987.530000000002,53.400000000000006,450.0,349677.0,False,11382.380000000001
2023-08-21,2023-08-24,3,19300.0,187.95,4609.0199999999995,24.849999999999994,2970.789999999999,17.399999999999995,200.0,1436636.0,3556.3399999999992,20.349999999999994,400.0,707470.0,False,4609.0199999999995
2023-08-22,2023-08-24,2,19400.0,121.0,340.34000000000174,2.8500000000000085,-1955.9699999999978,-7.949999999999989,100.0,2156680.0,-771.8599999999984,-1.9499999999999922,250.0,882537.0,False,340.34000000000174
2023-08-23,2023-08-24,1,19450.0,125.1,6992.499999999999,36.949999999999996,3147.379999999999,18.149999999999995,150.0,3686913.0,5774.589999999999,31.599999999999994,250.0,1860757.0,False,6992.499999999999
2023-08-24,2023-08-24,0,19550.0,113.0,-8846.999999999998,-44.24999999999999,-1576.1699999999983,-5.999999999999991,100.0,6181016.0,-9760.949999999999,-48.04999999999999,250.0,1938833.0,True,-9760.949999999999
2023-08-25,2023-08-31,6,19300.0,201.05,2282.3900000000003,12.950000000000003,2206.12,13.55,200.0,1755952.0,2104.0400000000004,12.950000000000003,400.0,999325.0,False,2282.3900000000003
2023-08-28,2023-08-31,3,19300.0,184.9,7429.6100000000015,39.30000000000001,2514.9000000000024,15.050000000000011,200.0,1383448.0,5546.430000000002,30.55000000000001,350.0,507053.0,False,7429.6100000000015
2023-08-29,2023-08-31,2,19350.0,126.2,3167.7400000000007,17.35,70.1600000000004,2.400000000000002,150.0,1710673.0,1558.2600000000004,10.000000000000002,250.0,893372.0,False,3167.7400000000007
2023-08-30,2023-08-31,1,19450.0,108.1,-3167.2200000000007,-15.150000000000006,-2672.9900000000007,-11.650000000000002,100.0,2988181.0,-4885.4800000000005,-23.050000000000004,200.0,1305142.0,False,-3167.2200000000007
2023-08-31,2023-08-31,0,19400.0,74.95,-13926.020000000002,-70.35000000000001,-3732.2599999999993,-17.049999999999997,50.0,6158306.0,-15241.01,-76.2,150.0,3040852.0,True,-15241.01
2023-09-01,2023-09-07,6,19250.0,244.9,-777.2199999999983,-2.6499999999999915,-1157.9999999999995,-3.599999999999998,250.0,1041166.0,-1265.0299999999984,-4.249999999999992,500.0,269330.0,False,-777.2199999999983
2023-09-04,2023-09-07,3,19550.0,171.6,8536.809999999998,44.94999999999999,3747.429999999997,21.349999999999987,150.0,1975220.0,6224.559999999998,33.999999999999986,350.0,520695.0,False,8536.809999999998
2023-09-05,2023-09-07,2,19550.0,123.0,3646.9300000000007,19.800000000000004,1393.8100000000009,9.200000000000005,100.0,1651007.0,2466.880000000001,14.650000000000004,250.0,1040777.0,False,3646.9300000000007
2023-09-06,2023-09-07,1,19600.0,96.5,4895.44,26.15,942.7399999999996,6.799999999999998,100.0,3933148.0,3209.4699999999993,18.4,200.0,2103989.0,False,4895.44
2023-09-07,2023-09-07,0,19600.0,65.0,-13073.680000000004,-66.00000000000001,-2982.3800000000037,-13.250000000000018,50.0,21335571.0,-13607.830000000002,-67.85000000000001,150.0,7815837.0,True,-13607.830000000002
2023-09-08,2023-09-14,6,19750.0,176.95,-2850.4199999999983,-13.399999999999991,-2272.1599999999985,-9.449999999999992,200.0,784466.0,-3380.989999999998,-15.19999999999999,350.0,725609.0,False,-2850.4199999999983
2023-09-11,2023-09-14,3,19900.0,170.0,-1169.8900000000008,-4.800000000000004,-488.4300000000002,-0.3000000000000007,150.0,1082143.0,-2187.540000000001,-9.100000000000005,350.0,480315.0,False,-1169.8900000000008
2023-09-12,2023-09-14,2,20100.0,144.0,-2897.1500000000005,-13.700000000000003,-2386.25,-10.100000000000001,150.0,1602227.0,-2734.7000000000003,-11.950000000000003,300.0,1191968.0,False,-2897.1500000000005
2023-09-13,2023-09-14,1,20000.0,129.85,1039.6099999999979,6.449999999999989,-1747.3500000000017,-6.900000000000009,150.0,1907458.0,-1008.9100000000022,-3.150000000000012,250.0,1177244.0,False,1039.6099999999979
2023-09-14,2023-09-14,0,20150.0,105.0,10375.3,54.25,4358.92,24.3,100.0,10877159.0,7178.43,38.75,200.0,4668940.0,True,7178.43
2023-09-15,2023-09-21,6,20150.0,190.0,-6.329999999999444,1.2000000000000028,-1973.62,-7.899999999999999,200.0,640603.0,-1159.3699999999997,-3.799999999999998,400.0,280368.0,False,-6.329999999999444
2023-09-18,2023-09-21,3,20150.0,194.95,11074.78,58.0,6259.37,34.25,200.0,611663.0,9514.53,50.9,400.0,269961.0,False,11074.78
2023-09-20,2023-09-21,1,20000.0,138.6,3055.979999999998,16.79999999999999,-141.63000000000181,1.3499999999999908,150.0,2239376.0,1125.119999999998,7.799999999999989,300.0,1398823.0,False,3055.979999999998
2023-09-21,2023-09-21,0,19850.0,104.0,-1019.4099999999997,-4.149999999999999,-4297.36,-20.049999999999997,100.0,5259835.0,-2743.12,-12.1,200.0,3102287.0,True,-2743.12
2023-09-22,2023-09-28,6,19750.0,224.0,7620.479999999999,40.349999999999994,3887.209999999999,22.199999999999996,200.0,1188691.0,6233.6399999999985,34.14999999999999,450.0,736174.0,False,7620.479999999999
2023-09-25,2023-09-28,3,19700.0,180.25,5743.4800000000005,30.650000000000006,1120.630000000001,7.900000000000006,200.0,2125359.0,3518.850000000001,20.150000000000006,350.0,698098.0,False,5743.4800000000005
2023-09-26,2023-09-28,2,19700.0,151.05,5061.26,27.1,1082.72,7.65,150.0,1191171.0,3695.83,21.0,300.0,873355.0,False,5061.26
2023-09-27,2023-09-28,1,19650.0,135.8,5008.189999999999,26.799999999999997,2789.769999999999,16.349999999999994,150.0,5103367.0,3945.879999999999,22.249999999999996,250.0,3054084.0,False,5008.189999999999
2023-09-28,2023-09-28,0,19750.0,89.15,-27228.61999999999,-138.49999999999997,-6997.899999999998,-33.69999999999999,100.0,5904890.0,-23683.559999999998,-119.39999999999998,200.0,3043325.0,True,-23683.559999999998
2023-09-29,2023-10-05,6,19600.0,249.0,13621.260000000002,71.15,6062.280000000002,33.35000000000001,250.0,608602.0,10012.47,53.550000000000004,500.0,524873.0,False,13621.260000000002
2023-10-03,2023-10-05,2,19600.0,160.0,3126.3600000000006,17.200000000000003,-1539.53,-5.75,150.0,1332289.0,920.5200000000004,6.8000000000000025,300.0,959816.0,False,3126.3600000000006
2023-10-04,2023-10-05,1,19450.0,110.25,2607.6000000000004,14.450000000000003,-1263.3699999999992,-4.449999999999996,100.0,3038440.0,-133.36999999999935,1.3000000000000034,200.0,1896736.0,False,2607.6000000000004
2023-10-05,2023-10-05,0,19500.0,95.0,9286.21,48.65,3757.640000000001,21.200000000000003,100.0,10640053.0,5689.38,31.099999999999998,200.0,4496681.0,True,5689.38
2023-10-06,2023-10-12,6,19600.0,197.65,2439.700000000001,13.750000000000007,610.6200000000016,5.3500000000000085,200.0,1110371.0,790.4600000000012,6.200000000000006,400.0,539996.0,False,2439.700000000001
2023-10-09,2023-10-12,3,19550.0,204.0,5461.8,29.25,2062.62,12.8,200.0,1052742.0,5060.09,28.1,400.0,589373.0,False,5461.8
2023-10-10,2023-10-12,2,19550.0,165.2,-9997.399999999998,-50.04999999999999,-4290.339999999997,-19.749999999999986,150.0,1250762.0,-9765.799999999997,-47.94999999999999,350.0,762873.0,False,-9997.399999999998
2023-10-11,2023-10-12,1,19750.0,135.0,2540.199999999998,14.149999999999991,-1241.0600000000015,-4.300000000000008,150.0,2334547.0,-34.61000000000189,1.8499999999999903,250.0,1584732.0,False,2540.199999999998
2023-10-12,2023-10-12,0,19800.0,95.0,17081.3,88.6,11718.58,62.0,100.0,15050814.0,15582.0,81.8,200.0,5854942.0,True,15582.0
2023-10-13,2023-10-19,6,19650.0,201.0,-2488.3100000000027,-11.500000000000014,-6305.410000000002,-30.05000000000001,200.0,525265.0,-5613.360000000002,-26.600000000000016,400.0,307300.0,False,-2488.3100000000027
2023-10-16,2023-10-19,3,19750.0,204.75,7042.0199999999995,37.349999999999994,3450.289999999999,19.899999999999995,200.0,706684.0,5831.849999999999,32.05,400.0,389416.0,False,7042.0199999999995
2023-10-17,2023-10-19,2,19850.0,155.5,4220.650000000001,22.800000000000004,191.9700000000014,3.1000000000000068,150.0,1874301.0,1879.0000000000005,11.700000000000003,300.0,569071.0,False,4220.650000000001
2023-10-18,2023-10-19,1,19800.0,128.75,-2325.840000000001,-10.800000000000004,-1390.08,-5.050000000000001,150.0,2710547.0,-2375.820000000001,-10.150000000000004,250.0,1499483.0,False,-2325.840000000001
2023-10-19,2023-10-19,0,19550.0,80.85,-630.6300000000006,-2.200000000000003,-5652.100000000001,-27.050000000000004,100.0,9456299.0,-3456.7500000000005,-15.800000000000002,150.0,6906747.0,True,-3456.7500000000005
2023-10-20,2023-10-26,6,19550.0,216.55,4745.109999999999,25.599999999999994,1186.2699999999995,8.349999999999998,200.0,650758.0,3144.1699999999987,18.299999999999994,450.0,346209.0,False,4745.109999999999
2023-10-23,2023-10-26,3,19500.0,185.0,-15545.94,-78.45,-5629.740000000002,-26.550000000000008,200.0,1849241.0,-11119.5,-54.800000000000004,350.0,825667.0,False,-15545.94
2023-10-25,2023-10-26,1,19300.0,175.8,-3415.8599999999983,-16.29999999999999,-690.0299999999975,-1.3499999999999872,200.0,4618338.0,-3779.2899999999986,-17.249999999999993,350.0,1832905.0,False,-3415.8599999999983
2023-10-26,2023-10-26,0,19050.0,92.6,-19961.589999999997,-101.24999999999999,-8772.739999999998,-42.84999999999999,100.0,3701560.0,-21871.64,-110.14999999999999,200.0,2379528.0,True,-21871.64
2023-10-27,2023-11-02,6,18950.0,264.0,3820.799999999998,20.94999999999999,305.8999999999977,3.9499999999999886,250.0,903524.0,346.1199999999981,4.04999999999999,550.0,325258.0,False,3820.799999999998
2023-10-30,2023-11-02,3,19050.0,198.35,-1482.4900000000016,-6.3500000000000085,-3541.100000000002,-15.900000000000013,200.0,1213749.0,-2743.2400000000016,-11.90000000000001,400.0,620437.0,False,-1482.4900000000016
2023-10-31,2023-11-02,2,19250.0,164.2,-5187.309999999998,-25.399999999999984,-31.469999999996446,2.0500000000000185,150.0,2023180.0,-4703.769999999997,-21.999999999999986,350.0,854723.0,False,-5187.309999999998
2023-11-01,2023-11-02,1,19050.0,172.25,8858.530000000002,46.60000000000001,5289.010000000002,29.25000000000001,150.0,3522590.0,7777.260000000002,41.95000000000001,350.0,1626851.0,False,8858.530000000002
2023-11-02,2023-11-02,0,19100.0,95.8,11754.2,61.3,4469.53,24.849999999999998,100.0,16684154.0,9367.11,49.949999999999996,200.0,5090427.0,True,9367.11
2023-11-03,2023-11-09,6,19250.0,187.89999999999998,609.0599999999988,4.349999999999994,-3786.6600000000003,-17.200000000000003,200.0,618574.0,-26.72000000000122,1.9999999999999938,400.0,300224.0,False,609.0599999999988
2023-11-06,2023-11-09,3,19350.0,157.0,-53.040000000000276,0.8999999999999986,-2409.6300000000006,-10.200000000000003,150.0,1610492.0,-3361.8500000000004,-15.150000000000002,300.0,522281.0,False,-53.040000000000276
2023-11-07,2023-11-09,2,19400.0,138.0,3270.820000000001,17.900000000000006,590.700000000001,5.100000000000005,150.0,1612402.0,2334.690000000001,14.000000000000005,300.0,915525.0,False,3270.820000000001
2023-11-08,2023-11-09,1,19450.0,105.1,3058.220000000001,16.750000000000007,-1239.3999999999985,-4.3499999999999925,100.0,2751945.0,1176.7000000000014,8.000000000000007,200.0,1629351.0,False,3058.220000000001
2023-11-09,2023-11-09,0,19450.0,81.9,5222.619999999999,27.799999999999997,2250.109999999999,13.449999999999996,100.0,11621913.0,4201.359999999999,23.449999999999996,150.0,7363661.0,True,4201.359999999999
2023-11-10,2023-11-16,6,19350.0,214.95,6482.270000000002,34.50000000000001,4282.670000000001,24.200000000000003,200.0,622211.0,5107.290000000001,28.350000000000005,450.0,379444.0,False,6482.270000000002
2023-11-13,2023-11-16,3,19500.0,131.85,794.9900000000006,5.200000000000003,-1467.1699999999998,-5.449999999999999,150.0,1040126.0,-572.1599999999994,-0.8999999999999968,250.0,617118.0,False,794.9900000000006
2023-11-15,2023-11-16,1,19650.0,101.05,2015.779999999999,11.399999999999995,-2106.5800000000004,-8.800000000000002,100.0,2099337.0,-1319.660000000001,-4.800000000000004,200.0,1492182.0,False,2015.779999999999
2023-11-16,2023-11-16,0,19650.0,82.2,-7235.969999999998,-36.04999999999999,-6517.149999999998,-31.44999999999999,100.0,6805771.0,-7293.8899999999985,-35.44999999999999,150.0,6567330.0,True,-7293.8899999999985
2023-11-17,2023-11-23,6,19650.0,230.9,1257.06,7.75,653.87,5.65,250.0,700321.0,1196.0200000000002,8.350000000000001,450.0,414722.0,False,1257.06
2023-11-20,2023-11-23,3,19750.0,187.0,3897.170000000001,21.200000000000003,198.74000000000126,3.2000000000000064,200.0,1047305.0,2032.7100000000005,12.550000000000002,350.0,906775.0,False,3897.170000000001
2023-11-21,2023-11-23,2,19750.0,157.1,4268.859999999999,23.049999999999997,1566.1,10.149999999999999,150.0,1529436.0,2971.1599999999994,17.299999999999997,300.0,479425.0,False,4268.859999999999
2023-11-22,2023-11-23,1,19800.0,121.0,5754.949999999999,30.599999999999994,793.2899999999988,6.099999999999994,100.0,4794416.0,4049.6699999999983,22.749999999999993,250.0,1778437.0,False,5754.949999999999
2023-11-23,2023-11-23,0,19850.0,75.2,4903.070000000001,26.150000000000006,1384.2200000000012,9.000000000000005,100.0,13333777.0,3491.5700000000015,19.800000000000008,150.0,9725068.0,True,3491.5700000000015
2023-11-24,2023-11-30,6,19800.0,195.8,6859.859999999998,36.39999999999999,3377.7299999999987,19.499999999999993,200.0,800249.0,5357.869999999998,29.59999999999999,400.0,424946.0,False,6859.859999999998
2023-11-28,2023-11-30,2,19850.0,141.95,-603.7399999999991,-1.9499999999999957,-2009.7099999999991,-8.199999999999996,150.0,1483116.0,-1129.8199999999993,-3.749999999999996,300.0,609379.0,False,-603.7399999999991
2023-11-29,2023-11-30,1,20000.0,112.35,-8719.930000000002,-43.60000000000001,-4116.750000000002,-19.000000000000007,100.0,3754770.0,-7084.980000000001,-34.30000000000001,200.0,2593084.0,False,-8719.930000000002
2023-11-30,2023-11-30,0,20100.0,93.2,11403.920000000002,59.50000000000001,6460.500000000001,35.050000000000004,100.0,20152954.0,10011.920000000002,53.25000000000001,200.0,6409041.0,True,10011.920000000002
2023-12-01,2023-12-07,6,20200.0,253.45,-2292.4700000000007,-10.400000000000006,-1578.540000000001,-5.700000000000006,250.0,305013.0,-2433.850000000001,-10.200000000000006,500.0,329017.0,False,-2292.4700000000007
2023-12-04,2023-12-07,3,20600.0,171.55,-10887.480000000003,-54.600000000000016,-6562.470000000002,-31.35000000000001,150.0,918393.0,-9278.400000000001,-45.40000000000001,350.0,577904.0,False,-10887.480000000003
2023-12-05,2023-12-07,2,20800.0,173.0,-156.3300000000003,0.3999999999999986,-1553.3600000000006,-5.7500000000000036,150.0,1359287.0,-3282.95,-14.700000000000001,350.0,661145.0,False,-156.3300000000003
2023-12-06,2023-12-07,1,20950.0,161.95,9154.9,48.1,456.6200000000006,4.450000000000003,150.0,3234648.0,5136.52,28.400000000000002,300.0,1529771.0,False,9154.9
2023-12-07,2023-12-07,0,20950.0,114.8,12215.68,63.699999999999996,5789.42,31.65,100.0,10035373.0,11038.32,58.55,250.0,3694307.0,True,11038.32
2023-12-08,2023-12-14,6,20950.0,240.60000000000002,5175.520000000002,27.85000000000001,1801.9500000000023,11.550000000000011,250.0,1134285.0,3641.170000000002,20.90000000000001,500.0,286635.0,False,5175.520000000002
2023-12-11,2023-12-14,3,20950.0,218.35,4929.829999999999,26.549999999999997,-628.7100000000019,-0.95000000000001,200.0,552896.0,2879.849999999999,16.949999999999996,450.0,634056.0,False,4929.829999999999
2023-12-12,2023-12-14,2,21000.0,180.7,2211.6299999999997,12.549999999999997,1575.0599999999995,10.249999999999998,200.0,1463562.0,1282.9099999999996,8.699999999999998,350.0,491306.0,False,2211.6299999999997
2023-12-13,2023-12-14,1,20950.0,142.25,7532.7,39.75,358.74000000000046,3.900000000000002,150.0,3984288.0,4998.13,27.65,300.0,1667648.0,False,7532.7
2023-12-14,2023-12-14,0,21100.0,95.95,4261.500000000001,22.900000000000006,98.67000000000107,2.4500000000000055,100.0,11239079.0,2293.9100000000008,13.700000000000005,200.0,5869658.0,True,2293.9100000000008
2023-12-15,2023-12-21,6,21300.0,225.64999999999998,-16936.100000000006,-85.50000000000003,-10488.490000000005,-51.35000000000003,250.0,540214.0,-13846.790000000006,-68.70000000000003,450.0,261628.0,False,-16936.100000000006
2023-12-18,2023-12-21,3,21450.0,252.0,8937.269999999999,47.14999999999999,4336.539999999999,24.549999999999994,250.0,1015653.0,5413.299999999998,29.999999999999993,500.0,264381.0,False,8937.269999999999
2023-12-19,2023-12-21,2,21500.0,194.35,8772.56,46.199999999999996,2002.3600000000001,12.45,200.0,1695486.0,6498.599999999999,35.449999999999996,400.0,924495.0,False,8772.56
2023-12-20,2023-12-21,1,21550.0,125.05,-55680.38,-284.25,-16441.14,-81.8,150.0,4494514.0,-28593.799999999992,-144.24999999999997,250.0,2737587.0,False,-55680.38
2023-12-21,2023-12-21,0,21050.0,109.05,-17587.010000000002,-89.05000000000001,-13228.470000000001,-65.65,100.0,9990663.0,-22063.41,-111.10000000000001,200.0,7418362.0,True,-22063.41
2023-12-22,2023-12-28,6,21300.0,300.0,5437.159999999996,29.299999999999983,2722.279999999996,16.39999999999998,300.0,1464181.0,3843.0799999999963,22.049999999999983,600.0,384796.0,False,5437.159999999996
2023-12-26,2023-12-28,2,21350.0,232.95,2709.9799999999977,15.199999999999989,-377.8500000000025,0.3499999999999872,250.0,865047.0,-598.6800000000021,-0.8500000000000103,450.0,674493.0,False,2709.9799999999977
2023-12-27,2023-12-28,1,21500.0,151.35,-11748.53,-59.05,-6791.04,-32.6,150.0,2483755.0,-10485.15,-51.65,300.0,2664521.0,False,-11748.53
2023-12-28,2023-12-28,0,21700.0,108.3,6715.6,35.5,-2247.7099999999996,-9.549999999999997,100.0,9131087.0,4513.76,25.1,200.0,6592732.0,True,4513.76
2023-12-29,2024-01-04,6,21750.0,384.75,21504.290000000005,111.80000000000001,14993.930000000002,79.4,400.0,287793.0,19347.99,101.65,750.0,459830.0,False,21504.290000000005
2024-01-01,2024-01-04,3,21750.0,259.55,8729.689999999997,46.09999999999998,3783.5699999999956,21.749999999999975,250.0,1270538.0,6707.999999999995,36.64999999999998,500.0,249693.0,False,8729.689999999997
2024-01-02,2024-01-04,2,21750.0,194.2,2109.230000000001,12.050000000000004,-1692.9699999999991,-6.449999999999996,200.0,1224654.0,2574.5300000000007,15.350000000000005,400.0,825068.0,False,2109.230000000001
2024-01-03,2024-01-04,1,21650.0,179.0,2017.1199999999994,11.549999999999997,368.0200000000001,4.050000000000001,200.0,1713533.0,251.53999999999942,3.399999999999997,350.0,2115422.0,False,2017.1199999999994
2024-01-04,2024-01-04,0,21600.0,104.05,9965.89,52.15,681.2199999999998,5.449999999999999,100.0,11021786.0,6593.43,35.75,200.0,5685660.0,True,6593.43
2024-01-05,2024-01-11,6,21700.0,260.0,7051.489999999997,37.499999999999986,3824.349999999998,21.94999999999999,250.0,586535.0,5440.149999999997,30.149999999999984,500.0,546766.0,False,7051.489999999997
2024-01-08,2024-01-11,3,21750.0,216.2,-12679.080000000004,-63.70000000000002,-5831.180000000003,-27.500000000000014,200.0,930281.0,-9964.770000000004,-48.850000000000016,450.0,1119975.0,False,-12679.080000000004
2024-01-09,2024-01-11,2,21650.0,172.3,-2419.489999999999,-11.199999999999996,-2599.279999999999,-11.099999999999994,150.0,3085392.0,-3652.3499999999995,-16.599999999999998,350.0,1578761.0,False,-2419.489999999999
2024-01-10,2024-01-11,1,21550.0,175.65,4291.479999999998,23.19999999999999,715.1599999999974,5.7999999999999865,200.0,2799525.0,3063.849999999998,17.79999999999999,350.0,2599507.0,False,4291.479999999998
2024-01-11,2024-01-11,0,21700.0,95.0,7364.259999999999,38.8,2313.5099999999993,13.799999999999997,100.0,12832197.0,5045.419999999999,27.799999999999997,200.0,5480655.0,True,5045.419999999999
2024-01-12,2024-01-18,6,21750.0,280.0,-6887.329999999998,-33.89999999999999,-2703.8600000000006,-11.400000000000002,300.0,516143.0,-7059.269999999997,-33.84999999999999,550.0,591086.0,False,-6887.329999999998
2024-01-15,2024-01-18,3,22050.0,244.5,1847.310000000005,10.800000000000026,-680.3999999999949,-1.1499999999999737,250.0,1156333.0,331.660000000005,3.950000000000026,500.0,347234.0,False,1847.310000000005
2024-01-16,2024-01-18,2,22100.0,198.9,2517.300000000001,14.150000000000006,2081.0300000000007,12.900000000000006,200.0,1909012.0,1011.2300000000014,7.350000000000007,400.0,1060705.0,False,2517.300000000001
2024-01-17,2024-01-18,1,21650.0,249.05,15377.329999999998,80.14999999999999,11349.419999999998,60.44999999999999,250.0,2527338.0,10275.809999999998,54.89999999999999,500.0,828385.0,False,15377.329999999998
2024-01-18,2024-01-18,0,21400.0,157.2,19205.34,99.6,10476.76,55.75,150.0,12624337.0,16740.2,87.85,300.0,7839283.0,True,16740.2
2024-01-19,2024-01-25,6,21600.0,322.65,4590.03,25.0,5066.35,28.5,300.0,871260.0,2711.6199999999994,16.299999999999997,650.0,110452.0,False,4590.03
2024-01-20,2024-01-25,5,21700.0,276.0,-339.58000000000163,-0.3500000000000085,-1633.3400000000004,-5.950000000000003,300.0,903294.0,-1858.130000000002,-7.200000000000009,550.0,220247.0,False,-339.58000000000163
2024-01-23,2024-01-25,2,21700.0,235.0,-58012.44999999998,-295.99999999999994,-12038.209999999992,-58.94999999999997,250.0,1117389.0,-33469.329999999994,-169.04999999999995,450.0,589411.0,False,-58012.44999999998
2024-01-24,2024-01-25,1,21200.0,206.2,-18968.149999999998,-95.94999999999999,-9176.32,-44.65,200.0,5334136.0,-17795.869999999995,-88.99999999999999,400.0,3159782.0,False,-18968.149999999998
2024-01-25,2024-01-25,0,21450.0,163.75,7134.75,37.75,-561.0500000000002,-0.8000000000000007,150.0,6669427.0,5508.61,30.3,350.0,3238730.0,True,5508.61
2024-01-29,2024-02-01,3,21450.0,365.0,-17064.08000000001,-85.90000000000003,-4783.680000000006,-21.75000000000003,350.0,437223.0,-14206.460000000006,-70.30000000000004,750.0,311857.0,False,-17064.08000000001
2024-01-30,2024-02-01,2,21800.0,349.05,-2326.7199999999953,-10.399999999999977,1604.4800000000046,10.850000000000023,350.0,517209.0,-1563.7799999999957,-5.549999999999978,700.0,568274.0,False,-2326.7199999999953
2024-01-31,2024-02-01,1,21500.0,294.9,-5419.500000000005,-26.350000000000023,-987.9700000000043,-2.550000000000022,300.0,977650.0,-4062.2700000000045,-18.450000000000024,600.0,513868.0,False,-5419.500000000005
2024-02-01,2024-02-01,0,21800.0,266.15,32541.86,168.15,17510.83,92.0,250.0,5110219.0,28359.65,147.6,550.0,3073973.0,True,28359.65
2024-02-02,2024-02-08,6,21800.0,316.75,-1251.7399999999977,-4.949999999999989,-1306.4499999999969,-4.149999999999984,300.0,1315124.0,-5247.479999999998,-24.499999999999986,650.0,226334.0,False,-1251.7399999999977
2024-02-05,2024-02-08,3,21900.0,282.6,-7122.399999999999,-35.099999999999994,-5108.54,-23.7,300.0,1408822.0,-7365.9299999999985,-35.39999999999999,550.0,403624.0,False,-7122.399999999999
2024-02-06,2024-02-08,2,21850.0,268.75,3458.119999999999,19.099999999999994,-7629.340000000001,-36.7,250.0,1384726.0,1261.6899999999987,8.749999999999993,550.0,679160.0,False,3458.119999999999
2024-02-07,2024-02-08,1,22050.0,185.15,1068.5800000000004,6.700000000000003,-7704.579999999999,-37.3,200.0,2320831.0,-2913.1499999999996,-12.799999999999997,350.0,2359952.0,False,1068.5800000000004
2024-02-08,2024-02-08,0,22000.0,133.4,-32532.250000000004,-165.60000000000002,-12065.510000000006,-59.550000000000026,150.0,6850500.0,-26564.620000000003,-134.05,250.0,5168749.0,True,-26564.620000000003
2024-02-09,2024-02-15,6,21750.0,347.54999999999995,6532.32,35.0,350.2500000000002,4.350000000000001,350.0,825141.0,2617.65,15.85,700.0,208744.0,False,6532.32
2024-02-12,2024-02-15,3,21800.0,309.25,-839.2900000000017,-2.8500000000000085,1263.929999999998,8.99999999999999,300.0,1143371.0,-114.04000000000178,1.799999999999991,600.0,755075.0,False,-839.2900000000017
2024-02-13,2024-02-15,2,21650.0,297.15,10052.800000000003,52.95000000000002,5862.220000000004,32.45000000000002,300.0,837018.0,7946.3700000000035,43.05000000000002,600.0,429676.0,False,10052.800000000003
2024-02-14,2024-02-15,1,21600.0,181.05,-24042.049999999992,-121.99999999999997,-14270.529999999995,-70.79999999999997,200.0,2683804.0,-20748.069999999996,-104.14999999999998,350.0,1191198.0,False,-24042.049999999992
2024-02-15,2024-02-15,0,21900.0,135.45,23652.14,122.35,16143.02,84.75,150.0,13624750.0,20874.77,109.0,250.0,9293391.0,True,20874.77
2024-02-16,2024-02-22,6,22000.0,301.9,-2095.1899999999964,-9.299999999999983,-2556.519999999996,-10.59999999999998,300.0,614820.0,-3466.6299999999974,-15.399999999999986,600.0,247936.0,False,-2095.1899999999964
2024-02-19,2024-02-22,3,22100.0,305.0,6850.000000000002,36.55000000000001,-2781.85,-11.8,300.0,942283.0,4467.500000000002,25.25000000000001,600.0,605339.0,False,6850.000000000002
2024-02-20,2024-02-22,2,22100.0,283.95,9052.649999999996,47.79999999999998,5409.699999999997,30.099999999999987,300.0,1044671.0,7072.199999999996,38.54999999999998,550.0,317447.0,False,9052.649999999996
2024-02-21,2024-02-22,1,22250.0,208.8,-9105.710000000003,-45.40000000000002,-5526.5800000000045,-26.00000000000002,200.0,2123924.0,-9558.870000000004,-46.80000000000002,400.0,1327712.0,False,-9105.710000000003
2024-02-22,2024-02-22,0,22100.0,177.05,13383.619999999997,69.79999999999998,8020.7999999999965,43.19999999999998,200.0,15722659.0,12079.429999999997,63.999999999999986,350.0,4158364.0,True,12079.429999999997
2024-02-23,2024-02-29,6,22300.0,318.5,4093.9600000000037,22.450000000000017,-2979.4399999999973,-12.749999999999986,300.0,815374.0,2870.260000000003,17.100000000000016,650.0,194929.0,False,4093.9600000000037
2024-02-26,2024-02-29,3,22150.0,285.15,3696.149999999996,20.34999999999998,-1261.280000000005,-4.050000000000026,300.0,440165.0,2444.739999999996,14.84999999999998,550.0,477820.0,False,3696.149999999996
2024-02-27,2024-02-29,2,22100.0,263.0,5216.2699999999995,28.099999999999994,894.7599999999991,6.949999999999996,250.0,531784.0,3665.7599999999993,21.049999999999994,550.0,311652.0,False,5216.2699999999995
2024-02-28,2024-02-29,1,22200.0,201.75,-20947.04,-106.1,-7489.779999999997,-35.999999999999986,200.0,4055632.0,-15837.019999999999,-78.94999999999999,400.0,2890145.0,False,-20947.04
2024-02-29,2024-02-29,0,21950.0,160.0,26189.68,135.4,15616.849999999999,82.1,150.0,13501030.0,21851.3,114.05,300.0,6440817.0,True,21851.3
2024-03-01,2024-03-07,6,22050.0,329.65,-20212.380000000005,-102.10000000000002,-8498.840000000006,-40.900000000000034,350.0,461365.0,-17023.240000000005,-84.80000000000003,650.0,263561.0,False,-20212.380000000005
2024-03-02,2024-03-07,5,22400.0,312.1,4691.37,25.5,1884.2399999999996,12.149999999999999,300.0,170827.0,3145.31,18.5,600.0,114736.0,False,4691.37
2024-03-04,2024-03-07,3,22400.0,278.25,5698.609999999999,30.599999999999994,1222.5799999999997,8.649999999999999,300.0,712129.0,3988.729999999998,22.749999999999993,550.0,248512.0,False,5698.609999999999
2024-03-05,2024-03-07,2,22350.0,253.35,12224.58,64.0,4838.7,27.099999999999998,250.0,1200347.0,10586.03,56.5,500.0,581595.0,False,12224.58
2024-03-06,2024-03-07,1,22350.0,178.0,-4880.0599999999995,-23.799999999999997,-5675.1,-26.9,200.0,1981015.0,-7446.359999999999,-36.05,350.0,2762717.0,False,-4880.0599999999995
2024-03-07,2024-03-07,0,22500.0,119.0,21238.529999999995,109.94999999999999,11183.12,59.3,100.0,16226263.0,18705.09,97.85,250.0,5452951.0,True,18705.09
2024-03-11,2024-03-14,3,22500.0,250.75,-1189.0700000000027,-4.750000000000014,569.2999999999972,5.2999999999999865,250.0,789474.0,-1233.0000000000027,-4.050000000000013,500.0,909028.0,False,-1189.0700000000027
2024-03-12,2024-03-14,2,22350.0,220.6,3163.18,17.5,-2095.079999999999,-8.449999999999996,200.0,860881.0,1962.99,12.25,450.0,983941.0,False,3163.18
2024-03-13,2024-03-14,1,22450.0,187.9,-57488.259999999995,-293.4,-10596.23,-51.65,200.0,1840901.0,-35833.19,-181.29999999999998,400.0,1315836.0,False,-57488.259999999995
2024-03-14,2024-03-14,0,22000.0,155.0,1450.1100000000015,8.600000000000009,-10128.129999999997,-49.849999999999994,150.0,7947535.0,-868.7099999999984,-2.3999999999999915,300.0,6127586.0,True,-868.7099999999984
2024-03-15,2024-03-21,6,22050.0,356.1,13485.319999999998,70.64999999999999,10636.399999999998,57.04999999999999,350.0,922734.0,12557.89,66.8,700.0,291554.0,False,13485.319999999998
2024-03-18,2024-03-21,3,22000.0,279.95,4995.570000000002,27.000000000000014,2782.9000000000033,16.650000000000016,300.0,997590.0,2974.9900000000025,17.550000000000015,550.0,335683.0,False,4995.570000000002
2024-03-19,2024-03-21,2,21950.0,233.9,65.75000000000114,1.6500000000000057,-3164.129999999998,-13.899999999999988,250.0,1662682.0,-464.6099999999989,-0.14999999999999414,450.0,1197437.0,False,65.75000000000114
2024-03-20,2024-03-21,1,21850.0,195.0,8499.16,44.8,-64.23000000000042,1.8499999999999979,200.0,2023365.0,6091.119999999999,33.349999999999994,400.0,1502703.0,False,8499.16
2024-03-21,2024-03-21,0,22000.0,134.35,24013.509999999995,124.19999999999999,16680.069999999996,87.49999999999999,150.0,12321347.0,20806.9,108.64999999999999,250.0,7187755.0,True,20806.9
2024-03-22,2024-03-28,6,21950.0,315.4,65.8099999999967,1.799999999999983,2153.559999999996,13.54999999999998,300.0,444490.0,-831.9500000000035,-1.9000000000000172,650.0,434772.0,False,65.8099999999967
2024-03-26,2024-03-28,2,21950.0,265.0,5430.190000000001,29.20000000000001,37.930000000002906,2.550000000000015,250.0,885004.0,2826.7400000000025,16.75000000000001,550.0,494269.0,False,5430.190000000001
2024-03-27,2024-03-28,1,22050.0,191.3,6129.759999999998,32.64999999999999,-432.98000000000224,-0.05000000000001137,200.0,1314705.0,5049.0999999999985,27.999999999999993,400.0,706900.0,False,6129.759999999998
2024-03-28,2024-03-28,0,22150.0,112.80000000000001,-10768.87,-54.1,-8096.810000000001,-39.400000000000006,100.0,5387895.0,-10690.91,-52.800000000000004,250.0,5804797.0,True,-10690.91
2024-04-01,2024-04-04,3,22450.0,225.9,1161.2900000000027,7.250000000000014,-5303.469999999998,-24.89999999999999,250.0,940750.0,-2001.5999999999967,-8.049999999999983,450.0,808900.0,False,1161.2900000000027
2024-04-02,2024-04-04,2,22450.0,210.05,7342.549999999998,38.89999999999999,988.8299999999979,7.29999999999999,200.0,739693.0,5186.219999999998,28.749999999999993,400.0,416204.0,False,7342.549999999998
2024-04-03,2024-04-04,1,22400.0,160.05,6940.960000000003,36.750000000000014,1411.1000000000026,9.350000000000014,150.0,1800487.0,3936.9700000000025,22.250000000000014,300.0,1621422.0,False,6940.960000000003
2024-04-04,2024-04-04,0,22600.0,128.05,5557.31,29.6,-674.5400000000001,-1.4500000000000002,150.0,9717649.0,3101.7000000000003,17.900000000000002,250.0,5083984.0,True,3101.7000000000003
2024-04-05,2024-04-10,5,22500.0,256.4,3823.5200000000004,20.950000000000003,-167.72000000000003,1.5,250.0,423007.0,1450.6200000000003,9.700000000000003,500.0,698018.0,False,3823.5200000000004
2024-04-08,2024-04-10,2,22600.0,222.9,4547.720000000002,24.60000000000001,-269.50999999999885,0.9000000000000057,200.0,1225481.0,1698.8800000000024,10.900000000000011,450.0,454322.0,False,4547.720000000002
2024-04-09,2024-04-10,1,22750.0,174.89999999999998,7150.2699999999995,37.849999999999994,6103.609999999998,33.44999999999999,150.0,2427092.0,5871.909999999999,32.199999999999996,350.0,1563402.0,False,7150.2699999999995
2024-04-10,2024-04-10,0,22700.0,100.0,9138.07,47.9,3131.32,18.0,100.0,7800041.0,6516.81,35.35,200.0,4800075.0,True,6516.81
2024-04-12,2024-04-18,6,22700.0,292.65,6805.640000000002,36.30000000000001,4444.000000000002,25.20000000000001,300.0,1202772.0,6267.1500000000015,34.45000000000001,600.0,619486.0,False,6805.640000000002
2024-04-15,2024-04-18,3,22350.0,260.05,9529.51,50.2,8283.53,44.800000000000004,250.0,1273082.0,7429.4,40.35,500.0,398759.0,False,9529.51
2024-04-16,2024-04-18,2,22150.0,248.0,17182.57,89.4,10717.47,57.2,250.0,1582846.0,13993.55,73.95,500.0,376106.0,False,17182.57
2024-04-18,2024-04-18,0,22200.0,120.0,-17151.909999999996,-86.79999999999998,-8327.21,-40.5,100.0,20984436.0,-20534.529999999995,-103.24999999999999,250.0,10872469.0,True,-20534.529999999995
2024-04-19,2024-04-25,6,21850.0,445.84999999999997,4077.599999999988,22.599999999999937,8844.109999999988,48.09999999999994,450.0,480139.0,2543.7299999999877,15.649999999999938,900.0,92847.0,False,4077.599999999988
2024-04-22,2024-04-25,3,22350.0,266.0,6815.189999999999,36.3,1039.3800000000006,7.700000000000003,250.0,1248259.0,1466.3999999999996,9.799999999999997,550.0,497725.0,False,6815.189999999999
2024-04-23,2024-04-25,2,22450.0,207.85,4601.889999999998,24.849999999999987,917.8299999999974,6.949999999999987,200.0,946369.0,2569.859999999998,15.349999999999987,400.0,528370.0,False,4601.889999999998
2024-04-24,2024-04-25,1,22400.0,152.35000000000002,6085.180000000002,32.35000000000001,-1775.4799999999975,-6.999999999999988,150.0,1068892.0,4173.660000000002,23.45000000000001,300.0,1304439.0,False,6085.180000000002
2024-04-25,2024-04-25,0,22300.0,122.7,-31923.55,-162.5,-2172.3600000000024,-8.800000000000013,100.0,9117304.0,-26830.510000000002,-135.45000000000002,250.0,3443985.0,True,-26830.510000000002
2024-04-26,2024-05-02,6,22600.0,281.05,2409.8200000000056,13.750000000000028,3596.250000000005,20.850000000000026,300.0,1693310.0,1936.160000000005,12.250000000000027,550.0,503714.0,False,2409.8200000000056
2024-04-29,2024-05-02,3,22500.0,258.7,-1260.209999999999,-5.099999999999994,-3049.609999999998,-13.24999999999999,250.0,863120.0,-2334.889999999999,-9.699999999999994,500.0,1251282.0,False,-1260.209999999999
2024-04-30,2024-05-02,2,22700.0,180.05,3743.560000000001,20.400000000000006,2141.5400000000004,13.150000000000002,200.0,3589657.0,1195.280000000001,8.250000000000005,350.0,1345676.0,False,3743.560000000001
2024-05-02,2024-05-02,0,22550.0,188.0,15808.96,82.25,8202.31,44.15,200.0,7787955.0,14895.02,78.45,400.0,5093756.0,True,14895.02
2024-05-03,2024-05-09,6,22750.0,256.20000000000005,-16995.829999999994,-85.74999999999997,-4119.209999999992,-18.59999999999996,250.0,2907510.0,-12817.099999999995,-63.34999999999997,500.0,916690.0,False,-16995.829999999994
2024-05-06,2024-05-09,3,22550.0,254.0,-1248.7700000000023,-5.050000000000011,-2232.0700000000024,-9.050000000000011,250.0,2892783.0,-3116.9900000000016,-13.70000000000001,500.0,815428.0,False,-1248.7700000000023
2024-05-07,2024-05-09,2,22500.0,231.2,-8479.590000000002,-42.150000000000006,-5923.9000000000015,-28.000000000000007,250.0,1431450.0,-8496.58,-41.300000000000004,450.0,1380963.0,False,-8479.590000000002
2024-05-08,2024-05-09,1,22250.0,227.9,14136.13,73.75,7185.470000000001,39.050000000000004,250.0,6428377.0,11455.120000000003,60.900000000000006,450.0,3575319.0,False,14136.13
2024-05-09,2024-05-09,0,22200.0,149.8,-16752.830000000005,-84.70000000000002,-10885.660000000003,-53.600000000000016,150.0,14106570.0,-18613.140000000003,-93.35000000000002,300.0,12593999.0,True,-18613.140000000003
2024-05-10,2024-05-16,6,22000.0,341.9,6992.880000000002,37.35000000000001,920.1400000000014,7.250000000000007,350.0,545443.0,4688.430000000002,26.45000000000001,700.0,623313.0,False,6992.880000000002
2024-05-13,2024-05-16,3,22050.0,295.0,8775.530000000002,46.400000000000006,2270.0000000000014,14.050000000000008,300.0,1423291.0,7008.3600000000015,38.25000000000001,600.0,810226.0,False,8775.530000000002
2024-05-14,2024-05-16,2,22100.0,243.6,3154.9399999999973,17.499999999999986,669.2299999999987,5.749999999999993,250.0,1181295.0,696.0799999999972,5.7999999999999865,500.0,929618.0,False,3154.9399999999973
2024-05-15,2024-05-16,1,22250.0,184.35,7215.1799999999985,38.19999999999999,1764.649999999997,11.199999999999983,200.0,3194915.0,4932.849999999998,27.399999999999988,350.0,3335473.0,False,7215.1799999999985
2024-05-16,2024-05-16,0,22300.0,119.9,3696.8199999999997,20.049999999999997,-3718.230000000001,-17.050000000000004,100.0,32454712.0,109.54999999999961,2.549999999999998,250.0,10393542.0,True,109.54999999999961
2024-05-17,2024-05-23,6,22400.0,311.5,6789.14,36.25,2843.99,17.049999999999997,300.0,999419.0,4132.619999999999,23.549999999999997,600.0,550398.0,False,6789.14
2024-05-18,2024-05-23,5,22500.0,260.85,4329.239999999996,23.549999999999983,2170.3799999999965,13.499999999999982,250.0,158965.0,3135.1599999999967,18.349999999999984,500.0,355385.0,False,4329.239999999996
2024-05-21,2024-05-23,2,22400.0,224.05,-3550.219999999998,-16.89999999999999,899.2200000000021,6.95000000000001,200.0,1676058.0,-5728.289999999998,-27.14999999999999,450.0,539542.0,False,-3550.219999999998
2024-05-22,2024-05-23,1,22600.0,197.95,10702.970000000001,56.10000000000001,4852.450000000001,27.050000000000004,200.0,3539331.0,8187.1500000000015,44.10000000000001,400.0,2611721.0,False,10702.970000000001
2024-05-23,2024-05-23,0,22600.0,123.8,-46665.34,-238.05,-7213.430000000006,-34.50000000000003,100.0,15455876.0,-29021.780000000002,-146.55,250.0,6861676.0,True,-29021.780000000002
2024-05-24,2024-05-30,6,22950.0,338.0,3686.969999999998,20.39999999999999,-242.43000000000194,1.29999999999999,350.0,899930.0,1790.2099999999987,11.599999999999993,700.0,174461.0,False,3686.969999999998
2024-05-27,2024-05-30,3,23050.0,280.2,1434.5199999999973,8.749999999999986,-3682.6700000000033,-16.450000000000017,300.0,768560.0,579.4599999999969,5.299999999999984,550.0,1200813.0,False,1434.5199999999973
2024-05-28,2024-05-30,2,23000.0,268.4,8258.230000000003,43.70000000000002,1194.4000000000042,8.500000000000021,250.0,888555.0,6539.320000000003,35.80000000000002,550.0,505372.0,False,8258.230000000003
2024-05-29,2024-05-30,1,22750.0,228.15,11199.47,58.7,3679.85,21.1,250.0,4127342.0,7717.6,41.75,450.0,2287594.0,False,11199.47
2024-05-30,2024-05-30,0,22600.0,182.0,11537.950000000003,60.35000000000001,3188.8100000000027,18.450000000000014,200.0,17754080.0,9228.870000000003,49.400000000000006,350.0,7656645.0,True,9228.870000000003
2024-05-31,2024-06-06,6,22550.0,1057.0,37643.85,195.75,37130.49,194.4,1050.0,309901.0,,,,,False,37643.85
2024-06-03,2024-06-06,3,23350.0,713.05,5172.1000000000095,28.700000000000045,-2969.0199999999895,-11.699999999999946,700.0,164038.0,,,,,False,5172.1000000000095
2024-06-04,2024-06-06,2,23200.0,450.0,-200049.86,-1023.5500000000001,-68901.31000000003,-348.60000000000014,450.0,243319.0,-106655.57000000002,-542.8000000000001,900.0,782221.0,False,-200049.86
2024-06-05,2024-06-06,1,22150.0,681.7,38217.34,198.0,8772.959999999997,48.09999999999999,700.0,439072.0,25710.220000000005,134.8,1350.0,1441056.0,False,38217.34
2024-06-06,2024-06-06,0,22800.0,325.0,59018.22,303.95,42048.99,217.9,350.0,19079.0,52297.28,270.45,650.0,5101.0,True,52297.28
2024-06-07,2024-06-13,6,22800.0,510.85,-24004.110000000004,-121.20000000000002,-1518.090000000001,-4.650000000000006,500.0,688466.0,-20808.770000000004,-103.85000000000002,1000.0,538009.0,False,-24004.110000000004
2024-06-10,2024-06-13,3,23300.0,418.85,14077.469999999996,73.79999999999998,5502.429999999996,30.899999999999977,400.0,1259173.0,9616.429999999997,51.84999999999998,850.0,254828.0,False,14077.469999999996
2024-06-11,2024-06-13,2,23300.0,330.3,18723.81,97.45,6284.150000000001,34.650000000000006,350.0,707440.0,13475.16,71.45,650.0,484306.0,False,18723.81
2024-06-12,2024-06-13,1,23350.0,207.65,7031.220000000002,37.30000000000001,33.74000000000217,2.400000000000011,200.0,1669704.0,3967.590000000002,22.50000000000001,400.0,1482640.0,False,7031.220000000002
2024-06-13,2024-06-13,0,23500.0,177.95,13939.390000000001,72.65,7874.23,42.449999999999996,200.0,8947289.0,11532.77,61.2,350.0,3261252.0,True,11532.77
2024-06-14,2024-06-20,6,23450.0,279.55,8400.58,44.45,2131.790000000001,13.300000000000004,300.0,426807.0,6622.920000000002,36.25000000000001,550.0,620905.0,False,8400.58
2024-06-18,2024-06-20,2,23550.0,208.7,7255.2300000000005,38.45,930.6200000000007,7.0000000000000036,200.0,847966.0,4376.390000000001,24.600000000000005,400.0,591597.0,False,7255.2300000000005
2024-06-19,2024-06-20,1,23650.0,161.35,-6737.499999999999,-33.349999999999994,-2918.910000000001,-12.750000000000007,150.0,4894065.0,-5533.619999999999,-26.249999999999996,300.0,1966807.0,False,-6737.499999999999
2024-06-20,2024-06-20,0,23600.0,127.0,17303.98,89.8,6097.329999999998,33.24999999999999,150.0,20098078.0,13697.35,72.2,250.0,9726773.0,True,13697.35
2024-06-21,2024-06-27,6,23650.0,271.15,-3420.760000000004,-16.15000000000002,-129.64000000000402,1.7999999999999794,250.0,1569189.0,-2208.230000000004,-9.00000000000002,550.0,1248474.0,False,-3420.760000000004
2024-06-24,2024-06-27,3,23400.0,250.4,-4320.63,-20.799999999999997,635.7099999999998,5.649999999999999,250.0,783879.0,-4344.53,-20.0,500.0,1039680.0,False,-4320.63
2024-06-25,2024-06-27,2,23600.0,210.95,-5877.219999999999,-28.849999999999994,-4013.409999999999,-18.249999999999996,200.0,2085969.0,-6908.089999999998,-33.19999999999999,400.0,1425018.0,False,-5877.219999999999
2024-06-26,2024-06-27,1,23700.0,181.75,-6315.540000000003,-31.150000000000013,-5800.060000000002,-27.50000000000001,200.0,3096407.0,-8036.370000000002,-39.05000000000001,350.0,1150274.0,False,-6315.540000000003
2024-06-27,2024-06-27,0,23900.0,145.8,1716.8199999999977,9.949999999999989,-7500.790000000004,-36.40000000000002,150.0,20533128.0,-143.51000000000218,1.2999999999999887,300.0,13127838.0,True,-143.51000000000218
2024-06-28,2024-07-04,6,24100.0,338.29999999999995,8360.009999999998,44.349999999999994,3507.339999999999,20.499999999999993,350.0,583299.0,6356.729999999998,34.99999999999999,700.0,517451.0,False,8360.009999999998
2024-07-01,2024-07-04,3,24000.0,313.75,4895.6500000000015,26.55000000000001,2880.970000000003,17.250000000000014,300.0,849054.0,2865.8800000000024,17.05000000000001,650.0,193274.0,False,4895.6500000000015
2024-07-02,2024-07-04,2,24250.0,238.5,3907.989999999997,21.349999999999987,299.8099999999975,3.849999999999987,250.0,2492003.0,2422.669999999998,14.649999999999988,500.0,471255.0,False,3907.989999999997
2024-07-03,2024-07-04,1,24300.0,173.05,4214.359999999999,22.799999999999997,-2530.770000000001,-10.800000000000004,150.0,1995955.0,2731.6399999999994,16.099999999999998,350.0,1228108.0,False,4214.359999999999
2024-07-04,2024-07-04,0,24350.0,139.0,16928.95,87.9,9361.35,50.0,150.0,18878680.0,14668.68,77.2,300.0,5633774.0,True,14668.68
2024-07-05,2024-07-11,6,24200.0,293.75,4551.6,24.75,2899.9099999999994,17.299999999999997,300.0,883171.0,3165.26,18.55,600.0,630988.0,False,4551.6
2024-07-08,2024-07-11,3,24350.0,242.05,6257.919999999998,33.39999999999999,2009.2699999999982,12.59999999999999,250.0,1138728.0,4550.309999999999,25.54999999999999,500.0,457462.0,False,6257.919999999998
2024-07-09,2024-07-11,2,24350.0,209.85,3118.2499999999986,17.249999999999993,-282.48000000000195,0.79999999999999,200.0,805511.0,1849.6299999999983,11.649999999999991,400.0,581644.0,False,3118.2499999999986
2024-07-10,2024-07-11,1,24450.0,159.2,-3858.689999999999,-18.599999999999994,-3302.559999999999,-14.749999999999996,150.0,4856292.0,-2896.349999999999,-12.749999999999995,300.0,2068362.0,False,-3858.689999999999
2024-07-11,2024-07-11,0,24400.0,116.5,5649.249999999998,30.04999999999999,-3343.520000000002,-15.15000000000001,100.0,18413387.0,3398.719999999998,19.39999999999999,250.0,5266870.0,True,3398.719999999998
2024-07-12,2024-07-18,6,24400.0,240.15,-4570.620000000002,-22.10000000000001,-3436.4800000000023,-15.25000000000001,250.0,632227.0,-5081.250000000002,-23.800000000000008,500.0,901376.0,False,-4570.620000000002
2024-07-15,2024-07-18,3,24600.0,224.8,5229.960000000002,28.10000000000001,236.30000000000206,3.5000000000000107,200.0,1622405.0,4097.1100000000015,23.20000000000001,450.0,465264.0,False,5229.960000000002
2024-07-16,2024-07-18,2,24600.0,197.95,10702.969999999998,56.099999999999994,4063.3799999999983,22.999999999999993,200.0,1740224.0,8324.07,44.8,400.0,1152273.0,False,10702.969999999998
2024-07-18,2024-07-18,0,24550.0,169.0,-17237.76,-87.14999999999999,-3770.179999999997,-17.049999999999986,150.0,21548335.0,-18259.079999999998,-91.49999999999999,350.0,11563011.0,True,-18259.079999999998
2024-07-19,2024-07-25,6,24850.0,469.7,-13169.900000000005,-65.75000000000003,-292.65000000000896,1.4999999999999538,450.0,475844.0,-9576.280000000004,-46.35000000000002,950.0,349154.0,False,-13169.900000000005
2024-07-22,2024-07-25,3,24450.0,448.1,2125.579999999999,12.599999999999994,-1444.1699999999996,-4.549999999999997,450.0,791393.0,2756.3699999999994,16.799999999999997,900.0,145558.0,False,2125.579999999999
2024-07-23,2024-07-25,2,24550.0,430.9,36775.5,190.15,16835.67,88.9,450.0,2061969.0,27595.45,144.0,850.0,1137772.0,False,36775.5
2024-07-24,2024-07-25,1,24450.0,219.0,10529.58,55.25,712.7099999999998,5.899999999999999,200.0,2183393.0,7662.27,41.45,450.0,2740807.0,False,10529.58
2024-07-25,2024-07-25,0,24250.0,160.7,1213.9200000000012,7.400000000000006,-9867.42,-48.5,150.0,12851395.0,-2207.339999999999,-9.249999999999995,300.0,5920454.0,True,-2207.339999999999
2024-07-26,2024-08-01,6,24400.0,320.0,-38560.05999999999,-196.14999999999998,-9330.659999999993,-44.999999999999964,300.0,1076281.0,-30276.699999999997,-152.7,650.0,341479.0,False,-38560.05999999999
2024-07-29,2024-08-01,3,24950.0,258.95,2105.539999999998,12.149999999999991,413.23999999999864,4.499999999999993,250.0,2248663.0,-542.8100000000014,-0.5000000000000071,500.0,690086.0,False,2105.539999999998
2024-07-30,2024-08-01,2,24850.0,243.15,9272.150000000001,48.85000000000001,3972.2800000000016,22.65000000000001,250.0,1394011.0,7720.940000000001,41.80000000000001,500.0,832182.0,False,9272.150000000001
2024-07-31,2024-08-01,1,24900.0,202.3,5579.48,29.85,3410.2700000000004,19.700000000000003,200.0,2062373.0,4456.95,25.0,400.0,1930828.0,False,5579.48
2024-08-01,2024-08-01,0,25050.0,140.85,18372.180000000004,95.30000000000001,7360.68,39.75,150.0,16006832.0,15585.070000000002,81.9,300.0,4876708.0,True,15585.070000000002
2024-08-02,2024-08-08,6,24800.0,297.15,-4669.09,-22.5,-685.8700000000014,-1.000000000000007,300.0,1355779.0,-5204.959999999999,-24.299999999999997,600.0,975024.0,False,-4669.09
2024-08-05,2024-08-08,3,24300.0,290.5,-24383.699999999997,-123.54999999999998,-4015.269999999999,-17.899999999999995,300.0,2052888.0,-9506.289999999999,-46.19999999999999,600.0,1427284.0,False,-24383.699999999997
2024-08-06,2024-08-08,2,24200.0,322.0,1897.590000000003,11.200000000000017,-5028.399999999995,-23.199999999999974,300.0,2177065.0,450.4800000000039,4.7500000000000195,650.0,704589.0,False,1897.590000000003
2024-08-07,2024-08-08,1,24300.0,242.9,12647.840000000002,66.15,7194.370000000001,39.150000000000006,250.0,1725103.0,7155.320000000001,38.900000000000006,500.0,2422202.0,False,12647.840000000002
2024-08-08,2024-08-08,0,24250.0,174.9,11462.450000000004,59.95000000000002,-2222.3999999999965,-9.299999999999983,150.0,28430858.0,8948.490000000003,47.95000000000002,350.0,16874177.0,True,8948.490000000003
2024-08-09,2024-08-14,5,24400.0,316.25,4670.370000000001,25.400000000000006,-5689.599999999999,-26.649999999999995,300.0,1179149.0,-144.0599999999987,1.6500000000000066,650.0,337562.0,False,4670.370000000001
2024-08-12,2024-08-14,2,24300.0,286.25,9129.88,48.2,3865.900000000002,22.20000000000001,300.0,2762898.0,5508.810000000001,30.550000000000004,550.0,684624.0,False,9129.88
2024-08-13,2024-08-14,1,24350.0,242.05,-1283.51,-5.25,-75.84999999999945,1.9500000000000028,250.0,3476890.0,-2036.6400000000003,-8.200000000000001,500.0,1288978.0,False,-1283.51
2024-08-14,2024-08-14,0,24200.0,186.2,24980.29,129.25,17910.22,93.9,200.0,9789482.0,23363.91,121.85,350.0,3057494.0,True,23363.91
2024-08-16,2024-08-22,6,24350.0,334.5,-994.6800000000044,-3.6000000000000227,-681.5400000000061,-0.9500000000000313,350.0,2221712.0,-4090.660000000004,-18.550000000000022,650.0,1376924.0,False,-994.6800000000044
2024-08-19,2024-08-22,3,24650.0,252.1,5893.350000000002,31.55000000000001,4587.1500000000015,25.85000000000001,250.0,1546157.0,2720.1400000000017,16.20000000000001,500.0,373378.0,False,5893.350000000002
2024-08-20,2024-08-22,2,24650.0,204.9,5354.1600000000035,28.700000000000017,463.42000000000377,4.600000000000019,200.0,949323.0,3363.770000000003,19.400000000000016,400.0,750484.0,False,5354.1600000000035
2024-08-21,2024-08-22,1,24700.0,177.45,8788.370000000004,46.250000000000014,4657.590000000003,26.000000000000014,200.0,3138535.0,7023.770000000003,38.100000000000016,350.0,1142283.0,False,8788.370000000004
2024-08-22,2024-08-22,0,24850.0,108.55000000000001,12783.779999999999,66.6,4474.72,24.9,100.0,18752073.0,10045.44,53.45,200.0,7272213.0,True,10045.44
2024-08-23,2024-08-29,6,24850.0,283.75,4477.139999999999,24.349999999999994,4154.549999999998,23.699999999999992,300.0,431508.0,2883.0899999999992,17.099999999999994,550.0,417593.0,False,4477.139999999999
2024-08-26,2024-08-29,3,24900.0,276.95,6206.3899999999985,33.19999999999999,4475.109999999998,25.29999999999999,300.0,939796.0,4274.359999999998,24.19999999999999,550.0,310070.0,False,6206.3899999999985
2024-08-27,2024-08-29,2,25000.0,202.15,7872.210000000002,41.60000000000001,4252.5700000000015,24.00000000000001,200.0,2070621.0,6311.710000000002,34.50000000000001,400.0,812491.0,False,7872.210000000002
2024-08-28,2024-08-29,1,25050.0,155.0,6815.94,36.1,1434.0499999999995,9.449999999999998,150.0,4659764.0,4514.750000000001,25.200000000000003,300.0,1643907.0,False,6815.94
2024-08-29,2024-08-29,0,25050.0,93.35,-5913.140000000002,-29.250000000000007,-12237.410000000002,-60.75000000000001,100.0,36341005.0,-9032.510000000002,-44.35000000000001,200.0,23183048.0,True,-9032.510000000002
2024-08-30,2024-09-05,6,25250.0,285.45,7305.779999999996,38.84999999999998,2909.069999999997,17.299999999999983,300.0,502980.0,6562.189999999996,35.94999999999998,550.0,629401.0,False,7305.779999999996
2024-09-02,2024-09-05,3,25350.0,237.5,4015.6600000000008,21.900000000000006,2340.100000000001,14.300000000000004,250.0,1446077.0,3408.7100000000014,19.700000000000006,500.0,589668.0,False,4015.6600000000008
2024-09-03,2024-09-05,2,25300.0,212.9,8365.920000000002,44.150000000000006,4558.780000000002,25.60000000000001,200.0,1369142.0,7224.950000000001,39.2,450.0,443254.0,False,8365.920000000002
2024-09-04,2024-09-05,1,25100.0,168.14999999999998,3484.4099999999967,19.049999999999983,-2372.8500000000026,-10.000000000000014,150.0,1957388.0,1153.0599999999968,7.999999999999983,350.0,1150037.0,False,3484.4099999999967
2024-09-05,2024-09-05,0,25250.0,100.0,-959.4399999999989,-3.8499999999999943,-9357.94,-46.0,100.0,14773719.0,-3902.6699999999987,-18.049999999999994,200.0,10561249.0,True,-3902.6699999999987
2024-09-06,2024-09-12,6,25100.0,299.75,-12884.619999999997,-64.59999999999998,-231.74999999999335,1.400000000000034,300.0,1647144.0,-5934.849999999996,-27.999999999999975,600.0,1212139.0,False,-12884.619999999997
2024-09-09,2024-09-12,3,24800.0,327.0,14188.43,74.2,5853.889999999999,32.449999999999996,350.0,540822.0,10412.87,55.75,650.0,253399.0,False,14188.43
2024-09-10,2024-09-12,2,25000.0,201.0,6526.290000000001,34.7,-1036.4499999999996,-3.099999999999998,200.0,3538776.0,3843.300000000001,21.850000000000005,400.0,2158452.0,False,6526.290000000001
2024-09-11,2024-09-12,1,25050.0,150.8,-10372.730000000001,-52.00000000000001,-5033.5300000000025,-23.600000000000012,150.0,5875117.0,-8641.63,-42.2,300.0,2771615.0,False,-10372.730000000001
2024-09-12,2024-09-12,0,25050.0,140.95,-40066.64,-204.2,-10278.79,-50.3,150.0,32254601.0,-34175.38,-173.05,300.0,18794991.0,True,-34175.38
2024-09-13,2024-09-19,6,25450.0,310.0,7540.890000000002,40.10000000000001,1155.380000000002,8.40000000000001,300.0,600990.0,4169.750000000002,23.750000000000007,600.0,294252.0,False,7540.890000000002
2024-09-16,2024-09-19,3,25400.0,235.35,3509.1199999999967,19.299999999999983,-1932.040000000003,-7.600000000000016,250.0,742836.0,617.559999999997,5.399999999999985,450.0,344345.0,False,3509.1199999999967
2024-09-17,2024-09-19,2,25400.0,216.2,3359.88,18.5,2482.43,15.0,200.0,1435441.0,2752.48,16.3,450.0,304479.0,False,3359.88
2024-09-18,2024-09-19,1,25400.0,187.6,-5390.810000000001,-26.400000000000006,-1630.9500000000016,-6.1000000000000085,200.0,2602157.0,-3818.000000000001,-17.400000000000006,400.0,2625119.0,False,-5390.810000000001
2024-09-19,2024-09-19,0,25500.0,170.0,15034.92,78.25,1008.6999999999994,7.2499999999999964,150.0,18101224.0,11740.47,62.25,350.0,8453496.0,True,11740.47
2024-09-20,2024-09-26,6,25550.0,298.0,-12044.970000000005,-60.300000000000026,-5843.820000000006,-27.400000000000034,300.0,740457.0,-12357.190000000006,-60.950000000000024,600.0,507480.0,False,-12044.970000000005
2024-09-23,2024-09-26,3,25850.0,273.2,3671.1599999999976,20.19999999999999,3449.389999999998,20.09999999999999,250.0,1090553.0,1938.5899999999976,12.249999999999988,550.0,860880.0,False,3671.1599999999976
2024-09-24,2024-09-26,2,25900.0,242.7,8472.31,44.75,3074.09,18.05,250.0,627803.0,5719.68,31.55,500.0,753426.0,False,8472.31
2024-09-25,2024-09-26,1,25900.0,179.45,4260.850000000001,23.050000000000004,2065.770000000001,12.750000000000004,200.0,2509165.0,845.1400000000009,6.450000000000005,350.0,792263.0,False,4260.850000000001
2024-09-26,2024-09-26,0,26000.0,115.8,-22243.07,-112.9,-5213.240000000001,-24.500000000000004,100.0,20618153.0,-23646.91,-119.2,250.0,10066764.0,True,-23646.91
2024-09-27,2024-10-03,6,26250.0,302.75,8577.629999999997,45.39999999999999,2381.3399999999983,14.649999999999991,300.0,531909.0,6495.289999999998,35.64999999999999,600.0,265241.0,False,8577.629999999997
2024-09-30,2024-10-03,3,26050.0,306.7,1961.6100000000001,11.5,4712.510000000001,26.650000000000006,300.0,1056990.0,2248.74,13.9,600.0,797932.0,False,1961.6100000000001
2024-10-01,2024-10-03,2,25800.0,231.45,16238.270000000004,84.55000000000001,6722.960000000002,36.70000000000001,250.0,1614278.0,11352.500000000002,60.40000000000001,450.0,1026484.0,False,16238.270000000004
2024-10-03,2024-10-03,0,25450.0,221.0,4536.859999999996,24.549999999999983,1525.3199999999965,9.999999999999982,200.0,12520612.0,3593.739999999997,20.599999999999984,450.0,10498880.0,True,3593.739999999997
2024-10-04,2024-10-10,6,25200.0,380.9,-456.8,-0.75,1558.6100000000006,10.700000000000003,400.0,1702110.0,-257.5099999999993,1.2500000000000036,750.0,349050.0,False,-456.8
2024-10-07,2024-10-10,3,25100.0,312.8,-17287.6,-87.15,-9371.650000000001,-45.35000000000001,300.0,1527111.0,-15602.43,-77.5,650.0,494544.0,False,-17287.6
2024-10-08,2024-10-10,2,24850.0,335.05,7334.030000000004,39.10000000000002,-2150.739999999996,-8.499999999999979,350.0,2205936.0,2667.4200000000046,16.100000000000023,650.0,932864.0,False,7334.030000000004
2024-10-09,2024-10-10,1,25050.0,245.55,9912.35,52.15,-702.4700000000001,-1.3000000000000007,250.0,3508731.0,3543.109999999999,20.399999999999995,500.0,1065941.0,False,9912.35
2024-10-10,2024-10-10,0,25050.0,158.0,20527.55,106.4,10473.86,55.75,150.0,22030634.0,17126.37,89.85,300.0,7764490.0,True,17126.37
2024-10-11,2024-10-17,6,25000.0,335.35,9421.35,49.8,2044.3399999999986,12.999999999999993,350.0,329417.0,6597.67,36.25,650.0,220178.0,False,9421.35
2024-10-14,2024-10-17,3,25000.0,279.0,4428.050000000002,24.10000000000001,614.9800000000016,5.550000000000008,300.0,806728.0,1821.6500000000015,11.650000000000007,550.0,307458.0,False,4428.050000000002
2024-10-15,2024-10-17,2,25200.0,215.35,-3674.2400000000025,-17.55000000000001,72.95999999999702,2.699999999999985,200.0,1682130.0,-3385.2800000000016,-15.15000000000001,450.0,557935.0,False,-3674.2400000000025
2024-10-16,2024-10-17,1,25000.0,188.2,10713.49,56.15,3879.74,22.05,200.0,4208473.0,8881.01,47.65,400.0,2095025.0,False,10713.49
2024-10-17,2024-10-17,0,25050.0,121.9,-34649.39,-176.5,-8322.929999999997,-40.29999999999998,100.0,4843285.0,-27416.469999999998,-138.45,250.0,8089320.0,True,-27416.469999999998
2024-10-18,2024-10-24,6,24650.0,379.65,4596.399999999995,25.149999999999977,2298.2499999999955,14.399999999999977,400.0,358090.0,585.8299999999954,5.499999999999977,750.0,545704.0,False,4596.399999999995
2024-10-21,2024-10-24,3,24950.0,254.65,-6097.810000000001,-29.900000000000006,-2485.06,-10.3,250.0,2063243.0,-3843.970000000001,-17.400000000000006,500.0,776376.0,False,-6097.810000000001
2024-10-22,2024-10-24,2,24800.0,237.05,-23541.93,-119.35000000000001,-9051.010000000002,-43.90000000000001,250.0,1359418.0,-15301.390000000001,-76.10000000000001,450.0,1262987.0,False,-23541.93
2024-10-23,2024-10-24,1,24400.0,195.1,5775.299999999999,30.849999999999994,-4759.190000000001,-22.20000000000001,200.0,3491095.0,1210.7299999999989,8.349999999999994,400.0,3492777.0,False,5775.299999999999
2024-10-24,2024-10-24,0,24400.0,160.0,30359.190000000002,156.8,19944.65,104.3,150.0,11759129.0,28196.83,146.6,300.0,7284276.0,True,28196.83
2024-10-25,2024-10-31,6,24400.0,336.29999999999995,-382.09999999999775,-0.44999999999998863,3500.8800000000037,20.55000000000002,350.0,571454.0,1615.3300000000022,10.75000000000001,650.0,313799.0,False,-382.09999999999775
2024-10-28,2024-10-31,3,24250.0,285.0,6142.629999999998,32.89999999999999,-2098.750000000002,-8.350000000000009,300.0,674778.0,2452.5699999999993,14.899999999999995,550.0,1050478.0,False,6142.629999999998
2024-10-29,2024-10-31,2,24350.0,237.8,4267.399999999998,23.19999999999999,1207.909999999998,8.49999999999999,250.0,2903469.0,3173.819999999998,18.49999999999999,500.0,1005013.0,False,4267.399999999998
2024-10-30,2024-10-31,1,24350.0,173.95,4534.410000000001,24.450000000000003,-4434.019999999999,-20.549999999999994,150.0,3852868.0,1598.4000000000003,10.3,350.0,3212781.0,False,4534.410000000001
2024-10-31,2024-10-31,0,24350.0,150.0,446.27000000000055,3.450000000000003,-7774.089999999999,-37.8,150.0,12238424.0,-2106.2899999999995,-8.749999999999998,300.0,5049187.0,True,-2106.2899999999995
2024-11-04,2024-11-07,3,24300.0,375.45,-13476.860000000004,-67.50000000000001,-3563.6800000000026,-15.500000000000014,400.0,1289519.0,-7983.7400000000025,-38.350000000000016,750.0,372562.0,False,-13476.860000000004
2024-11-05,2024-11-07,2,23900.0,378.0,-6132.770000000002,-29.85000000000001,-4193.780000000001,-18.800000000000004,400.0,2091116.0,-7065.590000000002,-33.70000000000001,750.0,302054.0,False,-6132.770000000002
2024-11-06,2024-11-07,1,24300.0,315.25,20412.01,106.1,10802.859999999999,57.79999999999999,300.0,4370603.0,15438.89,81.5,650.0,782625.0,False,20412.01
2024-11-07,2024-11-07,0,24500.0,171.0,-25556.639999999996,-129.79999999999998,-6752.789999999998,-32.24999999999999,150.0,5820451.0,-27875.099999999995,-140.79999999999998,350.0,3639959.0,True,-27875.099999999995
2024-11-08,2024-11-14,6,24200.0,365.95,14033.81,73.5,3709.71,21.6,350.0,503543.0,11300.15,60.4,750.0,286866.0,False,14033.81
2024-11-11,2024-11-14,3,24100.0,307.4,12630.899999999998,66.19999999999999,5845.119999999998,32.39999999999999,300.0,1894843.0,9118.729999999998,49.09999999999999,600.0,1469822.0,False,12630.899999999998
2024-11-12,2024-11-14,2,24250.0,235.85,-30447.56,-154.75,-12060.349999999999,-59.29999999999999,250.0,2924291.0,-21407.03,-107.39999999999999,450.0,1870806.0,False,-30447.56
2024-11-13,2024-11-14,1,23800.0,194.95,-14767.28,-74.45,-8806.02,-42.800000000000004,200.0,5896606.0,-13752.74,-68.3,400.0,4271898.0,False,-14767.28
2024-11-14,2024-11-14,0,23550.0,202.0,34284.71,177.0,23518.98,122.7,200.0,12212287.0,32102.829999999998,166.7,400.0,4525935.0,True,32102.829999999998
2024-11-18,2024-11-21,3,23600.0,320.6,12031.099999999999,63.14999999999999,9776.559999999998,52.599999999999994,300.0,2677161.0,10059.919999999998,53.94999999999999,650.0,451894.0,False,12031.099999999999
2024-11-19,2024-11-21,2,23550.0,241.0,4812.4900000000025,26.000000000000014,5691.460000000002,31.50000000000001,250.0,4020159.0,4946.730000000003,27.600000000000016,500.0,1388697.0,False,4812.4900000000025
2024-11-21,2024-11-21,0,23500.0,208.75,10520.71,55.2,174.3600000000008,3.0500000000000043,200.0,10648097.0,6719.55,36.6,400.0,6383513.0,True,6719.55
2024-11-22,2024-11-28,6,23400.0,378.55,-47705.94,-242.95,-13809.109999999991,-67.79999999999995,400.0,2107105.0,-35885.9,-181.29999999999998,750.0,439130.0,False,-47705.94
2024-11-25,2024-11-28,3,24250.0,335.45,9928.539999999997,52.39999999999998,-1359.8600000000047,-4.450000000000024,350.0,1745164.0,6762.359999999996,37.09999999999998,650.0,1331096.0,False,9928.539999999997
2024-11-26,2024-11-28,2,24350.0,275.0,6692.499999999998,35.69999999999999,4236.249999999999,24.099999999999994,300.0,1286596.0,4210.989999999997,23.899999999999988,550.0,1276204.0,False,6692.499999999998
2024-11-27,2024-11-28,1,24200.0,201.55,5177.940000000001,27.80000000000001,-979.209999999998,-2.79999999999999,200.0,4355324.0,1637.3100000000022,10.550000000000011,400.0,1995445.0,False,5177.940000000001
2024-11-28,2024-11-28,0,24250.0,154.9,-37772.99,-192.45000000000002,-8735.470000000001,-42.35000000000001,150.0,15162585.0,-30374.680000000004,-153.55,300.0,9047733.0,True,-30374.680000000004
2024-11-29,2024-12-05,6,23950.0,390.05,1061.5600000000022,7.050000000000011,-961.3999999999972,-2.249999999999986,400.0,610648.0,-1067.1799999999978,-2.9499999999999886,800.0,327563.0,False,1061.5600000000022
2024-12-02,2024-12-05,3,24150.0,329.6,-4066.8100000000018,-19.35000000000001,-2548.170000000001,-10.500000000000004,350.0,4106146.0,-4052.1200000000017,-18.35000000000001,650.0,3359230.0,False,-4066.8100000000018
2024-12-03,2024-12-05,2,24350.0,282.25,-655.1400000000006,-1.9500000000000028,-4152.8,-18.85,300.0,1551528.0,-3087.480000000001,-13.500000000000004,550.0,3009694.0,False,-655.1400000000006
2024-12-04,2024-12-05,1,24500.0,253.95,3920.1499999999983,21.44999999999999,1265.2799999999975,8.849999999999987,250.0,3647091.0,2239.2199999999975,13.74999999999999,500.0,7120850.0,False,3920.1499999999983
2024-12-05,2024-12-05,0,24550.0,239.10000000000002,29179.500000000007,150.90000000000003,20938.760000000002,109.55000000000003,250.0,20847998.0,26528.890000000003,138.20000000000002,500.0,9237804.0,True,26528.890000000003
2024-12-06,2024-12-12,6,24750.0,439.15,14329.160000000002,75.15,3046.2400000000007,18.350000000000005,450.0,1343649.0,10687.790000000003,57.400000000000006,900.0,484795.0,False,14329.160000000002
2024-12-09,2024-12-12,3,24650.0,367.35,13730.92,71.95,5308.079999999999,29.799999999999997,350.0,2593617.0,11300.260000000002,60.400000000000006,750.0,1062410.0,False,13730.92
2024-12-10,2024-12-12,2,24650.0,297.0,10791.1,56.75,3887.4700000000003,22.349999999999998,300.0,1901879.0,8253.77,44.65,600.0,1509862.0,False,10791.1
2024-12-11,2024-12-12,1,24600.0,232.7,19437.24,100.95,12105.830000000002,64.30000000000001,250.0,3094537.0,16695.94,87.8,450.0,1408552.0,False,19437.24
2024-12-12,2024-12-12,0,24600.0,125.4,14257.569999999998,74.19999999999999,7676.379999999999,41.349999999999994,150.0,9518862.0,8690.88,46.55,250.0,6093746.0,True,8690.88
2024-12-13,2024-12-19,6,24500.0,350.0,-5508.099999999996,-26.699999999999974,-4670.9599999999955,-21.299999999999976,350.0,1294825.0,-6157.589999999996,-29.099999999999977,700.0,2272390.0,False,-5508.099999999996
2024-12-16,2024-12-19,3,24750.0,237.9,-15377.86,-77.5,-13499.06,-66.75,250.0,4931772.0,-14960.560000000001,-74.4,500.0,1509867.0,False,-15377.86
2024-12-17,2024-12-19,2,24600.0,302.35,-3959.3900000000044,-18.850000000000023,-2626.1700000000033,-10.950000000000017,300.0,3910688.0,-3476.7100000000046,-15.450000000000022,600.0,3932617.0,False,-3959.3900000000044
2024-12-18,2024-12-19,1,24300.0,230.95,8630.07,45.55,2968.06,17.5,250.0,3272335.0,6684.42,36.5,450.0,2229136.0,False,8630.07
2024-12-19,2024-12-19,0,23900.0,153.55,19446.43,100.85,9382.839999999998,50.14999999999999,150.0,6927788.0,12904.229999999998,68.19999999999999,300.0,4904667.0,True,12904.229999999998
2024-12-20,2024-12-26,6,23950.0,431.45,-4903.590000000004,-23.450000000000017,-1773.88,-6.25,450.0,1579371.0,-3989.5200000000036,-17.80000000000002,850.0,978570.0,False,-4903.590000000004
2024-12-23,2024-12-26,3,23750.0,355.0,30493.34,157.85,12204.619999999997,65.04999999999998,350.0,2882914.0,24435.319999999996,127.69999999999999,700.0,895665.0,False,30493.34
2024-12-24,2024-12-26,2,23750.0,196.89999999999998,11617.489999999998,60.79999999999999,7490.869999999999,40.599999999999994,200.0,1854817.0,8183.009999999998,44.099999999999994,400.0,1036867.0,False,11617.489999999998
2024-12-26,2024-12-26,0,23800.0,118.75,13069.949999999999,68.1,636.2099999999987,5.249999999999993,100.0,18886407.0,8186.12,43.949999999999996,250.0,7939827.0,True,8186.12
2024-12-27,2025-01-02,6,23800.0,360.0,13440.95,70.45,4164.4400000000005,23.900000000000006,350.0,244455.0,10006.23,53.75,700.0,270489.0,False,13440.95
2024-12-30,2025-01-02,3,23800.0,289.2,2327.169999999996,13.34999999999998,1434.189999999996,9.79999999999998,300.0,1325501.0,1748.859999999996,11.29999999999998,600.0,758730.0,False,2327.169999999996
2024-12-31,2025-01-02,2,23550.0,284.2,-2714.0100000000057,-12.500000000000028,857.8299999999961,6.84999999999998,300.0,581842.0,-2952.4400000000055,-12.80000000000003,550.0,1007468.0,False,-2714.0100000000057
2025-01-01,2025-01-02,1,23650.0,285.9,2240.5700000000043,12.90000000000002,1168.3300000000038,8.40000000000002,300.0,998106.0,397.3600000000039,4.35000000000002,550.0,873628.0,False,2240.5700000000043
2025-01-02,2025-01-02,0,23800.0,205.0,-36718.17,-186.95000000000002,-10291.630000000003,-50.250000000000014,200.0,3624935.0,-39262.22000000001,-199.10000000000002,400.0,2260451.0,True,-39262.22000000001
2025-01-03,2025-01-09,6,24200.0,375.0,4071.350000000001,22.450000000000003,1457.8200000000015,10.100000000000009,400.0,614124.0,2243.350000000001,14.000000000000004,750.0,277877.0,False,4071.350000000001
2025-01-06,2025-01-09,3,24050.0,310.7,-43077.30000000001,-219.35000000000002,-7532.580000000007,-35.750000000000036,300.0,664609.0,-23075.400000000005,-115.70000000000002,600.0,495712.0,False,-43077.30000000001
2025-01-07,2025-01-09,2,23700.0,378.5,26427.020000000004,137.05,10158.569999999998,54.599999999999994,400.0,1061618.0,21765.28,114.05,750.0,476337.0,False,26427.020000000004
2025-01-08,2025-01-09,1,23750.0,242.65,15941.580000000002,83.05000000000001,7818.750000000002,42.35000000000001,250.0,4810284.0,14342.62,75.75,500.0,1551077.0,False,15941.580000000002
2025-01-09,2025-01-09,0,23650.0,126.55,-949.8500000000028,-3.750000000000014,-9540.530000000004,-46.90000000000002,150.0,4919194.0,-5921.4900000000025,-28.350000000000016,250.0,3252756.0,True,-5921.4900000000025
2025-01-10,2025-01-16,6,23550.0,384.95,11490.789999999997,60.499999999999986,7581.279999999997,41.499999999999986,400.0,574513.0,10558.649999999996,56.649999999999984,750.0,708485.0,False,11490.789999999997
2025-01-13,2025-01-16,3,23200.0,295.0,4373.469999999999,23.849999999999994,-3173.850000000002,-13.800000000000011,300.0,1063697.0,2054.3799999999983,12.899999999999991,600.0,574664.0,False,4373.469999999999
2025-01-14,2025-01-16,2,23150.0,234.0,7751.079999999998,41.04999999999999,-2474.210000000003,-10.400000000000016,250.0,885677.0,3943.8999999999983,22.44999999999999,450.0,451200.0,False,7751.079999999998
2025-01-15,2025-01-16,1,23250.0,153.9,8394.64,44.2,1070.7000000000003,7.600000000000001,150.0,3239787.0,6110.1900000000005,33.400000000000006,300.0,1267840.0,False,8394.64
2025-01-16,2025-01-16,0,23400.0,128.9,6238.24,33.1,-323.3400000000001,0.34999999999999964,150.0,2422950.0,3207.7500000000005,18.450000000000003,250.0,1457634.0,True,3207.7500000000005
2025-01-17,2025-01-23,6,23300.0,362.0,6651.2099999999955,35.64999999999998,-236.9000000000051,1.3999999999999737,350.0,539048.0,4021.6799999999953,23.099999999999977,700.0,551408.0,False,6651.2099999999955
2025-01-20,2025-01-23,3,23300.0,320.95,5807.71,31.25,3497.869999999999,20.449999999999996,300.0,1215138.0,4273.06,24.3,650.0,282407.0,False,5807.71
2025-01-21,2025-01-23,2,23400.0,274.05,-19526.8,-98.7,-4903.729999999998,-22.54999999999999,250.0,1094398.0,-15629.77,-77.75,550.0,541903.0,False,-19526.8
2025-01-22,2025-01-23,1,23100.0,223.9,17304.230000000003,90.00000000000001,3240.230000000003,18.850000000000016,200.0,3006441.0,13461.300000000003,71.20000000000002,450.0,938220.0,False,17304.230000000003
2025-01-23,2025-01-23,0,23150.0,115.0,11100.94,58.0,2832.3,16.5,100.0,3354082.0,7943.62,42.7,250.0,2553522.0,True,7943.62
2025-01-24,2025-01-30,6,23200.0,387.0,9246.550000000003,49.000000000000014,6204.950000000002,34.45000000000001,400.0,2530278.0,8188.050000000004,44.500000000000014,750.0,676102.0,False,9246.550000000003
2025-01-27,2025-01-30,3,22950.0,330.7,2634.0199999999973,14.999999999999986,1180.2499999999975,8.599999999999987,350.0,2231374.0,1388.7999999999972,9.549999999999986,650.0,1548364.0,False,2634.0199999999973
2025-01-28,2025-01-30,2,22950.0,289.4,1741.8299999999988,10.349999999999994,-1423.4700000000003,-4.850000000000001,300.0,1209378.0,-2708.310000000001,-11.550000000000004,600.0,979287.0,False,1741.8299999999988
2025-01-29,2025-01-30,1,23050.0,286.2,-5504.479999999999,-26.799999999999997,-1876.8599999999992,-7.149999999999995,300.0,1700995.0,-5507.969999999999,-25.899999999999995,550.0,4000008.0,False,-5504.479999999999
2025-01-30,2025-01-30,0,23150.0,225.95,29252.55,151.25,16496.9,86.75,250.0,11706452.0,26017.180000000004,135.55,450.0,8560896.0,True,26017.180000000004
2025-01-31,2025-02-06,6,23300.0,637.0,15018.279999999997,79.04999999999998,5601.649999999995,31.899999999999977,650.0,115400.0,11957.489999999996,64.29999999999998,1250.0,61954.0,False,15018.279999999997
2025-02-01,2025-02-06,5,23550.0,493.65000000000003,38451.380000000005,198.90000000000003,17134.06000000001,90.60000000000004,500.0,487011.0,30452.24000000001,158.80000000000004,1000.0,302970.0,False,38451.380000000005
2025-02-03,2025-02-06,3,23300.0,313.0,12599.61,66.05,4582.839999999998,25.949999999999992,300.0,1285431.0,9281.49,49.949999999999996,650.0,211500.0,False,12599.61
2025-02-04,2025-02-06,2,23500.0,210.5,-10305.43,-51.55,-4263.78,-19.5,200.0,1572575.0,-10128.56,-49.699999999999996,400.0,1105861.0,False,-10305.43
2025-02-05,2025-02-06,1,23800.0,164.65,-5499.430000000002,-27.000000000000007,-7257.3600000000015,-35.00000000000001,150.0,1426862.0,-7647.680000000002,-37.10000000000001,350.0,948117.0,False,-5499.430000000002
2025-02-06,2025-02-06,0,23750.0,139.35,-2993.150000000002,-14.20000000000001,-11829.350000000002,-58.60000000000001,150.0,3750186.0,-5477.4000000000015,-26.05000000000001,300.0,2188356.0,True,-5477.4000000000015
2025-02-07,2025-02-13,6,23650.0,358.7,9803.049999999996,51.79999999999998,363.84999999999775,4.449999999999989,350.0,1074443.0,6181.229999999996,34.14999999999998,700.0,371866.0,False,9803.049999999996
2025-02-10,2025-02-13,3,23550.0,315.0,3127.420000000003,17.500000000000014,3331.7000000000016,19.60000000000001,300.0,549343.0,3017.290000000003,17.850000000000016,650.0,714903.0,False,3127.420000000003
2025-02-11,2025-02-13,2,23400.0,274.0,-15361.689999999997,-77.34999999999998,-6076.769999999999,-28.599999999999994,250.0,801256.0,-13575.329999999994,-67.24999999999997,550.0,575562.0,False,-15361.689999999997
2025-02-12,2025-02-13,1,23050.0,225.05,9900.28,52.05,4604.01,25.849999999999998,250.0,4312908.0,7842.26,42.4,450.0,3503472.0,False,9900.28
2025-02-13,2025-02-13,0,23050.0,167.75,28688.39,148.25,16596.05,87.15,150.0,9777966.0,26633.33,138.6,350.0,4645372.0,True,26633.33
2025-02-14,2025-02-20,6,23100.0,360.0,2291.749999999997,13.299999999999983,1864.999999999996,12.199999999999978,350.0,655159.0,2206.8099999999968,13.799999999999983,700.0,756977.0,False,2291.749999999997
2025-02-17,2025-02-20,3,22800.0,335.0,-3044.569999999996,-14.09999999999998,-1868.9499999999953,-6.999999999999975,350.0,568493.0,-4376.879999999996,-19.99999999999998,650.0,453919.0,False,-3044.569999999996
2025-02-18,2025-02-20,2,22950.0,297.95,11493.069999999998,60.349999999999994,3810.98,21.95,300.0,740623.0,8840.129999999997,47.64999999999999,600.0,505134.0,False,11493.069999999998
2025-02-19,2025-02-20,1,22850.0,235.14999999999998,9994.159999999996,52.54999999999998,3264.309999999997,18.999999999999986,250.0,2938878.0,7204.879999999997,39.149999999999984,450.0,1838042.0,False,9994.159999999996
2025-02-20,2025-02-20,0,22800.0,164.25,9805.27,51.45,-755.7,-1.8000000000000007,150.0,4079795.0,7555.120000000001,40.800000000000004,350.0,1632693.0,True,7555.120000000001
2025-02-21,2025-02-27,6,22850.0,331.35,8671.710000000003,45.95000000000002,3335.7400000000034,19.60000000000002,350.0,1215485.0,6211.230000000005,34.25000000000002,650.0,683148.0,False,8671.710000000003
2025-02-24,2025-02-27,3,22600.0,308.7,20472.91,106.39999999999999,11078.719999999998,59.19999999999999,300.0,1320587.0,18726.57,98.35,600.0,778790.0,False,20472.91
2025-02-25,2025-02-27,2,22500.0,221.0,14047.340000000002,73.30000000000001,3966.6,22.55,200.0,1093682.0,11404.770000000002,60.650000000000006,450.0,310292.0,False,14047.340000000002
2025-02-27,2025-02-27,0,22550.0,108.9,20213.7,104.7,13476.5,71.05,100.0,3012657.0,17163.68,89.95,200.0,1302196.0,True,17163.68
2025-02-28,2025-03-06,6,22450.0,294.2,-12530.500000000002,-62.80000000000001,-5164.810000000004,-23.90000000000002,300.0,609689.0,-9246.790000000003,-45.00000000000001,600.0,317864.0,False,-12530.500000000002
2025-03-03,2025-03-06,3,22200.0,293.2,11026.579999999998,57.94999999999999,6864.769999999999,37.599999999999994,300.0,1846697.0,9016.239999999998,48.54999999999999,600.0,795627.0,False,11026.579999999998
2025-03-04,2025-03-06,2,21950.0,213.89999999999998,-2434.910000000003,-11.200000000000017,-5610.630000000005,-26.450000000000024,200.0,553763.0,-5100.270000000004,-23.950000000000017,450.0,768598.0,False,-2434.910000000003
2025-03-05,2025-03-06,1,22050.0,175.0,-26484.750000000004,-134.55,-10777.080000000004,-52.90000000000002,200.0,1344563.0,-20520.490000000005,-103.00000000000001,350.0,1257406.0,False,-26484.750000000004
2025-03-06,2025-03-06,0,22500.0,131.6,16674.4,86.6,10346.91,55.05,150.0,7700162.0,13000.100000000002,68.65,250.0,2097273.0,True,13000.100000000002
2025-03-07,2025-03-13,6,22500.0,312.0,4269.7699999999995,23.349999999999994,-965.0700000000013,-2.4500000000000064,300.0,1430849.0,1916.1499999999987,12.199999999999994,600.0,598378.0,False,4269.7699999999995
2025-03-10,2025-03-13,3,22500.0,270.0,5504.289999999999,29.599999999999994,1268.269999999999,8.899999999999995,250.0,1135827.0,3981.169999999999,22.699999999999996,550.0,594850.0,False,5504.289999999999
2025-03-11,2025-03-13,2,22350.0,217.1,-7030.359999999998,-34.74999999999999,-3970.139999999997,-17.999999999999986,200.0,1069972.0,-8106.269999999999,-39.349999999999994,450.0,802570.0,False,-7030.359999999998
2025-03-12,2025-03-13,1,22550.0,194.4,9804.09,51.5,3202.4299999999994,18.599999999999998,200.0,2459534.0,7980.54,43.05,400.0,982564.0,False,9804.09
2025-03-13,2025-03-13,0,22550.0,124.4,-6099.36,-30.15,-6876.960000000001,-33.150000000000006,100.0,5515338.0,-8778.72,-43.0,250.0,2802860.0,True,-8778.72
2025-03-17,2025-03-20,3,22350.0,274.95,-1335.2999999999977,-5.449999999999989,1325.9100000000014,9.250000000000007,250.0,920128.0,-2243.9999999999977,-9.199999999999989,550.0,517653.0,False,-1335.2999999999977
2025-03-18,2025-03-20,2,22650.0,210.14999999999998,-11573.37,-58.05,-4506.899999999999,-20.749999999999996,200.0,888260.0,-12212.68,-60.4,400.0,657096.0,False,-11573.37
2025-03-19,2025-03-20,1,22850.0,180.2,-442.5700000000008,-1.0500000000000043,-1695.3000000000006,-6.5000000000000036,200.0,1613051.0,-1546.920000000001,-5.800000000000004,350.0,2209735.0,False,-442.5700000000008
2025-03-20,2025-03-20,0,23050.0,124.95,-4314.519999999998,-20.999999999999986,-7137.429999999996,-34.49999999999998,100.0,6369013.0,-8554.599999999997,-41.84999999999999,250.0,4883105.0,True,-8554.599999999997
2025-03-21,2025-03-27,6,23150.0,262.75,-13114.110000000004,-65.85000000000002,-4010.050000000004,-18.05000000000002,250.0,1016818.0,-12098.020000000006,-59.700000000000024,550.0,470528.0,False,-13114.110000000004
2025-03-24,2025-03-27,3,23500.0,212.0,-21182.059999999998,-107.29999999999998,-9131.519999999993,-44.349999999999966,200.0,1390676.0,-13635.449999999993,-67.59999999999997,400.0,887737.0,False,-21182.059999999998
2025-03-25,2025-03-27,2,23750.0,265.65,9963.59,52.45,4188.89,23.85,250.0,2113395.0,8029.65,43.45,550.0,897270.0,False,9963.59
2025-03-26,2025-03-27,1,23700.0,222.5,-916.3599999999983,-3.3999999999999915,-14.559999999997899,2.2500000000000107,200.0,2734609.0,-851.2799999999984,-2.1499999999999915,450.0,1013852.0,False,-916.3599999999983
2025-03-27,2025-03-27,0,23450.0,148.5,232.21999999999886,2.3499999999999943,-8037.330000000001,-39.150000000000006,150.0,2678079.0,-3549.4300000000007,-16.150000000000006,300.0,1286848.0,True,-3549.4300000000007
2025-03-28,2025-04-03,6,23600.0,327.6,17120.329999999998,89.24999999999999,6131.499999999998,33.89999999999999,350.0,658775.0,12951.519999999997,68.79999999999998,650.0,255871.0,False,17120.329999999998
2025-04-01,2025-04-03,2,23350.0,223.0,-1023.8300000000006,-3.950000000000003,-1774.8000000000013,-6.750000000000007,200.0,1496610.0,-3908.4300000000007,-17.800000000000004,450.0,913658.0,False,-1023.8300000000006
2025-04-02,2025-04-03,1,23200.0,213.75,5983.129999999998,31.94999999999999,1782.3599999999979,11.399999999999988,200.0,3188820.0,4069.479999999998,23.04999999999999,450.0,790852.0,False,5983.129999999998
2025-04-03,2025-04-03,0,23150.0,146.75,8650.84,45.5,1630.7599999999998,10.399999999999999,150.0,4492319.0,3640.22,20.7,300.0,1600075.0,True,3640.22
2025-04-04,2025-04-09,5,23200.0,309.95,-10926.74,-54.55,-6466.019999999999,-30.549999999999997,300.0,1652073.0,-9278.899999999998,-45.14999999999999,600.0,691613.0,False,-10926.74
2025-04-07,2025-04-09,2,21750.0,579.15,-41321.28999999999,-209.84999999999997,2537.040000000007,16.400000000000034,600.0,211977.0,,,,,False,-41321.28999999999
2025-04-08,2025-04-09,1,22450.0,390.95,3451.049999999997,19.299999999999983,-8012.260000000004,-38.40000000000002,400.0,442452.0,-12905.110000000004,-63.60000000000002,800.0,251274.0,False,3451.049999999997
2025-04-09,2025-04-09,0,22450.0,321.55,52345.41999999999,269.79999999999995,39209.37999999999,203.34999999999997,300.0,2254112.0,47178.73,244.2,650.0,1760367.0,True,47178.73
2025-04-11,2025-04-17,6,22700.0,569.0,8019.809999999997,43.04999999999998,5635.279999999995,31.99999999999998,550.0,197081.0,6660.179999999997,37.04999999999998,1150.0,91416.0,False,8019.809999999997
2025-04-15,2025-04-17,2,23350.0,400.5,39206.97,202.6,14131.0,75.0,400.0,278860.0,29383.949999999997,153.14999999999998,800.0,163609.0,False,39206.97
2025-04-16,2025-04-17,1,23350.0,172.35,1462.3700000000003,8.700000000000003,-109.92999999999961,1.6500000000000021,150.0,3485907.0,-639.9699999999991,-1.149999999999995,350.0,2052704.0,False,1462.3700000000003
2025-04-17,2025-04-17,0,23400.0,147.5,-59834.61,-305.55,-11501.319999999998,-56.34999999999999,150.0,4262566.0,-33696.2,-170.4,300.0,3823622.0,True,-33696.2
2025-04-21,2025-04-24,3,23950.0,359.45000000000005,10339.270000000002,54.55000000000001,-2261.23,-9.0,350.0,621490.0,3816.400000000002,22.050000000000008,700.0,187866.0,False,10339.270000000002
2025-04-22,2025-04-24,2,24200.0,245.0,10478.300000000001,55.05000000000001,3606.4200000000023,20.80000000000001,250.0,532437.0,7304.960000000002,39.70000000000001,500.0,499730.0,False,10478.300000000001
2025-04-23,2025-04-24,1,24350.0,196.95,11120.000000000002,58.25000000000001,7140.5700000000015,38.80000000000001,200.0,1407472.0,10589.830000000002,56.45000000000001,400.0,744217.0,False,11120.000000000002
2025-04-24,2025-04-24,0,24300.0,110.75,10595.25,55.4,-4.800000000000864,1.9499999999999957,100.0,3549064.0,6462.409999999999,35.099999999999994,200.0,2620345.0,True,6462.409999999999
2025-04-25,2025-04-30,5,24300.0,386.0,-1755.9700000000012,-7.400000000000006,1086.0199999999995,8.299999999999997,400.0,1082999.0,1445.0199999999986,9.999999999999993,750.0,250534.0,False,-1755.9700000000012
2025-04-28,2025-04-30,2,24050.0,350.2,-3011.0599999999954,-13.899999999999977,-3724.909999999995,-16.499999999999975,350.0,537450.0,-6889.029999999996,-32.84999999999998,700.0,144958.0,False,-3011.0599999999954
2025-04-29,2025-04-30,1,24350.0,198.9,16757.3,87.15,7610.590000000001,41.2,200.0,910297.0,12472.960000000001,66.10000000000001,400.0,454089.0,False,16757.3
2025-04-30,2025-04-30,0,24350.0,107.35,17580.59,91.2,10726.2,56.95,100.0,7585992.0,13203.930000000002,69.65,200.0,2865315.0,True,13203.930000000002
2025-05-02,2025-05-08,6,24300.0,518.65,33691.96,174.54999999999998,23024.409999999996,120.89999999999998,500.0,760102.0,29793.43999999999,155.49999999999997,1050.0,118696.0,False,33691.96
2025-05-05,2025-05-08,3,24400.0,327.79999999999995,20895.179999999997,108.59999999999998,9946.199999999997,53.44999999999998,350.0,345377.0,15154.179999999997,80.09999999999998,650.0,159128.0,False,20895.179999999997
2025-05-06,2025-05-08,2,24500.0,192.05,-515.1400000000025,-1.4000000000000128,9.209999999997024,2.2999999999999847,200.0,1013645.0,-1373.6600000000021,-4.85000000000001,400.0,481819.0,False,-515.1400000000025
2025-05-07,2025-05-08,1,24250.0,158.3,-5526.39,-27.15,-10055.129999999997,-49.349999999999994,150.0,1090305.0,-8345.2,-40.65,300.0,386458.0,False,-5526.39
2025-05-08,2025-05-08,0,24450.0,123.0,-6567.0599999999995,-32.55,-7090.32,-34.25,100.0,2810062.0,-9334.679999999998,-45.849999999999994,250.0,1914937.0,True,-9334.679999999998
2025-05-09,2025-05-15,6,23950.0,570.2,17861.499999999993,93.49999999999997,2566.359999999996,16.24999999999998,550.0,315343.0,8655.719999999994,47.29999999999997,1150.0,185003.0,False,17861.499999999993
2025-05-12,2025-05-15,3,24400.0,330.05,-65343.7,-333.45,-20246.68999999999,-100.74999999999997,350.0,257303.0,-49870.46,-252.95,650.0,136781.0,False,-65343.7
2025-05-13,2025-05-15,2,24850.0,379.4,-1568.2499999999977,-6.449999999999989,-2860.8999999999974,-11.999999999999986,400.0,731146.0,-6743.749999999996,-32.04999999999998,750.0,781408.0,False,-1568.2499999999977
2025-05-14,2025-05-15,1,24600.0,297.0,21413.57,111.2,13552.329999999998,71.85,300.0,2499137.0,18965.960000000003,99.55000000000001,600.0,1896404.0,False,21413.57
2025-05-15,2025-05-15,0,24700.0,171.10000000000002,-39046.92,-198.95,-9919.220000000001,-48.35000000000001,150.0,4705705.0,-37587.9,-190.55,350.0,4399572.0,True,-37587.9
2025-05-16,2025-05-22,6,25050.0,394.35,7488.110000000005,40.00000000000003,2000.0600000000072,12.950000000000038,400.0,303045.0,5781.310000000007,32.20000000000003,800.0,142824.0,False,7488.110000000005
2025-05-19,2025-05-22,3,25000.0,370.85,10735.070000000003,56.60000000000002,7105.380000000005,39.050000000000026,350.0,402065.0,9003.030000000004,48.65000000000002,750.0,165465.0,False,10735.070000000003
2025-05-20,2025-05-22,2,25000.0,315.7,-7339.230000000006,-36.150000000000034,-4501.0100000000075,-20.500000000000036,300.0,1225548.0,-8320.510000000007,-40.250000000000036,650.0,317340.0,False,-7339.230000000006
2025-05-21,2025-05-22,1,24750.0,233.15,1518.3700000000044,9.100000000000023,-200.0699999999957,1.300000000000022,250.0,3714422.0,-369.1099999999956,0.35000000000002274,450.0,1786048.0,False,1518.3700000000044
2025-05-22,2025-05-22,0,24750.0,228.85,15829.53,82.45,4527.100000000001,25.400000000000006,250.0,5717679.0,13374.46,70.75,450.0,2521697.0,True,13374.46
2025-05-23,2025-05-29,6,24650.0,401.0,-11613.290000000003,-57.900000000000006,-5124.600000000002,-23.45000000000001,400.0,303046.0,-10621.200000000003,-51.85000000000001,800.0,135407.0,False,-11613.290000000003
2025-05-26,2025-05-29,3,24900.0,389.9,-7473.4299999999985,-36.69999999999999,-4447.659999999998,-20.04999999999999,400.0,1199774.0,-7130.439999999997,-33.999999999999986,800.0,334733.0,False,-7473.4299999999985
2025-05-27,2025-05-29,2,24950.0,423.9,8764.969999999998,46.599999999999994,2060.019999999998,13.29999999999999,400.0,589799.0,6568.039999999998,36.24999999999999,850.0,570792.0,False,8764.969999999998
2025-05-28,2025-05-29,1,24850.0,381.85,26952.54,139.75,14771.18,78.25,400.0,864970.0,24602.69,128.6,750.0,832330.0,False,26952.54
2025-05-29,2025-05-29,0,24850.0,225.0,37983.02,196.0,27656.129999999997,143.95,250.0,4270432.0,35381.63,183.55,450.0,2469055.0,True,35381.63
2025-05-30,2025-06-05,6,24800.0,425.55,3116.610000000001,17.650000000000006,330.13000000000056,4.450000000000003,450.0,337320.0,1432.690000000001,9.950000000000005,850.0,142302.0,False,3116.610000000001
2025-06-02,2025-06-05,3,24650.0,421.25,-5075.469999999999,-24.349999999999994,-1030.029999999999,-2.4499999999999957,400.0,448496.0,-5355.529999999999,-24.849999999999994,850.0,713122.0,False,-5075.469999999999
2025-06-03,2025-06-05,2,24800.0,423.2,14773.889999999996,77.39999999999998,2273.129999999996,14.34999999999998,400.0,1357125.0,12315.039999999995,65.69999999999997,850.0,418588.0,False,14773.889999999996
2025-06-04,2025-06-05,1,24550.0,287.4,22743.64,118.0,11118.13,59.35,300.0,661782.0,19037.13,99.9,550.0,1288597.0,False,22743.64
2025-06-05,2025-06-05,0,24700.0,164.8,23373.35,121.0,11573.620000000003,61.400000000000006,150.0,5788390.0,20762.250000000004,108.50000000000001,350.0,2070053.0,True,20762.250000000004
2025-06-06,2025-06-12,6,24750.0,283.0,-26455.630000000005,-134.20000000000002,-21504.990000000005,-107.60000000000002,300.0,395452.0,-25142.980000000003,-126.45000000000002,550.0,593095.0,False,-26455.630000000005
2025-06-09,2025-06-12,3,25150.0,290.95,3926.239999999999,21.549999999999997,-1590.4400000000012,-5.700000000000006,300.0,319370.0,1999.9499999999996,12.599999999999998,600.0,207301.0,False,3926.239999999999
2025-06-10,2025-06-12,2,25200.0,251.25,9373.800000000001,49.40000000000001,1378.5200000000025,9.400000000000013,250.0,429658.0,5781.5300000000025,31.900000000000013,500.0,642314.0,False,9373.800000000001
2025-06-11,2025-06-12,1,25150.0,199.85000000000002,9928.920000000002,52.150000000000006,5265.9400000000005,29.200000000000006,200.0,1348510.0,8318.85,44.800000000000004,400.0,798746.0,False,9928.920000000002
2025-06-12,2025-06-12,0,25150.0,143.9,-22405.919999999995,-113.69999999999997,-10228.199999999995,-50.199999999999974,150.0,6067647.0,-25182.969999999994,-127.04999999999997,300.0,2491403.0,True,-25182.969999999994
2025-06-13,2025-06-19,6,24450.0,407.35,-5441.099999999998,-26.249999999999986,-3654.779999999996,-15.949999999999982,400.0,196820.0,-4622.579999999997,-21.099999999999987,800.0,151642.0,False,-5441.099999999998
2025-06-16,2025-06-19,3,24750.0,336.6,-2615.9599999999955,-11.899999999999977,-10013.319999999996,-48.74999999999998,350.0,675179.0,-7100.509999999996,-33.949999999999974,650.0,332568.0,False,-2615.9599999999955
2025-06-17,2025-06-19,2,25000.0,265.6,3447.720000000002,19.05000000000001,484.4400000000032,4.900000000000016,250.0,665252.0,1471.0200000000016,9.850000000000009,550.0,304148.0,False,3447.720000000002
2025-06-18,2025-06-19,1,24800.0,234.0,13398.84,70.0,9448.03,50.7,250.0,1056813.0,9973.84,53.35,450.0,673862.0,False,13398.84
2025-06-19,2025-06-19,0,24800.0,115.0,21128.39,109.4,5992.590000000001,32.7,100.0,8066805.0,15834.810000000001,83.15,250.0,2473504.0,True,15834.810000000001
2025-06-20,2025-06-26,6,24800.0,366.0,-16136.369999999997,-81.14999999999998,-10683.689999999995,-51.99999999999997,350.0,231597.0,-18789.829999999998,-93.79999999999998,750.0,152359.0,False,-16136.369999999997
2025-06-23,2025-06-26,3,24950.0,315.0,6795.0499999999965,36.29999999999998,526.3699999999964,5.1999999999999815,300.0,473392.0,2001.0599999999968,12.649999999999984,650.0,460480.0,False,6795.0499999999965
2025-06-24,2025-06-26,2,25200.0,231.05,-2197.269999999999,-9.949999999999996,-650.4499999999994,-0.9999999999999964,250.0,1118964.0,-3755.039999999999,-16.999999999999996,450.0,799468.0,False,-2197.269999999999
2025-06-25,2025-06-26,1,25150.0,208.8,7135.940000000001,37.85000000000001,-2416.6499999999983,-10.149999999999991,200.0,831891.0,5339.730000000001,29.550000000000008,400.0,600235.0,False,7135.940000000001
2025-06-26,2025-06-26,0,25250.0,128.0,-33744.45,-171.85,-12794.59,-63.3,150.0,4798171.0,-27107.16,-136.85,250.0,4971730.0,True,-27107.16
2025-06-27,2025-07-03,6,25600.0,337.0,10162.080000000002,53.60000000000001,2102.4900000000007,13.300000000000004,350.0,371227.0,6167.830000000001,34.050000000000004,650.0,166889.0,False,10162.080000000002
2025-06-30,2025-07-03,3,25650.0,262.0,-2598.6700000000005,-11.950000000000003,-1090.070000000001,-3.1500000000000057,250.0,1169883.0,-4323.6,-19.85,500.0,442847.0,False,-2598.6700000000005
2025-07-01,2025-07-03,2,25550.0,249.79999999999998,13178.519999999997,68.89999999999998,5969.069999999995,32.89999999999998,250.0,1015946.0,9559.369999999997,51.24999999999998,500.0,325036.0,False,13178.519999999997
2025-07-02,2025-07-03,1,25600.0,177.0,-3572.550000000002,-17.10000000000001,-3089.770000000002,-13.65000000000001,200.0,2188684.0,-4092.150000000002,-18.85000000000001,350.0,902277.0,False,-3572.550000000002
2025-07-03,2025-07-03,0,25500.0,123.0,5733.15,30.5,-4321.0599999999995,-20.15,100.0,20196960.0,3122.04,18.0,250.0,6460111.0,True,3122.04
2025-07-04,2025-07-10,6,25450.0,320.65,9163.309999999998,48.44999999999999,3363.6399999999985,19.749999999999993,300.0,634262.0,7482.109999999997,40.749999999999986,650.0,427540.0,False,9163.309999999998
2025-07-07,2025-07-10,3,25450.0,277.65,9169.140000000001,48.400000000000006,4763.37,26.8,300.0,451512.0,7205.410000000002,39.25000000000001,550.0,418447.0,False,9169.140000000001
2025-07-08,2025-07-10,2,25450.0,232.8,8190.46,43.3,3690.149999999999,21.199999999999996,250.0,792956.0,6091.359999999999,33.449999999999996,450.0,732765.0,False,8190.46
2025-07-09,2025-07-10,1,25500.0,174.9,8816.22,46.4,3790.61,21.599999999999998,150.0,1759466.0,7371.75,39.9,350.0,729204.0,False,8816.22
2025-07-10,2025-07-10,0,25500.0,117.69999999999999,-4585.010000000003,-22.400000000000013,-5659.300000000003,-26.950000000000014,100.0,7292530.0,-6737.740000000002,-32.55000000000001,250.0,2161734.0,True,-6737.740000000002
2025-07-11,2025-07-17,6,25250.0,277.15,5092.01,27.5,-499.3900000000011,-0.15000000000000568,300.0,566356.0,3720.61,21.400000000000002,550.0,539957.0,False,5092.01
2025-07-14,2025-07-17,3,25150.0,244.75,7152.17,38.0,2002.9200000000005,12.600000000000001,250.0,1172579.0,4749.15,26.6,500.0,411480.0,False,7152.17
2025-07-15,2025-07-17,2,25100.0,199.7,3003.400000000001,16.650000000000006,1748.5100000000014,11.200000000000006,200.0,1192461.0,855.2200000000009,6.550000000000005,400.0,879554.0,False,3003.400000000001
2025-07-16,2025-07-17,1,25200.0,122.95,3089.7500000000005,16.950000000000003,-1634.5299999999995,-6.299999999999997,100.0,4812848.0,629.700000000001,5.250000000000004,250.0,1562412.0,False,3089.7500000000005
2025-07-17,2025-07-17,0,25250.0,96.05,-8420.370000000003,-42.10000000000001,-7367.840000000002,-35.75000000000001,100.0,4097400.0,-11197.340000000002,-55.45000000000001,200.0,2162144.0,True,-11197.340000000002
2025-07-18,2025-07-24,6,25100.0,271.2,2011.799999999995,11.699999999999974,938.199999999996,7.249999999999979,250.0,505834.0,3029.6999999999944,17.849999999999973,550.0,246941.0,False,2011.799999999995
2025-07-21,2025-07-24,3,25000.0,256.2,8650.179999999998,45.69999999999999,2858.0199999999977,16.99999999999999,250.0,759565.0,6131.019999999999,33.69999999999999,500.0,762659.0,False,8650.179999999998
2025-07-22,2025-07-24,2,25150.0,169.4,2985.1200000000026,16.500000000000014,-1449.3799999999974,-5.249999999999986,150.0,1490369.0,398.61000000000286,4.150000000000015,350.0,1095461.0,False,2985.1200000000026
2025-07-23,2025-07-24,1,25150.0,131.5,2052.690000000001,11.650000000000006,15.930000000001144,2.1500000000000057,150.0,3345036.0,832.2400000000009,6.300000000000005,250.0,1848281.0,False,2052.690000000001
2025-07-24,2025-07-24,0,25250.0,91.8,-18553.580000000005,-94.05000000000001,-8300.420000000004,-40.45000000000002,100.0,2917405.0,-20706.660000000003,-104.20000000000002,200.0,1647887.0,True,-20706.660000000003
2025-07-25,2025-07-31,6,25000.0,245.2,-6094.380000000001,-29.900000000000006,-2088.980000000001,-8.300000000000004,250.0,642444.0,-5059.760000000001,-23.650000000000006,500.0,1059252.0,False,-6094.380000000001
2025-07-28,2025-07-31,3,24800.0,224.45,-1004.8499999999962,-3.84999999999998,-3746.0799999999977,-16.849999999999987,200.0,2555829.0,-1489.9499999999964,-5.399999999999981,450.0,623831.0,False,-1004.8499999999962
2025-07-29,2025-07-31,2,24600.0,216.0,-10404.970000000001,-52.05000000000001,-6361.630000000002,-30.250000000000007,200.0,1082870.0,-10430.160000000003,-51.250000000000014,450.0,308009.0,False,-10404.970000000001
2025-07-30,2025-07-31,1,24900.0,117.35,-507.57000000000136,-1.500000000000007,-5332.200000000002,-25.250000000000007,100.0,5010163.0,-2685.7400000000016,-11.750000000000007,250.0,1785383.0,False,-507.57000000000136
2025-07-31,2025-07-31,0,24650.0,159.65,6178.3200000000015,32.85000000000001,-2598.819999999999,-11.249999999999993,150.0,5061679.0,2972.160000000001,17.300000000000008,300.0,1680905.0,True,2972.160000000001
2025-08-01,2025-08-07,6,24750.0,312.65,-2587.7599999999993,-11.799999999999997,454.5500000000025,4.900000000000013,300.0,751393.0,-2791.7799999999997,-11.899999999999999,650.0,576975.0,False,-2587.7599999999993
2025-08-04,2025-08-07,3,24600.0,291.35,4969.809999999996,26.899999999999977,2285.0099999999957,14.149999999999977,300.0,1116403.0,2977.4699999999957,17.59999999999998,600.0,945240.0,False,4969.809999999996
2025-08-05,2025-08-07,2,24700.0,230.1,8328.0,44.0,3527.0799999999995,20.349999999999998,250.0,643237.0,5946.880000000001,32.7,450.0,497989.0,False,8328.0
2025-08-06,2025-08-07,1,24650.0,179.95,5127.250000000002,27.500000000000007,2483.510000000001,14.900000000000007,200.0,2355226.0,3857.250000000001,21.900000000000006,350.0,2350839.0,False,5127.250000000002
2025-08-07,2025-08-07,0,24450.0,139.0,2557.1999999999985,14.249999999999993,-5838.850000000001,-27.900000000000006,150.0,14164727.0,209.44999999999874,3.0999999999999934,300.0,2505401.0,True,209.44999999999874
2025-08-08,2025-08-14,6,24550.0,285.2,-734.2399999999989,-2.3499999999999943,1547.8900000000003,10.400000000000002,300.0,617597.0,125.31000000000068,3.0000000000000036,550.0,631872.0,False,-734.2399999999989
2025-08-11,2025-08-14,3,24350.0,257.45,-8215.509999999997,-40.749999999999986,-6114.509999999997,-28.89999999999998,250.0,1045558.0,-8953.819999999996,-43.59999999999998,500.0,370864.0,False,-8215.509999999997
2025-08-12,2025-08-14,2,24550.0,210.2,8803.42,46.4,3981.140000000001,22.650000000000006,200.0,1383416.0,7328.84,39.75,400.0,873169.0,False,8803.42
2025-08-13,2025-08-14,1,24600.0,153.0,5439.400000000001,29.050000000000004,1070.1600000000003,7.600000000000001,150.0,2810915.0,4219.720000000001,23.700000000000003,300.0,2435244.0,False,5439.400000000001
2025-08-14,2025-08-14,0,24600.0,116.4,15265.529999999999,79.35,7972.160000000002,42.85000000000001,100.0,10616315.0,13025.1,68.75,250.0,2123541.0,True,13025.1
2025-08-18,2025-08-21,3,24950.0,240.79999999999998,4041.969999999996,22.049999999999983,-3711.5200000000027,-16.700000000000014,250.0,1492725.0,518.069999999997,4.899999999999984,500.0,425886.0,False,4041.969999999996
2025-08-19,2025-08-21,2,24900.0,216.65,7191.62,38.15,1490.9100000000012,9.900000000000006,200.0,1039451.0,4733.86,26.45,450.0,373265.0,False,7191.62
2025-08-20,2025-08-21,1,24950.0,161.2,2090.690000000001,11.900000000000006,-262.6699999999985,0.8000000000000078,150.0,2581383.0,860.7500000000011,6.500000000000005,300.0,757760.0,False,2090.690000000001
2025-08-21,2025-08-21,0,25150.0,109.2,9171.680000000002,48.10000000000001,1439.510000000001,9.350000000000005,100.0,7316220.0,6619.130000000003,35.90000000000001,200.0,2033425.0,True,6619.130000000003
2025-08-22,2025-08-28,6,25050.0,242.2,-3664.460000000003,-17.450000000000017,-2717.450000000002,-11.550000000000011,250.0,1069265.0,-3495.710000000003,-15.650000000000016,500.0,251410.0,False,-3664.460000000003
2025-08-25,2025-08-28,3,24950.0,224.25,12465.96,65.2,7099.700000000001,38.650000000000006,200.0,967571.0,9968.93,53.300000000000004,450.0,683049.0,False,12465.96
2025-08-26,2025-08-28,2,24900.0,150.0,-11931.980000000003,-60.000000000000014,-6819.260000000003,-32.750000000000014,150.0,1029456.0,-10242.110000000002,-50.40000000000001,300.0,1280770.0,False,-11931.980000000003
2025-08-28,2025-08-28,0,24700.0,137.9,-13049.339999999997,-65.74999999999999,-12519.569999999996,-62.04999999999998,150.0,3780088.0,-15348.369999999999,-76.64999999999999,300.0,3524932.0,True,-15348.369999999999
2025-08-29,2025-09-02,4,24450.0,246.55,13579.62,70.95,10282.1,55.0,250.0,1918676.0,11335.99,60.35,500.0,398779.0,False,13579.62
2025-09-01,2025-09-02,1,24450.0,162.85,-9302.970000000001,-46.50000000000001,-6549.0,-31.35,150.0,2329990.0,-10727.980000000001,-52.900000000000006,350.0,998860.0,False,-9302.970000000001
2025-09-02,2025-09-02,0,24650.0,92.6,3959.129999999999,21.349999999999994,-2115.350000000001,-8.900000000000004,100.0,24651795.0,2313.6799999999985,13.799999999999994,200.0,8386251.0,True,2313.6799999999985
2025-09-03,2025-09-09,6,24600.0,284.95,5791.499999999999,31.099999999999994,3518.5099999999975,20.44999999999999,300.0,1193920.0,4237.209999999999,24.049999999999994,550.0,293676.0,False,5791.499999999999
2025-09-04,2025-09-09,5,25000.0,213.0,-16217.460000000003,-81.85000000000002,-7482.800000000005,-35.950000000000024,200.0,1615027.0,-14695.830000000004,-73.10000000000002,450.0,441071.0,False,-16217.460000000003
2025-09-05,2025-09-09,4,24800.0,183.5,2394.75,13.5,576.1400000000004,5.150000000000002,200.0,4502764.0,1055.0800000000002,7.550000000000001,350.0,1583501.0,False,2394.75
2025-09-08,2025-09-09,1,24800.0,160.2,9377.54,49.25,4599.98,25.7,150.0,2994006.0,7660.19,41.35,300.0,2475744.0,False,9377.54
2025-09-09,2025-09-09,0,24850.0,86.0,13267.160000000002,69.05000000000001,5973.950000000001,32.550000000000004,100.0,12511922.0,8861.270000000002,47.35000000000001,150.0,8332069.0,True,8861.270000000002
2025-09-10,2025-09-16,6,25000.0,252.0,6369.19,34.0,3072.7100000000005,18.1,250.0,653976.0,4814.710000000001,26.950000000000003,500.0,673151.0,False,6369.19
2025-09-11,2025-09-16,5,24950.0,239.55,6129.850000000003,32.750000000000014,2233.330000000002,13.750000000000012,250.0,556823.0,4548.840000000003,25.550000000000015,500.0,199930.0,False,6129.850000000003
2025-09-12,2025-09-16,4,25050.0,161.0,-1284.2300000000012,-5.400000000000006,-2278.4600000000014,-9.500000000000007,150.0,1642466.0,-2731.770000000001,-11.900000000000006,300.0,647815.0,False,-1284.2300000000012
2025-09-15,2025-09-16,1,25100.0,142.7,9666.76,50.7,3848.690000000001,21.800000000000004,150.0,2212887.0,8018.6500000000015,43.150000000000006,300.0,1418709.0,False,9666.76
2025-09-16,2025-09-16,0,25050.0,99.45,-16186.049999999997,-81.89999999999999,-7706.019999999997,-37.399999999999984,100.0,2811775.0,-18134.089999999997,-90.99999999999999,200.0,1890288.0,True,-18134.089999999997
2025-09-17,2025-09-23,6,25300.0,245.8,3620.7200000000007,19.900000000000006,-67.02999999999929,2.0000000000000036,250.0,389545.0,2427.1100000000015,14.700000000000006,500.0,352230.0,False,3620.7200000000007
2025-09-18,2025-09-23,5,25450.0,192.0,5912.979999999999,31.549999999999997,1385.3499999999995,9.299999999999997,200.0,851664.0,4175.319999999999,23.549999999999997,400.0,424562.0,False,5912.979999999999
2025-09-19,2025-09-23,4,25400.0,174.0,5880.49,31.35,1643.5599999999995,10.599999999999998,150.0,1642078.0,5128.2,28.400000000000002,350.0,1035209.0,False,5880.49
2025-09-22,2025-09-23,1,25250.0,142.65,7237.95,38.25,3573.2099999999996,20.4,150.0,3453488.0,5159.8,28.5,300.0,1008160.0,False,7237.95
2025-09-23,2025-09-23,0,25200.0,94.65,12825.08,66.8,6321.97,34.35,100.0,21291314.0,10477.37,55.65,200.0,8681291.0,True,10477.37
2025-09-24,2025-09-30,6,25100.0,273.55,11970.119999999997,62.749999999999986,4315.459999999997,24.499999999999986,250.0,693940.0,10066.379999999996,53.899999999999984,550.0,231097.0,False,11970.119999999997
2025-09-25,2025-09-30,5,25050.0,205.2,123.8800000000025,1.9000000000000128,52.650000000002194,2.5500000000000114,200.0,989556.0,-47.489999999997224,1.9500000000000144,400.0,448630.0,False,123.8800000000025
2025-09-26,2025-09-30,4,24800.0,219.4,2898.710000000001,16.150000000000006,330.6300000000027,4.000000000000014,200.0,3509370.0,3294.730000000002,19.10000000000001,450.0,671008.0,False,2898.710000000001
2025-09-29,2025-09-30,1,24750.0,150.65,4347.77,23.45,727.2200000000003,5.850000000000001,150.0,5244144.0,1926.69,11.95,300.0,1816514.0,False,4347.77
2025-09-30,2025-09-30,0,24700.0,90.75,955.4700000000005,5.950000000000003,-5148.13,-24.45,100.0,10526037.0,-1567.8699999999994,-6.099999999999997,200.0,4235019.0,True,-1567.8699999999994
2025-10-01,2025-10-07,6,24600.0,265.85,-10715.670000000002,-53.55000000000001,-6647.400000000002,-31.600000000000016,250.0,501427.0,-11031.080000000004,-54.250000000000014,550.0,202476.0,False,-10715.670000000002
2025-10-03,2025-10-07,4,24750.0,203.45,-2109.2300000000023,-9.550000000000011,-3113.100000000002,-13.700000000000012,200.0,1198841.0,-3905.0900000000024,-17.850000000000012,400.0,427533.0,False,-2109.2300000000023
2025-10-06,2025-10-07,1,24900.0,137.6,-15692.660000000002,-79.30000000000001,-7243.250000000002,-34.95000000000001,150.0,1969438.0,-15168.940000000004,-75.70000000000002,300.0,1592754.0,False,-15692.660000000002
2025-10-07,2025-10-07,0,25100.0,83.44999999999999,13463.17,70.05,8345.2,44.699999999999996,100.0,9998384.0,10774.04,57.15,150.0,4468304.0,True,10774.04
2025-10-08,2025-10-14,6,25100.0,230.0,5109.1,27.5,2859.739999999999,16.949999999999996,250.0,1153575.0,5202.99,28.9,450.0,498374.0,False,5109.1
2025-10-09,2025-10-14,5,25050.0,198.0,-5492.010000000003,-26.900000000000013,-3741.380000000001,-16.900000000000006,200.0,767626.0,-6617.7400000000025,-31.750000000000014,400.0,401799.0,False,-5492.010000000003
2025-10-10,2025-10-14,4,25150.0,177.8,-11415.319999999998,-57.29999999999999,-7176.869999999998,-34.54999999999999,200.0,820088.0,-10932.419999999998,-53.89999999999999,350.0,738728.0,False,-11415.319999999998
2025-10-13,2025-10-14,1,25200.0,157.0,6910.859999999999,36.599999999999994,2142.1399999999985,13.099999999999993,150.0,3047895.0,5720.149999999999,31.399999999999995,300.0,1944445.0,False,6910.859999999999
2025-10-14,2025-10-14,0,25300.0,81.4,-12414.339999999998,-62.599999999999994,-10788.45,-53.3,100.0,6743151.0,-16947.869999999995,-84.94999999999999,150.0,3589373.0,True,-16947.869999999995
2025-10-15,2025-10-20,5,25200.0,274.9,-106.22999999999556,0.8500000000000227,-1246.1199999999963,-3.9499999999999815,250.0,488392.0,-3785.7299999999955,-17.099999999999977,550.0,243306.0,False,-106.22999999999556
2025-10-16,2025-10-20,4,25400.0,170.8,-20679.400000000005,-104.80000000000001,-10359.970000000003,-50.750000000000014,150.0,728041.0,-18390.03,-92.10000000000001,350.0,379926.0,False,-20679.400000000005
2025-10-17,2025-10-20,3,25550.0,185.05,-10315.710000000001,-51.650000000000006,-6703.08,-32.1,200.0,1588438.0,-9336.320000000002,-45.70000000000001,350.0,1438148.0,False,-10315.710000000001
2025-10-20,2025-10-20,0,25800.0,131.5,18332.67,95.1,10902.919999999998,57.89999999999999,150.0,8226396.0,14814.449999999999,77.94999999999999,250.0,3420392.0,True,14814.449999999999
2025-10-23,2025-10-28,5,26050.0,226.0,-410.40000000000225,-0.8000000000000114,-2471.4900000000007,-10.350000000000005,250.0,1652233.0,-37.12000000000211,2.049999999999989,450.0,726712.0,False,-410.40000000000225
2025-10-24,2025-10-28,4,25950.0,222.0,-1755.0500000000004,-7.700000000000003,-3947.710000000001,-17.900000000000006,200.0,1669977.0,-1964.160000000001,-7.850000000000004,450.0,1292087.0,False,-1755.0500000000004
2025-10-27,2025-10-28,1,25850.0,177.85,-5679.790000000001,-27.900000000000006,-4302.77,-19.85,200.0,1168480.0,-6132.510000000001,-29.300000000000004,350.0,1433817.0,False,-5679.790000000001
2025-10-28,2025-10-28,0,25950.0,146.9,24091.9,124.64999999999999,14145.37,74.55,150.0,11492785.0,21383.23,111.64999999999999,300.0,3211612.0,True,21383.23
2025-10-29,2025-11-04,6,26000.0,338.0,4611.499999999998,25.14999999999999,2224.419999999998,13.949999999999989,350.0,387393.0,3593.7199999999993,20.849999999999994,700.0,292018.0,False,4611.499999999998
2025-10-30,2025-11-04,5,26000.0,294.55,7953.479999999998,42.19999999999999,1935.5199999999977,12.349999999999987,300.0,1101786.0,5152.179999999998,28.749999999999986,600.0,569238.0,False,7953.479999999998
2025-10-31,2025-11-04,4,25850.0,251.05,8632.540000000005,45.60000000000002,3710.4900000000034,21.35000000000002,250.0,2794205.0,6982.220000000005,38.050000000000026,500.0,523964.0,False,8632.540000000005
2025-11-03,2025-11-04,1,25700.0,209.0,9857.32,51.8,4053.2999999999993,22.999999999999996,200.0,3601541.0,7194.069999999999,39.05,400.0,1064149.0,False,9857.32
2025-11-04,2025-11-04,0,25750.0,138.85,-2212.6200000000003,-10.200000000000003,-8961.250000000002,-43.900000000000006,150.0,5167131.0,-4072.6500000000005,-18.85,300.0,1607409.0,True,-4072.6500000000005
2025-11-06,2025-11-11,5,25600.0,234.35,3224.939999999999,17.849999999999994,-6020.040000000002,-28.550000000000008,250.0,770181.0,-3040.7800000000007,-13.350000000000005,450.0,384127.0,False,3224.939999999999
2025-11-07,2025-11-11,4,25450.0,200.35,1988.7099999999991,11.449999999999996,1445.0699999999983,9.649999999999991,200.0,2447829.0,806.1399999999991,6.299999999999995,400.0,876735.0,False,1988.7099999999991
2025-11-10,2025-11-11,1,25500.0,179.4,3352.160000000004,18.40000000000002,846.6600000000046,6.500000000000023,200.0,2116104.0,1635.640000000004,10.50000000000002,350.0,650976.0,False,3352.160000000004
2025-11-11,2025-11-11,0,25600.0,115.8,4535.979999999999,24.349999999999994,-1489.9800000000007,-5.650000000000004,100.0,22190279.0,2802.7999999999993,16.349999999999994,250.0,2716314.0,True,2802.7999999999993
2025-11-12,2025-11-18,6,25850.0,296.05,3017.239999999998,16.89999999999999,1157.7999999999977,8.399999999999988,300.0,446961.0,2066.549999999999,12.949999999999992,600.0,214399.0,False,3017.239999999998
2025-11-13,2025-11-18,5,25900.0,261.25,-2091.1700000000046,-9.350000000000023,-1245.9000000000046,-3.950000000000024,250.0,576687.0,-1954.060000000004,-7.700000000000021,500.0,546464.0,False,-2091.1700000000046
2025-11-14,2025-11-18,4,25750.0,296.9,9659.63,50.95,6079.57,33.6,300.0,1301481.0,7707.31,41.85,600.0,344040.0,False,9659.63
2025-11-17,2025-11-18,1,25950.0,205.5,11799.71,61.75,4555.25,25.55,200.0,2019023.0,9576.59,51.25,400.0,673520.0,False,11799.71
2025-11-18,2025-11-18,0,26000.0,125.6,8590.23,45.15,3677.0800000000004,20.85,150.0,5630578.0,6544.889999999999,35.55,250.0,1867704.0,True,6544.889999999999
2025-11-19,2025-11-25,6,25900.0,312.0,-3358.12,-15.75,-2848.580000000002,-12.050000000000011,300.0,698711.0,-4320.87,-19.75,600.0,412430.0,False,-3358.12
2025-11-20,2025-11-25,5,26150.0,282.05,5753.530000000001,30.900000000000006,1609.0700000000008,10.650000000000006,300.0,540178.0,4199.840000000001,23.850000000000005,550.0,523215.0,False,5753.530000000001
2025-11-21,2025-11-25,4,26100.0,240.35000000000002,5817.420000000004,31.15000000000002,729.6200000000036,6.0500000000000185,250.0,1379907.0,4391.900000000004,24.75000000000002,500.0,803844.0,False,5817.420000000004
2025-11-24,2025-11-25,1,26100.0,186.0,4744.639999999999,25.549999999999997,1796.839999999999,11.399999999999995,200.0,3535646.0,2753.4700000000003,16.25,350.0,1220146.0,False,4744.639999999999
2025-11-25,2025-11-25,0,26000.0,127.0,2015.2999999999977,11.449999999999989,-3707.7700000000023,-17.00000000000001,150.0,8089728.0,-127.62000000000216,1.349999999999989,250.0,2680164.0,True,-127.62000000000216
2025-11-26,2025-12-02,6,25850.0,311.0,-25139.19,-127.4,-7021.650000000003,-33.30000000000002,300.0,223137.0,-20082.1,-100.5,600.0,141572.0,False,-25139.19
2025-11-27,2025-12-02,5,26250.0,254.10000000000002,7616.990000000001,40.400000000000006,2118.7800000000016,13.200000000000006,250.0,1952920.0,5147.880000000001,28.650000000000006,500.0,436555.0,False,7616.990000000001
2025-11-28,2025-12-02,4,26250.0,215.05,7728.6900000000005,40.900000000000006,2935.4600000000014,17.300000000000008,200.0,1363285.0,6626.02,36.150000000000006,450.0,830373.0,False,7728.6900000000005
2025-12-01,2025-12-02,1,26350.0,155.0,-7544.340000000002,-37.50000000000001,-5919.430000000004,-28.150000000000016,150.0,3705977.0,-7754.250000000001,-37.650000000000006,300.0,1138428.0,False,-7544.340000000002
2025-12-02,2025-12-02,0,26100.0,136.1,11581.009999999998,60.49999999999999,6082.589999999999,33.199999999999996,150.0,6000242.0,9223.529999999999,49.29999999999999,250.0,2982029.0,True,9223.529999999999
2025-12-03,2025-12-09,6,26000.0,288.1,7663.1900000000005,40.7,3021.3499999999995,17.9,300.0,1013450.0,6549.370000000001,35.900000000000006,600.0,397290.0,False,7663.1900000000005
2025-12-04,2025-12-09,5,26000.0,235.0,3673.400000000001,20.150000000000006,-1551.7399999999998,-5.649999999999999,250.0,694065.0,608.0700000000008,5.350000000000005,450.0,296961.0,False,3673.400000000001
2025-12-05,2025-12-09,4,26000.0,207.0,-7553.439999999999,-37.449999999999996,-5201.92,-24.35,200.0,2224348.0,-8141.969999999999,-39.55,400.0,922190.0,False,-7553.439999999999
2025-12-08,2025-12-09,1,26150.0,166.85,-9548.28,-47.75,-2983.670000000001,-13.050000000000004,150.0,4480622.0,-8058.759999999999,-39.199999999999996,350.0,2573104.0,False,-9548.28
2025-12-09,2025-12-09,0,25850.0,125.0,21241.82,110.0,14387.57,75.75,150.0,16752768.0,19050.18,99.64999999999999,250.0,5777279.0,True,19050.18
2025-12-10,2025-12-16,6,25850.0,289.75,5458.109999999998,29.39999999999999,4051.269999999999,23.199999999999996,300.0,887022.0,5366.769999999999,29.84999999999999,600.0,355767.0,False,5458.109999999998
2025-12-11,2025-12-16,5,25750.0,279.0,4252.470000000001,23.200000000000003,3298.37,19.3,300.0,651727.0,2514.7200000000003,15.200000000000003,550.0,507329.0,False,4252.470000000001
2025-12-12,2025-12-16,4,25950.0,184.45,-92.95000000000138,0.7499999999999929,-488.68000000000086,-0.30000000000000426,200.0,1549934.0,-1295.6500000000015,-4.500000000000007,350.0,1128626.0,False,-92.95000000000138
2025-12-15,2025-12-16,1,25950.0,174.7,7665.280000000002,40.50000000000001,3373.3800000000015,19.450000000000006,150.0,4549694.0,6124.970000000002,33.50000000000001,350.0,1318810.0,False,7665.280000000002
2025-12-16,2025-12-16,0,25950.0,116.25,7315.799999999999,38.599999999999994,-1801.5000000000014,-7.250000000000007,100.0,6694191.0,5358.289999999999,29.449999999999996,250.0,2754907.0,True,5358.289999999999
2025-12-17,2025-12-23,6,25900.0,254.0,3725.040000000003,20.450000000000017,1060.6900000000037,7.8000000000000185,250.0,660225.0,2385.4600000000037,14.500000000000018,500.0,466947.0,False,3725.040000000003
2025-12-18,2025-12-23,5,25750.0,256.2,8484.359999999999,44.84999999999999,5717.289999999997,31.649999999999988,250.0,1027492.0,6385.679999999998,34.999999999999986,500.0,200603.0,False,8484.359999999999
2025-12-19,2025-12-23,4,25900.0,189.05,3924.17,21.35,1503.2500000000005,9.900000000000002,200.0,1607957.0,2772.7100000000005,16.35,400.0,856328.0,False,3924.17
2025-12-22,2025-12-23,1,26050.0,133.8,-2064.470000000002,-9.45000000000001,-2192.670000000002,-9.15000000000001,150.0,1857660.0,-2934.7800000000025,-13.00000000000001,250.0,1225502.0,False,-2064.470000000002
2025-12-23,2025-12-23,0,26200.0,113.0,17617.56,91.4,11465.62,60.75,100.0,9799547.0,15962.41,83.8,250.0,1185753.0,True,15962.41
2025-12-24,2025-12-30,6,26150.0,225.89999999999998,9929.229999999998,52.19999999999999,3415.9399999999973,19.749999999999986,250.0,665662.0,7871.129999999998,42.54999999999999,450.0,336349.0,False,9929.229999999998
2025-12-26,2025-12-30,4,26100.0,193.55,10740.810000000001,56.30000000000001,7340.350000000002,39.80000000000001,200.0,1815983.0,10292.830000000002,54.90000000000001,400.0,490743.0,False,10740.810000000001
2025-12-29,2025-12-30,1,26050.0,124.75,-1632.0,-7.25,-2272.7000000000007,-9.550000000000004,100.0,2976550.0,-2442.51,-10.5,250.0,1687673.0,False,-1632.0
2025-12-30,2025-12-30,0,25950.0,97.65,15779.549999999997,81.94999999999999,11783.309999999998,62.349999999999994,100.0,11243151.0,14056.12,74.0,200.0,2997102.0,True,14056.12
2025-12-31,2026-01-06,6,25950.0,238.0,-10130.070000000003,-50.60000000000002,-3782.9200000000064,-17.000000000000032,250.0,895209.0,-8885.750000000005,-43.300000000000026,500.0,240267.0,False,-10130.070000000003
2026-01-01,2026-01-06,5,26150.0,209.89999999999998,9486.329999999998,49.89999999999999,2756.1799999999976,16.349999999999987,200.0,946022.0,7662.6399999999985,41.44999999999999,400.0,387894.0,False,9486.329999999998
2026-01-02,2026-01-06,4,26150.0,167.75,-8495.129999999997,-42.34999999999999,-1930.0399999999984,-7.6499999999999915,150.0,1871859.0,-7278.609999999998,-35.19999999999999,350.0,939327.0,False,-8495.129999999997
2026-01-05,2026-01-06,1,26350.0,126.0,-4168.579999999997,-20.249999999999986,-2492.4399999999973,-10.699999999999985,150.0,7034330.0,-3624.5499999999975,-16.549999999999986,250.0,3936120.0,False,-4168.579999999997
2026-01-06,2026-01-06,0,26200.0,98.0,14072.42,73.2,8934.94,47.75,100.0,16285284.0,11900.29,62.95,200.0,5787221.0,True,11900.29
2026-01-07,2026-01-13,6,26150.0,225.0,6437.509999999999,34.3,2475.519999999999,14.949999999999996,250.0,1492684.0,5012.29,27.9,450.0,627029.0,False,6437.509999999999
2026-01-08,2026-01-13,5,26100.0,198.9,-9091.689999999997,-45.34999999999998,-2343.8499999999976,-9.699999999999989,200.0,1909079.0,-6105.259999999997,-29.09999999999998,400.0,1294331.0,False,-9091.689999999997
2026-01-09,2026-01-13,4,25850.0,203.0,-3338.119999999999,-15.849999999999994,-818.1799999999985,-1.8999999999999915,200.0,2566708.0,-1677.499999999999,-6.399999999999996,400.0,1459392.0,False,-3338.119999999999
2026-01-12,2026-01-13,1,25650.0,192.0,-1412.52,-6.0,-4531.519999999999,-20.999999999999996,200.0,6070168.0,-3228.62,-14.4,400.0,2124642.0,False,-1412.52
2026-01-13,2026-01-13,0,25900.0,126.05,-7533.850000000002,-37.50000000000001,-12169.250000000002,-60.35000000000001,150.0,4386039.0,-10749.740000000002,-53.10000000000001,250.0,2382374.0,True,-10749.740000000002
2026-01-14,2026-01-20,6,25650.0,278.15,5237.959999999997,28.249999999999986,125.21999999999673,3.049999999999983,300.0,635038.0,3847.3999999999983,22.04999999999999,550.0,433460.0,False,5237.959999999997
2026-01-16,2026-01-20,4,25700.0,231.2,4445.370000000002,24.10000000000001,-2114.879999999998,-8.54999999999999,250.0,2078294.0,2150.790000000002,13.250000000000009,450.0,939999.0,False,4445.370000000002
2026-01-19,2026-01-20,1,25650.0,210.35,13465.939999999997,70.29999999999998,6942.269999999997,37.79999999999998,200.0,3785214.0,11340.189999999997,60.29999999999998,400.0,1964077.0,False,13465.939999999997
2026-01-20,2026-01-20,0,25600.0,95.4,-47222.88000000001,-241.00000000000006,-12821.700000000004,-63.35000000000002,100.0,6166717.0,-26292.00000000001,-132.60000000000005,200.0,4181624.0,True,-26292.00000000001
2026-01-21,2026-01-27,6,25150.0,336.75,3763.3299999999967,20.799999999999983,3869.8799999999974,22.399999999999984,350.0,2225811.0,2915.4299999999967,17.399999999999984,650.0,1471519.0,False,3763.3299999999967
2026-01-22,2026-01-27,5,25350.0,294.95,10967.419999999998,57.64999999999999,1789.729999999999,11.599999999999994,300.0,1182680.0,7668.069999999998,41.64999999999999,600.0,542522.0,False,10967.419999999998
2026-01-23,2026-01-27,4,25350.0,229.3,-17940.129999999997,-90.64999999999998,-7467.499999999994,-35.849999999999966,250.0,2753197.0,-12473.149999999996,-61.64999999999998,450.0,1753110.0,False,-17940.129999999997
2026-01-27,2026-01-27,0,25050.0,214.35,21238.69,110.14999999999999,8258.529999999997,44.499999999999986,200.0,10431016.0,18159.369999999995,95.24999999999999,450.0,3113171.0,True,18159.369999999995
2026-01-28,2026-02-03,6,25250.0,494.0,11041.580000000002,58.400000000000006,3112.3700000000017,18.85000000000001,500.0,309271.0,8518.260000000002,46.400000000000006,1000.0,161504.0,False,11041.580000000002
2026-01-29,2026-02-03,5,25350.0,419.6,5947.520000000001,32.150000000000006,4112.530000000002,23.85000000000001,400.0,425482.0,3920.970000000002,22.70000000000001,850.0,360510.0,False,5947.520000000001
2026-01-30,2026-02-03,4,25250.0,386.75,-3170.620000000001,-14.650000000000006,930.8,7.5,400.0,624492.0,-2267.960000000001,-9.050000000000004,750.0,948280.0,False,-3170.620000000001
2026-02-01,2026-02-03,2,25350.0,399.95000000000005,-35140.36000000001,-178.50000000000003,-16158.380000000006,-79.90000000000003,400.0,1681254.0,-28405.65000000001,-142.95000000000005,800.0,1071785.0,False,-35140.36000000001
2026-02-02,2026-02-03,1,24800.0,340.8,6171.180000000001,33.150000000000006,-3192.7199999999993,-13.849999999999994,350.0,2047460.0,4034.9100000000008,23.100000000000005,700.0,1785213.0,False,6171.180000000001
2026-02-03,2026-02-03,0,26300.0,384.3,-37290.4,-189.55,-70551.66,-358.85,400.0,1714958.0,-44476.47000000001,-225.50000000000003,750.0,301534.0,True,-44476.47000000001
2026-02-04,2026-02-10,6,25700.0,379.2,8712.889999999996,46.249999999999986,1476.4599999999978,10.199999999999989,400.0,623884.0,4423.009999999998,25.19999999999999,750.0,145780.0,False,8712.889999999996
2026-02-05,2026-02-10,5,25750.0,332.6,10329.5,54.45,5079.769999999999,28.549999999999997,350.0,689830.0,7855.47,42.7,650.0,366782.0,False,10329.5
2026-02-06,2026-02-10,4,25600.0,260.6,8355.959999999997,44.19999999999999,1781.0399999999986,11.499999999999993,250.0,1861534.0,5052.379999999998,28.19999999999999,500.0,844072.0,False,8355.959999999997
2026-02-09,2026-02-10,1,25900.0,151.45,845.6700000000013,5.500000000000007,-8729.099999999999,-42.599999999999994,150.0,2621683.0,-5422.659999999998,-25.699999999999992,300.0,1713009.0,False,845.6700000000013
2026-02-10,2026-02-10,0,25900.0,125.75,15281.649999999998,79.44999999999999,7559.23,40.75,150.0,4836606.0,10212.469999999998,54.349999999999994,250.0,2219595.0,True,10212.469999999998
2026-02-11,2026-02-17,6,26000.0,264.3,4443.130000000001,24.150000000000006,-556.7899999999978,-0.44999999999998863,250.0,616709.0,3207.4200000000014,18.750000000000007,550.0,181926.0,False,4443.130000000001
2026-02-12,2026-02-17,5,25900.0,256.6,6318.75,33.75,3352.41,19.55,250.0,602958.0,5464.79,30.3,500.0,421754.0,False,6318.75
2026-02-13,2026-02-17,4,25550.0,238.85000000000002,2306.400000000001,13.150000000000006,535.7900000000011,5.100000000000005,250.0,2323802.0,2902.440000000001,17.150000000000006,500.0,415691.0,False,2306.400000000001
2026-02-16,2026-02-17,1,25400.0,242.6,-17223.129999999997,-86.94999999999999,-10296.399999999996,-50.34999999999998,250.0,818511.0,-16537.709999999995,-82.49999999999999,500.0,907212.0,False,-17223.129999999997
2026-02-17,2026-02-17,0,25650.0,157.3,15075.13,78.45,6074.850000000001,33.2,150.0,9943556.0,9762.1,52.1,300.0,2679738.0,True,9762.1
2026-02-18,2026-02-24,6,25750.0,308.0,5919.699999999999,31.799999999999997,2381.769999999999,14.699999999999996,300.0,587212.0,4166.919999999998,23.749999999999993,600.0,225800.0,False,5919.699999999999
2026-02-19,2026-02-24,5,25850.0,244.25,-40468.31,-206.1,-12944.96,-63.699999999999996,250.0,931417.0,-26059.169999999995,-131.14999999999998,500.0,309757.0,False,-40468.31
2026-02-20,2026-02-24,4,25400.0,299.9,-4377.94,-21.0,-4247.040000000002,-19.250000000000007,300.0,1286812.0,-3908.7799999999997,-17.65,600.0,733942.0,False,-4377.94
2026-02-23,2026-02-24,1,25700.0,216.35,8537.82,45.05,-1046.6100000000001,-3.1000000000000014,200.0,4923374.0,5257.38,29.15,450.0,959866.0,False,8537.82
2026-02-24,2026-02-24,0,25650.0,154.9,-14284.55,-72.05,-10739.63,-52.85,150.0,4704434.0,-18944.22,-95.05,300.0,1579023.0,True,-18944.22
2026-02-25,2026-03-02,5,25500.0,333.4,7285.849999999999,38.849999999999994,-85.09000000000111,2.0999999999999943,350.0,573365.0,4644.499999999998,26.249999999999993,650.0,208115.0,False,7285.849999999999
2026-02-26,2026-03-02,4,25550.0,290.0,10208.38,53.75,3274.1600000000003,19.200000000000003,300.0,762609.0,7960.95,43.15,600.0,296206.0,False,10208.38
2026-02-27,2026-03-02,3,25450.0,245.7,-8484.369999999999,-42.14999999999999,-2386.0899999999983,-9.79999999999999,250.0,1956558.0,-6788.199999999998,-32.49999999999999,500.0,545590.0,False,-8484.369999999999
2026-03-02,2026-03-02,0,24650.0,336.95,27212.66999999999,140.99999999999997,16993.129999999994,89.49999999999997,350.0,5255685.0,24318.699999999993,127.04999999999997,650.0,4085811.0,True,24318.699999999993
2026-03-04,2026-03-10,6,24400.0,499.85,-30270.149999999994,-153.34999999999997,-13365.889999999994,-65.29999999999997,500.0,454226.0,-19625.91999999999,-97.69999999999996,1000.0,483411.0,False,-30270.149999999994
2026-03-05,2026-03-10,5,24600.0,633.85,31016.530000000002,161.05,15420.700000000003,82.15,650.0,282127.0,20048.170000000002,105.75000000000001,1250.0,128627.0,False,31016.530000000002
2026-03-06,2026-03-10,4,24650.0,428.0,-7945.690000000001,-39.05000000000001,-4618.390000000004,-20.80000000000002,450.0,1483682.0,-3870.040000000003,-17.150000000000016,850.0,919979.0,False,-7945.690000000001
2026-03-09,2026-03-10,1,23850.0,404.85,-6425.3799999999965,-31.299999999999983,-15145.429999999997,-74.84999999999998,400.0,909488.0,-12347.319999999996,-60.69999999999998,800.0,527519.0,False,-6425.3799999999965
2026-03-10,2026-03-10,0,24300.0,269.0,43127.12,222.45,25172.440000000002,131.3,250.0,5761558.0,38974.87,202.05,550.0,1566284.0,True,38974.87
2026-03-11,2026-03-17,6,24250.0,539.0,-17798.789999999994,-89.34999999999997,-951.8899999999928,-1.649999999999963,550.0,567319.0,-9646.48999999999,-46.49999999999996,1100.0,119200.0,False,-17798.789999999994
2026-03-12,2026-03-17,5,23650.0,565.8,11659.339999999998,61.69999999999999,5083.759999999998,29.14999999999999,550.0,464653.0,7630.119999999997,41.999999999999986,1150.0,565710.0,False,11659.339999999998
2026-03-13,2026-03-17,4,23450.0,506.5,-5486.7999999999965,-26.299999999999983,2941.770000000004,18.15000000000002,500.0,503714.0,-3019.699999999997,-12.649999999999986,1000.0,295699.0,False,-5486.7999999999965
2026-03-16,2026-03-17,1,23100.0,471.95,10883.749999999996,57.54999999999998,-6852.900000000004,-32.300000000000026,450.0,1176672.0,3487.4299999999967,20.549999999999983,950.0,576444.0,False,10883.749999999996
2026-03-17,2026-03-17,0,23500.0,247.0,29908.209999999995,154.64999999999998,19279.02,101.05,250.0,10008161.0,27033.769999999997,140.79999999999998,500.0,4324825.0,True,27033.769999999997
2026-03-18,2026-03-24,6,23650.0,489.0,6663.689999999998,35.94999999999999,2484.019999999998,15.649999999999991,500.0,189289.0,3521.159999999997,20.799999999999986,1000.0,107781.0,False,6663.689999999998
2026-03-19,2026-03-24,5,23200.0,432.85,-19467.320000000003,-98.10000000000002,-7817.790000000003,-37.100000000000016,450.0,341252.0,-14125.920000000004,-69.65000000000002,850.0,219839.0,False,-19467.320000000003
2026-03-20,2026-03-24,4,23100.0,515.2,6693.2099999999955,36.14999999999998,371.25999999999556,4.899999999999977,500.0,1100481.0,3366.309999999996,20.04999999999998,1050.0,288125.0,False,6693.2099999999955
2026-03-23,2026-03-24,1,22800.0,347.65,-20304.570000000003,-102.55000000000001,-18559.62,-92.35,350.0,823577.0,-19580.630000000005,-97.80000000000001,700.0,1570718.0,False,-20304.570000000003
2026-03-24,2026-03-24,0,22900.0,295.0,53506.06,275.7,32137.360000000004,167.05,300.0,13222791.0,48758.76,252.25,600.0,5338486.0,True,48758.76
2026-03-25,2026-03-30,5,23050.0,641.8,4842.77,26.900000000000006,-2940.149999999997,-11.799999999999983,650.0,288878.0,-63.99999999999875,2.7000000000000064,1300.0,85428.0,False,4842.77
2026-03-27,2026-03-30,3,23150.0,542.8,8117.1,43.5,6576.329999999998,36.74999999999999,550.0,942803.0,2978.5600000000004,18.1,1100.0,186206.0,False,8117.1
2026-03-30,2026-03-30,0,22550.0,373.35,27784.74,144.0,19018.48,99.95,350.0,6667594.0,25358.979999999996,132.45,750.0,2195789.0,True,25358.979999999996
2026-04-01,2026-04-07,6,22900.0,701.4000000000001,15706.890000000001,83.05000000000001,5935.460000000005,34.25000000000002,700.0,417114.0,10199.770000000004,55.80000000000002,1400.0,199266.0,False,15706.890000000001
2026-04-02,2026-04-07,5,22400.0,540.0,-17120.23,-85.6,-10474.349999999997,-50.149999999999984,550.0,205485.0,-19013.51,-94.3,1100.0,302881.0,False,-17120.23
2026-04-06,2026-04-07,1,22800.0,491.6,17412.870000000003,91.30000000000001,4840.140000000001,27.950000000000003,500.0,2330477.0,12472.670000000002,66.9,1000.0,1011969.0,False,17412.870000000003
2026-04-07,2026-04-07,0,22850.0,247.3,-3797.7200000000025,-18.000000000000014,-10759.230000000003,-52.750000000000014,250.0,7989290.0,-7052.580000000002,-33.80000000000001,500.0,2337204.0,True,-7052.580000000002
2026-04-08,2026-04-13,5,23850.0,500.05,8971.480000000007,48.05000000000004,-15928.759999999993,-78.39999999999996,500.0,170627.0,-4785.429999999992,-21.499999999999957,1000.0,98235.0,False,8971.480000000007
2026-04-09,2026-04-13,4,23900.0,446.0,10625.319999999996,56.39999999999998,5156.279999999994,29.49999999999997,450.0,367622.0,7953.489999999996,43.64999999999998,900.0,472600.0,False,10625.319999999996
2026-04-10,2026-04-13,3,23900.0,359.9,8245.850000000004,44.000000000000014,-2199.029999999998,-8.449999999999989,350.0,695877.0,6239.570000000002,34.65000000000001,700.0,826873.0,False,8245.850000000004
2026-04-13,2026-04-13,0,23600.0,299.7,10360.969999999998,54.69999999999999,-3175.550000000003,-13.800000000000013,300.0,4732797.0,8744.839999999998,47.29999999999999,600.0,3577484.0,True,8744.839999999998
2026-04-15,2026-04-21,6,24150.0,526.75,13602.260000000004,71.85000000000002,6447.590000000005,36.300000000000026,550.0,374819.0,10092.920000000006,54.800000000000026,1050.0,235820.0,False,13602.260000000004
2026-04-16,2026-04-21,5,24400.0,405.0,60.729999999995584,2.1499999999999773,-1439.7700000000045,-4.350000000000023,400.0,729955.0,-1894.0700000000047,-6.900000000000024,800.0,473280.0,False,60.729999999995584
2026-04-17,2026-04-21,4,24150.0,339.05,-6132.199999999994,-29.74999999999997,-6163.329999999993,-28.749999999999964,350.0,1179872.0,-7740.319999999993,-37.04999999999997,700.0,271072.0,False,-6132.199999999994
2026-04-20,2026-04-21,1,24400.0,321.6,10497.21,55.45,6212.499999999999,34.55,300.0,2665356.0,9761.39,52.6,650.0,773005.0,False,10497.21
2026-04-21,2026-04-21,0,24350.0,232.15,618.2099999999989,4.599999999999994,-6383.100000000001,-30.400000000000006,250.0,2998308.0,-871.1200000000011,-2.150000000000006,450.0,1805319.0,True,-871.1200000000011
2026-04-22,2026-04-28,6,24450.0,495.0,9412.749999999996,50.29999999999998,4698.9599999999955,27.299999999999976,500.0,211183.0,7092.3799999999965,39.34999999999998,1000.0,95270.0,False,9412.749999999996
2026-04-23,2026-04-28,5,24200.0,461.0,16792.910000000003,88.05000000000001,8619.320000000003,47.250000000000014,450.0,242323.0,14407.430000000004,76.75000000000001,900.0,296355.0,False,16792.910000000003
2026-04-24,2026-04-28,4,24100.0,359.0,-3975.909999999998,-18.64999999999999,-766.5099999999973,-0.9999999999999858,350.0,587743.0,-3191.1699999999983,-13.64999999999999,700.0,740487.0,False,-3975.909999999998
2026-04-27,2026-04-28,1,23950.0,360.6,23511.06,122.25,15215.149999999998,80.69999999999999,350.0,1604846.0,19657.88,103.4,700.0,800002.0,False,23511.06
2026-04-28,2026-04-28,0,24050.0,158.6,20736.209999999995,107.54999999999998,9619.289999999999,51.44999999999999,150.0,14699459.0,16749.749999999996,87.99999999999999,300.0,3058471.0,True,16749.749999999996
2026-04-29,2026-05-05,6,24100.0,441.0,9515.629999999997,50.69999999999999,5913.089999999997,33.34999999999999,450.0,208856.0,7889.689999999998,43.29999999999999,900.0,359871.0,False,9515.629999999997
2026-04-30,2026-05-05,5,24000.0,388.54999999999995,3677.3999999999955,20.649999999999977,-903.7400000000048,-1.7000000000000242,400.0,723007.0,3346.4899999999952,19.899999999999977,800.0,552724.0,False,3677.3999999999955
2026-05-04,2026-05-05,1,24050.0,335.0,18996.83,99.05,6476.209999999999,35.849999999999994,350.0,2916992.0,15162.85,80.3,650.0,2059190.0,False,18996.83
2026-05-05,2026-05-05,0,24050.0,167.65,27033.350000000002,139.85000000000002,13731.480000000001,72.55000000000001,150.0,16996608.0,24675.89,128.65,350.0,4348607.0,True,24675.89
2026-05-06,2026-05-12,6,24150.0,374.0,-15434.399999999998,-77.35,-8112.490000000002,-38.50000000000001,350.0,1201330.0,-12370.749999999998,-60.64999999999999,750.0,623191.0,False,-15434.399999999998
2026-05-07,2026-05-12,5,24400.0,388.85,8651.969999999996,46.14999999999998,5456.699999999996,30.84999999999998,400.0,1015422.0,7545.249999999995,41.39999999999998,800.0,476449.0,False,8651.969999999996
2026-05-08,2026-05-12,4,24250.0,363.95,13638.140000000001,71.65,15091.080000000002,80.15,350.0,1514739.0,12796.67,68.25,750.0,1002214.0,False,13638.140000000001
2026-05-11,2026-05-12,1,23950.0,276.4,13083.400000000001,68.60000000000001,8191.120000000002,44.50000000000001,300.0,1866204.0,10243.600000000002,54.95000000000001,550.0,1730510.0,False,13083.400000000001
2026-05-12,2026-05-12,0,23700.0,190.0,-25152.86,-127.60000000000001,-9039.590000000002,-43.85000000000001,200.0,5439471.0,-26388.740000000005,-133.05,400.0,3509052.0,True,-26388.740000000005
2026-05-13,2026-05-19,6,23350.0,512.9,10955.46,58.25,6423.850000000002,36.20000000000001,500.0,287146.0,10507.43,56.9,1050.0,289257.0,False,10955.46
2026-05-14,2026-05-19,5,23550.0,418.35,8004.369999999998,42.89999999999999,-234.88000000000193,1.79999999999999,400.0,332064.0,3199.2599999999975,19.19999999999999,850.0,424203.0,False,8004.369999999998
2026-05-15,2026-05-19,4,23750.0,340.45,2197.359999999998,12.949999999999989,399.2599999999982,4.849999999999991,350.0,1906572.0,656.7299999999975,5.999999999999988,700.0,511463.0,False,2197.359999999998
2026-05-18,2026-05-19,1,23500.0,310.0,10083.110000000002,53.30000000000001,7561.540000000003,41.40000000000001,300.0,3796515.0,8461.370000000003,45.90000000000001,600.0,1601479.0,False,10083.110000000002
2026-05-19,2026-05-19,0,23700.0,191.65,23140.09,119.95,15681.039999999999,82.6,200.0,12735614.0,21182.55,110.8,400.0,2675067.0,True,21182.55
2026-05-20,2026-05-26,6,23450.0,438.45,-3037.0300000000007,-13.650000000000006,-101.42000000000115,2.5999999999999943,450.0,934016.0,-4197.310000000001,-18.650000000000006,900.0,141505.0,False,-3037.0300000000007
2026-05-21,2026-05-26,5,23850.0,431.4,8739.7,46.7,12328.22,66.2,450.0,598597.0,8957.43,48.75,850.0,420958.0,False,8739.7
2026-05-22,2026-05-26,4,23650.0,355.0,12374.190000000002,65.15,8764.61,47.7,350.0,1234737.0,10301.84,55.45,700.0,288821.0,False,12374.190000000002
2026-05-25,2026-05-26,1,23950.0,223.65,6533.240000000003,34.90000000000002,705.5700000000036,6.0500000000000185,200.0,1909944.0,5018.080000000004,28.05000000000002,450.0,1601806.0,False,6533.240000000003
2026-05-26,2026-05-26,0,24000.0,138.8,9440.049999999997,49.599999999999994,429.9899999999991,4.299999999999995,150.0,8638866.0,6546.069999999998,35.64999999999999,300.0,3384122.0,True,6546.069999999998
2026-05-27,2026-06-02,6,23900.0,383.0,14819.4,77.75,7780.14,42.7,400.0,704960.0,11597.81,62.15,750.0,179803.0,False,14819.4
2026-05-29,2026-06-02,4,23900.0,312.85,-2647.5999999999976,-11.949999999999989,1028.3900000000021,8.050000000000011,300.0,2535335.0,-2577.839999999998,-10.649999999999988,650.0,435683.0,False,-2647.5999999999976
2026-06-01,2026-06-02,1,23650.0,270.25,-306.4699999999967,-0.04999999999998295,-2439.279999999997,-9.899999999999984,250.0,2729681.0,-1947.5899999999967,-7.549999999999984,550.0,1611775.0,False,-306.4699999999967
2026-06-02,2026-06-02,0,23250.0,151.95,-14103.210000000001,-71.05000000000001,-10549.88,-51.800000000000004,150.0,8571053.0,-17855.56,-89.4,300.0,2039645.0,True,-17855.56
2026-06-03,2026-06-09,6,23400.0,340.2,-11487.86,-57.2,-6997.099999999999,-32.949999999999996,350.0,591669.0,-7927.170000000001,-37.95,700.0,644877.0,False,-11487.86
2026-06-04,2026-06-09,5,23300.0,400.3,10070.84,53.45,4980.44,28.45,400.0,717243.0,7538.470000000001,41.400000000000006,800.0,501858.0,False,10070.84
2026-06-05,2026-06-09,4,23500.0,281.25,-1228.4399999999973,-4.749999999999986,-4795.799999999997,-21.949999999999985,300.0,2660761.0,-3032.7599999999966,-13.049999999999985,550.0,722537.0,False,-1228.4399999999973
2026-06-08,2026-06-09,1,23100.0,276.85,15433.989999999998,80.64999999999999,7696.869999999998,41.94999999999999,300.0,3026539.0,14067.78,74.55,550.0,694029.0,False,15433.989999999998
2026-06-09,2026-06-09,0,23250.0,165.05,29980.359999999997,154.95,19253.63,100.85,150.0,9714681.0,28081.32,146.1,350.0,2842567.0,True,28081.32
2026-06-10,2026-06-16,6,23250.0,379.7,6217.600000000001,33.650000000000006,2639.770000000001,16.400000000000006,400.0,403101.0,5196.1100000000015,29.35000000000001,750.0,577340.0,False,6217.600000000001
2026-06-11,2026-06-16,5,23100.0,351.0,8298.72,44.25,4774.86,27.25,350.0,427115.0,5486.07,30.75,700.0,402075.0,False,8298.72
2026-06-12,2026-06-16,4,23400.0,287.0,-13580.069999999996,-68.04999999999998,-5190.919999999996,-23.84999999999998,300.0,2274899.0,-9502.019999999997,-46.14999999999998,550.0,709323.0,False,-13580.069999999996
2026-06-15,2026-06-16,1,24000.0,213.85,1514.2699999999984,9.149999999999991,-4765.370000000002,-22.000000000000007,200.0,4498491.0,-2068.9300000000017,-8.30000000000001,450.0,1132617.0,False,1514.2699999999984
2026-06-16,2026-06-16,0,23900.0,131.2,8390.080000000002,44.20000000000001,1594.320000000002,10.25000000000001,150.0,5944886.0,5574.160000000002,30.65000000000001,250.0,2789802.0,True,5574.160000000002
2026-06-17,2026-06-23,6,24050.0,338.5,7055.909999999999,37.849999999999994,3785.37,22.15,350.0,583033.0,6406.659999999999,35.449999999999996,700.0,159987.0,False,7055.909999999999
2026-06-18,2026-06-23,5,24050.0,285.55,7528.970000000001,40.150000000000006,1651.0700000000008,11.050000000000004,300.0,459092.0,4792.8600000000015,27.050000000000008,550.0,458521.0,False,7528.970000000001
2026-06-19,2026-06-23,4,24000.0,232.1,5212.519999999999,28.14999999999999,2158.1599999999976,13.49999999999999,250.0,1051830.0,2954.6299999999987,17.499999999999993,450.0,583981.0,False,5212.519999999999
2026-06-22,2026-06-23,1,24100.0,182.9,10248.880000000001,53.85000000000001,2009.1000000000013,12.550000000000008,200.0,2553178.0,4288.390000000002,24.20000000000001,350.0,826766.0,False,10248.880000000001
2026-06-23,2026-06-23,0,24050.0,107.0,-18706.089999999997,-94.74999999999999,-7226.029999999996,-34.79999999999998,100.0,16429485.0,-18173.599999999995,-91.09999999999998,200.0,7018423.0,True,-18173.599999999995
2026-06-24,2026-06-30,6,23800.0,337.0,-4404.740000000001,-20.900000000000006,-2432.160000000001,-9.650000000000006,350.0,334749.0,-5009.750000000001,-23.050000000000004,650.0,149402.0,False,-4404.740000000001
2026-06-25,2026-06-30,5,24150.0,261.8,9305.43,49.2,3380.720000000001,19.850000000000005,250.0,1113361.0,5633.180000000001,31.300000000000004,500.0,295130.0,False,9305.43
2026-06-29,2026-06-30,1,24050.0,217.0,8116.500000000004,43.000000000000014,3094.4300000000026,18.250000000000014,200.0,2624148.0,7725.550000000003,41.90000000000001,450.0,1954540.0,False,8116.500000000004
2026-06-30,2026-06-30,0,24050.0,127.75,-12892.289999999999,-64.89999999999999,-13708.019999999999,-68.1,150.0,8079197.0,-14743.399999999996,-73.49999999999999,250.0,4433075.0,True,-14743.399999999996
2026-07-01,2026-07-07,6,23900.0,321.9,869.5499999999988,6.099999999999994,-929.5400000000027,-2.000000000000014,300.0,678293.0,-638.0700000000013,-0.7000000000000064,650.0,173375.0,False,869.5499999999988
2026-07-02,2026-07-07,5,24050.0,295.9,7085.269999999999,37.89999999999999,2837.6099999999997,17.15,300.0,434775.0,4275.029999999998,24.39999999999999,600.0,241999.0,False,7085.269999999999
2026-07-03,2026-07-07,4,24400.0,215.05,2615.960000000001,14.800000000000004,267.84000000000077,3.8000000000000043,200.0,2539013.0,2231.310000000001,13.750000000000004,450.0,514440.0,False,2615.960000000001
2026-07-06,2026-07-07,1,24300.0,168.55,1379.0400000000002,8.350000000000001,-1362.9299999999987,-4.699999999999992,150.0,1819941.0,-45.86999999999961,1.950000000000002,350.0,908523.0,False,1379.0400000000002
2026-07-07,2026-07-07,0,24450.0,125.05000000000001,17444.93,90.6,13273.040000000003,70.10000000000001,150.0,9955897.0,16394.5,86.10000000000001,250.0,4772103.0,True,16394.5
2026-07-08,2026-07-14,6,24250.0,240.45,-46781.920000000006,-238.35000000000002,-10715.91,-51.95,250.0,1860365.0,-25668.070000000007,-128.90000000000003,500.0,461640.0,False,-46781.920000000006
2026-07-09,2026-07-14,5,23950.0,350.05,14463.899999999998,75.85,3592.0499999999984,21.14999999999999,350.0,814572.0,9573.39,51.699999999999996,700.0,211157.0,False,14463.899999999998
2026-07-10,2026-07-14,4,24100.0,260.0,7316.38,39.0,1947.1799999999992,12.499999999999996,250.0,754811.0,4201.230000000001,23.950000000000003,500.0,833726.0,False,7316.38
2026-07-13,2026-07-14,1,24050.0,178.2,-9579.52,-47.8,-4771.169999999999,-22.099999999999994,200.0,2040509.0,-10425.63,-51.199999999999996,350.0,2022569.0,False,-9579.52
2026-07-14,2026-07-14,0,24050.0,149.0,26456.67,136.85,16715.02,87.8,150.0,13502375.0,24128.42,125.8,300.0,3007454.0,True,24128.42
2026-07-15,2026-07-21,6,24100.0,355.0,8267.619999999999,44.099999999999994,3102.179999999999,18.699999999999996,350.0,440859.0,5257.969999999999,29.599999999999994,700.0,472287.0,False,8267.619999999999
2026-07-16,2026-07-21,5,24150.0,297.0,7211.5700000000015,38.55000000000001,327.2500000000015,4.300000000000008,300.0,461267.0,5227.740000000002,29.30000000000001,600.0,205937.0,False,7211.5700000000015
2026-07-17,2026-07-21,4,24150.0,239.8,-9061.609999999995,-44.99999999999997,-3329.9899999999952,-14.499999999999975,250.0,1388657.0,-7957.729999999994,-38.39999999999997,500.0,468734.0,False,-9061.609999999995
2026-07-20,2026-07-21,1,24200.0,226.0,14091.770000000002,73.65,5657.68,31.349999999999998,250.0,1998962.0,10219.69,54.7,450.0,933976.0,False,14091.770000000002
2026-07-21,2026-07-21,0,24200.0,128.9,21471.7,111.25,13817.559999999998,72.89999999999999,150.0,7713296.0,18528.93,97.05,250.0,3284166.0,True,18528.93
2026-07-22,2026-07-28,6,24150.0,314.0,-4384.4000000000015,-20.85000000000001,-1081.7000000000028,-2.750000000000014,300.0,331998.0,-2717.760000000002,-11.35000000000001,650.0,400913.0,False,-4384.4000000000015
2026-07-23,2026-07-28,5,23900.0,315.54999999999995,11690.029999999997,61.54999999999998,5614.259999999996,31.449999999999978,300.0,839169.0,9257.729999999996,49.999999999999986,650.0,243562.0,False,11690.029999999997
2026-07-24,2026-07-28,4,23650.0,266.0,-1084.869999999998,-4.04999999999999,-645.2699999999977,-0.6999999999999886,250.0,1860489.0,-2788.2099999999978,-11.849999999999989,550.0,739782.0,False,-1084.869999999998
2026-07-27,2026-07-28,1,23950.0,186.45,8715.82,46.0,444.46999999999946,4.549999999999997,200.0,2078435.0,4949.7,27.6,350.0,1773723.0,False,8715.82
2026-07-28,2026-07-28,0,23950.0,121.05,18987.95,98.5,10572.930000000002,56.25000000000001,100.0,6501861.0,16386.610000000004,86.05000000000001,250.0,2706578.0,True,16386.610000000004
2026-07-29,2026-08-04,6,24200.0,285.70000000000005,3802.7500000000045,21.050000000000026,1394.2600000000054,9.750000000000028,300.0,562355.0,2343.380000000005,14.500000000000025,550.0,187686.0,False,3802.7500000000045
2026-07-30,2026-08-04,5,24250.0,267.0,7995.959999999996,42.499999999999986,4772.439999999996,26.999999999999982,250.0,1328136.0,6160.329999999997,33.999999999999986,550.0,460691.0,False,7995.959999999996
2026-07-31,2026-08-04,4,24350.0,231.0,10217.0,53.8,6537.799999999998,35.89999999999999,250.0,1547405.0,8927.639999999998,48.099999999999994,450.0,857791.0,False,10217.0
2026-08-03,2026-08-04,1,24550.0,153.9,6906.73,36.65,1131.62,8.0,150.0,3386130.0,4836.98,26.95,300.0,1151977.0,False,6906.73
2026-08-04,2026-08-04,0,24700.0,154.65,2380.3700000000017,13.45000000000001,-926.9399999999978,-2.5499999999999883,150.0,3214984.0,2710.9000000000024,16.05000000000001,300.0,3048686.0,True,2710.9000000000024
2026-08-05,2026-08-11,6,24650.0,260.5,-4496.349999999999,-21.549999999999997,-5378.790000000001,-24.950000000000003,250.0,1002079.0,-6644.37,-31.599999999999998,500.0,368270.0,False,-4496.349999999999
2026-08-06,2026-08-11,5,24650.0,265.0,2183.3000000000006,12.700000000000003,648.1000000000012,5.900000000000006,250.0,962425.0,960.2800000000007,7.350000000000003,550.0,416758.0,False,2183.3000000000006
2026-08-07,2026-08-11,4,24550.0,253.65,5914.670000000002,31.80000000000001,3043.070000000002,18.10000000000001,250.0,1660825.0,3570.970000000002,20.70000000000001,500.0,399359.0,False,5914.670000000002
2026-08-10,2026-08-11,1,24600.0,209.55,11436.400000000003,60.000000000000014,3388.330000000003,19.700000000000017,200.0,3367603.0,9651.780000000004,51.750000000000014,400.0,1635046.0,False,11436.400000000003
2026-08-11,2026-08-11,0,24600.0,147.55,2139.7800000000007,12.200000000000003,-4279.0,-19.799999999999997,150.0,3041225.0,699.0900000000004,5.700000000000003,300.0,1762985.0,True,699.0900000000004
2026-08-12,2026-08-18,6,24450.0,307.0,11674.45,61.45,7037.610000000001,38.7,300.0,485627.0,10277.38,55.2,600.0,301646.0,False,11674.45
2026-08-13,2026-08-18,5,24450.0,237.5,6819.500000000001,36.400000000000006,403.0400000000007,4.5000000000000036,250.0,840453.0,4623.810000000001,26.050000000000004,500.0,279482.0,False,6819.500000000001
2026-08-14,2026-08-18,4,24350.0,222.0,8299.54,43.95,4154.250000000001,23.700000000000003,200.0,1205059.0,7332.960000000001,39.900000000000006,450.0,842230.0,False,8299.54
2026-08-17,2026-08-18,1,24350.0,158.0,7470.599999999999,39.55,476.61000000000047,4.650000000000002,150.0,4712193.0,5324.139999999999,29.449999999999996,300.0,1729762.0,False,7470.599999999999
2026-08-18,2026-08-18,0,24200.0,130.0,17969.39,93.3,12021.819999999998,63.69999999999999,150.0,6124761.0,16411.639999999996,86.19999999999999,250.0,1555351.0,True,16411.639999999996
2026-08-19,2026-08-25,6,24150.0,271.15,6638.200000000002,35.55000000000001,2082.7500000000014,13.250000000000007,250.0,756388.0,5395.120000000003,30.100000000000012,550.0,390228.0,False,6638.200000000002
2026-08-20,2026-08-25,5,24250.0,209.4,3174.550000000001,17.650000000000006,478.8900000000017,4.8500000000000085,200.0,479855.0,-428.2199999999987,0.10000000000000675,400.0,299207.0,False,3174.550000000001
2026-08-21,2026-08-25,4,24300.0,169.0,1993.35,11.5,-1647.1900000000005,-6.150000000000002,150.0,963191.0,907.9100000000003,6.850000000000001,350.0,422356.0,False,1993.35
2026-08-24,2026-08-25,1,24300.0,148.15,-552.6899999999989,-1.5999999999999943,-2228.359999999999,-9.199999999999996,150.0,2113814.0,-886.4499999999989,-2.3999999999999946,300.0,1980006.0,False,-552.6899999999989
2026-08-25,2026-08-25,0,24200.0,78.15,-2861.529999999998,-13.599999999999987,-5236.699999999997,-24.849999999999987,100.0,18606480.0,-6663.689999999998,-32.19999999999999,150.0,10080061.0,True,-6663.689999999998
2026-08-26,2026-09-01,6,24350.0,233.25,3124.5600000000004,17.450000000000003,1541.0600000000002,10.350000000000001,250.0,1013148.0,2027.1600000000005,12.750000000000002,450.0,639609.0,False,3124.5600000000004
2026-08-27,2026-09-01,5,24300.0,211.05,-2074.0399999999972,-9.249999999999986,-1307.7099999999987,-4.249999999999993,200.0,1311554.0,-1302.0399999999975,-4.349999999999986,400.0,535613.0,False,-2074.0399999999972
2026-08-28,2026-09-01,4,24100.0,205.05,-1290.929999999996,-5.249999999999979,-2772.499999999997,-11.799999999999983,200.0,2022846.0,-2017.5999999999958,-8.04999999999998,400.0,963397.0,False,-1290.929999999996
2026-08-31,2026-09-01,1,24100.0,186.75,8979.049999999997,47.349999999999994,6140.91,33.75,200.0,4521751.0,8490.619999999999,45.74999999999999,350.0,1417111.0,False,8979.049999999997
2026-09-01,2026-09-01,0,24100.0,112.44999999999999,11217.699999999999,58.64999999999999,6347.139999999999,34.599999999999994,100.0,16107502.0,9794.149999999998,52.24999999999999,200.0,8343733.0,True,9794.149999999998
2026-09-02,2026-09-08,6,23850.0,289.0,5030.279999999999,27.349999999999994,5441.619999999998,30.499999999999993,300.0,433339.0,3338.5699999999993,19.599999999999994,600.0,197038.0,False,5030.279999999999
2026-09-03,2026-09-08,5,24000.0,303.1,15577.979999999998,81.44999999999999,12575.4,67.05,300.0,1090975.0,14883.979999999996,78.79999999999998,600.0,520639.0,False,15577.979999999998
2026-09-04,2026-09-08,4,23900.0,223.0,7401.68,39.35,2426.8800000000006,14.850000000000001,200.0,2127416.0,5449.94,30.25,450.0,449932.0,False,7401.68
2026-09-07,2026-09-08,1,23900.0,188.55,5632.479999999998,30.19999999999999,5942.879999999997,32.749999999999986,200.0,2517275.0,4988.749999999998,27.79999999999999,400.0,1823551.0,False,5632.479999999998
2026-09-08,2026-09-08,0,23750.0,99.7,-5144.2,-25.25,-4563.5599999999995,-21.299999999999997,100.0,7269984.0,-6753.09,-32.6,200.0,4422892.0,True,-6753.09
2026-09-09,2026-09-15,6,23500.0,281.0,7004.329999999998,37.44999999999999,5506.449999999996,30.799999999999983,300.0,979373.0,6256.399999999998,34.54999999999999,550.0,264737.0,False,7004.329999999998
2026-09-10,2026-09-15,5,23450.0,255.95,9395.909999999996,49.64999999999998,2253.399999999996,14.04999999999998,250.0,1058717.0,7255.2999999999965,39.59999999999998,500.0,320630.0,False,9395.909999999996
2026-09-11,2026-09-15,4,23250.0,225.95,-10557.410000000003,-52.70000000000002,-3746.250000000003,-16.700000000000017,250.0,2775462.0,-12281.850000000004,-60.60000000000002,450.0,1078392.0,False,-10557.410000000003
2026-09-15,2026-09-15,0,23600.0,147.05,-57478.479999999996,-293.4,-9601.830000000002,-46.400000000000006,150.0,2711797.0,-33311.69,-168.29999999999998,300.0,2434418.0,True,-33311.69
2026-09-16,2026-09-22,6,23200.0,326.9,2662.0500000000025,15.300000000000011,-2153.1599999999967,-8.299999999999983,350.0,466045.0,799.4600000000021,6.70000000000001,650.0,262906.0,False,2662.0500000000025
2026-09-17,2026-09-22,5,23200.0,294.0,7232.450000000001,38.650000000000006,-1150.5599999999988,-3.2999999999999936,300.0,921827.0,3533.610000000002,20.60000000000001,600.0,571436.0,False,7232.450000000001
2026-09-18,2026-09-22,4,23350.0,224.4,8951.970000000001,47.30000000000001,2739.110000000003,16.450000000000014,200.0,1458740.0,7291.9000000000015,39.70000000000001,450.0,867079.0,False,8951.970000000001
