date,expiry,dte,atm,spot0915,entry,exit_close,gross_pts,gross_pts_last,net,real,ce_oi,pe_oi,ce_vol,pe_vol
2022-01-03,2022-01-06,3,17400.0,17387.15,222.0,300.1,-78.10000000000002,,-15485.490000000003,False,966650.0,3544450.0,598299.0,982868.0
2022-01-04,2022-01-06,2,17700.0,17681.4,223.3,183.25,40.05000000000001,,7567.640000000002,False,2297700.0,3814500.0,2521225.0,1992211.0
2022-01-05,2022-01-06,1,17800.0,17820.1,153.65,160.65,-7.0,,-1589.55,False,1678400.0,5829200.0,2235724.0,2861028.0
2022-01-06,2022-01-06,0,17750.0,17768.5,130.0,11.149999999999999,118.85,,22974.34,False,4051600.0,1941900.0,6238268.0,4450869.0
2022-01-07,2022-01-13,6,17800.0,17797.6,295.25,275.85,19.399999999999977,,3514.3599999999956,False,2912000.0,2787000.0,1285742.0,1343862.0
2022-01-10,2022-01-13,3,17900.0,17913.3,262.0,245.3,16.69999999999999,,2998.6399999999976,False,2315350.0,3640700.0,1124261.0,1453430.0
2022-01-11,2022-01-13,2,18000.0,17997.75,222.0,193.60000000000002,28.399999999999977,,5294.909999999995,False,3367050.0,4012100.0,1834126.0,1937027.0
2022-01-12,2022-01-13,1,18150.0,18170.4,148.0,133.3,14.699999999999989,,2646.4599999999978,False,907500.0,1955250.0,1137591.0,1165947.0
2022-01-13,2022-01-13,0,18250.0,18257.0,94.65,10.649999999999999,84.0,,16186.17,False,3901300.0,3935450.0,6899539.0,3766905.0
2022-01-14,2022-01-20,6,18200.0,18185.0,280.0,266.2,13.800000000000011,,2426.7800000000025,False,4683900.0,5071350.0,1438219.0,1507932.0
2022-01-17,2022-01-20,3,18250.0,18235.65,244.0,215.25,28.75,,5355.86,False,983900.0,1377950.0,449153.0,630848.0
2022-01-18,2022-01-20,2,18350.0,18337.2,190.15,275.45,-85.29999999999998,,-16879.729999999996,False,3310800.0,140500.0,1392800.0,453535.0
2022-01-19,2022-01-20,1,18150.0,18129.2,175.05,209.15,-34.099999999999994,,-6884.479999999999,False,3627750.0,290650.0,1260591.0,202593.0
2022-01-20,2022-01-20,0,17900.0,17921.0,136.65,153.05,-16.400000000000006,,-3418.020000000001,False,3945600.0,904500.0,4405350.0,2589201.0
2022-01-21,2022-01-27,6,17600.0,17613.7,317.0,293.1,23.899999999999977,,4385.149999999995,False,2605950.0,3368600.0,1484763.0,1858595.0
2022-01-24,2022-01-27,3,17600.0,17575.15,320.0,493.6,-173.60000000000002,,-34152.280000000006,False,5847350.0,1890350.0,1732701.0,535488.0
2022-01-25,2022-01-27,2,17000.0,17001.55,315.0,338.90000000000003,-23.900000000000034,,-4940.980000000006,False,1868500.0,5321800.0,1216782.0,2680144.0
2022-01-27,2022-01-27,0,17050.0,17062.0,149.25,45.2,104.05,,20080.12,False,958850.0,2282500.0,3634643.0,2656626.0
2022-01-28,2022-02-03,6,17200.0,17208.3,511.05,503.35,7.699999999999989,,1159.3899999999976,False,1286700.0,950500.0,543825.0,697755.0
2022-01-31,2022-02-03,3,17300.0,17301.05,424.4,474.20000000000005,-49.80000000000007,,-10031.140000000012,False,2792400.0,2381850.0,804302.0,946986.0
2022-02-01,2022-02-03,2,17550.0,17529.45,425.65,275.9,149.75,,28904.86,False,724500.0,394000.0,616319.0,440277.0
2022-02-02,2022-02-03,1,17700.0,17706.2,185.8,149.2,36.60000000000002,,6906.990000000004,False,1887500.0,4396950.0,1959879.0,2374261.0
2022-02-03,2022-02-03,0,17750.0,17767.75,82.2,167.14999999999998,-84.94999999999997,,-16775.389999999996,False,3469350.0,188350.0,3606556.0,1370229.0
2022-02-04,2022-02-10,6,17600.0,17590.2,379.0,297.05,81.94999999999999,,15691.219999999998,False,3704900.0,1859450.0,1505354.0,951261.0
2022-02-07,2022-02-10,3,17450.0,17456.3,220.2,322.59999999999997,-102.39999999999998,,-20226.329999999998,False,1614100.0,150550.0,596391.0,383361.0
2022-02-08,2022-02-10,2,17300.0,17279.85,363.0,192.35000000000002,170.64999999999998,,33003.80999999999,False,5208650.0,1623900.0,2889281.0,1116874.0
2022-02-09,2022-02-10,1,17350.0,17370.1,168.0,159.0,9.0,,1527.59,False,649350.0,1992850.0,669420.0,1387567.0
2022-02-10,2022-02-10,0,17550.0,17554.1,112.44999999999999,63.7,48.749999999999986,,9302.209999999995,False,560050.0,3403050.0,2909278.0,3791444.0
2022-02-11,2022-02-17,6,17450.0,17451.0,268.0,298.3,-30.30000000000001,,-6174.060000000002,False,765750.0,269550.0,533808.0,262601.0
2022-02-14,2022-02-17,3,17100.0,17076.15,258.65,382.9,-124.25,,-24502.57,False,3866850.0,736200.0,1133383.0,593507.0
2022-02-15,2022-02-17,2,16950.0,16933.25,287.75,462.0,-174.25,,-34268.34,False,152250.0,616950.0,442757.0,674855.0
2022-02-16,2022-02-17,1,17400.0,17408.45,246.5,168.55,77.94999999999999,,14954.979999999998,False,4457400.0,1893600.0,3812482.0,2675979.0
2022-02-17,2022-02-17,0,17400.0,17396.55,140.0,80.6,59.400000000000006,,11371.050000000001,False,5207400.0,919800.0,8440693.0,4221234.0
2022-02-18,2022-02-24,6,17250.0,17236.05,513.0,391.0,122.0,,23461.08,False,320300.0,772450.0,247289.0,500677.0
2022-02-21,2022-02-24,3,17200.0,17192.25,375.05,301.2,73.85000000000002,,14112.060000000003,False,2091550.0,3227700.0,1245717.0,1536331.0
2022-02-22,2022-02-24,2,16850.0,16847.95,494.5,360.84999999999997,133.65000000000003,,25740.420000000006,False,144900.0,735850.0,128405.0,486954.0
2022-02-23,2022-02-24,1,17200.0,17194.5,241.65,186.25,55.400000000000006,,10556.620000000003,False,6948450.0,2514650.0,3251899.0,2124928.0
2022-02-24,2022-02-24,0,16550.0,16548.9,217.85,283.9,-66.04999999999998,,-13132.889999999996,False,1121950.0,395600.0,2562367.0,1433501.0
2022-02-25,2022-03-03,6,16500.0,16515.65,546.45,516.95,29.5,,5401.21,False,1329250.0,2620150.0,518296.0,1112508.0
2022-02-28,2022-03-03,3,16500.0,16481.6,451.05,555.25,-104.19999999999999,,-20654.629999999997,False,1686700.0,3294050.0,819092.0,1125206.0
2022-03-02,2022-03-03,1,16600.0,16593.1,440.0,283.9,156.10000000000002,,30139.090000000004,False,2570500.0,2644750.0,1920818.0,1501210.0
2022-03-03,2022-03-03,0,16700.0,16723.2,247.75,207.1,40.650000000000006,,7676.550000000001,False,3500050.0,547400.0,4979558.0,1642475.0
2022-03-04,2022-03-10,6,16350.0,16339.45,454.4,488.6,-34.200000000000045,,-6997.2700000000095,False,197100.0,134200.0,288713.0,211718.0
2022-03-07,2022-03-10,3,15850.0,15867.95,431.6,466.3,-34.69999999999999,,-7087.219999999998,False,310500.0,284100.0,370569.0,354123.0
2022-03-08,2022-03-10,2,15750.0,15747.75,335.85,442.20000000000005,-106.35000000000002,,-21035.680000000004,False,135350.0,436600.0,290334.0,519285.0
2022-03-09,2022-03-10,1,16100.0,16078.0,328.0,335.2,-7.199999999999989,,-1686.7899999999977,False,620750.0,2286550.0,1205509.0,1531443.0
2022-03-10,2022-03-10,0,16750.0,16757.1,192.5,154.05,38.44999999999999,,7265.729999999998,False,2725850.0,162700.0,4158046.0,799391.0
2022-03-11,2022-03-17,6,16550.0,16528.8,479.15,469.54999999999995,9.600000000000023,,1540.7700000000045,False,218200.0,308150.0,185785.0,321020.0
2022-03-14,2022-03-17,3,16650.0,16633.7,437.7,473.05,-35.35000000000002,,-7216.0800000000045,False,300050.0,656700.0,277436.0,361737.0
2022-03-15,2022-03-17,2,16900.0,16900.65,404.8,396.15000000000003,8.649999999999977,,1380.2299999999955,False,3022100.0,657600.0,1592971.0,814373.0
2022-03-16,2022-03-17,1,16900.0,16876.65,287.0,267.65,19.350000000000023,,3507.3600000000047,False,3589650.0,3594050.0,2358791.0,2017957.0
2022-03-17,2022-03-17,0,17200.0,17202.9,156.95,88.55,68.39999999999999,,13121.479999999998,False,775200.0,5099750.0,3060874.0,6198470.0
2022-03-21,2022-03-24,3,17350.0,17329.5,361.0,402.2,-41.19999999999999,,-8331.929999999998,False,1097100.0,125000.0,351850.0,144356.0
2022-03-22,2022-03-24,2,17100.0,17120.4,374.95,353.45,21.5,,3897.5,False,993100.0,2867250.0,1073208.0,1331239.0
2022-03-23,2022-03-24,1,17400.0,17405.05,248.5,220.0,28.5,,5305.58,False,5818550.0,628750.0,2872174.0,1395272.0
2022-03-24,2022-03-24,0,17100.0,17094.95,156.2,129.2,27.0,,5043.71,False,441250.0,3700550.0,1222333.0,5471044.0
2022-03-25,2022-03-31,6,17300.0,17289.0,386.0,361.85,24.149999999999977,,4410.889999999996,False,3369700.0,1002650.0,828276.0,416860.0
2022-03-28,2022-03-31,3,17200.0,17181.85,321.95,274.65,47.30000000000001,,8949.330000000002,False,4771550.0,4141750.0,1730203.0,1097650.0
2022-03-29,2022-03-31,2,17300.0,17297.2,232.0,192.9,39.099999999999994,,7379.369999999999,False,4726500.0,4224600.0,2516771.0,2169810.0
2022-03-30,2022-03-31,1,17450.0,17468.15,198.0,150.5,47.5,,9029.74,False,1059850.0,1874550.0,1071767.0,1268168.0
2022-03-31,2022-03-31,0,17500.0,17519.2,105.0,33.5,71.5,,13743.7,False,9642125.0,2386150.0,8383661.0,7281225.0
2022-04-01,2022-04-07,6,17450.0,17436.9,359.45,342.95,16.5,,2927.07,False,889050.0,1811800.0,157138.0,297161.0
2022-04-04,2022-04-07,3,17800.0,17809.1,149.5,330.35,-180.85000000000002,,-35509.98000000001,False,867000.0,4105800.0,601043.0,1398329.0
2022-04-05,2022-04-07,2,18100.0,18080.6,184.2,208.1,-23.900000000000006,,-4897.300000000001,False,4466100.0,1394350.0,2323886.0,1028660.0
2022-04-06,2022-04-07,1,17850.0,17842.75,175.0,125.30000000000001,49.69999999999999,,9466.689999999999,False,2445250.0,1390200.0,1578704.0,1613558.0
2022-04-07,2022-04-07,0,17700.0,17723.3,114.3,57.050000000000004,57.24999999999999,,10960.119999999999,False,5722300.0,1928600.0,7064980.0,8213730.0
2022-04-08,2022-04-13,5,17700.0,17698.15,301.9,280.95000000000005,20.949999999999932,,3814.5799999999867,False,2482900.0,3688350.0,1555909.0,1605920.0
2022-04-11,2022-04-13,2,17750.0,17740.9,243.25,195.05,48.19999999999999,,9151.209999999997,False,1762700.0,453750.0,1253663.0,723119.0
2022-04-12,2022-04-13,1,17600.0,17584.85,165.3,126.1,39.20000000000002,,7421.150000000003,False,7118950.0,2624500.0,3846091.0,2146614.0
2022-04-13,2022-04-13,0,17600.0,17599.9,122.05,118.55,3.5,,469.77,False,6784800.0,849600.0,7675184.0,3839401.0
2022-04-18,2022-04-21,3,17200.0,17183.45,251.25,250.75,0.5,,-158.73,False,3856050.0,2720250.0,1739140.0,1565323.0
2022-04-19,2022-04-21,2,17250.0,17258.95,227.55,284.0,-56.44999999999999,,-11262.969999999998,False,2203250.0,341150.0,1578606.0,917190.0
2022-04-20,2022-04-21,1,17050.0,17045.25,201.05,160.89999999999998,40.150000000000034,,7594.580000000006,False,257100.0,1397300.0,776599.0,1758976.0
2022-04-21,2022-04-21,0,17250.0,17234.6,107.65,140.25,-32.599999999999994,,-6569.289999999999,False,461350.0,2513200.0,2263608.0,3528828.0
2022-04-22,2022-04-28,6,17250.0,17242.75,310.95,287.7,23.25,,4260.34,False,1081450.0,411750.0,723832.0,665732.0
2022-04-25,2022-04-28,3,17000.0,17009.05,250.55,279.55,-29.0,,-5914.57,False,5129550.0,5220000.0,2261889.0,2202640.0
2022-04-26,2022-04-28,2,17100.0,17121.3,248.85,212.95,35.900000000000006,,6749.360000000001,False,2479800.0,4044400.0,1860092.0,2316703.0
2022-04-27,2022-04-28,1,17050.0,17073.35,180.6,153.55,27.049999999999983,,5045.319999999996,False,1943500.0,2452200.0,1740549.0,1754840.0
2022-04-28,2022-04-28,0,17200.0,17189.5,171.3,53.65,117.65,,22726.4,False,2606800.0,8486700.0,6804024.0,5673758.0
2022-04-29,2022-05-05,6,17350.0,17329.25,302.15,332.85,-30.700000000000045,,-6263.510000000009,False,1870150.0,451500.0,1181381.0,658728.0
2022-05-02,2022-05-05,3,16900.0,16924.45,274.95000000000005,299.95,-24.999999999999943,,-5142.239999999989,False,740800.0,3463100.0,623591.0,1758260.0
2022-05-04,2022-05-05,1,17100.0,17096.6,219.35,426.84999999999997,-207.49999999999997,,-40733.27999999999,False,8363100.0,532800.0,3464200.0,894928.0
2022-05-05,2022-05-05,0,16850.0,16854.75,148.65,163.15,-14.5,,-3051.29,False,2413650.0,566400.0,4884745.0,3648133.0
2022-05-06,2022-05-12,6,16400.0,16415.55,339.65,361.35,-21.700000000000045,,-4519.940000000009,False,2235850.0,2594650.0,1520394.0,1883765.0
2022-05-09,2022-05-12,3,16250.0,16227.7,309.9,303.79999999999995,6.100000000000023,,914.3600000000046,False,320000.0,665650.0,611840.0,751385.0
2022-05-10,2022-05-12,2,16250.0,16248.9,317.4,241.5,75.89999999999998,,14531.309999999996,False,718100.0,888550.0,436817.0,875664.0
2022-05-11,2022-05-12,1,16250.0,16270.05,220.65,180.0,40.650000000000006,,7685.600000000001,False,2401200.0,376500.0,1623282.0,637788.0
2022-05-12,2022-05-12,0,16000.0,16021.1,133.2,203.39999999999998,-70.19999999999999,,-13914.379999999997,False,5387150.0,694250.0,6447412.0,1975998.0
2022-05-13,2022-05-19,6,16000.0,15977.0,358.0,382.2,-24.19999999999999,,-5013.869999999998,False,4257600.0,1881650.0,2428220.0,1845969.0
2022-05-16,2022-05-19,3,15850.0,15845.1,351.2,301.4,49.80000000000001,,9427.360000000002,False,835950.0,624950.0,587367.0,655192.0
2022-05-17,2022-05-19,2,15900.0,15912.6,267.45,410.5,-143.05,,-28173.780000000002,False,637600.0,3888200.0,614031.0,1658914.0
2022-05-18,2022-05-19,1,16300.0,16318.15,201.9,154.15,47.75,,9077.22,False,6422100.0,2542800.0,3709463.0,3248224.0
2022-05-19,2022-05-19,0,15900.0,15917.4,129.0,96.8,32.2,,6067.430000000001,False,5330350.0,1228400.0,5964313.0,5045959.0
2022-05-20,2022-05-26,6,16050.0,16043.8,353.25,409.75,-56.5,,-11314.7,False,181900.0,584950.0,184431.0,247184.0
2022-05-23,2022-05-26,3,16300.0,16290.95,314.3,310.85,3.4499999999999886,,395.8199999999977,False,3506900.0,1977400.0,1913522.0,1470190.0
2022-05-24,2022-05-26,2,16250.0,16225.55,295.1,269.6,25.5,,4704.65,False,2081750.0,402000.0,1077593.0,425108.0
2022-05-25,2022-05-26,1,16200.0,16196.35,278.9,237.2,41.69999999999999,,7871.019999999999,False,9503850.0,2854900.0,3687277.0,1755235.0
2022-05-26,2022-05-26,0,16100.0,16105.0,159.9,55.4,104.5,,20164.37,False,2678300.0,6569850.0,9540901.0,6868575.0
2022-05-27,2022-06-02,6,16300.0,16296.6,355.45,330.0,25.44999999999999,,4674.739999999998,False,3621350.0,3859100.0,1948723.0,1631487.0
2022-05-30,2022-06-02,3,16550.0,16527.9,340.7,279.7,61.0,,11616.23,False,316800.0,908950.0,354036.0,407259.0
2022-05-31,2022-06-02,2,16600.0,16578.45,238.25,226.65,11.599999999999994,,2011.4499999999991,False,3372050.0,2807350.0,2583875.0,2805133.0
2022-06-01,2022-06-02,1,16600.0,16594.4,236.0,175.1,60.900000000000006,,11631.670000000002,False,6746000.0,1565150.0,4015293.0,2935508.0
2022-06-02,2022-06-02,0,16500.0,16481.65,122.1,117.25,4.849999999999994,,733.1699999999988,False,1043350.0,7301300.0,4814920.0,8283514.0
2022-06-03,2022-06-09,6,16750.0,16761.65,322.3,328.2,-5.899999999999977,,-1431.2299999999955,False,1429400.0,311450.0,693488.0,521251.0
2022-06-06,2022-06-09,3,16550.0,16530.7,307.0,262.05,44.94999999999999,,8495.779999999999,False,696800.0,951500.0,730961.0,672152.0
2022-06-07,2022-06-09,2,16450.0,16469.6,245.15,217.1,28.05000000000001,,5218.890000000002,False,1513500.0,650450.0,986160.0,699566.0
2022-06-08,2022-06-09,1,16450.0,16474.95,189.55,152.2,37.35000000000002,,7052.0800000000045,False,4107450.0,442850.0,1949173.0,1206283.0
2022-06-09,2022-06-09,0,16250.0,16263.85,110.0,219.75,-109.75,,-21623.67,False,192850.0,3088400.0,844826.0,4459743.0
2022-06-10,2022-06-16,6,16300.0,16283.95,333.95000000000005,310.7,23.250000000000057,,4252.660000000011,False,4903100.0,2617450.0,1572160.0,1330570.0
2022-06-13,2022-06-16,3,15900.0,15877.55,260.9,307.8,-46.900000000000034,,-9410.700000000008,False,2805000.0,1468050.0,1222677.0,640634.0
2022-06-14,2022-06-16,2,15650.0,15674.25,316.95000000000005,261.65,55.30000000000007,,10511.970000000012,False,169100.0,807400.0,192580.0,849561.0
2022-06-15,2022-06-16,1,15750.0,15729.25,246.3,223.0,23.30000000000001,,4291.680000000002,False,1621400.0,927300.0,1451884.0,1171502.0
2022-06-16,2022-06-16,0,15850.0,15832.25,151.0,483.0,-332.0,,-65003.04,False,2048400.0,313000.0,3576619.0,742279.0
2022-06-17,2022-06-23,6,15250.0,15272.65,428.04999999999995,388.0,40.049999999999955,,7499.269999999991,False,199150.0,607250.0,354418.0,809602.0
2022-06-20,2022-06-23,3,15350.0,15334.5,346.0,283.75,62.25,,11858.36,False,930350.0,802600.0,849473.0,570626.0
2022-06-21,2022-06-23,2,15450.0,15455.95,211.25,277.75,-66.5,,-13218.49,False,211550.0,1627250.0,434044.0,771041.0
2022-06-22,2022-06-23,1,15550.0,15545.65,205.65,184.2,21.450000000000017,,3944.280000000004,False,3037450.0,377750.0,1899781.0,733207.0
2022-06-23,2022-06-23,0,15450.0,15451.55,119.6,106.60000000000001,12.999999999999986,,2324.239999999997,False,680700.0,3044550.0,3137404.0,5798662.0
2022-06-24,2022-06-30,6,15650.0,15657.4,366.5,316.1,50.39999999999998,,9539.329999999996,False,603800.0,700800.0,525653.0,721511.0
2022-06-27,2022-06-30,3,15950.0,15926.2,278.05,263.75,14.300000000000011,,2524.9900000000025,False,1242100.0,275400.0,730268.0,256925.0
2022-06-28,2022-06-30,2,15750.0,15757.45,235.14999999999998,223.0,12.149999999999977,,2119.7999999999956,False,788650.0,1766200.0,1020876.0,1392760.0
2022-06-29,2022-06-30,1,15700.0,15701.7,203.0,186.5,16.5,,2979.31,False,2689100.0,7498500.0,2224571.0,3838828.0
2022-06-30,2022-06-30,0,15750.0,15774.5,145.5,37.9,107.6,,20774.05,False,1481750.0,7312200.0,2276596.0,6457695.0
2022-07-01,2022-07-07,6,15700.0,15703.7,317.9,311.75,6.149999999999977,,921.4399999999955,False,2623350.0,3109550.0,2134802.0,1534555.0
2022-07-04,2022-07-07,3,15700.0,15710.5,281.0,271.9,9.100000000000023,,1509.3700000000044,False,2454350.0,5428100.0,1652564.0,2116278.0
2022-07-05,2022-07-07,2,15900.0,15909.15,205.0,212.7,-7.699999999999989,,-1743.2799999999977,False,6487950.0,2050500.0,2636666.0,2662555.0
2022-07-06,2022-07-07,1,15800.0,15818.2,191.65,232.3,-40.650000000000006,,-8168.070000000001,False,1955550.0,7609850.0,1951181.0,4535862.0
2022-07-07,2022-07-07,0,16100.0,16113.75,128.0,32.65,95.35,,18389.66,False,2599150.0,7987750.0,10935828.0,10744531.0
2022-07-08,2022-07-14,6,16250.0,16273.65,309.1,263.9,45.200000000000045,,8543.86000000001,False,1161850.0,411350.0,645371.0,370784.0
2022-07-11,2022-07-14,3,16150.0,16136.15,256.25,228.65,27.599999999999994,,5127.379999999999,False,727100.0,1457500.0,1047032.0,1005540.0
2022-07-12,2022-07-14,2,16150.0,16126.2,206.15,206.70000000000002,-0.5500000000000114,,-348.5500000000022,False,2944150.0,572800.0,1497428.0,884171.0
2022-07-13,2022-07-14,1,16150.0,16128.2,168.35,220.0,-51.650000000000006,,-10306.620000000003,False,4023100.0,315200.0,1867635.0,752196.0
2022-07-14,2022-07-14,0,16000.0,16018.85,143.4,71.25,72.15,,13857.710000000001,False,8224700.0,1680900.0,10216478.0,6777377.0
2022-07-15,2022-07-21,6,16000.0,16010.8,275.0,249.45,25.55000000000001,,4721.120000000002,False,3519900.0,4404200.0,2534379.0,2045153.0
2022-07-18,2022-07-21,3,16150.0,16151.4,204.39999999999998,228.04999999999998,-23.650000000000006,,-4855.270000000001,False,514650.0,2229150.0,571266.0,822380.0
2022-07-19,2022-07-21,2,16200.0,16187.05,168.8,206.60000000000002,-37.80000000000001,,-7604.340000000002,False,2392650.0,7708700.0,1716489.0,2858534.0
2022-07-20,2022-07-21,1,16550.0,16562.8,125.1,114.25,10.849999999999994,,1902.889999999999,False,3736050.0,1845550.0,2590633.0,1891339.0
2022-07-21,2022-07-21,0,16500.0,16523.55,104.95,86.3,18.650000000000006,,3431.570000000001,False,3342200.0,8273300.0,5027543.0,10705105.0
2022-07-22,2022-07-28,6,16650.0,16661.25,247.95,262.45,-14.5,,-3084.45,False,716200.0,1217800.0,761072.0,825967.0
2022-07-25,2022-07-28,3,16650.0,16662.55,232.65,208.55,24.099999999999994,,4452.339999999999,False,1868850.0,1119250.0,1004407.0,835019.0
2022-07-26,2022-07-28,2,16650.0,16632.9,204.3,214.2,-9.899999999999977,,-2172.3199999999956,False,2733750.0,325200.0,836998.0,297975.0
2022-07-27,2022-07-28,1,16500.0,16475.35,191.0,214.45000000000002,-23.450000000000017,,-4811.770000000004,False,3043450.0,8312150.0,2607849.0,3534019.0
2022-07-28,2022-07-28,0,16750.0,16774.85,126.9,169.5,-42.599999999999994,,-8526.929999999998,False,464900.0,2832550.0,1331447.0,3684363.0
2022-07-29,2022-08-04,6,17100.0,17079.5,274.15,254.95,19.19999999999999,,3482.379999999998,False,3509400.0,3854500.0,2408268.0,2103462.0
2022-08-01,2022-08-04,3,17250.0,17243.2,240.75,231.25,9.5,,1600.8600000000001,False,876000.0,1526850.0,1083696.0,943334.0
2022-08-02,2022-08-04,2,17300.0,17310.15,202.0,194.60000000000002,7.399999999999977,,1204.0499999999954,False,4897200.0,4789800.0,3986557.0,3249108.0
2022-08-03,2022-08-04,1,17350.0,17349.25,174.35,142.95,31.400000000000006,,5896.1900000000005,False,2811450.0,2390600.0,2410594.0,1285562.0
2022-08-04,2022-08-04,0,17450.0,17463.1,109.55,63.199999999999996,46.35,,8834.88,False,4808250.0,660250.0,6669253.0,2868112.0
2022-08-05,2022-08-11,6,17400.0,17423.65,350.0,279.85,70.14999999999998,,13398.479999999996,False,3260050.0,2801150.0,1766653.0,2269913.0
2022-08-08,2022-08-11,3,17400.0,17401.5,260.5,252.55,7.949999999999989,,1291.8299999999977,False,2466250.0,6783150.0,1505462.0,2177378.0
2022-08-10,2022-08-11,1,17550.0,17566.1,196.0,157.2,38.80000000000001,,7332.850000000002,False,2706800.0,1113600.0,2116185.0,1207432.0
2022-08-11,2022-08-11,0,17700.0,17711.65,88.1,34.05,54.05,,10344.48,False,10292900.0,1661300.0,12448928.0,5966476.0
2022-08-12,2022-08-18,6,17650.0,17659.65,255.70000000000002,222.0,33.70000000000002,,6317.800000000004,False,789700.0,1329750.0,863830.0,1045956.0
2022-08-16,2022-08-18,2,17800.0,17797.2,180.0,156.05,23.94999999999999,,4440.649999999998,False,8892850.0,5050400.0,3172316.0,2810970.0
2022-08-17,2022-08-18,1,17850.0,17868.15,147.0,158.4,-11.400000000000006,,-2445.870000000001,False,926500.0,3117950.0,1164450.0,1523557.0
2022-08-18,2022-08-18,0,17900.0,17898.65,119.0,54.300000000000004,64.69999999999999,,12412.199999999999,False,2587150.0,6852100.0,11516110.0,11926184.0
2022-08-19,2022-08-25,6,17950.0,17966.55,264.9,295.25,-30.350000000000023,,-6182.780000000004,False,2900250.0,539200.0,1033443.0,721485.0
2022-08-22,2022-08-25,3,17700.0,17682.9,259.95,276.85,-16.900000000000034,,-3556.750000000007,False,6595200.0,1882900.0,2078472.0,988704.0
2022-08-23,2022-08-25,2,17350.0,17357.35,194.5,274.05,-79.55000000000001,,-15759.230000000001,False,187000.0,2114450.0,216039.0,1585065.0
2022-08-24,2022-08-25,1,17550.0,17525.45,147.75,133.89999999999998,13.850000000000023,,2480.6900000000046,False,1460800.0,2557200.0,2177777.0,2536284.0
2022-08-25,2022-08-25,0,17700.0,17679.0,116.05,164.14999999999998,-48.09999999999998,,-9596.479999999996,False,7521350.0,2089550.0,12324778.0,9093531.0
2022-08-26,2022-09-01,6,17600.0,17619.3,282.15,274.1,8.049999999999955,,1304.109999999991,False,4065100.0,3507800.0,1729507.0,2662836.0
2022-08-29,2022-09-01,3,17200.0,17188.65,349.9,261.65,88.25,,16930.2,False,1307350.0,5453050.0,1154417.0,2520866.0
2022-08-30,2022-09-01,2,17400.0,17414.95,187.0,398.95,-211.95,,-41590.76,False,852750.0,5789650.0,1004948.0,2653646.0
2022-09-01,2022-09-01,0,17500.0,17485.7,204.7,45.300000000000004,159.39999999999998,,30861.559999999998,False,1950350.0,6586350.0,4533297.0,11610950.0
2022-09-02,2022-09-08,6,17600.0,17598.4,342.04999999999995,311.9,30.149999999999977,,5596.289999999995,False,4317250.0,2320600.0,2222905.0,1510679.0
2022-09-05,2022-09-08,3,17550.0,17546.45,315.6,283.75,31.850000000000023,,5936.8300000000045,False,1046900.0,1440300.0,395549.0,657644.0
2022-09-06,2022-09-08,2,17700.0,17695.7,261.6,211.0,50.60000000000002,,9613.380000000003,False,6455750.0,2589450.0,3374610.0,2349599.0
2022-09-07,2022-09-08,1,17500.0,17519.4,211.0,193.3,17.69999999999999,,3210.7899999999977,False,1906500.0,7825050.0,1531079.0,3724044.0
2022-09-08,2022-09-08,0,17750.0,17748.15,110.0,49.95,60.05,,11507.89,False,1222300.0,3699200.0,6729659.0,6603712.0
2022-09-09,2022-09-15,6,17900.0,17923.35,275.0,269.4,5.600000000000023,,828.4500000000046,False,6238250.0,3493550.0,2174115.0,1608553.0
2022-09-12,2022-09-15,3,17900.0,17890.85,268.75,238.15,30.599999999999994,,5708.569999999999,False,4730850.0,5764800.0,1581025.0,1938672.0
2022-09-13,2022-09-15,2,18050.0,18044.45,212.2,194.1,18.099999999999994,,3288.439999999999,False,1876100.0,1693750.0,1327817.0,1108780.0
2022-09-14,2022-09-15,1,17750.0,17771.15,188.0,295.20000000000005,-107.20000000000005,,-21152.160000000007,False,146100.0,1816950.0,130156.0,963791.0
2022-09-15,2022-09-15,0,18050.0,18046.35,123.95,158.39999999999998,-34.449999999999974,,-6935.7099999999955,False,3916400.0,212650.0,4580493.0,1196467.0
2022-09-16,2022-09-22,6,17800.0,17796.8,286.1,385.45,-99.34999999999997,,-19653.219999999994,False,6590500.0,2092400.0,2075107.0,1046846.0
2022-09-19,2022-09-22,3,17550.0,17540.65,354.0,295.6,58.39999999999998,,11104.469999999996,False,544200.0,945800.0,491196.0,758874.0
2022-09-20,2022-09-22,2,17750.0,17770.4,253.45,231.89999999999998,21.55000000000001,,3947.8300000000017,False,464800.0,926600.0,388361.0,693567.0
2022-09-21,2022-09-22,1,17750.0,17766.35,198.0,239.75,-41.75,,-8384.82,False,1279100.0,933250.0,1229164.0,1669737.0
2022-09-22,2022-09-22,0,17600.0,17609.65,211.1,36.2,174.89999999999998,,33883.799999999996,False,1690500.0,6487050.0,6997713.0,10965290.0
2022-09-23,2022-09-29,6,17600.0,17593.85,288.25,418.55,-130.3,,-25692.930000000004,False,6528200.0,2656850.0,1522218.0,694839.0
2022-09-26,2022-09-29,3,17150.0,17156.3,315.55,306.6,8.949999999999989,,1468.5699999999977,False,999350.0,423200.0,882783.0,639263.0
2022-09-27,2022-09-29,2,17100.0,17110.9,276.0,242.1,33.900000000000006,,6350.050000000001,False,6732000.0,2535350.0,3123390.0,2118233.0
2022-09-28,2022-09-29,1,16850.0,16870.55,187.7,159.95,27.75,,5179.54,False,1053050.0,1661400.0,696318.0,1558657.0
2022-09-29,2022-09-29,0,17000.0,16993.6,133.75,187.20000000000002,-53.45000000000002,,-10646.280000000004,False,8997500.0,2437100.0,8174914.0,3541300.0
2022-09-30,2022-10-06,6,16800.0,16798.05,378.75,410.0,-31.25,,-6396.4,False,926600.0,4485750.0,993758.0,1806707.0
2022-10-03,2022-10-06,3,17100.0,17102.1,303.65,307.95,-4.300000000000011,,-1112.8100000000022,False,6638250.0,1146950.0,2727321.0,951918.0
2022-10-04,2022-10-06,2,17150.0,17147.45,176.95,207.8,-30.850000000000023,,-6250.970000000005,False,440800.0,1874450.0,760259.0,1133906.0
2022-10-06,2022-10-06,0,17400.0,17379.25,143.85,60.5,83.35,,16042.909999999998,False,6991900.0,2451600.0,13028743.0,8530306.0
2022-10-07,2022-10-13,6,17300.0,17287.2,307.0,280.45000000000005,26.549999999999955,,4905.559999999991,False,3255200.0,3234650.0,2380340.0,2115903.0
2022-10-10,2022-10-13,3,17100.0,17094.35,282.65,275.1,7.5499999999999545,,1206.379999999991,False,3190500.0,5511950.0,1904619.0,2642237.0
2022-10-11,2022-10-13,2,17250.0,17256.05,237.05,317.3,-80.25,,-15910.02,False,3256200.0,386450.0,1278225.0,462517.0
2022-10-12,2022-10-13,1,17050.0,17025.55,203.75,184.45,19.30000000000001,,3525.4000000000024,False,618050.0,1672250.0,2065795.0,1863370.0
2022-10-13,2022-10-13,0,17100.0,17087.35,132.85,89.0,43.849999999999994,,8339.299999999997,False,6127300.0,829500.0,11386966.0,4019199.0
2022-10-14,2022-10-20,6,17300.0,17322.3,332.25,291.29999999999995,40.950000000000045,,7706.870000000009,False,4572400.0,1683700.0,2621015.0,2381214.0
2022-10-17,2022-10-20,3,17150.0,17144.8,311.05,286.8,24.25,,4455.42,False,600800.0,1733350.0,557878.0,904380.0
2022-10-18,2022-10-20,2,17450.0,17438.75,229.75,187.25,42.5,,8043.53,False,1095750.0,1724100.0,1209914.0,1504316.0
2022-10-19,2022-10-20,1,17550.0,17568.15,174.05,130.0,44.05000000000001,,8364.570000000002,False,3609750.0,1031900.0,2955448.0,2473546.0
2022-10-20,2022-10-20,0,17400.0,17423.1,126.05000000000001,149.9,-23.849999999999994,,-4868.129999999999,False,1188000.0,5635050.0,3112383.0,8757414.0
2022-10-21,2022-10-27,6,17600.0,17622.85,258.45,223.05,35.39999999999998,,6648.589999999996,False,6182450.0,3946400.0,2412728.0,2237359.0
2022-10-25,2022-10-27,2,17800.0,17808.3,175.95,180.2,-4.25,,-1060.42,False,7709450.0,1477400.0,2993106.0,1393571.0
2022-10-27,2022-10-27,0,17750.0,17771.4,84.15,26.9,57.25000000000001,,10970.190000000002,False,10566450.0,1706300.0,9483204.0,4666796.0
2022-10-28,2022-11-03,6,17750.0,17756.4,280.05,257.45000000000005,22.599999999999966,,4143.829999999994,False,887800.0,1178850.0,713780.0,1080503.0
2022-10-31,2022-11-03,3,17900.0,17910.2,201.39999999999998,233.05,-31.650000000000034,,-6415.230000000006,False,2131550.0,4872350.0,1229991.0,1687139.0
2022-11-01,2022-11-03,2,18150.0,18130.7,181.0,176.25,4.75,,693.99,False,2097250.0,1357500.0,1872291.0,1239839.0
2022-11-02,2022-11-03,1,18200.0,18177.9,167.7,182.25,-14.550000000000011,,-3067.410000000002,False,7078400.0,1247950.0,2843753.0,1258382.0
2022-11-03,2022-11-03,0,17950.0,17968.35,146.6,109.64999999999999,36.95,,6988.370000000001,False,284700.0,3835800.0,1009254.0,6890061.0
2022-11-04,2022-11-10,6,18050.0,18053.4,288.9,245.95,42.94999999999999,,8111.589999999998,False,1142850.0,1509700.0,805852.0,982144.0
2022-11-07,2022-11-10,3,18200.0,18211.75,214.2,167.2,47.0,,8926.77,False,5650150.0,4258900.0,3117049.0,2125804.0
2022-11-09,2022-11-10,1,18300.0,18288.25,140.0,160.29999999999998,-20.299999999999983,,-4180.109999999997,False,10549250.0,796600.0,4110114.0,1681405.0
2022-11-10,2022-11-10,0,18050.0,18044.35,100.0,24.25,75.75,,14574.63,False,9332550.0,1513550.0,10518955.0,5527995.0
2022-11-11,2022-11-17,6,18250.0,18272.35,249.95,245.7,4.25,,573.4,False,883350.0,1811150.0,421287.0,689908.0
2022-11-14,2022-11-17,3,18400.0,18376.4,198.95,181.75,17.19999999999999,,3117.2499999999977,False,6168400.0,1676200.0,2230336.0,1667654.0
2022-11-15,2022-11-17,2,18350.0,18362.75,169.8,150.10000000000002,19.69999999999999,,3614.7899999999977,False,1570300.0,3300800.0,1902293.0,1657802.0
2022-11-16,2022-11-17,1,18400.0,18398.25,142.55,108.25,34.30000000000001,,6472.660000000002,False,8620000.0,6345750.0,5466320.0,5131699.0
2022-11-17,2022-11-17,0,18350.0,18358.7,112.15,12.399999999999999,99.75,,19253.48,False,4853350.0,3526500.0,5967751.0,12121534.0
2022-11-18,2022-11-24,6,18400.0,18382.95,222.6,203.4,19.19999999999999,,3499.5999999999976,False,10565600.0,3646050.0,2345201.0,1191064.0
2022-11-21,2022-11-24,3,18250.0,18246.4,182.0,173.0,9.0,,1522.92,False,3170950.0,826400.0,1028985.0,760039.0
2022-11-22,2022-11-24,2,18200.0,18179.15,158.5,145.45,13.050000000000011,,2321.010000000002,False,5058450.0,9299850.0,2871512.0,3255783.0
2022-11-23,2022-11-24,1,18350.0,18325.2,111.15,97.55000000000001,13.599999999999994,,2444.129999999999,False,6152150.0,932650.0,2283690.0,1169812.0
2022-11-24,2022-11-24,0,18350.0,18326.1,79.95,95.3,-15.349999999999994,,-3194.209999999999,False,1304250.0,5865250.0,6547343.0,9102533.0
2022-11-25,2022-12-01,6,18550.0,18528.45,207.9,182.7,25.200000000000017,,4675.230000000003,False,1630050.0,740550.0,1086781.0,619595.0
2022-11-28,2022-12-01,3,18450.0,18430.55,171.35,201.8,-30.450000000000017,,-6171.050000000004,False,446900.0,3404850.0,416446.0,895802.0
2022-11-29,2022-12-01,2,18550.0,18552.45,163.6,140.3,23.299999999999983,,4319.289999999996,False,1201050.0,3193600.0,547602.0,1006026.0
2022-11-30,2022-12-01,1,18650.0,18625.7,119.1,125.35,-6.25,,-1431.68,False,1373500.0,5455450.0,3283604.0,3387319.0
2022-12-01,2022-12-01,0,18850.0,18871.95,74.5,34.5,40.0,,7607.57,False,11081700.0,1772800.0,13334850.0,8360418.0
2022-12-02,2022-12-08,6,18750.0,18752.4,194.14999999999998,208.45,-14.300000000000011,,-3027.4600000000023,False,2331150.0,768050.0,1066359.0,931907.0
2022-12-05,2022-12-08,3,18700.0,18719.55,208.6,180.9,27.69999999999999,,5162.799999999998,False,7314650.0,5218500.0,3341077.0,3109544.0
2022-12-06,2022-12-08,2,18600.0,18600.65,175.0,169.4,5.599999999999994,,861.8399999999989,False,3861500.0,7505150.0,2737155.0,4131963.0
2022-12-07,2022-12-08,1,18650.0,18638.85,151.55,126.65,24.900000000000006,,4635.510000000001,False,5442600.0,1019400.0,3081838.0,2173989.0
2022-12-08,2022-12-08,0,18550.0,18570.85,98.1,60.15,37.949999999999996,,7199.689999999999,False,1792300.0,6317450.0,4283101.0,10539970.0
2022-12-09,2022-12-15,6,18650.0,18662.4,206.85,222.60000000000002,-15.750000000000028,,-3314.6300000000056,False,4474500.0,583850.0,1414917.0,892668.0
2022-12-12,2022-12-15,3,18400.0,18402.15,205.35,199.60000000000002,5.749999999999972,,880.9799999999946,False,1794850.0,6441300.0,1426868.0,3354751.0
2022-12-13,2022-12-15,2,18500.0,18524.4,156.95,193.85000000000002,-36.900000000000034,,-7424.780000000006,False,3504100.0,7985100.0,2194923.0,3070575.0
2022-12-14,2022-12-15,1,18650.0,18671.25,145.2,118.7,26.499999999999986,,4949.829999999997,False,3843700.0,4463300.0,2301175.0,2884556.0
2022-12-15,2022-12-15,0,18600.0,18614.4,112.0,170.8,-58.80000000000001,,-11682.920000000002,False,8222100.0,1894350.0,10351290.0,7019471.0
2022-12-16,2022-12-22,6,18300.0,18319.1,235.0,208.35,26.650000000000006,,4949.110000000001,False,4325450.0,3799550.0,2226296.0,4354894.0
2022-12-19,2022-12-22,3,18300.0,18288.1,199.25,217.85,-18.599999999999994,,-3868.179999999999,False,3387400.0,8235700.0,2422565.0,3349648.0
2022-12-20,2022-12-22,2,18350.0,18340.3,154.05,137.65,16.400000000000006,,2976.150000000001,False,2369500.0,3471850.0,2113915.0,1363541.0
2022-12-21,2022-12-22,1,18450.0,18435.15,127.0,238.14999999999998,-111.14999999999998,,-21902.519999999997,False,6832300.0,465500.0,3754960.0,1598347.0
2022-12-22,2022-12-22,0,18300.0,18288.8,98.95,172.25,-73.3,,-14507.82,False,6838800.0,1495800.0,7944903.0,2161156.0
2022-12-23,2022-12-29,6,18000.0,17977.65,257.0,273.5,-16.5,,-3477.71,False,9384550.0,3863100.0,2903886.0,3076045.0
2022-12-26,2022-12-29,3,17850.0,17830.4,261.35,268.1,-6.75,,-1576.74,False,328700.0,1852900.0,368756.0,936270.0
2022-12-27,2022-12-29,2,18100.0,18089.8,185.2,152.89999999999998,32.30000000000001,,6068.170000000002,False,5652500.0,4393900.0,4093472.0,2440414.0
2022-12-28,2022-12-29,1,18100.0,18084.75,152.5,108.94999999999999,43.55000000000001,,8274.200000000003,False,6178900.0,7415550.0,4553937.0,5090097.0
2022-12-29,2022-12-29,0,18050.0,18045.7,104.5,129.04999999999998,-24.549999999999983,,-4997.519999999997,False,1069900.0,3704600.0,7606042.0,7431828.0
2022-12-30,2023-01-05,6,18250.0,18259.1,236.7,240.5,-3.8000000000000114,,-992.9000000000023,False,3086150.0,774250.0,1614809.0,1117322.0
2023-01-02,2023-01-05,3,18150.0,18131.7,207.05,192.2,14.850000000000023,,2656.0100000000048,False,1236400.0,2037700.0,1452719.0,1525209.0
2023-01-03,2023-01-05,2,18150.0,18163.2,199.85,172.45000000000002,27.399999999999977,,5107.189999999995,False,832600.0,3608150.0,1131477.0,1626248.0
2023-01-04,2023-01-05,1,18250.0,18230.65,150.0,216.15,-66.15,,-13129.750000000002,False,8385750.0,568250.0,3357085.0,822964.0
2023-01-05,2023-01-05,0,18100.0,18101.95,112.95,110.7,2.25,,228.91,False,6679700.0,1388050.0,9678356.0,3845633.0
2023-01-06,2023-01-12,6,18000.0,18008.05,250.05,238.45000000000002,11.599999999999994,,2007.509999999999,False,11960850.0,5485950.0,3518063.0,2716315.0
2023-01-09,2023-01-12,3,17950.0,17952.55,199.0,218.9,-19.900000000000006,,-4121.760000000001,False,369800.0,2233900.0,529298.0,1442818.0
2023-01-10,2023-01-12,2,18100.0,18121.3,161.2,225.75,-64.55000000000001,,-12821.300000000001,False,12150800.0,1428050.0,3220444.0,1381488.0
2023-01-11,2023-01-12,1,17900.0,17924.25,146.1,122.0,24.099999999999994,,4481.229999999999,False,7455200.0,6187750.0,4638021.0,5844840.0
2023-01-12,2023-01-12,0,17900.0,17920.85,120.0,43.699999999999996,76.30000000000001,,14675.270000000002,False,9392600.0,1912150.0,13429387.0,5962244.0
2023-01-13,2023-01-19,6,17850.0,17867.5,279.2,249.55,29.649999999999977,,5519.7099999999955,False,540600.0,1615000.0,943139.0,1183578.0
2023-01-16,2023-01-19,3,18050.0,18033.15,190.4,221.0,-30.599999999999994,,-6206.679999999999,False,3551550.0,393100.0,1368318.0,547407.0
2023-01-17,2023-01-19,2,17900.0,17922.8,175.05,201.0,-25.94999999999999,,-5294.239999999998,False,4532950.0,9282450.0,1905890.0,3418132.0
2023-01-18,2023-01-19,1,18050.0,18074.3,140.8,147.20000000000002,-6.400000000000006,,-1468.1900000000012,False,698000.0,4216450.0,1389195.0,2328296.0
2023-01-19,2023-01-19,0,18100.0,18119.8,109.0,15.55,93.45,,18025.27,False,4778200.0,11388950.0,11582443.0,16010925.0
2023-01-20,2023-01-25,5,18100.0,18115.6,215.0,186.14999999999998,28.850000000000023,,5385.050000000005,False,12723850.0,7739550.0,3676312.0,3589713.0
2023-01-23,2023-01-25,2,18100.0,18118.45,130.45,134.1,-3.6500000000000057,,-928.1500000000011,False,11192850.0,10930650.0,3522650.0,3820236.0
2023-01-24,2023-01-25,1,18200.0,18183.95,112.5,109.1,3.4000000000000057,,453.4500000000011,False,13324450.0,2991800.0,4457369.0,3158809.0
2023-01-25,2023-01-25,0,18100.0,18093.35,80.55,211.29999999999998,-130.75,,-25711.38,False,7054050.0,1589000.0,6349929.0,2103953.0
2023-01-27,2023-02-02,6,17900.0,17877.2,312.5,415.6,-103.10000000000002,,-20393.740000000005,False,4017100.0,1688000.0,1333303.0,609563.0
2023-01-30,2023-02-02,3,17550.0,17541.95,370.0,329.45,40.55000000000001,,7616.220000000002,False,353050.0,577800.0,488237.0,907029.0
2023-01-31,2023-02-02,2,17750.0,17731.45,304.4,296.35,8.049999999999955,,1296.6799999999912,False,1022750.0,487450.0,690444.0,242913.0
2023-02-01,2023-02-02,1,17800.0,17811.6,255.25,236.5,18.75,,3400.89,False,5603050.0,1251700.0,5481244.0,4243177.0
2023-02-02,2023-02-02,0,17500.0,17517.1,147.2,106.10000000000001,41.09999999999998,,7797.929999999997,False,1212950.0,5907300.0,4057515.0,13207266.0
2023-02-03,2023-02-09,6,17700.0,17721.75,319.2,282.85,36.349999999999966,,6813.669999999994,False,1822250.0,5196650.0,2517041.0,2510982.0
2023-02-06,2023-02-09,3,17800.0,17818.55,204.45,205.05,-0.6000000000000227,,-357.74000000000444,False,5374400.0,2637700.0,2971762.0,1998105.0
2023-02-07,2023-02-09,2,17800.0,17790.1,183.5,172.25,11.25,,1961.44,False,9269400.0,2517950.0,3638142.0,2262833.0
2023-02-08,2023-02-09,1,17750.0,17750.3,167.14999999999998,161.7,5.449999999999989,,835.1999999999978,False,577900.0,4000650.0,1018402.0,2619743.0
2023-02-09,2023-02-09,0,17900.0,17885.5,110.0,14.950000000000001,95.05,,18337.13,False,13316300.0,2794450.0,17401265.0,9411300.0
2023-02-10,2023-02-16,6,17850.0,17847.55,234.55,187.35,47.20000000000002,,8959.000000000004,False,1815000.0,1427400.0,1656325.0,1616226.0
2023-02-13,2023-02-16,3,17850.0,17859.1,179.35,178.15,1.1999999999999886,,1.8599999999977967,False,4286850.0,1107250.0,1462046.0,915269.0
2023-02-14,2023-02-16,2,17850.0,17840.35,136.0,162.75,-26.75,,-5437.3,False,1434900.0,4673950.0,1636024.0,1748654.0
2023-02-15,2023-02-16,1,17900.0,17896.6,137.7,139.20000000000002,-1.5000000000000284,,-511.0600000000056,False,3040300.0,10818300.0,5476296.0,5912977.0
2023-02-16,2023-02-16,0,18100.0,18094.75,63.0,47.15,15.850000000000001,,2899.2300000000005,False,8612350.0,1706700.0,16199610.0,11608016.0
2023-02-17,2023-02-23,6,17950.0,17974.85,209.95000000000002,192.35000000000002,17.599999999999994,,3191.629999999999,False,1988350.0,1339200.0,1295468.0,1650865.0
2023-02-20,2023-02-23,3,17950.0,17965.55,186.7,189.35000000000002,-2.650000000000034,,-751.8100000000065,False,3814350.0,991100.0,1856466.0,1746266.0
2023-02-21,2023-02-23,2,17900.0,17905.8,165.6,147.5,18.099999999999994,,3303.999999999999,False,9818000.0,4229700.0,3842275.0,3287945.0
2023-02-22,2023-02-23,1,17750.0,17755.35,152.0,202.1,-50.099999999999994,,-9998.719999999998,False,5901800.0,891500.0,2842009.0,1470519.0
2023-02-23,2023-02-23,0,17550.0,17574.65,111.5,35.449999999999996,76.05000000000001,,14629.330000000002,False,5676050.0,2417950.0,10257728.0,12329539.0
2023-02-24,2023-03-02,6,17600.0,17591.35,208.0,222.7,-14.699999999999989,,-3110.129999999998,False,9616350.0,4475900.0,3041025.0,1704549.0
2023-02-27,2023-03-02,3,17450.0,17428.6,186.65,171.89999999999998,14.750000000000028,,2643.3100000000054,False,2356200.0,737400.0,1724685.0,914274.0
2023-02-28,2023-03-02,2,17400.0,17383.25,176.0,154.05,21.94999999999999,,4051.739999999998,False,12297350.0,4714800.0,4609679.0,3792378.0
2023-03-01,2023-03-02,1,17350.0,17360.1,130.6,134.0,-3.4000000000000057,,-879.4200000000011,False,777850.0,5139200.0,1561931.0,3302596.0
2023-03-02,2023-03-02,0,17400.0,17421.5,99.05000000000001,75.1,23.950000000000017,,4467.680000000004,False,8799200.0,1750700.0,13283290.0,8998361.0
2023-03-03,2023-03-09,6,17450.0,17451.25,173.95,218.6,-44.650000000000006,,-8942.640000000001,False,697600.0,3116800.0,953518.0,1429951.0
2023-03-06,2023-03-09,3,17700.0,17680.35,135.55,121.4,14.150000000000006,,2543.300000000001,False,5054250.0,5493550.0,2893124.0,3641895.0
2023-03-08,2023-03-09,1,17650.0,17665.75,135.0,123.5,11.5,,2026.42,False,1428150.0,6864600.0,3182184.0,4277632.0
2023-03-09,2023-03-09,0,17750.0,17772.05,79.0,150.25,-71.25,,-14101.16,False,4556850.0,1161500.0,8861661.0,3503715.0
2023-03-10,2023-03-16,6,17450.0,17443.8,190.0,200.05,-10.050000000000011,,-2196.810000000002,False,1716100.0,790800.0,1448745.0,913641.0
2023-03-13,2023-03-16,3,17400.0,17421.9,203.0,305.4,-102.39999999999998,,-20220.589999999997,False,7875350.0,3648350.0,3346634.0,3600593.0
2023-03-14,2023-03-16,2,17150.0,17160.55,201.0,196.20000000000002,4.799999999999983,,697.0699999999968,False,2817650.0,904650.0,2139621.0,1889217.0
2023-03-15,2023-03-16,1,17150.0,17166.45,165.0,195.25,-30.25,,-6129.91,False,4536600.0,714300.0,3464982.0,2868754.0
2023-03-16,2023-03-16,0,17000.0,16994.65,132.0,24.8,107.2,,20700.51,False,13606100.0,7060600.0,19402252.0,13917155.0
2023-03-17,2023-03-23,6,17100.0,17111.8,297.05,236.6,60.45000000000002,,11523.480000000003,False,4764300.0,3408400.0,3574534.0,2698246.0
2023-03-20,2023-03-23,3,17050.0,17066.6,266.55,219.89999999999998,46.650000000000034,,8841.000000000007,False,1166400.0,513450.0,1297077.0,413222.0
2023-03-21,2023-03-23,2,17050.0,17060.4,226.05,186.89999999999998,39.150000000000034,,7391.110000000006,False,927250.0,2045100.0,1756504.0,1909200.0
2023-03-22,2023-03-23,1,17200.0,17177.45,183.1,144.2,38.900000000000006,,7356.670000000001,False,7399950.0,2173150.0,4950400.0,2934602.0
2023-03-23,2023-03-23,0,17100.0,17097.4,121.0,24.3,96.7,,18655.41,False,7857350.0,3635250.0,11454974.0,16712917.0
2023-03-24,2023-03-29,5,17100.0,17076.2,228.05,243.0,-14.949999999999989,,-3165.609999999998,False,9868850.0,4184100.0,3996666.0,2668352.0
2023-03-27,2023-03-29,2,17000.0,16984.3,209.3,166.5,42.80000000000001,,8108.9000000000015,False,10419150.0,12153750.0,4201382.0,5679607.0
2023-03-28,2023-03-29,1,17050.0,17031.75,144.0,129.6,14.400000000000006,,2589.260000000001,False,5617750.0,930950.0,2464033.0,1515167.0
2023-03-29,2023-03-29,0,17000.0,16977.3,105.85,60.6,45.24999999999999,,8621.489999999998,False,8339750.0,12452700.0,15478504.0,16209442.0
2023-03-31,2023-04-06,6,17200.0,17210.35,185.0,255.60000000000002,-70.60000000000002,,-14009.730000000003,False,2268500.0,6238800.0,1541115.0,2527978.0
2023-04-03,2023-04-06,3,17450.0,17427.95,177.9,138.45,39.45000000000002,,7461.390000000004,False,4011900.0,991900.0,1753551.0,567348.0
2023-04-05,2023-04-06,1,17400.0,17422.3,132.5,167.25,-34.75,,-7000.33,False,4893800.0,11577450.0,2622109.0,4738165.0
2023-04-06,2023-04-06,0,17550.0,17533.85,87.35,50.15,37.199999999999996,,7054.8099999999995,False,1600250.0,5329000.0,7240732.0,13034392.0
2023-04-10,2023-04-13,3,17650.0,17634.9,194.45,136.5,57.94999999999999,,11065.199999999999,False,3520900.0,1738200.0,2668670.0,2385986.0
2023-04-11,2023-04-13,2,17700.0,17704.8,127.35,108.30000000000001,19.049999999999983,,3499.029999999997,False,9184500.0,11388400.0,5458830.0,5098688.0
2023-04-12,2023-04-13,1,17750.0,17759.55,101.8,102.6,-0.7999999999999972,,-364.96999999999946,False,2478300.0,7213600.0,4942110.0,4992246.0
2023-04-13,2023-04-13,0,17800.0,17807.3,82.5,24.650000000000002,57.849999999999994,,11085.799999999997,False,6313050.0,10565350.0,23361760.0,15155284.0
2023-04-17,2023-04-20,3,17850.0,17863.0,174.9,173.05,1.8499999999999943,,125.90999999999886,False,3507050.0,363300.0,1550708.0,290626.0
2023-04-18,2023-04-20,2,17750.0,17766.6,146.85,125.39999999999999,21.450000000000003,,3960.330000000001,False,5708500.0,994250.0,2837812.0,1459421.0
2023-04-19,2023-04-20,1,17650.0,17653.35,94.0,86.2,7.799999999999997,,1315.8699999999994,False,8708500.0,3523800.0,5797757.0,5297110.0
2023-04-20,2023-04-20,0,17650.0,17638.6,80.3,27.35,52.949999999999996,,10130.49,False,10044150.0,2025200.0,16504876.0,8028960.0
2023-04-21,2023-04-27,6,17650.0,17639.75,194.8,155.0,39.80000000000001,,7523.630000000002,False,4274500.0,2605800.0,2156521.0,1914906.0
2023-04-24,2023-04-27,3,17700.0,17707.55,145.0,135.4,9.599999999999994,,1648.8099999999988,False,10642050.0,12946750.0,4713461.0,3842946.0
2023-04-25,2023-04-27,2,17750.0,17761.55,120.0,103.9,16.099999999999994,,2926.059999999999,False,3284750.0,4827850.0,2897080.0,3094484.0
2023-04-26,2023-04-27,1,17750.0,17767.3,101.0,97.69999999999999,3.3000000000000114,,435.3100000000023,False,2857550.0,8378500.0,4550810.0,5991651.0
2023-04-27,2023-04-27,0,17800.0,17813.1,73.0,108.2,-35.2,,-7066.820000000001,False,3515400.0,10455050.0,6337007.0,12119047.0
2023-04-28,2023-05-04,6,17950.0,17950.4,192.0,168.1,23.900000000000006,,4422.200000000001,False,916200.0,2891200.0,2285567.0,2073334.0
2023-05-02,2023-05-04,2,18100.0,18124.8,121.9,128.5,-6.599999999999994,,-1503.869999999999,False,5777100.0,7647800.0,2499969.0,2958368.0
2023-05-03,2023-05-04,1,18100.0,18113.8,131.9,97.35,34.55000000000001,,6521.780000000002,False,8553050.0,6970800.0,7744175.0,6454250.0
2023-05-04,2023-05-04,0,18100.0,18081.0,90.0,152.85,-62.849999999999994,,-12468.009999999998,False,2588500.0,7342850.0,6874252.0,11514044.0
2023-05-05,2023-05-11,6,18100.0,18117.3,183.0,175.89999999999998,7.100000000000023,,1147.3900000000044,False,7467700.0,6174750.0,2565811.0,4147395.0
2023-05-08,2023-05-11,3,18100.0,18120.6,179.8,217.5,-37.69999999999999,,-7592.8899999999985,False,2862750.0,7826950.0,1227557.0,2510838.0
2023-05-09,2023-05-11,2,18300.0,18303.4,131.9,119.80000000000001,12.099999999999994,,2141.309999999999,False,10534950.0,4811650.0,4954715.0,4240558.0
2023-05-10,2023-05-11,1,18300.0,18313.6,106.0,96.85,9.150000000000006,,1574.9800000000012,False,7564100.0,8602650.0,8118616.0,6284902.0
2023-05-11,2023-05-11,0,18350.0,18357.8,83.0,57.099999999999994,25.900000000000006,,4851.500000000001,False,9291700.0,1558400.0,15584494.0,6987602.0
2023-05-12,2023-05-18,6,18250.0,18273.75,216.9,188.95000000000002,27.94999999999999,,5203.519999999999,False,1163950.0,2752300.0,1601816.0,1789241.0
2023-05-15,2023-05-18,3,18350.0,18339.3,177.55,156.0,21.55000000000001,,3968.8500000000017,False,3212700.0,4401950.0,1660493.0,1788368.0
2023-05-16,2023-05-18,2,18450.0,18432.35,154.9,171.25,-16.349999999999994,,-3418.129999999999,False,6559250.0,593950.0,2231971.0,1102954.0
2023-05-17,2023-05-18,1,18300.0,18300.45,123.7,129.45,-5.749999999999986,,-1338.6699999999973,False,13570600.0,3589800.0,6359180.0,3722900.0
2023-05-18,2023-05-18,0,18300.0,18287.5,66.9,167.1,-100.19999999999999,,-19747.509999999995,False,8884200.0,2376800.0,12882616.0,5009243.0
2023-05-19,2023-05-25,6,18200.0,18186.15,165.55,165.65,-0.09999999999999432,,-251.22999999999888,False,8450000.0,8060150.0,4473555.0,2898386.0
2023-05-22,2023-05-25,3,18200.0,18201.1,166.1,187.4,-21.30000000000001,,-4387.990000000002,False,6157800.0,12723700.0,2406943.0,3878462.0
2023-05-23,2023-05-25,2,18350.0,18362.9,107.3,113.0,-5.700000000000003,,-1323.0300000000004,False,3723850.0,4129150.0,1936666.0,2228830.0
2023-05-24,2023-05-25,1,18300.0,18294.8,102.65,82.65,20.0,,3693.24,False,11582100.0,10848200.0,7100477.0,9229444.0
2023-05-25,2023-05-25,0,18250.0,18268.9,85.35,69.85,15.5,,2821.4,False,1596000.0,6019450.0,14824055.0,15565061.0
2023-05-26,2023-06-01,6,18350.0,18368.35,195.0,232.7,-37.69999999999999,,-7598.329999999998,False,800600.0,4382000.0,1310614.0,1941429.0
2023-05-29,2023-06-01,3,18600.0,18619.15,157.1,150.1,7.0,,1137.16,False,7651900.0,5942150.0,4565602.0,4686247.0
2023-05-30,2023-06-01,2,18600.0,18606.65,147.0,122.55,24.450000000000003,,4545.640000000001,False,7191550.0,9719300.0,5025568.0,4906369.0
2023-05-31,2023-06-01,1,18600.0,18594.2,105.85,100.65,5.199999999999989,,804.3099999999977,False,13288250.0,5794000.0,7597150.0,5128120.0
2023-06-01,2023-06-01,0,18600.0,18579.4,92.8,100.35,-7.549999999999997,,-1678.8099999999995,False,9901750.0,2504850.0,15470390.0,5900599.0
2023-06-02,2023-06-08,6,18550.0,18550.85,185.4,168.3,17.099999999999994,,3097.749999999999,False,2856000.0,2094050.0,2732755.0,2733441.0
2023-06-05,2023-06-08,3,18600.0,18612.0,141.1,137.25,3.8499999999999943,,528.2599999999989,False,10360750.0,9199850.0,3617600.0,4009699.0
2023-06-06,2023-06-08,2,18600.0,18600.8,127.45,104.35,23.10000000000001,,4289.230000000001,False,10193400.0,9386050.0,4698152.0,4496014.0
2023-06-07,2023-06-08,1,18650.0,18665.6,96.25,111.05000000000001,-14.800000000000011,,-3094.680000000002,False,2630100.0,10426150.0,4241052.0,4763495.0
2023-06-08,2023-06-08,0,18750.0,18725.35,72.2,114.0,-41.8,,-8354.33,False,6878400.0,966800.0,15051247.0,7625310.0
2023-06-09,2023-06-15,6,18650.0,18655.9,182.6,171.25,11.349999999999994,,1976.799999999999,False,6240900.0,1437100.0,2559121.0,2708184.0
2023-06-12,2023-06-15,3,18600.0,18595.05,157.2,144.35,12.849999999999994,,2278.579999999999,False,8340750.0,9435750.0,3915895.0,4567624.0
2023-06-13,2023-06-15,2,18650.0,18631.8,133.65,130.2,3.450000000000017,,452.8800000000033,False,2238500.0,6293700.0,1434405.0,1926598.0
2023-06-14,2023-06-15,1,18750.0,18744.6,98.85,87.35,11.5,,2036.08,False,7127150.0,6294950.0,4874774.0,3968514.0
2023-06-15,2023-06-15,0,18750.0,18774.45,74.55,63.75,10.799999999999997,,1908.1999999999996,False,7206750.0,1226750.0,16661216.0,12071961.0
2023-06-16,2023-06-22,6,18700.0,18723.3,180.0,220.55,-40.55000000000001,,-8149.050000000002,False,6178950.0,11973400.0,1749251.0,3010749.0
2023-06-19,2023-06-22,3,18850.0,18873.3,156.55,135.25,21.30000000000001,,3927.590000000002,False,6215050.0,941600.0,2628145.0,1951754.0
2023-06-20,2023-06-22,2,18750.0,18752.35,144.55,122.1,22.450000000000017,,4156.280000000003,False,1949100.0,5612750.0,3328736.0,3059840.0
2023-06-21,2023-06-22,1,18850.0,18849.4,96.45,81.95,14.5,,2622.3,False,6758900.0,5382250.0,6951358.0,5575582.0
2023-06-22,2023-06-22,0,18850.0,18853.6,79.75,76.19999999999999,3.5500000000000114,,491.71000000000225,False,8969950.0,2756200.0,19775873.0,11865049.0
2023-06-23,2023-06-29,6,18750.0,18741.85,208.9,160.65,48.25,,9167.35,False,5056350.0,1956900.0,2763969.0,2271072.0
2023-06-26,2023-06-29,3,18700.0,18682.35,159.9,130.85,29.05000000000001,,5438.580000000002,False,9237650.0,7978550.0,5020263.0,5307694.0
2023-06-27,2023-06-29,2,18750.0,18748.55,122.55,96.25,26.299999999999997,,4915.379999999999,False,3565300.0,7291700.0,3720902.0,3749789.0
2023-06-28,2023-06-28,0,18900.0,18908.15,80.25,61.1,19.15,,3535.4199999999996,False,2158300.0,11208300.0,10343483.0,14360692.0
2023-06-30,2023-07-06,6,19100.0,19076.85,172.7,186.05,-13.350000000000023,,-2839.1400000000044,False,3625550.0,8526750.0,3714423.0,3171705.0
2023-07-03,2023-07-06,3,19250.0,19246.5,182.10000000000002,165.2,16.900000000000034,,3059.900000000007,False,1816650.0,3000750.0,1756937.0,1805597.0
2023-07-04,2023-07-06,2,19400.0,19406.6,126.8,118.45,8.349999999999994,,1411.429999999999,False,10210700.0,5433800.0,5078492.0,3371938.0
2023-07-05,2023-07-06,1,19400.0,19405.95,116.95,96.85,20.10000000000001,,3707.630000000002,False,11429300.0,8796900.0,8126741.0,5911265.0
2023-07-06,2023-07-06,0,19400.0,19385.7,98.85,96.25,2.5999999999999943,,299.49999999999886,False,1969600.0,8469450.0,8728620.0,14922495.0
2023-07-07,2023-07-13,6,19400.0,19422.8,192.4,184.14999999999998,8.250000000000028,,1368.4200000000055,False,11720200.0,6818400.0,4106480.0,4307207.0
2023-07-10,2023-07-13,3,19400.0,19400.35,163.9,149.0,14.900000000000006,,2676.1800000000007,False,10317500.0,6753500.0,5467053.0,4581517.0
2023-07-11,2023-07-13,2,19450.0,19427.1,140.1,110.15,29.94999999999999,,5621.279999999998,False,4363300.0,3839000.0,2987360.0,2903129.0
2023-07-12,2023-07-13,1,19500.0,19497.45,105.95,119.0,-13.049999999999997,,-2756.6899999999996,False,18234000.0,4936600.0,8678841.0,5419277.0
2023-07-13,2023-07-13,0,19500.0,19495.2,106.15,96.5,9.650000000000006,,1672.4900000000011,False,10353300.0,4363350.0,15731294.0,15959141.0
2023-07-14,2023-07-20,6,19500.0,19493.45,174.4,178.05,-3.6500000000000057,,-947.0800000000012,False,5031600.0,10139050.0,5773150.0,5213107.0
2023-07-17,2023-07-20,3,19600.0,19612.15,165.8,186.95,-21.149999999999977,,-4358.619999999995,False,5698500.0,13503200.0,4302804.0,3983127.0
2023-07-18,2023-07-20,2,19800.0,19787.5,174.3,141.3,33.0,,6204.15,False,8378000.0,2336450.0,4991801.0,2771754.0
2023-07-19,2023-07-20,1,19800.0,19802.95,141.0,101.10000000000001,39.89999999999999,,7562.409999999998,False,8469400.0,10732200.0,9955361.0,8111135.0
2023-07-20,2023-07-20,0,19850.0,19831.7,103.75,130.45000000000002,-26.700000000000017,,-5419.310000000004,False,1548000.0,5030200.0,9865131.0,10297021.0
2023-07-21,2023-07-27,6,19800.0,19800.45,200.05,219.0,-18.94999999999999,,-3941.6199999999976,False,10279650.0,8092500.0,3966600.0,5287646.0
2023-07-24,2023-07-27,3,19750.0,19748.45,203.1,185.1,18.0,,3267.01,False,4468900.0,2286350.0,3161615.0,3224796.0
2023-07-25,2023-07-27,2,19750.0,19729.35,178.15,146.7,31.450000000000017,,5900.330000000004,False,5648000.0,1851650.0,2071461.0,1101058.0
2023-07-26,2023-07-27,1,19750.0,19733.35,143.4,110.9,32.5,,6117.66,False,4789450.0,6446750.0,4150846.0,4768505.0
2023-07-27,2023-07-27,0,19850.0,19850.9,104.1,206.4,-102.30000000000001,,-20170.590000000004,False,6749800.0,2501000.0,11606003.0,3904168.0
2023-07-28,2023-08-03,6,19650.0,19659.75,258.05,191.2,66.85000000000002,,12778.990000000003,False,2921000.0,1762900.0,2460332.0,2042320.0
2023-07-31,2023-08-03,3,19650.0,19666.35,180.0,182.39999999999998,-2.3999999999999773,,-705.1799999999955,False,1793750.0,4482950.0,1880413.0,2336677.0
2023-08-01,2023-08-03,2,19800.0,19784.0,157.75,134.75,23.0,,4258.87,False,13598950.0,3888000.0,4253032.0,2859233.0
2023-08-02,2023-08-03,1,19650.0,19655.4,131.55,159.85,-28.299999999999983,,-5741.459999999996,False,9707200.0,1181300.0,4637065.0,2419062.0
2023-08-03,2023-08-03,0,19450.0,19463.75,97.45,79.45,18.0,,3304.87,False,3652150.0,1123600.0,10709979.0,9174847.0
2023-08-04,2023-08-10,6,19450.0,19462.8,181.2,192.45,-11.25,,-2432.43,False,1078400.0,2787300.0,1799488.0,2891472.0
2023-08-07,2023-08-10,3,19600.0,19576.85,158.0,149.45,8.550000000000011,,1439.2800000000022,False,6998900.0,4185200.0,5230231.0,3342882.0
2023-08-08,2023-08-10,2,19650.0,19627.2,150.65,142.05,8.599999999999994,,1451.669999999999,False,7518600.0,748100.0,2487994.0,1163710.0
2023-08-09,2023-08-10,1,19600.0,19578.8,135.3,100.45,34.85000000000001,,6579.100000000002,False,6698250.0,8027950.0,6152469.0,3609811.0
2023-08-10,2023-08-10,0,19600.0,19605.55,90.0,61.85,28.15,,5288.01,False,13480550.0,2366950.0,23644214.0,10190161.0
2023-08-11,2023-08-17,6,19550.0,19554.25,206.05,180.65,25.400000000000006,,4709.850000000001,False,5287200.0,946750.0,1817553.0,1064527.0
2023-08-14,2023-08-17,3,19400.0,19383.95,188.0,145.64999999999998,42.35000000000002,,8023.6200000000035,False,4370250.0,9057100.0,4011110.0,3557102.0
2023-08-16,2023-08-17,1,19350.0,19369.0,122.05000000000001,135.85,-13.799999999999983,,-2908.799999999997,False,1110950.0,7837100.0,3458936.0,5232908.0
2023-08-17,2023-08-17,0,19450.0,19450.55,95.85,77.4,18.44999999999999,,3393.2399999999975,False,8846800.0,1154200.0,12099355.0,3843102.0
2023-08-18,2023-08-24,6,19300.0,19301.75,235.0,175.35,59.650000000000006,,11382.380000000001,False,6048450.0,7291100.0,4733296.0,5264667.0
2023-08-21,2023-08-24,3,19300.0,19320.65,187.95,163.10000000000002,24.849999999999966,,4609.019999999994,False,4581050.0,9697150.0,3170501.0,3915477.0
2023-08-22,2023-08-24,2,19400.0,19417.1,121.0,118.14999999999999,2.8500000000000085,,340.34000000000174,False,15128600.0,5606350.0,5063922.0,4186990.0
2023-08-23,2023-08-24,1,19450.0,19439.2,125.1,88.15,36.94999999999999,,6992.499999999998,False,10012050.0,4329600.0,6894837.0,3648203.0
2023-08-24,2023-08-24,0,19550.0,19535.15,113.0,157.25,-44.25,,-8847.0,False,6252000.0,587050.0,12196049.0,4813896.0
2023-08-25,2023-08-31,6,19300.0,19297.4,201.05,188.1,12.950000000000017,,2282.390000000003,False,10169800.0,5751300.0,5071250.0,4831426.0
2023-08-28,2023-08-31,3,19300.0,19298.35,184.9,145.6,39.30000000000001,,7429.6100000000015,False,8656750.0,10868350.0,4928772.0,4430525.0
2023-08-29,2023-08-31,2,19350.0,19374.85,126.2,108.85,17.35000000000001,,3167.7400000000016,False,7331250.0,3507050.0,3497570.0,2942342.0
2023-08-30,2023-08-31,1,19450.0,19433.45,108.1,123.25,-15.150000000000006,,-3167.2200000000007,False,11715650.0,2046150.0,6045384.0,3701510.0
2023-08-31,2023-08-31,0,19400.0,19375.55,74.95,145.3,-70.35000000000001,,-13926.020000000002,False,9253550.0,2836950.0,11770345.0,3755631.0
2023-09-01,2023-09-07,6,19250.0,19258.15,244.9,247.54999999999998,-2.6499999999999773,,-777.2199999999956,False,405200.0,4253950.0,586212.0,1802710.0
2023-09-04,2023-09-07,3,19550.0,19525.05,171.6,126.65,44.94999999999999,,8536.809999999998,False,4371500.0,1810100.0,2998440.0,1388271.0
2023-09-05,2023-09-07,2,19550.0,19564.65,123.0,103.19999999999999,19.80000000000001,,3646.930000000002,False,4337700.0,5465350.0,3517637.0,3452008.0
2023-09-06,2023-09-07,1,19600.0,19581.2,96.5,70.35,26.150000000000006,,4895.4400000000005,False,10211200.0,8459650.0,7672388.0,4880610.0
2023-09-07,2023-09-07,0,19600.0,19598.65,65.0,131.0,-66.0,,-13073.68,False,3987500.0,16078100.0,26804798.0,33084856.0
2023-09-08,2023-09-14,6,19750.0,19774.8,176.95,190.35,-13.400000000000006,,-2850.420000000001,False,1397950.0,2470700.0,2129096.0,2302362.0
2023-09-11,2023-09-14,3,19900.0,19890.0,170.0,174.8,-4.800000000000011,,-1169.8900000000021,False,3081900.0,8376250.0,3843320.0,3461573.0
2023-09-12,2023-09-14,2,20100.0,20110.15,144.0,157.7,-13.699999999999989,,-2897.149999999998,False,11364850.0,1418050.0,5102984.0,1936624.0
2023-09-13,2023-09-14,1,20000.0,19989.5,129.85,123.4,6.449999999999989,,1039.6099999999979,False,5128450.0,11772650.0,5852591.0,5751209.0
2023-09-14,2023-09-14,0,20150.0,20127.95,105.0,50.75,54.25,,10375.3,False,17475900.0,2032000.0,26595335.0,6734108.0
2023-09-15,2023-09-21,6,20150.0,20156.45,190.0,188.8,1.1999999999999886,,-6.330000000002229,False,1742200.0,3396700.0,1869298.0,2718112.0
2023-09-18,2023-09-21,3,20150.0,20155.95,194.95,136.95,58.0,,11074.78,False,4272650.0,3004700.0,2082705.0,2463042.0
2023-09-20,2023-09-21,1,20000.0,19980.75,138.6,121.80000000000001,16.799999999999983,,3055.979999999997,False,17366150.0,3755250.0,5141346.0,4322770.0
2023-09-21,2023-09-21,0,19850.0,19840.55,104.0,108.15,-4.150000000000006,,-1019.4100000000011,False,8247300.0,626150.0,13170642.0,3533195.0
2023-09-22,2023-09-28,6,19750.0,19744.85,224.0,183.65,40.349999999999994,,7620.479999999999,False,2965450.0,1560850.0,2347357.0,2549541.0
2023-09-25,2023-09-28,3,19700.0,19678.2,180.25,149.6,30.650000000000006,,5743.4800000000005,False,7745150.0,7238200.0,4693864.0,4121404.0
2023-09-26,2023-09-28,2,19700.0,19682.8,151.05,123.94999999999999,27.100000000000023,,5061.260000000005,False,10519450.0,6778200.0,4061008.0,3554679.0
2023-09-27,2023-09-28,1,19650.0,19637.05,135.8,109.0,26.80000000000001,,5008.190000000001,False,2817100.0,7670500.0,5690219.0,4889165.0
2023-09-28,2023-09-28,0,19750.0,19761.8,89.15,227.64999999999998,-138.49999999999997,,-27228.61999999999,False,5472500.0,1286000.0,11288695.0,2788126.0
2023-09-29,2023-10-05,6,19600.0,19581.2,249.0,177.85,71.15,,13621.260000000002,False,3780750.0,7138600.0,2897194.0,3635293.0
2023-10-03,2023-10-05,2,19600.0,19622.4,160.0,142.8,17.19999999999999,,3126.359999999998,False,9982650.0,3764650.0,3663084.0,2191469.0
2023-10-04,2023-10-05,1,19450.0,19446.3,110.25,95.8,14.450000000000003,,2607.6000000000004,False,6005950.0,3474150.0,4802058.0,2698235.0
2023-10-05,2023-10-05,0,19500.0,19521.85,95.0,46.35,48.65,,9286.21,False,3988650.0,17729300.0,17515236.0,38814185.0
2023-10-06,2023-10-12,6,19600.0,19621.2,197.65,183.9,13.75,,2439.7,False,3468700.0,6917650.0,3436195.0,3805550.0
2023-10-09,2023-10-12,3,19550.0,19539.45,204.0,174.75,29.25,,5461.8,False,2720450.0,2324500.0,2491529.0,2719696.0
2023-10-10,2023-10-12,2,19550.0,19565.6,165.2,215.25,-50.05000000000001,,-9997.400000000001,False,741750.0,5302050.0,958584.0,1670390.0
2023-10-11,2023-10-12,1,19750.0,19767.0,135.0,120.85000000000001,14.149999999999991,,2540.199999999998,False,2343300.0,7436200.0,2237302.0,2962584.0
2023-10-12,2023-10-12,0,19800.0,19822.7,95.0,6.4,88.6,,17081.3,False,33048800.0,30798650.0,49280502.0,57607967.0
2023-10-13,2023-10-19,6,19650.0,19654.55,201.0,212.5,-11.5,,-2488.31,False,726350.0,2887000.0,771484.0,1604037.0
2023-10-16,2023-10-19,3,19750.0,19737.25,204.75,167.4,37.349999999999994,,7042.0199999999995,False,4274800.0,3686750.0,2682329.0,2200534.0
2023-10-17,2023-10-19,2,19850.0,19843.2,155.5,132.7,22.80000000000001,,4220.6500000000015,False,6819400.0,1707400.0,2921722.0,1859482.0
2023-10-18,2023-10-19,1,19800.0,19820.45,128.75,139.55,-10.800000000000011,,-2325.8400000000024,False,16439750.0,1986300.0,6150867.0,4319441.0
2023-10-19,2023-10-19,0,19550.0,19545.2,80.85,83.05000000000001,-2.200000000000017,,-630.6300000000033,False,4002050.0,11298300.0,8493950.0,22768611.0
2023-10-20,2023-10-26,6,19550.0,19542.15,216.55,190.95,25.600000000000023,,4745.110000000004,False,3233100.0,2569900.0,2125384.0,2043580.0
2023-10-23,2023-10-26,3,19500.0,19521.6,185.0,263.45,-78.44999999999999,,-15545.939999999999,False,10914350.0,4416900.0,3846466.0,2974121.0
2023-10-25,2023-10-26,1,19300.0,19286.45,175.8,192.1,-16.299999999999983,,-3415.859999999997,False,12582950.0,2132100.0,8285196.0,5113381.0
2023-10-26,2023-10-26,0,19050.0,19027.25,92.6,193.85,-101.25,,-19961.59,False,3246950.0,852050.0,6898089.0,1264703.0
2023-10-27,2023-11-02,6,18950.0,18928.75,264.0,243.05,20.94999999999999,,3820.799999999998,False,610100.0,1371550.0,818557.0,1181572.0
2023-10-30,2023-11-02,3,19050.0,19053.4,198.35,204.7,-6.349999999999994,,-1482.4899999999989,False,1096600.0,2971400.0,1659344.0,1743043.0
2023-10-31,2023-11-02,2,19250.0,19232.95,164.2,189.6,-25.400000000000006,,-5187.310000000001,False,6847000.0,486200.0,2323726.0,483708.0
2023-11-01,2023-11-02,1,19050.0,19064.05,172.25,125.64999999999999,46.60000000000001,,8858.530000000002,False,6215100.0,2292950.0,3796784.0,4035923.0
2023-11-02,2023-11-02,0,19100.0,19120.0,95.8,34.5,61.3,,11754.2,False,11866450.0,26281100.0,40480563.0,49149653.0
2023-11-03,2023-11-09,6,19250.0,19241.0,187.89999999999998,183.55,4.349999999999966,,609.0599999999934,False,3487250.0,1750850.0,1904046.0,2186418.0
2023-11-06,2023-11-09,3,19350.0,19345.85,157.0,156.1,0.9000000000000057,,-53.039999999998884,False,1898600.0,5491000.0,2859158.0,2478427.0
2023-11-07,2023-11-09,2,19400.0,19404.05,138.0,120.1,17.900000000000006,,3270.820000000001,False,6634550.0,6575300.0,4682960.0,3995911.0
2023-11-08,2023-11-09,1,19450.0,19449.6,105.1,88.35,16.75,,3058.22,False,9375750.0,4277750.0,5046287.0,3480919.0
2023-11-09,2023-11-09,0,19450.0,19457.4,81.9,54.1,27.800000000000004,,5222.620000000001,False,20916250.0,5850450.0,40221049.0,21280960.0
2023-11-10,2023-11-16,6,19350.0,19351.85,214.95,180.45,34.5,,6482.27,False,975700.0,3142500.0,1664285.0,2059293.0
2023-11-13,2023-11-16,3,19500.0,19486.75,131.85,126.65,5.199999999999989,,794.9899999999977,False,10022200.0,3029350.0,3019992.0,2079329.0
2023-11-15,2023-11-16,1,19650.0,19651.4,101.05,89.65,11.399999999999991,,2015.7799999999982,False,4192550.0,9263800.0,4218636.0,3228398.0
2023-11-16,2023-11-16,0,19650.0,19674.7,82.2,118.25,-36.05,,-7235.969999999999,False,5976950.0,12838750.0,4910729.0,15437837.0
2023-11-17,2023-11-23,6,19650.0,19674.75,230.9,223.15,7.75,,1257.06,False,605200.0,3090900.0,326711.0,1291010.0
2023-11-20,2023-11-23,3,19750.0,19731.15,187.0,165.8,21.19999999999999,,3897.1699999999983,False,4923850.0,2457450.0,2359021.0,2137552.0
2023-11-21,2023-11-23,2,19750.0,19770.9,157.1,134.05,23.049999999999983,,4268.859999999996,False,2748550.0,4994800.0,1991870.0,2481550.0
2023-11-22,2023-11-23,1,19800.0,19784.0,121.0,90.4,30.599999999999994,,5754.949999999999,False,9168900.0,12088650.0,7433955.0,6196537.0
2023-11-23,2023-11-23,0,19850.0,19828.45,75.2,49.05,26.150000000000006,,4903.070000000001,False,25862750.0,4484650.0,40083736.0,15957046.0
2023-11-24,2023-11-30,6,19800.0,19809.6,195.8,159.4,36.400000000000006,,6859.860000000001,False,8144050.0,7695300.0,2735850.0,3419966.0
2023-11-28,2023-11-30,2,19850.0,19844.65,141.95,143.9,-1.950000000000017,,-603.7400000000033,False,2794850.0,6705600.0,2516441.0,2360926.0
2023-11-29,2023-11-30,1,20000.0,19976.55,112.35,155.95000000000002,-43.60000000000002,,-8719.930000000004,False,4884300.0,16375150.0,5599997.0,6792856.0
2023-11-30,2023-11-30,0,20100.0,20108.5,93.2,33.7,59.5,,11403.92,False,3942050.0,11708750.0,30241192.0,24462772.0
2023-12-01,2023-12-07,6,20200.0,20194.1,253.45,263.85,-10.400000000000034,,-2292.470000000006,False,2557700.0,4654700.0,1235361.0,1898336.0
2023-12-04,2023-12-07,3,20600.0,20601.95,171.55,226.15,-54.599999999999994,,-10887.479999999998,False,3158200.0,6385900.0,3851687.0,2593344.0
2023-12-05,2023-12-07,2,20800.0,20808.9,173.0,172.6,0.4000000000000057,,-156.3299999999989,False,4734400.0,7527750.0,4743787.0,3312979.0
2023-12-06,2023-12-07,1,20950.0,20950.75,161.95,113.85,48.099999999999994,,9154.899999999998,False,7164100.0,3574150.0,4752921.0,3123657.0
2023-12-07,2023-12-07,0,20950.0,20932.4,114.8,51.1,63.699999999999996,,12215.68,False,18629850.0,5329600.0,34540462.0,9364422.0
2023-12-08,2023-12-14,6,20950.0,20934.1,240.60000000000002,212.75,27.850000000000023,,5175.520000000005,False,1549800.0,1925850.0,1892076.0,2116325.0
2023-12-11,2023-12-14,3,20950.0,20965.3,218.35,191.8,26.549999999999983,,4929.829999999996,False,1671350.0,3131600.0,1246655.0,1919034.0
2023-12-12,2023-12-14,2,21000.0,21018.55,180.7,168.15,12.549999999999983,,2211.629999999997,False,14862900.0,5576800.0,4205590.0,4119928.0
2023-12-13,2023-12-14,1,20950.0,20929.75,142.25,102.5,39.75,,7532.7,False,7277450.0,3285050.0,4083042.0,1982702.0
2023-12-14,2023-12-14,0,21100.0,21110.4,95.95,73.05,22.900000000000006,,4261.500000000001,False,3806150.0,12525000.0,11921203.0,25868287.0
2023-12-15,2023-12-21,6,21300.0,21287.45,225.64999999999998,311.15000000000003,-85.50000000000006,,-16936.10000000001,False,2390100.0,7057200.0,2847133.0,3482280.0
2023-12-18,2023-12-21,3,21450.0,21434.8,252.0,204.85000000000002,47.14999999999998,,8937.269999999997,False,5096250.0,2147650.0,2428381.0,1988833.0
2023-12-19,2023-12-21,2,21500.0,21477.65,194.35,148.15,46.19999999999999,,8772.559999999998,False,11307000.0,3834300.0,4571041.0,2599102.0
2023-12-20,2023-12-21,1,21550.0,21543.5,125.05,409.3,-284.25,,-55680.38,False,8492500.0,740750.0,6100406.0,3409795.0
2023-12-21,2023-12-21,0,21050.0,21033.95,109.05,198.1,-89.05,,-17587.01,False,3767300.0,5772100.0,5605019.0,14882089.0
2023-12-22,2023-12-28,6,21300.0,21295.85,300.0,270.70000000000005,29.299999999999955,,5437.159999999991,False,3063400.0,5440750.0,2475846.0,3674669.0
2023-12-26,2023-12-28,2,21350.0,21365.2,232.95,217.75,15.199999999999989,,2709.9799999999977,False,1432400.0,4253950.0,920822.0,1690426.0
2023-12-27,2023-12-28,1,21500.0,21497.65,151.35,210.39999999999998,-59.04999999999998,,-11748.529999999997,False,5262550.0,13627950.0,4488942.0,6783590.0
2023-12-28,2023-12-28,0,21700.0,21715.0,108.3,72.8,35.5,,6715.6,False,3901600.0,9593400.0,9427443.0,19240243.0
2023-12-29,2024-01-04,6,21750.0,21737.65,384.75,272.95,111.80000000000001,,21504.290000000005,False,2110900.0,1669700.0,1462435.0,1549991.0
2024-01-01,2024-01-04,3,21750.0,21727.75,259.55,213.45000000000002,46.099999999999994,,8729.689999999999,False,2293900.0,2577150.0,2105333.0,2076326.0
2024-01-02,2024-01-04,2,21750.0,21751.35,194.2,182.15,12.049999999999983,,2109.229999999997,False,5570800.0,1743500.0,2537607.0,1305711.0
2024-01-03,2024-01-04,1,21650.0,21661.1,179.0,167.45000000000002,11.549999999999983,,2017.1199999999967,False,7749250.0,856150.0,3656533.0,2111717.0
2024-01-04,2024-01-04,0,21600.0,21605.8,104.05,51.9,52.15,,9965.89,False,6983100.0,20726700.0,16263526.0,30987031.0
2024-01-05,2024-01-11,6,21700.0,21705.75,260.0,222.5,37.5,,7051.49,False,5450850.0,4171300.0,3533898.0,3365902.0
2024-01-08,2024-01-11,3,21750.0,21747.6,216.2,279.90000000000003,-63.700000000000045,,-12679.080000000009,False,5194250.0,610150.0,2179934.0,962866.0
2024-01-09,2024-01-11,2,21650.0,21653.6,172.3,183.5,-11.199999999999989,,-2419.489999999998,False,5381450.0,1512000.0,2903769.0,2748416.0
2024-01-10,2024-01-11,1,21550.0,21529.3,175.65,152.45000000000002,23.19999999999999,,4291.479999999998,False,2109850.0,5393700.0,5137739.0,4535279.0
2024-01-11,2024-01-11,0,21700.0,21688.0,95.0,56.2,38.8,,7364.259999999999,False,27488350.0,5527400.0,40715248.0,16059849.0
2024-01-12,2024-01-18,6,21750.0,21773.55,280.0,313.9,-33.89999999999998,,-6887.329999999995,False,1341600.0,3802300.0,961566.0,1355413.0
2024-01-15,2024-01-18,3,22050.0,22053.15,244.5,233.7,10.800000000000011,,1847.3100000000022,False,1265550.0,2651500.0,1998387.0,1583680.0
2024-01-16,2024-01-18,2,22100.0,22080.5,198.9,184.75,14.150000000000006,,2517.300000000001,False,7928400.0,3106900.0,4434248.0,3169101.0
2024-01-17,2024-01-18,1,21650.0,21647.25,249.05,168.9,80.15,,15377.330000000002,False,4662100.0,1510600.0,2113951.0,3181671.0
2024-01-18,2024-01-18,0,21400.0,21414.2,157.2,57.6,99.6,,19205.34,False,4981050.0,17047650.0,16842757.0,38994058.0
2024-01-19,2024-01-25,6,21600.0,21615.2,322.65,297.65,25.0,,4590.03,False,5062650.0,5021700.0,2399565.0,2871152.0
2024-01-20,2024-01-25,5,21700.0,21706.15,276.0,276.35,-0.35000000000002274,,-339.5800000000045,False,7806800.0,3533350.0,2090292.0,1702168.0
2024-01-23,2024-01-25,2,21700.0,21716.7,235.0,531.0,-296.0,,-58012.45,False,9580450.0,2404550.0,3164505.0,1746137.0
2024-01-24,2024-01-25,1,21200.0,21185.25,206.2,302.15,-95.94999999999999,,-18968.149999999998,False,2225500.0,7030250.0,2091175.0,6797971.0
2024-01-25,2024-01-25,0,21450.0,21454.6,163.75,126.0,37.75,,7134.75,False,4492950.0,1595000.0,9352928.0,1855110.0
2024-01-29,2024-02-01,3,21450.0,21433.1,365.0,450.90000000000003,-85.90000000000003,,-17064.08000000001,False,335400.0,1218450.0,186578.0,538722.0
2024-01-30,2024-02-01,2,21800.0,21775.75,349.05,359.45,-10.399999999999977,,-2326.7199999999953,False,5312300.0,824150.0,1921776.0,1260022.0
2024-01-31,2024-02-01,1,21500.0,21487.25,294.9,321.25,-26.350000000000023,,-5419.500000000005,False,1532250.0,7721250.0,1114723.0,2599187.0
2024-02-01,2024-02-01,0,21800.0,21780.65,266.15,98.0,168.14999999999998,,32541.859999999993,False,13158150.0,1822900.0,22351190.0,4904227.0
2024-02-02,2024-02-08,6,21800.0,21812.75,316.75,321.7,-4.949999999999989,,-1251.7399999999977,False,1811500.0,3103800.0,844353.0,2202518.0
2024-02-05,2024-02-08,3,21900.0,21921.05,282.6,317.7,-35.099999999999966,,-7122.399999999993,False,5338250.0,2483750.0,2943779.0,2609743.0
2024-02-06,2024-02-08,2,21850.0,21825.2,268.75,249.65,19.099999999999994,,3458.119999999999,False,1496150.0,2644250.0,1707751.0,1463543.0
2024-02-07,2024-02-08,1,22050.0,22045.05,185.15,178.45,6.700000000000017,,1068.5800000000033,False,4147400.0,597300.0,2577518.0,1031571.0
2024-02-08,2024-02-08,0,22000.0,22009.65,133.4,299.0,-165.6,,-32532.25,False,12614300.0,2521100.0,18562796.0,4908821.0
2024-02-09,2024-02-15,6,21750.0,21727.0,347.54999999999995,312.54999999999995,35.0,,6532.32,False,1320750.0,1344600.0,1313371.0,1219117.0
2024-02-12,2024-02-15,3,21800.0,21800.8,309.25,312.1,-2.8500000000000227,,-839.2900000000044,False,6618200.0,2272250.0,2413971.0,1570047.0
2024-02-13,2024-02-15,2,21650.0,21664.3,297.15,244.2,52.94999999999999,,10052.799999999997,False,1030650.0,2075750.0,1364876.0,1740321.0
2024-02-14,2024-02-15,1,21600.0,21578.15,181.05,303.04999999999995,-121.99999999999994,,-24042.04999999999,False,1971300.0,8700650.0,3846622.0,4714413.0
2024-02-15,2024-02-15,0,21900.0,21906.55,135.45,13.100000000000001,122.35,,23652.14,False,14211000.0,20437400.0,37686608.0,33455191.0
2024-02-16,2024-02-22,6,22000.0,22020.3,301.9,311.2,-9.300000000000011,,-2095.1900000000023,False,3886800.0,5236400.0,2064379.0,2203595.0
2024-02-19,2024-02-22,3,22100.0,22103.45,305.0,268.45,36.55000000000001,,6850.000000000002,False,5010600.0,4595200.0,2557577.0,2056952.0
2024-02-20,2024-02-22,2,22100.0,22099.2,283.95,236.15,47.79999999999998,,9052.649999999996,False,4794150.0,6360150.0,3357232.0,2765825.0
2024-02-21,2024-02-22,1,22250.0,22248.85,208.8,254.20000000000002,-45.400000000000006,,-9105.710000000001,False,6814900.0,753100.0,3561119.0,1492053.0
2024-02-22,2024-02-22,0,22100.0,22081.55,177.05,107.25,69.80000000000001,,13383.620000000003,False,7281950.0,9811500.0,29467856.0,13697029.0
2024-02-23,2024-02-29,6,22300.0,22290.0,318.5,296.04999999999995,22.450000000000045,,4093.960000000009,False,5533800.0,2039950.0,1965981.0,1393712.0
2024-02-26,2024-02-29,3,22150.0,22169.2,285.15,264.8,20.349999999999966,,3696.1499999999933,False,2615850.0,2049950.0,1452279.0,1572464.0
2024-02-27,2024-02-29,2,22100.0,22090.2,263.0,234.9,28.099999999999994,,5216.2699999999995,False,3501800.0,6012500.0,2175016.0,2724532.0
2024-02-28,2024-02-29,1,22200.0,22214.1,201.75,307.85,-106.10000000000002,,-20947.040000000005,False,15679750.0,2413700.0,6261146.0,2831731.0
2024-02-29,2024-02-29,0,21950.0,21935.2,160.0,24.6,135.4,,26189.68,False,6340100.0,6444000.0,14860756.0,15010247.0
2024-03-01,2024-03-07,6,22050.0,22048.3,329.65,431.75,-102.10000000000002,,-20212.380000000005,False,440500.0,1601950.0,133363.0,439237.0
2024-03-02,2024-03-07,5,22400.0,22406.95,312.1,286.6,25.5,,4691.37,False,3594100.0,2510800.0,415347.0,304454.0
2024-03-04,2024-03-07,3,22400.0,22403.5,278.25,247.64999999999998,30.600000000000023,,5698.610000000004,False,6195300.0,4984250.0,2352468.0,2230568.0
2024-03-05,2024-03-07,2,22350.0,22371.25,253.35,189.35,64.0,,12224.58,False,2324050.0,1964500.0,2161630.0,1969258.0
2024-03-06,2024-03-07,1,22350.0,22327.5,178.0,201.79999999999998,-23.799999999999983,,-4880.059999999997,False,899100.0,4254150.0,3408434.0,2591310.0
2024-03-07,2024-03-07,0,22500.0,22505.3,119.0,9.05,109.95,,21238.53,False,27114850.0,12791300.0,39993618.0,32565764.0
2024-03-11,2024-03-14,3,22500.0,22517.5,250.75,255.5,-4.75,,-1189.07,False,8157750.0,2442950.0,2765039.0,2063889.0
2024-03-12,2024-03-14,2,22350.0,22334.45,220.6,203.1,17.5,,3163.18,False,1919150.0,1508100.0,1371740.0,2039583.0
2024-03-13,2024-03-14,1,22450.0,22432.2,187.9,481.3,-293.4,,-57488.259999999995,False,6737650.0,206500.0,2798811.0,485737.0
2024-03-14,2024-03-14,0,22000.0,21982.55,155.0,146.39999999999998,8.600000000000023,,1450.1100000000047,False,3304600.0,13438600.0,7893381.0,24328322.0
2024-03-15,2024-03-21,6,22050.0,22064.85,356.1,285.45000000000005,70.64999999999998,,13485.319999999996,False,1754150.0,989050.0,1042158.0,1025608.0
2024-03-18,2024-03-21,3,22000.0,21990.1,279.95,252.95,27.0,,4995.57,False,3733250.0,4545250.0,2415542.0,3139287.0
2024-03-19,2024-03-21,2,21950.0,21946.45,233.9,232.25,1.6500000000000057,,65.75000000000114,False,3658900.0,1121150.0,1424825.0,1295125.0
2024-03-20,2024-03-21,1,21850.0,21843.9,195.0,150.2,44.80000000000001,,8499.160000000002,False,3987250.0,2416100.0,3190323.0,3347180.0
2024-03-21,2024-03-21,0,22000.0,21989.9,134.35,10.15,124.19999999999999,,24013.509999999995,False,16683450.0,26803550.0,45879232.0,47303027.0
2024-03-22,2024-03-28,6,21950.0,21932.2,315.4,313.6,1.7999999999999545,,65.80999999999113,False,461900.0,2326200.0,440145.0,1224244.0
2024-03-26,2024-03-28,2,21950.0,21947.9,265.0,235.79999999999998,29.200000000000017,,5430.190000000003,False,619550.0,3273350.0,222775.0,1049886.0
2024-03-27,2024-03-28,1,22050.0,22053.95,191.3,158.65,32.650000000000006,,6129.760000000001,False,2141450.0,5506150.0,801050.0,1998278.0
2024-03-28,2024-03-28,0,22150.0,22163.6,112.80000000000001,166.9,-54.099999999999994,,-10768.869999999999,False,2970400.0,5123550.0,1385308.0,10835129.0
2024-04-01,2024-04-04,3,22450.0,22455.0,225.9,218.64999999999998,7.250000000000028,,1161.2900000000054,False,2167450.0,2829000.0,1116820.0,1635158.0
2024-04-02,2024-04-04,2,22450.0,22458.8,210.05,171.15,38.900000000000006,,7342.550000000001,False,3564300.0,3397100.0,2171677.0,2081891.0
2024-04-03,2024-04-04,1,22400.0,22385.7,160.05,123.3,36.750000000000014,,6940.960000000003,False,4751350.0,7389850.0,4066352.0,4776680.0
2024-04-04,2024-04-04,0,22600.0,22592.1,128.05,98.44999999999999,29.600000000000023,,5557.310000000005,False,10403650.0,1297150.0,35568382.0,5743078.0
2024-04-05,2024-04-10,5,22500.0,22486.4,256.4,235.45,20.94999999999999,,3823.5199999999977,False,5149950.0,5917700.0,2977423.0,2501132.0
2024-04-08,2024-04-10,2,22600.0,22578.35,222.9,198.3,24.599999999999994,,4547.719999999999,False,3636400.0,7667750.0,2911525.0,2642896.0
2024-04-09,2024-04-10,1,22750.0,22765.1,174.89999999999998,137.05,37.849999999999966,,7150.269999999994,False,5921900.0,1356450.0,3372470.0,2367255.0
2024-04-10,2024-04-10,0,22700.0,22720.25,100.0,52.1,47.9,,9138.07,False,4689750.0,11360550.0,14789671.0,20224946.0
2024-04-12,2024-04-18,6,22700.0,22677.4,292.65,256.35,36.299999999999955,,6805.639999999991,False,8327950.0,2513200.0,2888059.0,2141259.0
2024-04-15,2024-04-18,3,22350.0,22339.05,260.05,209.85,50.20000000000002,,9529.510000000004,False,2435750.0,1584550.0,1589423.0,2498090.0
2024-04-16,2024-04-18,2,22150.0,22125.3,248.0,158.6,89.4,,17182.57,False,2031750.0,2658700.0,2473311.0,2935064.0
2024-04-18,2024-04-18,0,22200.0,22212.35,120.0,206.79999999999998,-86.79999999999998,,-17151.909999999996,False,11174300.0,12989550.0,21046880.0,18163994.0
2024-04-19,2024-04-25,6,21850.0,21861.5,445.84999999999997,423.25,22.599999999999966,,4077.5999999999935,False,340900.0,2016350.0,660617.0,984478.0
2024-04-22,2024-04-25,3,22350.0,22336.9,266.0,229.7,36.30000000000001,,6815.190000000001,False,2905000.0,1782950.0,1502583.0,501569.0
2024-04-23,2024-04-25,2,22450.0,22447.05,207.85,183.0,24.849999999999994,,4601.889999999999,False,3374000.0,797300.0,1829011.0,908630.0
2024-04-24,2024-04-25,1,22400.0,22421.55,152.35000000000002,120.0,32.35000000000002,,6085.180000000005,False,8897850.0,8246600.0,4173121.0,4076559.0
2024-04-25,2024-04-25,0,22300.0,22316.9,122.7,285.2,-162.5,,-31923.55,False,3777900.0,7794800.0,2863492.0,15293200.0
2024-04-26,2024-05-02,6,22600.0,22620.4,281.05,267.29999999999995,13.750000000000057,,2409.820000000011,False,5481200.0,1768500.0,4680047.0,3426113.0
2024-04-29,2024-05-02,3,22500.0,22475.55,258.7,263.8,-5.100000000000023,,-1260.2100000000046,False,3430525.0,7865175.0,3872440.0,5003798.0
2024-04-30,2024-05-02,2,22700.0,22679.65,180.05,159.64999999999998,20.400000000000034,,3743.5600000000068,False,4682125.0,2898275.0,6731473.0,6255542.0
2024-05-02,2024-05-02,0,22550.0,22567.85,188.0,105.75,82.25,,15808.96,False,1069500.0,5494250.0,2508986.0,22313535.0
2024-05-03,2024-05-09,6,22750.0,22766.35,256.20000000000005,341.95,-85.74999999999994,,-16995.82999999999,False,2823375.0,706950.0,2036491.0,1329704.0
2024-05-06,2024-05-09,3,22550.0,22561.6,254.0,259.05,-5.050000000000011,,-1248.7700000000023,False,2327800.0,895550.0,2651161.0,2034600.0
2024-05-07,2024-05-09,2,22500.0,22489.75,231.2,273.35,-42.150000000000034,,-8479.590000000007,False,9005900.0,2612575.0,4947589.0,2482961.0
2024-05-08,2024-05-09,1,22250.0,22231.2,227.9,154.15,73.75,,14136.13,False,1268275.0,2518300.0,4758389.0,6223676.0
2024-05-09,2024-05-09,0,22200.0,22224.8,149.8,234.5,-84.69999999999999,,-16752.829999999998,False,10300625.0,1587875.0,34739864.0,16214702.0
2024-05-10,2024-05-16,6,22000.0,21990.95,341.9,304.55,37.349999999999966,,6992.879999999994,False,3361725.0,4560175.0,3225983.0,5251019.0
2024-05-13,2024-05-16,3,22050.0,22027.95,295.0,248.6,46.400000000000006,,8775.530000000002,False,1143425.0,1013050.0,2343855.0,1435251.0
2024-05-14,2024-05-16,2,22100.0,22112.9,243.6,226.10000000000002,17.49999999999997,,3154.9399999999946,False,2267675.0,4692000.0,3772661.0,4599001.0
2024-05-15,2024-05-16,1,22250.0,22255.6,184.35,146.15,38.19999999999999,,7215.1799999999985,False,4609375.0,1170175.0,6644427.0,4444281.0
2024-05-16,2024-05-16,0,22300.0,22319.2,119.9,99.85000000000001,20.049999999999997,,3696.8199999999997,False,8181750.0,7874625.0,54821126.0,20367753.0
2024-05-17,2024-05-23,6,22400.0,22415.25,311.5,275.25,36.25,,6789.14,False,2534250.0,4140500.0,3654683.0,3803418.0
2024-05-18,2024-05-23,5,22500.0,22512.85,260.85,237.3,23.55000000000001,,4329.240000000002,False,4249525.0,3833775.0,819555.0,668211.0
2024-05-21,2024-05-23,2,22400.0,22404.55,224.05,240.95,-16.899999999999977,,-3550.2199999999953,False,1986875.0,5713825.0,1743636.0,3711571.0
2024-05-22,2024-05-23,1,22600.0,22576.6,197.95,141.85,56.099999999999994,,10702.969999999998,False,5098550.0,5276650.0,7187641.0,4599619.0
2024-05-23,2024-05-23,0,22600.0,22614.1,123.8,361.85,-238.05,,-46665.34,False,1493550.0,9535325.0,6749919.0,25285447.0
2024-05-24,2024-05-30,6,22950.0,22930.75,338.0,317.6,20.399999999999977,,3686.9699999999953,False,1365400.0,1764300.0,1645034.0,2002124.0
2024-05-27,2024-05-30,3,23050.0,23038.95,280.2,271.45,8.75,,1434.52,False,1852475.0,1147300.0,1981810.0,1886376.0
2024-05-28,2024-05-30,2,23000.0,22977.15,268.4,224.7,43.69999999999999,,8258.229999999998,False,9105700.0,6650550.0,4907691.0,4765500.0
2024-05-29,2024-05-30,1,22750.0,22762.75,228.15,169.45,58.70000000000002,,11199.470000000003,False,3164875.0,2406200.0,3980993.0,5766309.0
2024-05-30,2024-05-30,0,22600.0,22617.45,182.0,121.64999999999999,60.35000000000001,,11537.950000000003,False,15615875.0,4247750.0,47364353.0,28274927.0
2024-05-31,2024-06-06,6,22550.0,22568.1,1057.0,861.25,195.75,,37643.85,False,568750.0,376325.0,651036.0,684337.0
2024-06-03,2024-06-06,3,23350.0,23337.9,713.05,684.3499999999999,28.700000000000045,,5172.1000000000095,False,832750.0,204375.0,512421.0,108749.0
2024-06-04,2024-06-06,2,23200.0,23179.5,450.0,1473.5500000000002,-1023.5500000000002,,-200049.86000000002,False,2489275.0,689325.0,1349117.0,183135.0
2024-06-05,2024-06-06,1,22150.0,22128.35,681.7,483.7,198.00000000000006,,38217.34000000001,False,235025.0,702050.0,923164.0,716822.0
2024-06-06,2024-06-06,0,22800.0,22798.6,325.0,21.049999999999997,303.95,,59018.22,False,9868050.0,12980050.0,61930785.0,33324177.0
2024-06-07,2024-06-13,6,22800.0,22821.85,510.85,632.0500000000001,-121.20000000000005,,-24004.110000000008,False,1304925.0,3203150.0,841281.0,1997433.0
2024-06-10,2024-06-13,3,23300.0,23319.15,418.85,345.05,73.80000000000001,,14077.470000000001,False,3730475.0,2177425.0,3288356.0,3406603.0
2024-06-11,2024-06-13,2,23300.0,23283.75,330.3,232.85000000000002,97.44999999999999,,18723.809999999998,False,4139075.0,3353175.0,5047317.0,4491750.0
2024-06-12,2024-06-13,1,23350.0,23344.45,207.65,170.35,37.30000000000001,,7031.220000000002,False,2703625.0,2018600.0,4225280.0,3884526.0
2024-06-13,2024-06-13,0,23500.0,23480.95,177.95,105.30000000000001,72.64999999999998,,13939.389999999996,False,13918250.0,1370525.0,33535677.0,7034334.0
2024-06-14,2024-06-20,6,23450.0,23464.95,279.55,235.1,44.45000000000002,,8400.580000000004,False,1632825.0,1714925.0,2434433.0,1716050.0
2024-06-18,2024-06-20,2,23550.0,23570.8,208.7,170.25,38.44999999999999,,7255.229999999998,False,2392000.0,2141300.0,3365625.0,2561073.0
2024-06-19,2024-06-20,1,23650.0,23629.85,161.35,194.7,-33.349999999999994,,-6737.499999999999,False,3559000.0,571800.0,4508043.0,1453021.0
2024-06-20,2024-06-20,0,23600.0,23586.15,127.0,37.2,89.8,,17303.98,False,14382250.0,3475500.0,63287766.0,27322565.0
2024-06-21,2024-06-27,6,23650.0,23661.15,271.15,287.3,-16.150000000000034,,-3420.7600000000066,False,2088875.0,398275.0,1977561.0,873365.0
2024-06-24,2024-06-27,3,23400.0,23382.3,250.4,271.2,-20.799999999999983,,-4320.6299999999965,False,3281950.0,6771525.0,2909473.0,3911735.0
2024-06-25,2024-06-27,2,23600.0,23577.1,210.95,239.8,-28.850000000000023,,-5877.220000000005,False,4492250.0,7420100.0,4912045.0,4386320.0
2024-06-26,2024-06-27,1,23700.0,23723.1,181.75,212.9,-31.150000000000006,,-6315.540000000001,False,3427225.0,8808800.0,4441121.0,5941459.0
2024-06-27,2024-06-27,0,23900.0,23881.55,145.8,135.85,9.950000000000017,,1716.8200000000033,False,4208250.0,7606675.0,25064376.0,44996621.0
2024-06-28,2024-07-04,6,24100.0,24085.9,338.29999999999995,293.95,44.349999999999966,,8360.009999999993,False,2919925.0,1788450.0,3950654.0,3847505.0
2024-07-01,2024-07-04,3,24000.0,23992.95,313.75,287.2,26.55000000000001,,4895.6500000000015,False,3541825.0,7692275.0,2261057.0,3287428.0
2024-07-02,2024-07-04,2,24250.0,24228.75,238.5,217.15,21.349999999999994,,3907.989999999999,False,1984150.0,508575.0,2102958.0,823374.0
2024-07-03,2024-07-04,1,24300.0,24291.75,173.05,150.25,22.80000000000001,,4214.3600000000015,False,7137675.0,4903750.0,7091266.0,4676782.0
2024-07-04,2024-07-04,0,24350.0,24369.95,139.0,51.1,87.9,,16928.95,False,24029775.0,7130525.0,59786066.0,36630166.0
2024-07-05,2024-07-11,6,24200.0,24213.35,293.75,269.0,24.75,,4551.6,False,2179600.0,4751875.0,3314319.0,4613869.0
2024-07-08,2024-07-11,3,24350.0,24329.45,242.05,208.65,33.400000000000006,33.20000000000002,6257.920000000001,False,2280400.0,1245300.0,2314856.0,1342591.0
2024-07-09,2024-07-11,2,24350.0,24351.0,209.85,192.6,17.25,22.900000000000006,3118.25,False,1460650.0,3021550.0,2763341.0,2379376.0
2024-07-10,2024-07-11,1,24450.0,24459.85,159.2,177.79999999999998,-18.599999999999994,-23.900000000000006,-3858.689999999999,False,4972925.0,453700.0,4410182.0,1267019.0
2024-07-11,2024-07-11,0,24400.0,24396.55,116.5,86.45,30.049999999999997,32.5,5649.249999999999,False,12593100.0,1813225.0,37028565.0,7235052.0
2024-07-12,2024-07-18,6,24400.0,24387.95,240.15,262.25,-22.099999999999994,-20.049999999999983,-4570.619999999999,False,2833700.0,5035100.0,3092088.0,3711577.0
2024-07-15,2024-07-18,3,24600.0,24587.6,224.8,196.7,28.100000000000023,31.55000000000001,5229.960000000005,False,4283025.0,3609375.0,4845376.0,3588874.0
2024-07-16,2024-07-18,2,24600.0,24615.9,197.95,141.85000000000002,56.099999999999966,68.39999999999998,10702.969999999992,False,5168250.0,6348225.0,5262110.0,5259346.0
2024-07-18,2024-07-18,0,24550.0,24543.8,169.0,256.15,-87.14999999999998,-82.4,-17237.759999999995,False,2184925.0,4435225.0,12546912.0,29048573.0
2024-07-19,2024-07-25,6,24850.0,24853.8,469.7,535.45,-65.75000000000006,-58.44999999999999,-13169.90000000001,False,892075.0,332000.0,549308.0,196997.0
2024-07-22,2024-07-25,3,24450.0,24445.75,448.1,435.5,12.600000000000023,25.850000000000023,2125.5800000000045,False,572500.0,941550.0,682846.0,864269.0
2024-07-23,2024-07-25,2,24550.0,24568.9,430.9,240.75,190.14999999999998,189.79999999999998,36775.49999999999,False,2201975.0,1040650.0,2374596.0,969586.0
2024-07-24,2024-07-25,1,24450.0,24444.95,219.0,163.75,55.25,68.0,10529.58,False,3420650.0,2149650.0,4552302.0,2825532.0
2024-07-25,2024-07-25,0,24250.0,24230.95,160.7,153.29999999999998,7.400000000000006,4.849999999999994,1213.9200000000012,False,1793650.0,5766150.0,10196215.0,23791339.0
2024-07-26,2024-08-01,6,24400.0,24423.35,320.0,516.15,-196.14999999999998,-203.20000000000005,-38560.05999999999,False,1552700.0,4718325.0,967892.0,2100496.0
2024-07-29,2024-08-01,3,24950.0,24943.3,258.95,246.8,12.149999999999977,26.149999999999977,2105.5399999999954,False,1868750.0,657450.0,2852329.0,1724944.0
2024-07-30,2024-08-01,2,24850.0,24839.4,243.15,194.3,48.849999999999994,52.650000000000006,9272.149999999998,False,1707450.0,2164500.0,2483137.0,2234582.0
2024-07-31,2024-08-01,1,24900.0,24886.7,202.3,172.45,29.850000000000023,20.30000000000001,5579.480000000004,False,3076775.0,5119925.0,6111695.0,6043009.0
2024-08-01,2024-08-01,0,25050.0,25030.95,140.85,45.55,95.3,101.69999999999999,18372.18,False,23274750.0,5194075.0,54066669.0,23094734.0
2024-08-02,2024-08-08,6,24800.0,24789.0,297.15,319.65,-22.5,-29.350000000000023,-4669.09,False,5008050.0,2484850.0,4301914.0,3884127.0
2024-08-05,2024-08-08,3,24300.0,24302.85,290.5,414.04999999999995,-123.54999999999995,-129.0,-24383.699999999993,False,3067325.0,1269225.0,3373460.0,2611863.0
2024-08-06,2024-08-08,2,24200.0,24189.85,322.0,310.79999999999995,11.200000000000045,26.399999999999977,1897.590000000009,False,4735900.0,1752375.0,3561317.0,4094663.0
2024-08-07,2024-08-08,1,24300.0,24289.4,242.9,176.75,66.15,61.5,12647.840000000002,False,5025975.0,3947950.0,7874300.0,5637696.0
2024-08-08,2024-08-08,0,24250.0,24248.55,174.9,114.94999999999999,59.95000000000002,41.55000000000001,11462.450000000004,False,7998450.0,2821475.0,32121838.0,11226534.0
2024-08-09,2024-08-14,5,24400.0,24386.85,316.25,290.85,25.399999999999977,30.25,4670.369999999995,False,3598500.0,2149225.0,3937218.0,2843406.0
2024-08-12,2024-08-14,2,24300.0,24320.05,286.25,238.05,48.19999999999999,51.75,9129.879999999997,False,2720900.0,3951775.0,3583306.0,4899883.0
2024-08-13,2024-08-14,1,24350.0,24342.35,242.05,247.29999999999998,-5.249999999999972,-1.0,-1283.5099999999945,False,4666150.0,502800.0,4081791.0,2337783.0
2024-08-14,2024-08-14,0,24200.0,24184.4,186.2,56.95,129.25,130.0,24980.29,False,10143075.0,2024750.0,28369535.0,10201345.0
2024-08-16,2024-08-22,6,24350.0,24334.85,334.5,338.1,-3.6000000000000227,-4.550000000000011,-994.6800000000044,False,500100.0,1909200.0,1927931.0,1925372.0
2024-08-19,2024-08-22,3,24650.0,24636.35,252.1,220.54999999999998,31.55000000000001,32.099999999999994,5893.350000000002,False,2181150.0,601925.0,2024255.0,1077685.0
2024-08-20,2024-08-22,2,24650.0,24648.9,204.9,176.2,28.700000000000017,32.25,5354.1600000000035,False,1342125.0,2037625.0,2687891.0,2221922.0
2024-08-21,2024-08-22,1,24700.0,24680.55,177.45,131.2,46.25,44.5,8788.37,False,3875950.0,7574050.0,8190191.0,7507656.0
2024-08-22,2024-08-22,0,24850.0,24863.4,108.55000000000001,41.95,66.60000000000001,70.00000000000001,12783.780000000002,False,17272750.0,3847075.0,61226422.0,22550216.0
2024-08-23,2024-08-29,6,24850.0,24845.4,283.75,259.4,24.350000000000023,24.30000000000001,4477.140000000005,False,2770575.0,2127950.0,2076668.0,1780150.0
2024-08-26,2024-08-29,3,24900.0,24906.1,276.95,243.75,33.19999999999999,37.64999999999998,6206.3899999999985,False,2768550.0,6006450.0,2368407.0,2824032.0
2024-08-27,2024-08-29,2,25000.0,25024.8,202.15,160.55,41.599999999999994,47.04999999999998,7872.209999999999,False,8568900.0,8991975.0,5362488.0,5309045.0
2024-08-28,2024-08-29,1,25050.0,25030.8,155.0,118.9,36.099999999999994,38.900000000000006,6815.939999999999,False,3413800.0,3219600.0,5974070.0,5405246.0
2024-08-29,2024-08-29,0,25050.0,25035.3,93.35,122.60000000000001,-29.250000000000014,-9.299999999999997,-5913.140000000003,False,10302275.0,7868825.0,24110003.0,41289105.0
2024-08-30,2024-09-05,6,25250.0,25249.7,285.45,246.60000000000002,38.849999999999966,42.64999999999998,7305.779999999993,False,1518675.0,2448325.0,2610350.0,2352521.0
2024-09-02,2024-09-05,3,25350.0,25333.6,237.5,215.6,21.900000000000006,24.25,4015.6600000000008,False,2712300.0,487475.0,2290798.0,1459968.0
2024-09-03,2024-09-05,2,25300.0,25313.4,212.9,168.75,44.150000000000006,46.400000000000006,8365.920000000002,False,7095425.0,4001550.0,4800291.0,3809507.0
2024-09-04,2024-09-05,1,25100.0,25089.95,168.14999999999998,149.10000000000002,19.049999999999955,17.599999999999966,3484.4099999999908,False,2983325.0,6771950.0,6401940.0,6761804.0
2024-09-05,2024-09-05,0,25250.0,25250.5,100.0,103.85,-3.8499999999999943,-4.950000000000003,-959.4399999999989,False,11689850.0,4009850.0,31676135.0,8851237.0
2024-09-06,2024-09-12,6,25100.0,25093.7,299.75,364.34999999999997,-64.59999999999997,-60.94999999999999,-12884.619999999994,False,6227550.0,1132850.0,3384587.0,1859073.0
2024-09-09,2024-09-12,3,24800.0,24823.4,327.0,252.8,74.19999999999999,70.80000000000001,14188.429999999998,False,1593600.0,3761100.0,2820889.0,3918013.0
2024-09-10,2024-09-12,2,25000.0,24999.4,201.0,166.3,34.69999999999999,39.0,6526.289999999998,False,4717025.0,5428925.0,6767729.0,5897241.0
2024-09-11,2024-09-12,1,25050.0,25034.0,150.8,202.8,-52.0,-38.55000000000001,-10372.73,False,5217100.0,1339775.0,6548412.0,4377992.0
2024-09-12,2024-09-12,0,25050.0,25059.65,140.95,345.15,-204.2,-199.59999999999997,-40066.64,False,9643700.0,6116425.0,26253300.0,18619621.0
2024-09-13,2024-09-19,6,25450.0,25430.45,310.0,269.9,40.10000000000002,49.30000000000001,7540.890000000005,False,3073150.0,350675.0,1574153.0,473296.0
2024-09-16,2024-09-19,3,25400.0,25406.65,235.35,216.05,19.299999999999983,22.150000000000006,3509.1199999999967,False,4865125.0,3515350.0,5314719.0,4116498.0
2024-09-17,2024-09-19,2,25400.0,25416.9,216.2,197.7,18.5,17.849999999999994,3359.88,False,4677200.0,4548275.0,5047325.0,4035036.0
2024-09-18,2024-09-19,1,25400.0,25402.4,187.6,214.0,-26.400000000000006,-31.400000000000006,-5390.810000000001,False,5650850.0,3091200.0,6475884.0,5190675.0
2024-09-19,2024-09-19,0,25500.0,25487.05,170.0,91.75,78.25,85.85000000000001,15034.92,False,13821475.0,7181000.0,47926784.0,34340766.0
2024-09-20,2024-09-26,6,25550.0,25525.95,298.0,358.3,-60.30000000000001,-67.0,-12044.970000000001,False,579175.0,1419100.0,1633706.0,1904016.0
2024-09-23,2024-09-26,3,25850.0,25872.55,273.2,253.0,20.19999999999999,31.099999999999966,3671.1599999999976,False,1781075.0,2304800.0,1892020.0,1893276.0
2024-09-24,2024-09-26,2,25900.0,25921.45,242.7,197.95,44.75,47.04999999999998,8472.31,False,4647700.0,6131000.0,3558858.0,4173425.0
2024-09-25,2024-09-26,1,25900.0,25899.45,179.45,156.4,23.049999999999983,29.44999999999999,4260.849999999997,False,3790275.0,8759600.0,6850894.0,7600288.0
2024-09-26,2024-09-26,0,26000.0,26005.4,115.8,228.7,-112.89999999999999,-101.3,-22243.07,False,3884900.0,10144550.0,11689830.0,29728689.0
2024-09-27,2024-10-03,6,26250.0,26248.25,302.75,257.35,45.39999999999998,54.69999999999999,8577.629999999996,False,2938900.0,2001725.0,2550356.0,2140776.0
2024-09-30,2024-10-03,3,26050.0,26061.3,306.7,295.2,11.5,14.75,1961.6100000000001,False,2325275.0,913250.0,1578918.0,1444463.0
2024-10-01,2024-10-03,2,25800.0,25788.45,231.45,146.89999999999998,84.55000000000001,87.69999999999999,16238.270000000004,False,5779425.0,5093150.0,5940560.0,7024513.0
2024-10-03,2024-10-03,0,25450.0,25452.85,221.0,196.45000000000002,24.549999999999983,21.049999999999983,4536.859999999996,True,4234425.0,2046400.0,16812605.0,12983891.0
2024-10-04,2024-10-10,6,25200.0,25181.9,380.9,381.65,-0.75,20.799999999999955,-456.8,True,3200225.0,1839125.0,2681235.0,3689436.0
2024-10-07,2024-10-10,3,25100.0,25084.1,312.8,399.95000000000005,-87.15000000000003,-69.30000000000001,-17287.600000000006,True,3106000.0,1020575.0,2575879.0,1761138.0
2024-10-08,2024-10-10,2,24850.0,24832.2,335.05,295.95,39.10000000000002,31.0,7334.030000000004,True,636850.0,963800.0,1248375.0,1608425.0
2024-10-09,2024-10-10,1,25050.0,25065.8,245.55,193.4,52.150000000000006,72.0,9912.350000000002,True,2338025.0,891125.0,3192266.0,3177898.0
2024-10-10,2024-10-10,0,25050.0,25067.05,158.0,51.6,106.4,106.5,20527.55,True,10494700.0,4667025.0,47763366.0,26023859.0
2024-10-11,2024-10-17,6,25000.0,24985.3,335.35,285.55,49.80000000000001,45.30000000000001,9421.350000000002,True,5784250.0,4966000.0,3368105.0,3243887.0
2024-10-14,2024-10-17,3,25000.0,25023.45,279.0,254.89999999999998,24.100000000000023,23.25,4428.050000000005,True,3557750.0,6626375.0,2064994.0,2805376.0
2024-10-15,2024-10-17,2,25200.0,25186.3,215.35,232.9,-17.55000000000001,-6.599999999999994,-3674.2400000000025,True,8709600.0,1861300.0,3977236.0,1908974.0
2024-10-16,2024-10-17,1,25000.0,25008.55,188.2,132.05,56.14999999999998,53.29999999999998,10713.489999999996,True,8011700.0,5429225.0,9823272.0,9851752.0
2024-10-17,2024-10-17,0,25050.0,25027.4,121.9,298.4,-176.49999999999997,-178.95000000000002,-34649.38999999999,True,4304425.0,333650.0,10885437.0,840199.0
2024-10-18,2024-10-24,6,24650.0,24664.95,379.65,354.5,25.149999999999977,15.449999999999989,4596.399999999995,True,329500.0,999675.0,833829.0,1338562.0
2024-10-21,2024-10-24,3,24950.0,24956.15,254.65,284.55,-29.900000000000006,-51.25000000000003,-6097.810000000001,True,2276175.0,356225.0,1749399.0,559072.0
2024-10-22,2024-10-24,2,24800.0,24798.65,237.05,356.40000000000003,-119.35000000000002,-123.94999999999999,-23541.930000000004,True,6180425.0,1941825.0,4802256.0,3154227.0
2024-10-23,2024-10-24,1,24400.0,24378.15,195.1,164.25,30.849999999999994,36.349999999999994,5775.299999999999,True,1654250.0,5517300.0,2443124.0,6726869.0
2024-10-24,2024-10-24,0,24400.0,24412.7,160.0,3.2,156.8,159.35,30359.190000000002,True,24604025.0,31538900.0,78954953.0,83253278.0
2024-10-25,2024-10-31,6,24400.0,24418.05,336.29999999999995,336.75,-0.4500000000000455,14.499999999999943,-382.1000000000089,True,5350225.0,3078725.0,2643765.0,1660246.0
2024-10-28,2024-10-31,3,24250.0,24251.1,285.0,252.10000000000002,32.89999999999998,43.30000000000001,6142.629999999996,True,793300.0,1502400.0,1263471.0,1741531.0
2024-10-29,2024-10-31,2,24350.0,24328.85,237.8,214.60000000000002,23.19999999999999,27.350000000000023,4267.399999999998,True,1231575.0,2124950.0,2875226.0,1768917.0
2024-10-30,2024-10-31,1,24350.0,24371.45,173.95,149.5,24.44999999999999,24.599999999999966,4534.409999999998,True,2429400.0,2565250.0,3261263.0,5148998.0
2024-10-31,2024-10-31,0,24350.0,24349.85,150.0,146.54999999999998,3.450000000000017,5.299999999999983,446.2700000000033,True,4283825.0,1066150.0,17267797.0,4507637.0
2024-11-04,2024-11-07,3,24300.0,24315.75,375.45,442.95,-67.5,-68.19999999999999,-13476.86,True,5841900.0,2092175.0,2145612.0,465988.0
2024-11-05,2024-11-07,2,23900.0,23916.5,378.0,407.85,-29.850000000000023,-25.30000000000001,-6132.770000000005,True,1309475.0,2361475.0,1509512.0,2794701.0
2024-11-06,2024-11-07,1,24300.0,24308.75,315.25,209.15,106.1,102.70000000000002,20412.01,True,3481225.0,6104750.0,5488984.0,5650188.0
2024-11-07,2024-11-07,0,24500.0,24489.6,171.0,300.8,-129.8,-130.2,-25556.640000000003,True,8909725.0,1883600.0,17296003.0,1834252.0
2024-11-08,2024-11-14,6,24200.0,24207.7,365.95,292.45,73.5,71.09999999999997,14033.81,True,4324400.0,3082700.0,3674481.0,3186590.0
2024-11-11,2024-11-14,3,24100.0,24087.25,307.4,241.20000000000002,66.19999999999996,72.24999999999997,12630.899999999992,True,1595000.0,2559725.0,2804925.0,3981435.0
2024-11-12,2024-11-14,2,24250.0,24225.8,235.85,390.6,-154.75000000000003,-180.79999999999998,-30447.56000000001,True,4164425.0,744550.0,2325484.0,845565.0
2024-11-13,2024-11-14,1,23800.0,23822.45,194.95,269.4,-74.44999999999999,-40.95000000000002,-14767.279999999999,True,7798425.0,1273100.0,6513487.0,5141538.0
2024-11-14,2024-11-14,0,23550.0,23542.15,202.0,25.0,177.0,184.7,34284.71,True,22032825.0,9642900.0,56080282.0,36338779.0
2024-11-18,2024-11-21,3,23600.0,23605.3,320.6,257.45,63.150000000000034,71.60000000000002,12031.100000000008,True,5156225.0,1988500.0,5077016.0,1942087.0
2024-11-19,2024-11-21,2,23550.0,23529.55,241.0,215.0,26.0,14.550000000000011,4812.49,True,2997600.0,1868575.0,1975195.0,3657438.0
2024-11-21,2024-11-21,0,23500.0,23488.45,208.75,153.55,55.19999999999999,59.04999999999998,10520.709999999997,True,7388650.0,1496625.0,20000371.0,2308750.0
2024-11-22,2024-11-28,6,23400.0,23411.8,378.55,621.5,-242.95,-231.90000000000003,-47705.94,True,1675325.0,4365850.0,1487702.0,2832696.0
2024-11-25,2024-11-28,3,24250.0,24253.55,335.45,283.05,52.39999999999998,58.30000000000001,9928.539999999997,True,1800975.0,1251150.0,2514638.0,2369125.0
2024-11-26,2024-11-28,2,24350.0,24343.3,275.0,239.3,35.69999999999999,35.05000000000001,6692.499999999998,True,2550100.0,839325.0,2365665.0,1010646.0
2024-11-27,2024-11-28,1,24200.0,24204.8,201.55,173.75,27.80000000000001,26.25,5177.940000000001,True,3697575.0,7073825.0,7648347.0,8377639.0
2024-11-28,2024-11-28,0,24250.0,24274.15,154.9,347.35,-192.45000000000002,-181.6,-37772.99,True,4088125.0,2217150.0,16633345.0,6035742.0
2024-11-29,2024-12-05,6,23950.0,23927.15,390.05,383.0,7.050000000000011,10.75,1061.5600000000022,True,460950.0,1580400.0,632666.0,1585745.0
2024-12-02,2024-12-05,3,24150.0,24140.85,329.6,348.95,-19.349999999999966,-21.19999999999999,-4066.809999999993,True,1085200.0,3641725.0,4551423.0,4370044.0
2024-12-03,2024-12-05,2,24350.0,24367.5,282.25,284.2,-1.9499999999999886,2.3500000000000227,-655.1399999999978,True,1127550.0,1821375.0,3904763.0,3841052.0
2024-12-04,2024-12-05,1,24500.0,24488.75,253.95,232.5,21.44999999999999,14.399999999999977,3920.1499999999983,True,10230950.0,5014450.0,16426681.0,11662437.0
2024-12-05,2024-12-05,0,24550.0,24539.15,239.10000000000002,88.2,150.90000000000003,80.10000000000002,29179.500000000007,True,1862250.0,2853525.0,8979448.0,14369025.0
2024-12-06,2024-12-12,6,24750.0,24729.45,439.15,364.0,75.14999999999998,76.39999999999998,14329.159999999996,True,2005125.0,1127125.0,1800707.0,1166677.0
2024-12-09,2024-12-12,3,24650.0,24633.9,367.35,295.4,71.95000000000005,73.20000000000005,13730.92000000001,True,3620675.0,2259750.0,4803070.0,4412509.0
2024-12-10,2024-12-12,2,24650.0,24652.65,297.0,240.25,56.75,62.150000000000006,10791.1,True,4635450.0,2224000.0,6154614.0,4289452.0
2024-12-11,2024-12-12,1,24600.0,24620.5,232.7,131.75,100.94999999999999,110.44999999999999,19437.239999999998,True,10058225.0,9325625.0,11752133.0,13865737.0
2024-12-12,2024-12-12,0,24600.0,24604.45,125.4,51.2,74.2,74.25,14257.57,True,17775300.0,4546075.0,45081797.0,30395046.0
2024-12-13,2024-12-19,6,24500.0,24498.35,350.0,376.7,-26.69999999999999,-48.0,-5508.0999999999985,True,2124275.0,6206075.0,4440867.0,4468613.0
2024-12-16,2024-12-19,3,24750.0,24753.4,237.9,315.4,-77.49999999999997,-77.24999999999997,-15377.859999999995,True,3715975.0,2068050.0,3785264.0,2435180.0
2024-12-17,2024-12-19,2,24600.0,24584.8,302.35,321.20000000000005,-18.850000000000023,-29.099999999999966,-3959.3900000000044,True,9691625.0,2630400.0,6795157.0,3411946.0
2024-12-18,2024-12-19,1,24300.0,24297.95,230.95,185.4,45.54999999999998,57.349999999999994,8630.069999999996,True,11239150.0,2737725.0,12235729.0,11664127.0
2024-12-19,2024-12-19,0,23900.0,23877.15,153.55,52.699999999999996,100.85000000000002,101.85000000000002,19446.430000000004,True,5748625.0,9798700.0,14814668.0,32390988.0
2024-12-20,2024-12-26,6,23950.0,23960.7,431.45,454.9,-23.44999999999999,-13.449999999999989,-4903.589999999998,False,1377850.0,534075.0,1751965.0,1479001.0
2024-12-23,2024-12-26,3,23750.0,23738.2,355.0,197.15,157.85,162.85,30493.34,False,2097775.0,2311750.0,5011665.0,6255777.0
2024-12-24,2024-12-26,2,23750.0,23769.1,196.89999999999998,136.1,60.79999999999998,63.49999999999997,11617.489999999996,False,2576675.0,2659875.0,4674777.0,6372043.0
2024-12-26,2024-12-26,0,23800.0,23775.8,118.75,50.650000000000006,68.1,68.9,13069.949999999999,False,16516575.0,4574275.0,39934382.0,21434287.0
2024-12-27,2025-01-02,6,23800.0,23801.4,360.0,289.55,70.44999999999999,71.5,13440.949999999999,True,3766725.0,5765775.0,889750.0,1457454.0
2024-12-30,2025-01-02,3,23800.0,23796.9,289.2,275.85,13.349999999999966,22.599999999999966,2327.1699999999933,True,6473775.0,3870375.0,2304418.0,2369726.0
2024-12-31,2025-01-02,2,23550.0,23560.6,284.2,296.70000000000005,-12.500000000000057,-14.699999999999989,-2714.010000000011,True,960750.0,2171175.0,1050119.0,1650776.0
2025-01-01,2025-01-02,1,23650.0,23637.65,285.9,273.0,12.899999999999977,11.199999999999989,2240.5699999999956,True,1817100.0,2572350.0,1345018.0,2101953.0
2025-01-02,2025-01-02,0,23800.0,23783.0,205.0,391.95000000000005,-186.95000000000005,-184.10000000000002,-36718.170000000006,True,3465900.0,4995300.0,2193088.0,6069265.0
2025-01-03,2025-01-09,6,24200.0,24196.4,375.0,352.55,22.44999999999999,17.549999999999955,4071.349999999998,True,7315950.0,2387400.0,1749260.0,723535.0
2025-01-06,2025-01-09,3,24050.0,24045.8,310.7,530.05,-219.34999999999997,-197.0,-43077.299999999996,True,3267375.0,949500.0,1147550.0,422354.0
2025-01-07,2025-01-09,2,23700.0,23679.9,378.5,241.45,137.05,145.9,26427.020000000004,True,4025400.0,4318875.0,1913678.0,2499659.0
2025-01-08,2025-01-09,1,23750.0,23746.65,242.65,159.6,83.05000000000001,88.95000000000002,15941.580000000002,True,3755850.0,1464525.0,3802807.0,1152087.0
2025-01-09,2025-01-09,0,23650.0,23674.75,126.55,130.3,-3.750000000000014,3.4000000000000057,-949.8500000000028,True,7656600.0,1024875.0,9039251.0,3611868.0
2025-01-10,2025-01-16,6,23550.0,23551.9,384.95,324.45,60.5,74.89999999999998,11490.79,True,1539000.0,1303950.0,1279372.0,1064821.0
2025-01-13,2025-01-16,3,23200.0,23195.4,295.0,271.15,23.850000000000023,33.0,4373.470000000005,True,4862175.0,3743250.0,1977275.0,2847321.0
2025-01-14,2025-01-16,2,23150.0,23165.9,234.0,192.95,41.05000000000001,36.599999999999994,7751.080000000002,True,1551000.0,3755775.0,1325174.0,2040991.0
2025-01-15,2025-01-16,1,23250.0,23250.45,153.9,109.7,44.2,45.400000000000006,8394.64,True,8190000.0,3154725.0,5355969.0,4358606.0
2025-01-16,2025-01-16,0,23400.0,23377.25,128.9,95.80000000000001,33.099999999999994,40.95,6238.239999999999,True,9204675.0,1607925.0,7425326.0,1980720.0
2025-01-17,2025-01-23,6,23300.0,23277.1,362.0,326.35,35.64999999999998,31.450000000000045,6651.2099999999955,True,3581625.0,2405100.0,1672882.0,913965.0
2025-01-20,2025-01-23,3,23300.0,23290.4,320.95,289.7,31.25,39.599999999999966,5807.71,True,3389400.0,4643925.0,1733324.0,1570290.0
2025-01-21,2025-01-23,2,23400.0,23421.65,274.05,372.75,-98.69999999999999,-91.69999999999999,-19526.799999999996,True,6420375.0,1092900.0,2749154.0,1187417.0
2025-01-22,2025-01-23,1,23100.0,23099.15,223.9,133.89999999999998,90.00000000000003,91.9,17304.230000000007,True,5299650.0,7486575.0,5927723.0,5736721.0
2025-01-23,2025-01-23,0,23150.0,23128.3,115.0,57.0,58.0,59.650000000000006,11100.94,True,2329350.0,8183400.0,3786373.0,7523436.0
2025-01-24,2025-01-30,6,23200.0,23183.9,387.0,338.0,49.0,50.60000000000002,9246.55,True,5118600.0,3327825.0,5191016.0,5888650.0
2025-01-27,2025-01-30,3,22950.0,22940.15,330.7,315.7,15.0,8.25,2634.02,True,1592600.0,712675.0,2369270.0,2244768.0
2025-01-28,2025-01-30,2,22950.0,22960.45,289.4,279.05,10.349999999999966,12.649999999999977,1741.8299999999933,True,1836800.0,2416175.0,2440350.0,2691589.0
2025-01-29,2025-01-30,1,23050.0,23026.75,286.2,313.0,-26.80000000000001,-38.60000000000002,-5504.480000000001,True,1393775.0,2742825.0,3571093.0,3700922.0
2025-01-30,2025-01-30,0,23150.0,23169.5,225.95,74.7,151.25,126.44999999999999,29252.55,True,1906425.0,3767325.0,9767102.0,18116738.0
2025-01-31,2025-02-06,6,23300.0,23296.75,637.0,557.95,79.04999999999995,82.54999999999995,15018.279999999992,True,2521350.0,4471725.0,461560.0,873247.0
2025-02-01,2025-02-06,5,23550.0,23538.3,493.65000000000003,294.75,198.90000000000003,214.00000000000006,38451.380000000005,False,2423625.0,1244175.0,1033855.0,753989.0
2025-02-03,2025-02-06,3,23300.0,23319.35,313.0,246.95,66.05000000000001,68.35,12599.610000000002,True,3757050.0,7453350.0,2382800.0,3026582.0
2025-02-04,2025-02-06,2,23500.0,23509.9,210.5,262.05,-51.55000000000001,-49.10000000000002,-10305.430000000002,True,5340675.0,10555425.0,2539550.0,3188216.0
2025-02-05,2025-02-06,1,23800.0,23801.75,164.65,191.65,-27.0,-39.400000000000006,-5499.43,True,11794725.0,2652525.0,4889870.0,2551715.0
2025-02-06,2025-02-06,0,23750.0,23761.95,139.35,153.55,-14.200000000000017,-7.600000000000023,-2993.1500000000033,True,6444075.0,3007275.0,5954085.0,921606.0
2025-02-07,2025-02-13,6,23650.0,23649.5,358.7,306.9,51.80000000000001,54.25,9803.050000000001,True,1901700.0,682050.0,1154584.0,847050.0
2025-02-10,2025-02-13,3,23550.0,23543.8,315.0,297.5,17.5,15.199999999999989,3127.42,True,2277450.0,648600.0,791890.0,253938.0
2025-02-11,2025-02-13,2,23400.0,23383.55,274.0,351.34999999999997,-77.34999999999997,-87.94999999999999,-15361.689999999993,True,7896300.0,1443000.0,1735016.0,801846.0
2025-02-12,2025-02-13,1,23050.0,23050.8,225.05,173.0,52.05000000000001,58.55000000000001,9900.280000000002,True,2816475.0,2469000.0,3075434.0,2669084.0
2025-02-13,2025-02-13,0,23050.0,23055.75,167.75,19.5,148.25,149.1,28688.39,True,14426925.0,4324275.0,12848168.0,14807270.0
2025-02-14,2025-02-20,6,23100.0,23096.45,360.0,346.70000000000005,13.299999999999955,10.800000000000011,2291.749999999991,True,4410300.0,1462425.0,2110749.0,1079234.0
2025-02-17,2025-02-20,3,22800.0,22809.9,335.0,349.09999999999997,-14.099999999999966,-15.800000000000011,-3044.5699999999933,True,1637550.0,4887450.0,1492748.0,2863181.0
2025-02-18,2025-02-20,2,22950.0,22963.65,297.95,237.6,60.349999999999994,63.44999999999999,11493.069999999998,True,2266125.0,1711200.0,1417848.0,1042340.0
2025-02-19,2025-02-20,1,22850.0,22847.25,235.14999999999998,182.60000000000002,52.549999999999955,58.19999999999999,9994.15999999999,True,1453125.0,3300975.0,1157444.0,2779155.0
2025-02-20,2025-02-20,0,22800.0,22821.1,164.25,112.8,51.45,51.35000000000001,9805.27,True,1304175.0,6244950.0,2820400.0,9282910.0
2025-02-21,2025-02-27,6,22850.0,22857.2,331.35,285.4,45.950000000000045,44.75,8671.710000000008,True,2237775.0,1218525.0,973043.0,1006439.0
2025-02-24,2025-02-27,3,22600.0,22609.35,308.7,202.3,106.39999999999998,109.75,20472.909999999996,True,9079950.0,8478375.0,2253889.0,3037569.0
2025-02-25,2025-02-27,2,22500.0,22516.45,221.0,147.7,73.30000000000001,85.25,14047.340000000002,True,4258725.0,10300425.0,1144088.0,2105476.0
2025-02-27,2025-02-27,0,22550.0,22568.95,108.9,4.2,104.7,104.0,20213.7,True,19305075.0,13142775.0,14736034.0,15932509.0
2025-02-28,2025-03-06,6,22450.0,22433.4,294.2,357.0,-62.80000000000001,-60.10000000000002,-12530.500000000002,True,2365950.0,398475.0,722283.0,249797.0
2025-03-03,2025-03-06,3,22200.0,22194.55,293.2,235.25,57.94999999999999,69.05000000000001,11026.579999999998,True,5287125.0,3587925.0,2625366.0,1848957.0
2025-03-04,2025-03-06,2,21950.0,21974.45,213.89999999999998,225.10000000000002,-11.200000000000045,-12.100000000000023,-2434.910000000009,True,497025.0,2969625.0,374210.0,1204313.0
2025-03-05,2025-03-06,1,22050.0,22073.05,175.0,309.55,-134.55,-141.85000000000002,-26484.750000000004,True,801225.0,4444425.0,293762.0,1956536.0
2025-03-06,2025-03-06,0,22500.0,22476.35,131.6,45.0,86.6,86.94999999999999,16674.4,True,9106275.0,20706300.0,24631122.0,14574920.0
2025-03-07,2025-03-13,6,22500.0,22508.65,312.0,288.65,23.350000000000023,31.950000000000045,4269.770000000005,True,4372125.0,6671625.0,1996038.0,3315622.0
2025-03-10,2025-03-13,3,22500.0,22521.85,270.0,240.4,29.599999999999994,31.25,5504.289999999999,True,6559500.0,5773275.0,1765058.0,3141567.0
2025-03-11,2025-03-13,2,22350.0,22345.95,217.1,251.85,-34.75,-48.80000000000004,-7030.36,True,1553850.0,5114325.0,1088816.0,1706006.0
2025-03-12,2025-03-13,1,22550.0,22536.35,194.4,142.9,51.5,49.30000000000001,9804.09,True,7502625.0,1390950.0,4798097.0,1370922.0
2025-03-13,2025-03-13,0,22550.0,22541.5,124.4,154.55,-30.150000000000006,-28.05000000000001,-6099.360000000001,True,6589125.0,1246575.0,12388878.0,4671257.0
2025-03-17,2025-03-20,3,22350.0,22353.15,274.95,280.4,-5.449999999999989,-8.199999999999989,-1335.2999999999977,True,387450.0,2565150.0,177736.0,1129346.0
2025-03-18,2025-03-20,2,22650.0,22662.25,210.14999999999998,268.2,-58.05000000000001,-71.0,-11573.370000000003,True,1437225.0,4614900.0,987487.0,1510844.0
2025-03-19,2025-03-20,1,22850.0,22874.95,180.2,181.25,-1.0500000000000114,6.299999999999983,-442.5700000000022,True,2101275.0,4635000.0,3057383.0,3734282.0
2025-03-20,2025-03-20,0,23050.0,23036.6,124.95,145.95,-20.999999999999986,-16.049999999999997,-4314.519999999998,True,5569200.0,6664425.0,8957461.0,10210472.0
2025-03-21,2025-03-27,6,23150.0,23168.25,262.75,328.6,-65.85000000000002,-59.94999999999999,-13114.110000000004,True,958425.0,2871675.0,488193.0,1119524.0
2025-03-24,2025-03-27,3,23500.0,23515.4,212.0,319.29999999999995,-107.29999999999995,-118.94999999999999,-21182.059999999994,True,3520800.0,8297250.0,2126207.0,2527224.0
2025-03-25,2025-03-27,2,23750.0,23751.5,265.65,213.2,52.44999999999999,39.599999999999966,9963.589999999998,True,3868200.0,1853250.0,1971113.0,1579801.0
2025-03-26,2025-03-27,1,23700.0,23700.95,222.5,225.89999999999998,-3.3999999999999773,-7.549999999999983,-916.3599999999956,True,10252125.0,4058550.0,5543730.0,4425105.0
2025-03-27,2025-03-27,0,23450.0,23433.95,148.5,146.15,2.3499999999999943,6.149999999999977,232.21999999999886,True,779625.0,3487275.0,926439.0,4477187.0
2025-03-28,2025-04-03,6,23600.0,23600.4,327.6,238.35000000000002,89.25,92.25000000000003,17120.33,True,6277125.0,2789850.0,3178453.0,2808885.0
2025-04-01,2025-04-03,2,23350.0,23341.1,223.0,226.95,-3.9499999999999886,-10.150000000000006,-1023.8299999999978,True,3015675.0,1144800.0,1096455.0,977819.0
2025-04-02,2025-04-03,1,23200.0,23192.6,213.75,181.8,31.94999999999999,32.39999999999998,5983.129999999998,True,3938550.0,11309325.0,3651816.0,5993048.0
2025-04-03,2025-04-03,0,23150.0,23150.3,146.75,101.25,45.5,46.55000000000001,8650.84,True,1150575.0,5246925.0,1386438.0,5527269.0
2025-04-04,2025-04-09,5,23200.0,23190.4,309.95,364.5,-54.55000000000001,-44.10000000000002,-10926.740000000002,True,10530750.0,1718175.0,2027906.0,558982.0
2025-04-07,2025-04-09,2,21750.0,21758.4,579.15,789.0,-209.85000000000002,-266.85,-41321.29000000001,True,212400.0,979800.0,49283.0,417741.0
2025-04-08,2025-04-09,1,22450.0,22446.75,390.95,371.65,19.30000000000001,7.099999999999966,3451.0500000000025,True,522975.0,1179525.0,888930.0,1136080.0
2025-04-09,2025-04-09,0,22450.0,22460.3,321.55,51.75,269.8,270.6,52345.42,True,8939550.0,2619525.0,11878520.0,5325368.0
2025-04-11,2025-04-17,6,22700.0,22695.4,569.0,525.95,43.049999999999955,49.0,8019.809999999991,True,1016775.0,1487475.0,473754.0,1079325.0
2025-04-15,2025-04-17,2,23350.0,23368.35,400.5,197.9,202.6,208.65,39206.97,True,4824675.0,2277450.0,1263565.0,769118.0
2025-04-16,2025-04-17,1,23350.0,23344.1,172.35,163.64999999999998,8.700000000000017,17.549999999999983,1462.3700000000035,True,3196650.0,3249225.0,4694921.0,2960122.0
2025-04-17,2025-04-17,0,23400.0,23401.85,147.5,453.05,-305.55,-306.15000000000003,-59834.61,True,4879650.0,7223700.0,7284485.0,8071042.0
2025-04-21,2025-04-24,3,23950.0,23949.15,359.45000000000005,304.9,54.55000000000007,72.70000000000005,10339.270000000013,True,784425.0,2316150.0,699759.0,908643.0
2025-04-22,2025-04-24,2,24200.0,24185.4,245.0,189.95,55.05000000000001,58.099999999999994,10478.300000000001,True,9263775.0,5060775.0,3366803.0,2363556.0
2025-04-23,2025-04-24,1,24350.0,24357.6,196.95,138.7,58.25,59.04999999999998,11120.0,True,5805375.0,1835550.0,3767127.0,1498072.0
2025-04-24,2025-04-24,0,24300.0,24277.9,110.75,55.35,55.4,57.550000000000004,10595.25,True,18891900.0,4505625.0,12093988.0,6904271.0
2025-04-25,2025-04-30,5,24300.0,24289.0,386.0,393.4,-7.399999999999977,-10.800000000000011,-1755.9699999999955,True,6860475.0,1889625.0,2601407.0,1068643.0
2025-04-28,2025-04-30,2,24050.0,24070.25,350.2,364.09999999999997,-13.899999999999977,-6.100000000000023,-3011.0599999999954,True,450225.0,2324550.0,253017.0,903455.0
2025-04-29,2025-04-30,1,24350.0,24370.7,198.9,111.75,87.15,90.4,16757.3,True,9587625.0,4584675.0,3331793.0,3016800.0
2025-04-30,2025-04-30,0,24350.0,24342.05,107.35,16.15,91.19999999999999,91.44999999999999,17580.589999999997,True,20810475.0,19718400.0,30818538.0,30757575.0
2025-05-02,2025-05-08,6,24300.0,24311.9,518.65,344.1,174.54999999999995,198.34999999999997,33691.95999999999,True,2881800.0,4781175.0,1607640.0,2668462.0
2025-05-05,2025-05-08,3,24400.0,24419.5,327.79999999999995,219.2,108.59999999999997,116.74999999999994,20895.179999999993,True,5494125.0,8060100.0,2373065.0,3388816.0
2025-05-06,2025-05-08,2,24500.0,24500.75,192.05,193.45000000000002,-1.4000000000000057,-15.150000000000006,-515.1400000000011,True,17997675.0,4073925.0,2822601.0,2067543.0
2025-05-07,2025-05-08,1,24250.0,24233.3,158.3,185.45,-27.149999999999977,-21.94999999999999,-5526.389999999996,True,941925.0,4217775.0,887897.0,2276558.0
2025-05-08,2025-05-08,0,24450.0,24431.5,123.0,155.55,-32.55000000000001,-53.20000000000002,-6567.060000000002,True,6768150.0,2095050.0,8811719.0,3641250.0
2025-05-09,2025-05-15,6,23950.0,23935.75,570.2,476.70000000000005,93.5,103.60000000000002,17861.5,True,829575.0,1171950.0,351145.0,741520.0
2025-05-12,2025-05-15,3,24400.0,24420.1,330.05,663.5,-333.45,-338.3,-65343.7,True,2301675.0,5016675.0,300958.0,1016975.0
2025-05-13,2025-05-15,2,24850.0,24864.05,379.4,385.85,-6.4500000000000455,-2.2000000000000455,-1568.2500000000089,True,3079575.0,691725.0,1124815.0,486413.0
2025-05-14,2025-05-15,1,24600.0,24613.8,297.0,185.8,111.19999999999999,116.69999999999999,21413.569999999996,True,6064350.0,6993825.0,4602167.0,6106166.0
2025-05-15,2025-05-15,0,24700.0,24694.45,171.10000000000002,370.04999999999995,-198.94999999999993,-192.0,-39046.919999999984,True,7512150.0,8936100.0,7598227.0,6688066.0
2025-05-16,2025-05-22,6,25050.0,25064.65,394.35,354.35,40.0,38.60000000000002,7488.11,True,2329725.0,1284300.0,1403997.0,1015006.0
2025-05-19,2025-05-22,3,25000.0,25005.35,370.85,314.25,56.60000000000002,60.35000000000002,10735.070000000003,True,11091150.0,6430050.0,2788243.0,2961745.0
2025-05-20,2025-05-22,2,25000.0,24996.2,315.7,351.85,-36.150000000000034,-28.350000000000023,-7339.230000000006,True,16982700.0,4279800.0,3051573.0,1723813.0
2025-05-21,2025-05-22,1,24750.0,24744.25,233.15,224.04999999999998,9.100000000000023,8.150000000000006,1518.3700000000044,True,1786350.0,3185775.0,2405370.0,3634512.0
2025-05-22,2025-05-22,0,24750.0,24733.95,228.85,146.39999999999998,82.45000000000002,88.49999999999997,15829.530000000004,True,5065875.0,1691475.0,6943232.0,642250.0
2025-05-23,2025-05-29,6,24650.0,24639.5,401.0,458.9,-57.89999999999998,-57.05000000000001,-11613.289999999997,True,528300.0,1475025.0,342084.0,710422.0
2025-05-26,2025-05-29,3,24900.0,24919.35,389.9,426.6,-36.700000000000045,-38.75,-7473.430000000009,True,3279900.0,4129650.0,611530.0,1239395.0
2025-05-27,2025-05-29,2,24950.0,24956.65,423.9,377.3,46.599999999999966,45.299999999999955,8764.969999999992,True,2200725.0,1061475.0,886398.0,561471.0
2025-05-28,2025-05-29,1,24850.0,24832.5,381.85,242.1,139.75000000000003,142.25,26952.540000000008,True,3390450.0,1326750.0,1589347.0,964784.0
2025-05-29,2025-05-29,0,24850.0,24825.1,225.0,29.0,196.0,208.95,37983.02,True,16007250.0,3898575.0,12551126.0,3944688.0
2025-05-30,2025-06-05,6,24800.0,24812.6,425.55,407.9,17.650000000000034,10.650000000000034,3116.610000000007,True,7457100.0,4656825.0,1830672.0,1941991.0
2025-06-02,2025-06-05,3,24650.0,24669.7,421.25,445.6,-24.350000000000023,-13.25,-5075.470000000005,True,1097100.0,1780350.0,928021.0,819519.0
2025-06-03,2025-06-05,2,24800.0,24786.3,423.2,345.8,77.39999999999998,60.05000000000001,14773.889999999996,True,10039500.0,2763450.0,1857222.0,596678.0
2025-06-04,2025-06-05,1,24550.0,24560.45,287.4,169.4,117.99999999999997,129.95,22743.639999999992,True,2717550.0,4362675.0,2135229.0,2776499.0
2025-06-05,2025-06-05,0,24700.0,24691.2,164.8,43.8,121.00000000000001,113.9,23373.350000000002,True,6366000.0,13124175.0,14924812.0,22460409.0
2025-06-06,2025-06-12,6,24750.0,24748.7,283.0,417.20000000000005,-134.20000000000005,-127.35000000000002,-26455.63000000001,True,1216800.0,2602125.0,787428.0,978421.0
2025-06-09,2025-06-12,3,25150.0,25160.1,290.95,269.4,21.55000000000001,24.0,3926.2400000000016,True,2857500.0,1309125.0,1125954.0,726223.0
2025-06-10,2025-06-12,2,25200.0,25196.05,251.25,201.85,49.400000000000006,45.599999999999994,9373.800000000001,True,9528600.0,2214600.0,1986282.0,1130516.0
2025-06-11,2025-06-12,1,25150.0,25134.15,199.85000000000002,147.7,52.150000000000034,50.55000000000001,9928.920000000007,True,5440725.0,4510200.0,4635089.0,3497865.0
2025-06-12,2025-06-12,0,25150.0,25164.45,143.9,257.59999999999997,-113.69999999999996,-118.35,-22405.91999999999,True,6619500.0,2112150.0,9696736.0,3444809.0
2025-06-13,2025-06-19,6,24450.0,24473.0,407.35,433.6,-26.25,-30.649999999999977,-5441.1,True,59775.0,795300.0,57584.0,470188.0
2025-06-16,2025-06-19,3,24750.0,24732.35,336.6,348.5,-11.899999999999977,-7.449999999999932,-2615.9599999999955,True,654150.0,2546325.0,739937.0,935536.0
2025-06-17,2025-06-19,2,25000.0,24977.85,265.6,246.54999999999998,19.05000000000004,13.550000000000011,3447.7200000000075,True,9473400.0,2508975.0,2173521.0,866813.0
2025-06-18,2025-06-19,1,24800.0,24788.35,234.0,164.0,70.0,77.25,13398.84,True,8359800.0,6825075.0,4990098.0,6171618.0
2025-06-19,2025-06-19,0,24800.0,24803.25,115.0,5.6,109.4,108.2,21128.39,True,22279200.0,34663050.0,27577860.0,38442973.0
2025-06-20,2025-06-26,6,24800.0,24787.65,366.0,447.15,-81.14999999999998,-63.10000000000002,-16136.369999999997,True,3276150.0,8690700.0,880872.0,1600604.0
2025-06-23,2025-06-26,3,24950.0,24939.75,315.0,278.70000000000005,36.299999999999955,44.89999999999998,6795.049999999991,True,1883100.0,2756475.0,1501903.0,1446249.0
2025-06-24,2025-06-26,2,25200.0,25179.9,231.05,241.0,-9.949999999999989,7.5,-2197.2699999999977,True,11002575.0,5074200.0,4140201.0,3814938.0
2025-06-25,2025-06-26,1,25150.0,25150.35,208.8,170.95,37.85000000000002,45.70000000000002,7135.940000000004,True,1746075.0,6191625.0,2545265.0,2952116.0
2025-06-26,2025-06-26,0,25250.0,25268.95,128.0,299.85,-171.85000000000002,-171.05,-33744.450000000004,True,1521375.0,2776650.0,1657650.0,6310931.0
2025-06-27,2025-07-03,6,25600.0,25576.65,337.0,283.4,53.60000000000002,59.60000000000002,10162.080000000004,True,4373325.0,5844675.0,2883949.0,2286422.0
2025-06-30,2025-07-03,3,25650.0,25661.65,262.0,273.95,-11.949999999999989,-3.5500000000000114,-2598.669999999998,True,5314200.0,1127325.0,1466942.0,1047400.0
2025-07-01,2025-07-03,2,25550.0,25551.35,249.79999999999998,180.9,68.89999999999998,72.24999999999997,13178.519999999997,True,5430300.0,3929475.0,2040111.0,1834079.0
2025-07-02,2025-07-03,1,25600.0,25588.3,177.0,194.1,-17.099999999999994,-12.699999999999989,-3572.5499999999993,True,16508775.0,2337375.0,5244315.0,3191042.0
2025-07-03,2025-07-03,0,25500.0,25505.1,123.0,92.5,30.5,28.299999999999997,5733.15,True,13403175.0,4778325.0,25719392.0,21117105.0
2025-07-04,2025-07-10,6,25450.0,25428.85,320.65,272.20000000000005,48.44999999999993,47.349999999999966,9163.309999999987,True,2117850.0,2163375.0,1673029.0,1261697.0
2025-07-07,2025-07-10,3,25450.0,25450.45,277.65,229.25,48.39999999999998,44.99999999999997,9169.139999999996,True,3644100.0,3027975.0,2165941.0,2055140.0
2025-07-08,2025-07-10,2,25450.0,25427.85,232.8,189.5,43.30000000000001,40.650000000000006,8190.460000000002,True,2713200.0,5187750.0,2022269.0,1919362.0
2025-07-09,2025-07-10,1,25500.0,25514.6,174.9,128.5,46.400000000000006,53.05000000000001,8816.220000000001,True,15655800.0,9180150.0,7069206.0,7067803.0
2025-07-10,2025-07-10,0,25500.0,25511.65,117.69999999999999,140.10000000000002,-22.400000000000034,-26.600000000000023,-4585.010000000007,True,15214800.0,2781600.0,15789296.0,5382925.0
2025-07-11,2025-07-17,6,25250.0,25255.5,277.15,249.65,27.49999999999997,25.74999999999997,5092.009999999995,True,3259200.0,1215525.0,1240713.0,1530864.0
2025-07-14,2025-07-17,3,25150.0,25149.5,244.75,206.75,38.0,46.44999999999999,7152.17,True,3479925.0,1442400.0,1758313.0,1305985.0
2025-07-15,2025-07-17,2,25100.0,25089.5,199.7,183.04999999999998,16.650000000000006,9.050000000000011,3003.400000000001,True,2881575.0,8489475.0,2339162.0,3183370.0
2025-07-16,2025-07-17,1,25200.0,25196.6,122.95,106.0,16.950000000000003,24.250000000000014,3089.7500000000005,True,9380625.0,11208225.0,8567287.0,7126791.0
2025-07-17,2025-07-17,0,25250.0,25230.75,96.05,138.15,-42.10000000000001,-42.2,-8420.370000000003,True,7130700.0,977475.0,12013070.0,4759936.0
2025-07-18,2025-07-24,6,25100.0,25108.55,271.2,259.5,11.699999999999989,5.650000000000034,2011.7999999999977,True,7351650.0,2011950.0,2238819.0,1574495.0
2025-07-21,2025-07-24,3,25000.0,24999.0,256.2,210.5,45.69999999999999,49.19999999999999,8650.179999999998,True,4200150.0,7967325.0,3310281.0,3776361.0
2025-07-22,2025-07-24,2,25150.0,25166.65,169.4,152.89999999999998,16.50000000000003,20.5,2985.1200000000053,True,7273275.0,1754925.0,2386853.0,1879817.0
2025-07-23,2025-07-24,1,25150.0,25139.35,131.5,119.85,11.650000000000006,11.550000000000011,2052.690000000001,True,2547675.0,9452100.0,6341993.0,5306836.0
2025-07-24,2025-07-24,0,25250.0,25243.3,91.8,185.85,-94.05,-95.75000000000001,-18553.58,True,5727300.0,697050.0,8220094.0,2773071.0
2025-07-25,2025-07-31,6,25000.0,25010.35,245.2,275.1,-29.900000000000034,-29.100000000000023,-6094.3800000000065,True,14544975.0,6270825.0,2774857.0,1783720.0
2025-07-28,2025-07-31,3,24800.0,24782.45,224.45,228.29999999999998,-3.8499999999999943,1.1499999999999773,-1004.8499999999989,True,11153175.0,4442100.0,3435784.0,3963243.0
2025-07-29,2025-07-31,2,24600.0,24609.65,216.0,268.05,-52.05000000000001,-58.64999999999998,-10404.970000000001,True,1100175.0,7558425.0,1234181.0,2821920.0
2025-07-30,2025-07-31,1,24900.0,24890.4,117.35,118.85000000000001,-1.5000000000000142,-3.6000000000000085,-507.5700000000028,True,11280450.0,6244575.0,8050882.0,4746228.0
2025-07-31,2025-07-31,0,24650.0,24642.25,159.65,126.8,32.85000000000001,41.650000000000006,6178.3200000000015,True,1244475.0,5394750.0,2886032.0,9152708.0
2025-08-01,2025-08-07,6,24750.0,24734.9,312.65,324.45,-11.800000000000011,-16.600000000000023,-2587.760000000002,True,3876375.0,1008450.0,2130252.0,1619041.0
2025-08-04,2025-08-07,3,24600.0,24596.05,291.35,264.45000000000005,26.899999999999977,34.60000000000002,4969.809999999996,True,2278200.0,7823625.0,2192167.0,3090195.0
2025-08-05,2025-08-07,2,24700.0,24720.25,230.1,186.1,44.0,49.74999999999997,8328.0,True,10146900.0,4530000.0,3338904.0,2464816.0
2025-08-06,2025-08-07,1,24650.0,24641.35,179.95,152.45,27.5,19.75,5127.25,True,7844325.0,2354550.0,5126127.0,4062735.0
2025-08-07,2025-08-07,0,24450.0,24464.2,139.0,124.75,14.25,-7.050000000000011,2557.2,True,3834150.0,9548175.0,19979275.0,19727270.0
2025-08-08,2025-08-14,6,24550.0,24544.25,285.2,287.54999999999995,-2.349999999999966,-5.25,-734.2399999999934,True,3823950.0,890625.0,1640808.0,1279038.0
2025-08-11,2025-08-14,3,24350.0,24371.5,257.45,298.2,-40.75,-24.55000000000001,-8215.51,True,512100.0,4544625.0,798151.0,1892552.0
2025-08-12,2025-08-14,2,24550.0,24563.35,210.2,163.8,46.39999999999998,48.89999999999998,8803.419999999996,True,4897575.0,3416850.0,2466243.0,3293177.0
2025-08-13,2025-08-14,1,24600.0,24586.2,153.0,123.94999999999999,29.05000000000001,35.2,5439.4000000000015,True,9200175.0,15314550.0,10201308.0,9660782.0
2025-08-14,2025-08-14,0,24600.0,24607.25,116.4,37.050000000000004,79.35,85.15,15265.529999999999,True,8628450.0,24342075.0,14875878.0,31993032.0
2025-08-18,2025-08-21,3,24950.0,24938.2,240.79999999999998,218.75,22.049999999999983,29.299999999999983,4041.969999999996,True,3750600.0,2157600.0,2223802.0,2245754.0
2025-08-19,2025-08-21,2,24900.0,24891.35,216.65,178.5,38.150000000000006,35.05000000000001,7191.620000000001,True,3288075.0,11381775.0,3065168.0,3587201.0
2025-08-20,2025-08-21,1,24950.0,24965.8,161.2,149.3,11.899999999999977,19.049999999999983,2090.6899999999955,True,1897500.0,10729350.0,3480239.0,4343434.0
2025-08-21,2025-08-21,0,25150.0,25142.0,109.2,61.099999999999994,48.10000000000001,43.0,9171.680000000002,True,14525925.0,5553900.0,30494687.0,12646059.0
2025-08-22,2025-08-28,6,25050.0,25064.15,242.2,259.65,-17.44999999999999,-24.5,-3664.4599999999978,True,4677375.0,843525.0,1366341.0,832496.0
2025-08-25,2025-08-28,3,24950.0,24949.15,224.25,159.05,65.19999999999999,66.75,12465.959999999997,True,3406950.0,5341500.0,3182921.0,3266731.0
2025-08-26,2025-08-28,2,24900.0,24899.5,150.0,210.0,-60.0,-65.04999999999998,-11931.98,True,10081800.0,2334000.0,2918000.0,2455831.0
2025-08-28,2025-08-28,0,24700.0,24695.8,137.9,203.65,-65.75,-61.150000000000006,-13049.34,True,6081300.0,2198325.0,12591526.0,3910650.0
2025-08-29,2025-09-02,4,24450.0,24466.7,246.55,175.6,70.95000000000002,77.0,13579.620000000004,True,3297000.0,3280425.0,1560602.0,4388701.0
2025-09-01,2025-09-02,1,24450.0,24432.7,162.85,209.35,-46.5,-45.0,-9302.97,True,1519200.0,7504575.0,1455302.0,3293120.0
2025-09-02,2025-09-02,0,24650.0,24653.0,92.6,71.25,21.349999999999994,22.25,3959.129999999999,True,11353950.0,3297675.0,19605629.0,19216182.0
2025-09-03,2025-09-09,6,24600.0,24616.5,284.95,253.85,31.099999999999994,31.94999999999999,5791.499999999999,True,4219275.0,9491625.0,4212507.0,4270717.0
2025-09-04,2025-09-09,5,25000.0,24980.75,213.0,294.85,-81.85000000000002,-76.05000000000001,-16217.460000000003,True,17907975.0,1596450.0,3954146.0,1093059.0
2025-09-05,2025-09-09,4,24800.0,24818.85,183.5,170.0,13.5,20.349999999999994,2394.75,True,11442525.0,6202425.0,8099985.0,5000035.0
2025-09-08,2025-09-09,1,24800.0,24802.6,160.2,110.95,49.249999999999986,56.69999999999999,9377.539999999997,True,11914500.0,10665675.0,9893977.0,12314203.0
2025-09-09,2025-09-09,0,24850.0,24864.1,86.0,16.95,69.05,67.4,13267.16,True,10190850.0,39182025.0,32805016.0,35320974.0
2025-09-10,2025-09-16,6,25000.0,24991.0,252.0,218.0,34.0,32.55000000000001,6369.19,True,9378375.0,9443325.0,4455917.0,4285251.0
2025-09-11,2025-09-16,5,24950.0,24945.5,239.55,206.8,32.75,32.400000000000006,6129.85,True,1916550.0,6949425.0,1126711.0,1827939.0
2025-09-12,2025-09-16,4,25050.0,25074.45,161.0,166.4,-5.400000000000006,-6.450000000000017,-1284.2300000000012,True,2170200.0,7668150.0,2413491.0,3066282.0
2025-09-15,2025-09-16,1,25100.0,25118.9,142.7,92.0,50.69999999999999,52.349999999999994,9666.759999999998,True,18662550.0,15325650.0,8672888.0,8983586.0
2025-09-16,2025-09-16,0,25050.0,25073.6,99.45,181.35,-81.89999999999999,-89.2,-16186.049999999997,True,988350.0,6037125.0,1791233.0,6876438.0
2025-09-17,2025-09-23,6,25300.0,25276.6,245.8,225.89999999999998,19.900000000000034,15.700000000000017,3620.7200000000066,True,4784025.0,6921525.0,2888632.0,3383323.0
2025-09-18,2025-09-23,5,25450.0,25441.05,192.0,160.45,31.55000000000001,31.44999999999999,5912.980000000001,True,5544375.0,4029000.0,2353489.0,1966207.0
2025-09-19,2025-09-23,4,25400.0,25410.2,174.0,142.65,31.349999999999994,44.75,5880.489999999999,True,15395100.0,5405550.0,5888951.0,4760679.0
2025-09-22,2025-09-23,1,25250.0,25238.1,142.65,104.4,38.25,42.650000000000006,7237.95,True,9030525.0,4500900.0,4911170.0,8135405.0
2025-09-23,2025-09-23,0,25200.0,25209.0,94.65,27.85,66.80000000000001,64.15,12825.080000000002,True,23724900.0,10705875.0,32166392.0,33793485.0
2025-09-24,2025-09-30,6,25100.0,25108.75,273.55,210.8,62.75,67.75,11970.12,True,6869175.0,5711475.0,3354606.0,4971750.0
2025-09-25,2025-09-30,5,25050.0,25034.5,205.2,203.29999999999998,1.9000000000000057,1.75,123.88000000000113,True,8195700.0,1891275.0,2104695.0,2462111.0
2025-09-26,2025-09-30,4,24800.0,24818.55,219.4,203.25,16.150000000000006,28.850000000000023,2898.710000000001,True,12609075.0,5238975.0,5458921.0,7562946.0
2025-09-29,2025-09-30,1,24750.0,24728.55,150.65,127.2,23.450000000000003,36.45000000000002,4347.770000000001,True,8161125.0,3216300.0,7744241.0,7246358.0
2025-09-30,2025-09-30,0,24700.0,24691.95,90.75,84.8,5.950000000000003,2.1000000000000085,955.4700000000005,True,14992425.0,4650450.0,26196781.0,12908729.0
2025-10-01,2025-10-07,6,24600.0,24620.55,265.85,319.40000000000003,-53.55000000000001,-57.14999999999998,-10715.670000000002,True,1567125.0,9717450.0,1260778.0,2712173.0
2025-10-03,2025-10-07,4,24750.0,24759.55,203.45,213.0,-9.550000000000011,-5.700000000000017,-2109.2300000000023,True,1452525.0,7508025.0,2011910.0,4396626.0
2025-10-06,2025-10-07,1,24900.0,24916.55,137.6,216.9,-79.30000000000001,-69.45000000000002,-15692.660000000002,True,2556900.0,14307525.0,4474941.0,7678705.0
2025-10-07,2025-10-07,0,25100.0,25085.3,83.44999999999999,13.4,70.04999999999998,75.14999999999999,13463.169999999996,True,11953350.0,27772125.0,19829603.0,42818569.0
2025-10-08,2025-10-14,6,25100.0,25079.75,230.0,202.5,27.5,24.19999999999999,5109.1,True,9108000.0,4508775.0,4293795.0,5307212.0
2025-10-09,2025-10-14,5,25050.0,25074.3,198.0,224.9,-26.900000000000006,-25.19999999999999,-5492.010000000001,True,1681875.0,6836250.0,1384553.0,2610596.0
2025-10-10,2025-10-14,4,25150.0,25167.65,177.8,235.1,-57.29999999999998,-52.79999999999998,-11415.319999999996,True,1024425.0,8367525.0,856869.0,2217897.0
2025-10-13,2025-10-14,1,25200.0,25177.3,157.0,120.4,36.599999999999994,36.900000000000006,6910.859999999999,True,10610100.0,15983775.0,10601452.0,12175534.0
2025-10-14,2025-10-14,0,25300.0,25277.55,81.4,144.0,-62.599999999999994,-72.70000000000002,-12414.339999999998,True,14961450.0,1767150.0,15971098.0,5593077.0
2025-10-15,2025-10-20,5,25200.0,25181.95,274.9,274.05,0.8499999999999659,-9.650000000000034,-106.23000000000664,True,2917650.0,9212325.0,1686839.0,3170223.0
2025-10-16,2025-10-20,4,25400.0,25394.9,170.8,275.6,-104.80000000000001,-96.69999999999999,-20679.400000000005,True,2924400.0,9848475.0,2273912.0,2703869.0
2025-10-17,2025-10-20,3,25550.0,25546.85,185.05,236.70000000000002,-51.650000000000006,-41.849999999999994,-10315.710000000001,True,1129200.0,5289525.0,1890067.0,4243240.0
2025-10-20,2025-10-20,0,25800.0,25824.6,131.5,36.400000000000006,95.1,88.35,18332.67,True,8196150.0,20233800.0,16141320.0,34418779.0
2025-10-23,2025-10-28,5,26050.0,26057.2,226.0,226.8,-0.8000000000000114,-15.599999999999994,-410.40000000000225,True,4529550.0,1302075.0,1948077.0,2242161.0
2025-10-24,2025-10-28,4,25950.0,25935.1,222.0,229.7,-7.699999999999989,-1.25,-1755.0499999999977,True,5873775.0,1359825.0,3311840.0,1822796.0
2025-10-27,2025-10-28,1,25850.0,25843.2,177.85,205.75,-27.900000000000006,-41.349999999999994,-5679.790000000001,True,1885575.0,7802700.0,1408473.0,4097551.0
2025-10-28,2025-10-28,0,25950.0,25939.95,146.9,22.25,124.65,133.05,24091.9,True,17693625.0,4963725.0,27735361.0,12835845.0
2025-10-29,2025-11-04,6,26000.0,25982.0,338.0,312.85,25.149999999999977,18.75,4611.499999999995,True,6877200.0,10505400.0,2855275.0,3933714.0
2025-10-30,2025-11-04,5,26000.0,25984.4,294.55,252.35000000000002,42.19999999999999,51.400000000000006,7953.479999999998,True,16342350.0,6760725.0,3392686.0,2842269.0
2025-10-31,2025-11-04,4,25850.0,25863.8,251.05,205.45,45.60000000000002,48.60000000000002,8632.540000000005,True,5975925.0,2024250.0,3078927.0,4165064.0
2025-11-03,2025-11-04,1,25700.0,25696.85,209.0,157.2,51.80000000000001,52.0,9857.320000000002,True,4453425.0,13537425.0,5575893.0,9895732.0
2025-11-04,2025-11-04,0,25750.0,25744.75,138.85,149.05,-10.200000000000017,-13.300000000000011,-2212.6200000000035,True,8027025.0,1446825.0,14786621.0,6857122.0
2025-11-06,2025-11-11,5,25600.0,25593.35,234.35,216.5,17.849999999999994,24.099999999999994,3224.939999999999,True,9461550.0,5166000.0,3025226.0,3737367.0
2025-11-07,2025-11-11,4,25450.0,25433.8,200.35,188.9,11.449999999999989,15.150000000000006,1988.7099999999978,True,1840350.0,4991700.0,3566911.0,4226967.0
2025-11-10,2025-11-11,1,25500.0,25503.5,179.4,161.0,18.400000000000006,23.44999999999999,3352.1600000000008,True,4260600.0,13676025.0,3163866.0,6689366.0
2025-11-11,2025-11-11,0,25600.0,25617.0,115.8,91.45,24.349999999999994,21.0,4535.979999999999,True,3439575.0,14666925.0,23806577.0,21479433.0
2025-11-12,2025-11-18,6,25850.0,25834.3,296.05,279.15,16.900000000000034,19.150000000000034,3017.240000000007,True,1649325.0,3522225.0,1472744.0,1872812.0
2025-11-13,2025-11-18,5,25900.0,25906.1,261.25,270.6,-9.350000000000023,-14.5,-2091.1700000000046,True,5989575.0,5888700.0,2650850.0,3008825.0
2025-11-14,2025-11-18,4,25750.0,25767.9,296.9,245.95,50.94999999999999,39.49999999999994,9659.629999999997,True,1174050.0,4446375.0,1811225.0,5136864.0
2025-11-17,2025-11-18,1,25950.0,25948.2,205.5,143.75,61.75,61.0,11799.71,True,3539025.0,8690625.0,5744200.0,6793938.0
2025-11-18,2025-11-18,0,26000.0,26021.8,125.6,80.45,45.14999999999999,35.64999999999999,8590.229999999998,True,20271600.0,4321275.0,33067067.0,15524723.0
2025-11-19,2025-11-25,6,25900.0,25918.1,312.0,327.75,-15.75,-14.899999999999977,-3358.12,True,3103575.0,11614350.0,1990161.0,2888834.0
2025-11-20,2025-11-25,5,26150.0,26132.1,282.05,251.15,30.900000000000006,33.85000000000002,5753.530000000001,True,1991100.0,4114050.0,1725823.0,1312385.0
2025-11-21,2025-11-25,4,26100.0,26109.55,240.35000000000002,209.2,31.150000000000034,34.30000000000001,5817.420000000006,True,9144600.0,6636450.0,5600834.0,7039338.0
2025-11-24,2025-11-25,1,26100.0,26122.8,186.0,160.45,25.55000000000001,6.400000000000006,4744.640000000002,True,20873550.0,5454900.0,8973294.0,9182469.0
2025-11-25,2025-11-25,0,26000.0,25998.5,127.0,115.55000000000001,11.449999999999989,12.100000000000009,2015.2999999999977,True,17599875.0,8371950.0,28047783.0,19488355.0
2025-11-26,2025-12-02,6,25850.0,25842.95,311.0,438.40000000000003,-127.40000000000003,-134.3,-25139.190000000006,True,246375.0,3498450.0,97210.0,614533.0
2025-11-27,2025-12-02,5,26250.0,26261.25,254.10000000000002,213.7,40.400000000000034,43.900000000000034,7616.990000000006,True,5060625.0,2613450.0,2515037.0,2211217.0
2025-11-28,2025-12-02,4,26250.0,26237.45,215.05,174.14999999999998,40.900000000000034,45.75,7728.690000000006,True,6891225.0,3932775.0,5123719.0,4675231.0
2025-12-01,2025-12-02,1,26350.0,26325.8,155.0,192.5,-37.5,-31.400000000000006,-7544.34,True,10031925.0,795525.0,4926129.0,1813837.0
2025-12-02,2025-12-02,0,26100.0,26087.95,136.1,75.60000000000001,60.499999999999986,68.5,11581.009999999997,True,17117550.0,4913550.0,26077631.0,19056325.0
2025-12-03,2025-12-09,6,26000.0,26004.9,288.1,247.39999999999998,40.700000000000045,45.900000000000034,7663.190000000009,True,9433800.0,6927600.0,3100558.0,3060636.0
2025-12-04,2025-12-09,5,26000.0,25981.85,235.0,214.85,20.150000000000006,24.55000000000001,3673.400000000001,True,8997525.0,9949800.0,3705073.0,4108769.0
2025-12-05,2025-12-09,4,26000.0,25999.8,207.0,244.45,-37.44999999999999,-33.54999999999998,-7553.439999999998,True,3737550.0,16818750.0,2948330.0,6212187.0
2025-12-08,2025-12-09,1,26150.0,26159.8,166.85,214.6,-47.75,-59.400000000000006,-9548.28,True,16366575.0,935175.0,6607645.0,4080364.0
2025-12-09,2025-12-09,0,25850.0,25867.1,125.0,15.0,110.0,114.55,21241.82,True,22185975.0,7807575.0,33576279.0,31404676.0
2025-12-10,2025-12-16,6,25850.0,25864.05,289.75,260.35,29.399999999999977,26.899999999999977,5458.109999999995,True,4666875.0,1697850.0,2132369.0,2779038.0
2025-12-11,2025-12-16,5,25750.0,25771.4,279.0,255.8,23.19999999999999,25.700000000000017,4252.469999999998,True,769125.0,4694025.0,1229524.0,2574620.0
2025-12-12,2025-12-16,4,25950.0,25971.2,184.45,183.70000000000002,0.7499999999999716,2.3999999999999773,-92.95000000000553,True,1523250.0,6872025.0,2533338.0,4431833.0
2025-12-15,2025-12-16,1,25950.0,25930.05,174.7,134.2,40.5,39.99999999999997,7665.28,True,2661900.0,12624975.0,5539106.0,7789589.0
2025-12-16,2025-12-16,0,25950.0,25951.5,116.25,77.65,38.599999999999994,26.650000000000006,7315.799999999999,True,11510025.0,1981575.0,21434877.0,10917034.0
2025-12-17,2025-12-23,6,25900.0,25902.4,254.0,233.54999999999998,20.450000000000017,22.30000000000001,3725.040000000003,True,10073700.0,4493850.0,2978224.0,2762296.0
2025-12-18,2025-12-23,5,25750.0,25764.7,256.2,211.35,44.849999999999994,39.849999999999994,8484.359999999999,True,1335825.0,3725250.0,999142.0,2288738.0
2025-12-19,2025-12-23,4,25900.0,25911.5,189.05,167.7,21.350000000000023,17.850000000000023,3924.1700000000046,True,4895850.0,13096950.0,4447992.0,6135378.0
2025-12-22,2025-12-23,1,26050.0,26055.85,133.8,143.25,-9.449999999999989,-12.799999999999983,-2064.4699999999975,True,1721475.0,8025675.0,1905733.0,2867216.0
2025-12-23,2025-12-23,0,26200.0,26205.2,113.0,21.6,91.4,90.1,17617.56,True,26620125.0,9471900.0,43186563.0,28781771.0
2025-12-24,2025-12-30,6,26150.0,26170.65,225.89999999999998,173.7,52.19999999999999,56.89999999999998,9929.229999999998,True,4336500.0,3977175.0,1377671.0,1977571.0
2025-12-26,2025-12-30,4,26100.0,26121.25,193.55,137.25,56.30000000000001,57.75,10740.810000000001,True,15490200.0,6002850.0,4759734.0,4961378.0
2025-12-29,2025-12-30,1,26050.0,26063.35,124.75,132.0,-7.25,-4.150000000000006,-1632.0,True,11125350.0,2088450.0,5449732.0,4587857.0
2025-12-30,2025-12-30,0,25950.0,25940.9,97.65,15.7,81.95,86.5,15779.55,True,18480375.0,6993975.0,35879823.0,23303179.0
2025-12-31,2026-01-06,6,25950.0,25971.05,238.0,288.6,-50.60000000000002,-49.150000000000034,-10130.070000000003,True,660205.0,4708600.0,758387.0,1548347.0
2026-01-01,2026-01-06,5,26150.0,26173.3,209.89999999999998,160.0,49.89999999999998,53.19999999999999,9486.329999999996,True,5714475.0,5771610.0,2764391.0,3111041.0
2026-01-02,2026-01-06,4,26150.0,26155.1,167.75,210.1,-42.349999999999994,-59.20000000000002,-8495.129999999997,True,1188135.0,8510775.0,1592474.0,2672299.0
2026-01-05,2026-01-06,1,26350.0,26333.7,126.0,146.25,-20.25,-17.25,-4168.58,True,13698750.0,1513135.0,11873599.0,7694423.0
2026-01-06,2026-01-06,0,26200.0,26189.7,98.0,24.799999999999997,73.2,76.7,14072.42,True,26043875.0,7576335.0,41390187.0,33854516.0
2026-01-07,2026-01-13,6,26150.0,26143.1,225.0,190.7,34.30000000000001,32.349999999999994,6437.510000000002,True,5221905.0,4305470.0,3776160.0,4369078.0
2026-01-08,2026-01-13,5,26100.0,26106.5,198.9,244.25,-45.349999999999994,-55.849999999999994,-9091.689999999999,True,15414165.0,3813355.0,3784200.0,3250079.0
2026-01-09,2026-01-13,4,25850.0,25840.4,203.0,218.85,-15.849999999999994,-7.099999999999994,-3338.119999999999,True,5254210.0,1811030.0,3900277.0,5560281.0
2026-01-12,2026-01-13,1,25650.0,25669.05,192.0,198.0,-6.0,-0.5,-1412.52,True,1166295.0,5686460.0,5942594.0,6831294.0
2026-01-13,2026-01-13,0,25900.0,25897.35,126.05,163.55,-37.500000000000014,-41.750000000000014,-7533.850000000003,True,8712795.0,1437085.0,17109665.0,3089023.0
2026-01-14,2026-01-20,6,25650.0,25648.55,278.15,249.9,28.24999999999997,23.849999999999966,5237.959999999995,True,2751450.0,2526095.0,1383365.0,2935470.0
2026-01-16,2026-01-20,4,25700.0,25696.05,231.2,207.1,24.099999999999994,33.099999999999966,4445.369999999999,True,8526700.0,6869135.0,5604490.0,10280508.0
2026-01-19,2026-01-20,1,25650.0,25653.1,210.35,140.05,70.29999999999998,65.05000000000001,13465.939999999997,True,8187010.0,2335125.0,7968683.0,3407745.0
2026-01-20,2026-01-20,0,25600.0,25580.3,95.4,336.40000000000003,-241.00000000000003,-272.05000000000007,-47222.880000000005,True,9611810.0,1192685.0,13201233.0,3691507.0
2026-01-21,2026-01-27,6,25150.0,25141.0,336.75,315.95000000000005,20.799999999999955,33.799999999999955,3763.329999999991,True,2213315.0,2659800.0,1758784.0,3302032.0
2026-01-22,2026-01-27,5,25350.0,25344.15,294.95,237.3,57.64999999999998,61.25,10967.419999999996,True,2944825.0,2021630.0,2709655.0,1889238.0
2026-01-23,2026-01-27,4,25350.0,25344.6,229.3,319.95,-90.64999999999998,-85.0,-17940.129999999997,True,7384325.0,1140555.0,4663632.0,2562238.0
2026-01-27,2026-01-27,0,25050.0,25063.35,214.35,104.2,110.14999999999999,89.3,21238.69,True,2931955.0,6094660.0,11516152.0,19775731.0
2026-01-28,2026-02-03,6,25250.0,25258.85,494.0,435.6,58.39999999999998,69.64999999999998,11041.579999999996,True,1101880.0,1537965.0,1179316.0,1783547.0
2026-01-29,2026-02-03,5,25350.0,25345.0,419.6,387.45,32.150000000000034,32.55000000000001,5947.520000000007,True,1361360.0,1754155.0,1129311.0,780501.0
2026-01-30,2026-02-03,4,25250.0,25247.55,386.75,401.4,-14.649999999999977,3.8500000000000227,-3170.6199999999953,True,1508195.0,2198495.0,2222007.0,3160163.0
2026-02-01,2026-02-03,2,25350.0,25333.75,399.95000000000005,578.45,-178.5,-257.85,-35140.36,False,5703620.0,1240590.0,3307241.0,1611420.0
2026-02-02,2026-02-03,1,24800.0,24796.5,340.8,307.65,33.150000000000034,30.900000000000034,6171.180000000007,True,1195285.0,10156250.0,5169691.0,8984228.0
2026-02-03,2026-02-03,0,26300.0,26308.05,384.3,573.85,-189.55,-187.5499999999999,-37290.4,True,4045210.0,84175.0,4846182.0,86356.0
2026-02-04,2026-02-10,6,25700.0,25675.05,379.2,332.95,46.25,47.69999999999999,8712.89,True,3215355.0,5882500.0,2370898.0,3294368.0
2026-02-05,2026-02-10,5,25750.0,25755.9,332.6,278.15,54.450000000000045,53.150000000000034,10329.50000000001,True,4771585.0,1565785.0,1374169.0,931097.0
2026-02-06,2026-02-10,4,25600.0,25605.8,260.6,216.4,44.20000000000002,43.150000000000034,8355.960000000003,True,5439005.0,10059530.0,8087242.0,8349834.0
2026-02-09,2026-02-10,1,25900.0,25888.7,151.45,145.95,5.5,10.25,845.67,True,11486020.0,4007965.0,8465196.0,4577008.0
2026-02-10,2026-02-10,0,25900.0,25922.65,125.75,46.300000000000004,79.44999999999999,90.65,15281.649999999998,True,8442590.0,25961390.0,24588625.0,45394332.0
2026-02-11,2026-02-17,6,26000.0,25997.45,264.3,240.14999999999998,24.150000000000034,24.5,4443.1300000000065,True,11435190.0,5972135.0,4236441.0,3666210.0
2026-02-12,2026-02-17,5,25900.0,25906.7,256.6,222.85,33.75000000000003,32.400000000000034,6318.7500000000055,True,11126505.0,3980470.0,3025566.0,3065441.0
2026-02-13,2026-02-17,4,25550.0,25571.15,238.85000000000002,225.7,13.150000000000034,-11.349999999999994,2306.400000000007,True,5460520.0,2042625.0,3654187.0,6388167.0
2026-02-16,2026-02-17,1,25400.0,25423.6,242.6,329.54999999999995,-86.94999999999996,-94.79999999999998,-17223.129999999994,True,694330.0,10120955.0,2068354.0,6063257.0
2026-02-17,2026-02-17,0,25650.0,25637.95,157.3,78.85,78.45000000000002,82.00000000000001,15075.130000000003,True,2314390.0,10765885.0,15601540.0,34575426.0
2026-02-18,2026-02-24,6,25750.0,25752.65,308.0,276.2,31.80000000000001,35.69999999999999,5919.700000000002,True,2590380.0,3411785.0,3172936.0,2280562.0
2026-02-19,2026-02-24,5,25850.0,25873.35,244.25,450.34999999999997,-206.09999999999997,-245.85000000000002,-40468.30999999999,True,6219915.0,525265.0,1751611.0,875991.0
2026-02-20,2026-02-24,4,25400.0,25406.55,299.9,320.9,-21.0,-1.400000000000034,-4377.94,True,1539070.0,7938710.0,1888979.0,5293185.0
2026-02-23,2026-02-24,1,25700.0,25678.4,216.35,171.3,45.04999999999998,52.69999999999999,8537.819999999996,True,10704720.0,9170460.0,11807537.0,9877558.0
2026-02-24,2026-02-24,0,25650.0,25641.8,154.9,226.95,-72.04999999999998,-69.80000000000001,-14284.549999999996,True,5232565.0,988260.0,7713031.0,1956550.0
2026-02-25,2026-03-02,5,25500.0,25512.6,333.4,294.55,38.849999999999966,45.85000000000002,7285.849999999994,True,7344155.0,6034535.0,3008963.0,4349589.0
2026-02-26,2026-03-02,4,25550.0,25556.3,290.0,236.25,53.75,55.25,10208.38,True,4564365.0,1697085.0,2851162.0,2436892.0
2026-02-27,2026-03-02,3,25450.0,25459.85,245.7,287.84999999999997,-42.14999999999998,-38.75,-8484.369999999997,True,6651060.0,867685.0,3513760.0,1957921.0
2026-03-02,2026-03-02,0,24650.0,24659.25,336.95,195.95000000000002,140.99999999999997,121.84999999999997,27212.66999999999,True,810485.0,6187285.0,4471024.0,18449601.0
2026-03-04,2026-03-10,6,24400.0,24388.8,499.85,653.2,-153.35000000000002,-133.10000000000002,-30270.150000000005,True,1697540.0,3891485.0,1977201.0,2533266.0
2026-03-05,2026-03-10,5,24600.0,24615.95,633.85,472.8,161.05,170.75000000000006,31016.530000000002,True,2059330.0,4295655.0,2869075.0,3029973.0
2026-03-06,2026-03-10,4,24650.0,24656.4,428.0,467.05,-39.05000000000001,4.149999999999977,-7945.690000000001,True,2676895.0,1505595.0,2974880.0,2397109.0
2026-03-09,2026-03-10,1,23850.0,23868.05,404.85,436.15,-31.299999999999955,-2.6499999999999773,-6425.379999999991,True,873145.0,2355665.0,2065211.0,2466234.0
2026-03-10,2026-03-10,0,24300.0,24280.8,269.0,46.550000000000004,222.45,230.75,43127.12,True,19241560.0,5663710.0,36454251.0,10594932.0
2026-03-11,2026-03-17,6,24250.0,24231.85,539.0,628.3499999999999,-89.34999999999991,-93.45000000000005,-17798.789999999983,True,2154815.0,645255.0,781438.0,546008.0
2026-03-12,2026-03-17,5,23650.0,23674.85,565.8,504.1,61.69999999999993,63.849999999999966,11659.339999999987,True,1257360.0,1743495.0,681057.0,958711.0
2026-03-13,2026-03-17,4,23450.0,23462.5,506.5,532.8,-26.299999999999955,-16.950000000000045,-5486.799999999991,True,1787240.0,687050.0,1514422.0,1095668.0
2026-03-16,2026-03-17,1,23100.0,23116.1,471.95,414.40000000000003,57.549999999999955,98.55000000000001,10883.74999999999,True,875485.0,4280770.0,3261652.0,5655857.0
2026-03-17,2026-03-17,0,23500.0,23493.2,247.0,92.35000000000001,154.64999999999998,165.85000000000002,29908.209999999995,True,3260140.0,11549980.0,26629725.0,28272621.0
2026-03-18,2026-03-24,6,23650.0,23632.9,489.0,453.05,35.94999999999999,47.55000000000001,6663.689999999998,True,560950.0,1396850.0,649911.0,929008.0
2026-03-19,2026-03-24,5,23200.0,23197.75,432.85,530.95,-98.10000000000002,-101.10000000000002,-19467.320000000003,True,2692625.0,1708980.0,1354956.0,1906730.0
2026-03-20,2026-03-24,4,23100.0,23110.15,515.2,479.05,36.150000000000034,63.35000000000002,6693.210000000006,True,2522715.0,3165305.0,1163785.0,2704904.0
2026-03-23,2026-03-24,1,22800.0,22824.35,347.65,450.20000000000005,-102.55000000000007,-119.55000000000001,-20304.570000000014,True,3041220.0,1221610.0,2618661.0,1015820.0
2026-03-24,2026-03-24,0,22900.0,22878.45,295.0,19.3,275.7,282.55,53506.06,True,7761585.0,16236155.0,23506345.0,25950736.0
2026-03-25,2026-03-30,5,23050.0,23064.4,641.8,614.9,26.899999999999977,15.299999999999955,4842.769999999995,True,344500.0,793325.0,90828.0,230930.0
2026-03-27,2026-03-30,3,23150.0,23173.55,542.8,499.3,43.49999999999994,36.19999999999993,8117.099999999989,True,1247415.0,299195.0,887915.0,380553.0
2026-03-30,2026-03-30,0,22550.0,22549.65,373.35,229.35,144.00000000000003,155.75,27784.74000000001,True,5119985.0,1748305.0,11925449.0,6633819.0
2026-04-01,2026-04-07,6,22900.0,22899.0,701.4000000000001,618.35,83.05000000000007,94.35000000000014,15706.890000000012,True,2144090.0,1254890.0,1531797.0,1120889.0
2026-04-02,2026-04-07,5,22400.0,22383.4,540.0,625.6,-85.60000000000002,-75.20000000000005,-17120.230000000003,True,776360.0,1684215.0,692150.0,728884.0
2026-04-06,2026-04-07,1,22800.0,22780.3,491.6,400.29999999999995,91.30000000000007,92.5,17412.870000000014,True,1423890.0,3626025.0,3875309.0,2110498.0
2026-04-07,2026-04-07,0,22850.0,22838.7,247.3,265.3,-18.0,-25.75,-3797.72,True,1959490.0,6417645.0,5492269.0,14243428.0
2026-04-08,2026-04-13,5,23850.0,23855.15,500.05,452.0,48.05000000000001,51.25,8971.480000000001,True,330590.0,1246765.0,592833.0,731688.0
2026-04-09,2026-04-13,4,23900.0,23909.05,446.0,389.6,56.39999999999998,55.60000000000002,10625.319999999996,True,4142710.0,2555085.0,1920552.0,1750333.0
2026-04-10,2026-04-13,3,23900.0,23880.55,359.9,315.9,44.0,46.19999999999999,8245.85,True,2719470.0,5514405.0,2826645.0,3765671.0
2026-04-13,2026-04-13,0,23600.0,23589.6,299.7,245.0,54.69999999999999,57.14999999999998,10360.969999999998,True,1979185.0,9465105.0,5018762.0,13622277.0
2026-04-15,2026-04-21,6,24150.0,24163.8,526.75,454.9,71.85000000000002,76.25,13602.260000000004,True,499070.0,803270.0,494005.0,811955.0
2026-04-16,2026-04-21,5,24400.0,24385.2,405.0,402.85,2.1499999999999773,-9.5,60.729999999995584,True,6036810.0,944905.0,1753141.0,793658.0
2026-04-17,2026-04-21,4,24150.0,24165.9,339.05,368.79999999999995,-29.749999999999943,-41.400000000000034,-6132.199999999989,True,470275.0,2387190.0,858780.0,1305412.0
2026-04-20,2026-04-21,1,24400.0,24391.5,321.6,266.15,55.450000000000045,58.85000000000002,10497.210000000008,True,5268120.0,2889315.0,6170709.0,5340486.0
2026-04-21,2026-04-21,0,24350.0,24374.55,232.15,227.55,4.599999999999994,6.049999999999983,618.2099999999989,True,779220.0,5719350.0,1355211.0,7567645.0
2026-04-22,2026-04-28,6,24450.0,24470.85,495.0,444.70000000000005,50.299999999999955,62.80000000000001,9412.74999999999,True,2399020.0,1361425.0,1245501.0,1062088.0
2026-04-23,2026-04-28,5,24200.0,24202.35,461.0,372.95,88.05000000000001,90.75,16792.910000000003,True,5997485.0,4703660.0,2255325.0,2316728.0
2026-04-24,2026-04-28,4,24100.0,24100.55,359.0,377.65,-18.649999999999977,-21.200000000000045,-3975.9099999999953,True,4947410.0,2060500.0,2378840.0,1353549.0
2026-04-27,2026-04-28,1,23950.0,23945.45,360.6,238.35,122.25000000000003,121.25,23511.06000000001,True,609635.0,3363880.0,1106227.0,3232386.0
2026-04-28,2026-04-28,0,24050.0,24049.9,158.6,51.050000000000004,107.54999999999998,104.6,20736.209999999995,True,10617295.0,3289195.0,29395183.0,19879632.0
2026-04-29,2026-05-05,6,24100.0,24096.9,441.0,390.3,50.69999999999999,59.85000000000002,9515.629999999997,True,1815190.0,2556125.0,1272731.0,1760054.0
2026-04-30,2026-05-05,5,24000.0,23996.95,388.54999999999995,367.9,20.649999999999977,24.249999999999943,3677.3999999999955,True,5155410.0,5312515.0,2403537.0,2003055.0
2026-05-04,2026-05-05,1,24050.0,24063.55,335.0,235.95,99.05000000000001,118.65,18996.830000000005,True,1149070.0,2676635.0,1556476.0,4986285.0
2026-05-05,2026-05-05,0,24050.0,24052.6,167.65,27.8,139.85,150.55,27033.35,True,22698260.0,8320910.0,39211174.0,21875737.0
2026-05-06,2026-05-12,6,24150.0,24171.0,374.0,451.35,-77.35000000000002,-72.80000000000001,-15434.400000000003,True,761800.0,1645995.0,1501883.0,1550728.0
2026-05-07,2026-05-12,5,24400.0,24398.5,388.85,342.70000000000005,46.14999999999998,56.75,8651.969999999996,True,5656300.0,3156140.0,2796551.0,2076893.0
2026-05-08,2026-05-12,4,24250.0,24233.65,363.95,292.29999999999995,71.65000000000003,78.94999999999999,13638.140000000007,True,3068325.0,1917110.0,2944780.0,2202182.0
2026-05-11,2026-05-12,1,23950.0,23970.1,276.4,207.8,68.59999999999997,75.44999999999999,13083.399999999992,True,5325450.0,2091505.0,5228907.0,5198801.0
2026-05-12,2026-05-12,0,23700.0,23722.6,190.0,317.6,-127.60000000000002,-129.10000000000002,-25152.860000000004,True,10814115.0,1435330.0,17243869.0,7431383.0
2026-05-13,2026-05-19,6,23350.0,23362.45,512.9,454.65,58.25,70.24999999999994,10955.46,True,383760.0,1391325.0,468443.0,1207640.0
2026-05-14,2026-05-19,5,23550.0,23530.25,418.35,375.45,42.900000000000034,32.900000000000034,8004.370000000007,True,821340.0,2269540.0,952181.0,1008078.0
2026-05-15,2026-05-19,4,23750.0,23731.4,340.45,327.5,12.949999999999989,21.19999999999999,2197.359999999998,True,2452190.0,1288950.0,3312123.0,3250056.0
2026-05-18,2026-05-19,1,23500.0,23482.2,310.0,256.7,53.30000000000001,57.650000000000006,10083.110000000002,True,4010825.0,10284625.0,6267941.0,6927675.0
2026-05-19,2026-05-19,0,23700.0,23675.3,191.65,71.7,119.95,109.85000000000001,23140.09,True,20973420.0,5060575.0,37152321.0,38589513.0
2026-05-20,2026-05-26,6,23450.0,23457.25,438.45,452.1,-13.650000000000034,-22.100000000000023,-3037.030000000007,True,554190.0,1918800.0,616315.0,937634.0
2026-05-21,2026-05-26,5,23850.0,23830.05,431.4,384.7,46.69999999999999,43.44999999999999,8739.699999999999,True,2276170.0,467350.0,877353.0,345040.0
2026-05-22,2026-05-26,4,23650.0,23671.2,355.0,289.85,65.14999999999998,56.19999999999999,12374.189999999997,True,1029275.0,2369770.0,807505.0,1918638.0
2026-05-25,2026-05-26,1,23950.0,23940.25,223.65,188.75,34.900000000000006,4.650000000000006,6533.240000000001,True,1733615.0,7165275.0,4233155.0,5559388.0
2026-05-26,2026-05-26,0,24000.0,24004.1,138.8,89.2,49.60000000000001,52.90000000000002,9440.050000000001,True,17858750.0,7080190.0,23258295.0,23242801.0
2026-05-27,2026-06-02,6,23900.0,23880.35,383.0,305.25,77.75,70.89999999999998,14819.4,True,5003700.0,5790980.0,2401266.0,2785103.0
2026-05-29,2026-06-02,4,23900.0,23902.15,312.85,324.79999999999995,-11.949999999999932,-11.649999999999977,-2647.5999999999867,True,9215960.0,2847975.0,4528512.0,5448660.0
2026-06-01,2026-06-02,1,23650.0,23654.5,270.25,270.3,-0.05000000000001137,-0.44999999999998863,-306.4700000000022,True,5448495.0,845650.0,4447939.0,2678247.0
2026-06-02,2026-06-02,0,23250.0,23229.15,151.95,223.0,-71.05000000000001,-80.95000000000002,-14103.210000000001,True,1998815.0,9725560.0,6967896.0,22260083.0
2026-06-03,2026-06-09,6,23400.0,23415.95,340.2,397.4,-57.19999999999999,-34.650000000000034,-11487.859999999999,True,2736955.0,3773640.0,2183203.0,1689626.0
2026-06-04,2026-06-09,5,23300.0,23282.45,400.3,346.85,53.44999999999999,42.85000000000002,10070.839999999998,True,4038255.0,7649135.0,1338193.0,2398206.0
2026-06-05,2026-06-09,4,23500.0,23478.95,281.25,286.0,-4.75,4.350000000000023,-1228.44,True,10013640.0,5039255.0,6802735.0,4186710.0
2026-06-08,2026-06-09,1,23100.0,23080.7,276.85,196.2,80.65000000000003,90.65000000000003,15433.990000000007,True,4494815.0,6759090.0,3370115.0,7856079.0
2026-06-09,2026-06-09,0,23250.0,23259.05,165.05,10.1,154.95000000000002,157.15,29980.360000000004,True,22372740.0,16256890.0,48613763.0,32704409.0
2026-06-10,2026-06-16,6,23250.0,23233.95,379.7,346.04999999999995,33.650000000000034,37.19999999999999,6217.600000000007,True,1915160.0,1687920.0,668000.0,1218714.0
2026-06-11,2026-06-16,5,23100.0,23104.4,351.0,306.75,44.25,37.55000000000001,8298.72,True,1751620.0,5195580.0,1475076.0,2345160.0
2026-06-12,2026-06-16,4,23400.0,23412.55,287.0,355.05,-68.05000000000001,-77.75,-13580.070000000002,True,3419975.0,9325680.0,5307188.0,5495593.0
2026-06-15,2026-06-16,1,24000.0,23984.85,213.85,204.7,9.150000000000006,17.450000000000017,1514.2700000000011,True,18472935.0,4255550.0,11352694.0,5803869.0
2026-06-16,2026-06-16,0,23900.0,23923.9,131.2,87.0,44.19999999999999,42.14999999999999,8390.079999999998,True,5525780.0,19654960.0,18072805.0,34054760.0
2026-06-17,2026-06-23,6,24050.0,24044.5,338.5,300.65,37.85000000000002,44.80000000000001,7055.910000000004,True,2980640.0,2878590.0,1927276.0,1519207.0
2026-06-18,2026-06-23,5,24050.0,24073.8,285.55,245.4,40.150000000000006,27.900000000000034,7528.970000000001,True,1552785.0,4226105.0,1322342.0,1445359.0
2026-06-19,2026-06-23,4,24000.0,23991.2,232.1,203.95,28.150000000000006,39.75,5212.520000000001,True,9056385.0,9431760.0,7011109.0,6190307.0
2026-06-22,2026-06-23,1,24100.0,24106.6,182.9,129.05,53.849999999999994,63.900000000000006,10248.879999999997,True,11123320.0,10832315.0,7560987.0,8010738.0
2026-06-23,2026-06-23,0,24050.0,24071.3,107.0,201.75,-94.75,-118.45000000000002,-18706.09,True,9440275.0,1860625.0,15899785.0,12231547.0
2026-06-24,2026-06-30,6,23800.0,23795.8,337.0,357.9,-20.899999999999977,-17.44999999999999,-4404.739999999995,True,2995265.0,7443410.0,1006076.0,2237253.0
2026-06-25,2026-06-30,5,24150.0,24125.85,261.8,212.6,49.20000000000002,52.50000000000003,9305.430000000004,True,3543605.0,1934465.0,2110904.0,1971909.0
2026-06-29,2026-06-30,1,24050.0,24061.75,217.0,174.0,43.0,52.150000000000006,8116.5,True,6710275.0,2240160.0,5715477.0,5784440.0
2026-06-30,2026-06-30,0,24050.0,24032.05,127.75,192.64999999999998,-64.89999999999998,-56.05000000000001,-12892.289999999997,True,6203015.0,1004120.0,17295074.0,2086747.0
2026-07-01,2026-07-07,6,23900.0,23897.65,321.9,315.8,6.099999999999966,19.849999999999966,869.5499999999934,True,2624700.0,7272330.0,1341873.0,2351816.0
2026-07-02,2026-07-07,5,24050.0,24062.2,295.9,258.0,37.89999999999998,39.89999999999998,7085.269999999996,True,2368925.0,6339125.0,938174.0,1243157.0
2026-07-03,2026-07-07,4,24400.0,24375.65,215.05,200.25,14.800000000000011,23.05000000000001,2615.9600000000023,True,11374675.0,1670630.0,5257012.0,3082587.0
2026-07-06,2026-07-07,1,24300.0,24306.85,168.55,160.2,8.350000000000023,6.25,1379.0400000000045,True,2986555.0,13825630.0,3455327.0,5904827.0
2026-07-07,2026-07-07,0,24450.0,24464.45,125.05000000000001,34.45,90.60000000000001,73.70000000000002,17444.93,True,26322985.0,10597340.0,39029670.0,43298124.0
2026-07-08,2026-07-14,6,24250.0,24259.55,240.45,478.8,-238.35000000000002,-246.2,-46781.920000000006,True,4777435.0,1448265.0,2182965.0,2053727.0
2026-07-09,2026-07-14,5,23950.0,23928.95,350.05,274.20000000000005,75.84999999999997,80.85000000000002,14463.899999999992,True,1391910.0,2195180.0,771449.0,1166325.0
2026-07-10,2026-07-14,4,24100.0,24124.7,260.0,221.0,39.0,39.900000000000006,7316.38,True,2798315.0,7989800.0,2444672.0,3671401.0
2026-07-13,2026-07-14,1,24050.0,24039.4,178.2,226.0,-47.80000000000001,-59.35000000000002,-9579.520000000002,True,1154205.0,8505900.0,3036671.0,4736157.0
2026-07-14,2026-07-14,0,24050.0,24068.0,149.0,12.15,136.85,147.05,26456.67,True,22373715.0,27576120.0,32485416.0,44716272.0
2026-07-15,2026-07-21,6,24100.0,24085.85,355.0,310.9,44.10000000000002,47.39999999999998,8267.620000000004,True,6818565.0,5080660.0,2094905.0,2029863.0
2026-07-16,2026-07-21,5,24150.0,24142.1,297.0,258.45,38.55000000000001,37.05000000000001,7211.5700000000015,True,5202600.0,2562105.0,1914087.0,1749353.0
2026-07-17,2026-07-21,4,24150.0,24127.6,239.8,284.79999999999995,-44.99999999999994,-70.80000000000001,-9061.60999999999,True,2030080.0,8201765.0,1770857.0,2411778.0
2026-07-20,2026-07-21,1,24200.0,24190.05,226.0,152.35,73.65,76.15,14091.770000000002,True,6585930.0,13411060.0,10728547.0,10410708.0
2026-07-21,2026-07-21,0,24200.0,24216.05,128.9,17.65,111.25,116.65,21471.7,True,44955170.0,16375450.0,48849517.0,32924798.0
2026-07-22,2026-07-28,6,24150.0,24150.45,314.0,334.85,-20.850000000000023,-23.75,-4384.400000000004,True,4052555.0,803270.0,834929.0,372807.0
2026-07-23,2026-07-28,5,23900.0,23904.8,315.54999999999995,254.0,61.549999999999955,59.099999999999966,11690.029999999992,True,6888115.0,6463340.0,2295655.0,2609877.0
2026-07-24,2026-07-28,4,23650.0,23666.35,266.0,270.05,-4.050000000000011,-2.8000000000000114,-1084.8700000000022,True,1164150.0,4041635.0,2080048.0,3527879.0
2026-07-27,2026-07-28,1,23950.0,23928.4,186.45,140.45,46.0,39.79999999999998,8715.82,True,3726840.0,9983025.0,7424485.0,7465095.0
2026-07-28,2026-07-28,0,23950.0,23971.25,121.05,22.55,98.5,85.7,18987.95,True,9277060.0,22580935.0,14829028.0,35295089.0
2026-07-29,2026-08-04,6,24200.0,24176.65,285.70000000000005,264.65,21.050000000000068,24.750000000000057,3802.7500000000136,True,7018115.0,8847540.0,2701430.0,2580607.0
2026-07-30,2026-08-04,5,24250.0,24249.55,267.0,224.5,42.5,43.30000000000001,7995.96,True,3426865.0,4654585.0,2408218.0,2291186.0
2026-07-31,2026-08-04,4,24350.0,24361.45,231.0,177.2,53.80000000000001,62.349999999999994,10217.000000000002,True,3991780.0,5786105.0,4986586.0,4982605.0
2026-08-03,2026-08-04,1,24550.0,24572.7,153.9,117.25,36.650000000000006,37.150000000000006,6906.7300000000005,True,5088915.0,8203715.0,6644570.0,7256693.0
2026-08-04,2026-08-04,0,24700.0,24703.9,154.65,141.2,13.450000000000017,69.60000000000001,2380.370000000003,True,7611695.0,1032915.0,13335761.0,3040843.0
2026-08-05,2026-08-11,6,24650.0,24669.2,260.5,282.05,-21.55000000000001,-19.149999999999977,-4496.350000000002,True,4526210.0,1423305.0,2028090.0,1620973.0
2026-08-06,2026-08-11,5,24650.0,24641.0,265.0,252.3,12.699999999999989,15.149999999999977,2183.299999999998,True,4397640.0,3746470.0,2292202.0,2301248.0
2026-08-07,2026-08-11,4,24550.0,24538.9,253.65,221.85,31.80000000000001,34.400000000000006,5914.670000000002,True,3838380.0,3446365.0,2455353.0,4067445.0
2026-08-10,2026-08-11,1,24600.0,24581.25,209.55,149.55,60.0,61.650000000000006,11436.4,True,14648140.0,10938070.0,8379660.0,8133717.0
2026-08-11,2026-08-11,0,24600.0,24575.1,147.55,135.35,12.200000000000017,19.30000000000001,2139.7800000000034,True,12437295.0,1590160.0,12362212.0,3247615.0
2026-08-12,2026-08-18,6,24450.0,24472.45,307.0,245.55,61.44999999999999,61.5,11674.449999999999,True,3162315.0,1450475.0,1194468.0,1129531.0
2026-08-13,2026-08-18,5,24450.0,24431.6,237.5,201.1,36.400000000000006,34.650000000000006,6819.500000000001,True,4336215.0,2721030.0,1133604.0,906800.0
2026-08-14,2026-08-18,4,24350.0,24361.9,222.0,178.05,43.94999999999999,42.349999999999994,8299.539999999999,True,4020770.0,6796465.0,4009306.0,4930438.0
2026-08-17,2026-08-18,1,24350.0,24343.45,158.0,118.45,39.55,48.400000000000006,7470.599999999999,True,7116460.0,5768555.0,6697010.0,6073481.0
2026-08-18,2026-08-18,0,24200.0,24223.85,130.0,36.7,93.3,84.95,17969.39,True,29723590.0,11867960.0,27670744.0,37657676.0
2026-08-19,2026-08-25,6,24150.0,24152.05,271.15,235.6,35.54999999999998,34.14999999999998,6638.199999999996,True,3365505.0,1923415.0,1258905.0,1244374.0
2026-08-20,2026-08-25,5,24250.0,24225.45,209.4,191.75,17.650000000000006,14.349999999999994,3174.550000000001,True,4170595.0,4977505.0,1627325.0,1633659.0
2026-08-21,2026-08-25,4,24300.0,24284.05,169.0,157.5,11.5,11.449999999999989,1993.35,True,13469820.0,9540375.0,4041618.0,3538893.0
2026-08-24,2026-08-25,1,24300.0,24285.05,148.15,149.75,-1.5999999999999943,-13.599999999999994,-552.6899999999989,True,21623160.0,6197880.0,6936175.0,5526027.0
2026-08-25,2026-08-25,0,24200.0,24175.75,78.15,91.75,-13.599999999999994,-56.75,-2861.5299999999993,True,6960005.0,15253810.0,27733918.0,21625843.0
2026-08-26,2026-09-01,6,24350.0,24341.95,233.25,215.8,17.44999999999999,18.05000000000001,3124.5599999999977,True,5701930.0,2584270.0,1800589.0,2229174.0
2026-08-27,2026-09-01,5,24300.0,24277.6,211.05,220.3,-9.25,-15.75,-2074.04,True,13216450.0,4942600.0,2217212.0,1783737.0
2026-08-28,2026-09-01,4,24100.0,24122.6,205.05,210.29999999999998,-5.249999999999972,7.800000000000011,-1290.9299999999946,True,4857125.0,9916270.0,3540355.0,7597655.0
2026-08-31,2026-09-01,1,24100.0,24117.55,186.75,139.4,47.349999999999994,62.150000000000006,8979.049999999997,True,9995505.0,10180170.0,8631448.0,8664178.0
2026-09-01,2026-09-01,0,24100.0,24077.55,112.44999999999999,53.800000000000004,58.649999999999984,68.25,11217.699999999997,True,24740885.0,7359235.0,32652760.0,21646571.0
2026-09-02,2026-09-08,6,23850.0,23858.0,289.0,261.65,27.350000000000023,38.400000000000006,5030.280000000004,True,2152865.0,3804515.0,2117333.0,2830697.0
2026-09-03,2026-09-08,5,24000.0,23997.95,303.1,221.65,81.45000000000002,70.10000000000002,15577.980000000003,True,18393245.0,7392060.0,3918502.0,3366054.0
2026-09-04,2026-09-08,4,23900.0,23910.9,223.0,183.65,39.349999999999994,46.85000000000002,7401.679999999999,True,5027750.0,11118835.0,3733592.0,7170241.0
2026-09-07,2026-09-08,1,23900.0,23883.15,188.55,158.35000000000002,30.19999999999999,21.900000000000006,5632.479999999998,True,16998085.0,3534765.0,5736012.0,4112508.0
2026-09-08,2026-09-08,0,23750.0,23743.1,99.7,124.95,-25.25,-14.899999999999991,-5144.2,True,11966110.0,1324310.0,15219091.0,6527491.0
2026-09-09,2026-09-15,6,23500.0,23522.05,281.0,243.55,37.44999999999999,34.75,7004.329999999998,True,8068840.0,8046155.0,3159626.0,5310902.0
2026-09-10,2026-09-15,5,23450.0,23446.6,255.95,206.3,49.64999999999998,54.0,9395.909999999996,True,5010590.0,3160105.0,2084487.0,2962023.0
2026-09-11,2026-09-15,4,23250.0,23270.3,225.95,278.65,-52.69999999999999,-56.80000000000001,-10557.409999999998,True,1402895.0,8038615.0,2628675.0,4760009.0
2026-09-15,2026-09-15,0,23600.0,23576.15,147.05,440.45,-293.4,-333.4,-57478.479999999996,True,8983845.0,537550.0,7762545.0,1001299.0
2026-09-16,2026-09-22,6,23200.0,23201.6,326.9,311.6,15.299999999999955,18.350000000000023,2662.049999999991,True,4311775.0,7467135.0,2332111.0,3561470.0
2026-09-17,2026-09-22,5,23200.0,23195.25,294.0,255.35,38.650000000000006,37.0,7232.450000000001,True,3326960.0,8699015.0,1605681.0,2923802.0
2026-09-18,2026-09-22,4,23350.0,23334.7,224.4,177.1,47.30000000000001,51.70000000000002,8951.970000000001,True,4955600.0,5143060.0,5297934.0,4033979.0
